TransactionID,TransactionAmount,TransactionDate,CustomerAge,TransactionDuration,LoginAttempts,AccountBalance,PreviousTransactionDate,TimeSincePrev,AmountBalanceRatio,LoginRisk,TransactionCount,TransactionType_Debit,Channel_Branch,Channel_Online,CustomerOccupation_Engineer,CustomerOccupation_Retired,CustomerOccupation_Student,AccountID_freq,DeviceID_freq,IP Address_freq,MerchantID_freq,Location_freq
TX000001,14.09,2023-04-11 16:29:14,70,81,1,5112.21,2024-11-04 08:08:08,-49477134.0,0.002755607534210408,0,1,True,False,False,False,False,False,7,6,3,32,59
TX000002,376.24,2023-06-27 16:44:19,68,141,1,13758.91,2024-11-04 08:09:35,-42823516.0,0.027343202099432338,0,1,True,False,False,False,False,False,7,5,4,27,63
TX000003,126.29,2023-07-10 18:16:08,19,56,1,1122.35,2024-11-04 08:07:04,-41694656.0,0.11242266435216096,0,1,True,False,True,False,False,True,4,5,7,30,61
TX000004,184.5,2023-05-05 16:32:11,26,25,1,8569.06,2024-11-04 08:09:06,-47403415.0,0.021528437373834024,0,1,True,False,True,False,False,True,8,6,8,31,59
TX000005,13.45,2023-10-16 17:51:24,26,198,1,7429.4,2024-11-04 08:06:39,-33228915.0,0.001810131352282515,0,1,False,False,True,False,False,True,6,3,4,31,61
TX000006,92.15,2023-04-03 17:15:01,18,172,1,781.68,2024-11-04 08:06:36,-50165495.0,0.11773649511933358,0,1,True,False,False,False,False,True,8,4,4,27,68
TX000007,7.08,2023-02-15 16:36:48,37,139,1,13316.71,2024-11-04 08:10:09,-54228801.0,0.0005316229291672518,0,1,False,False,False,False,False,False,1,4,4,30,61
TX000008,171.42,2023-05-08 17:47:59,67,291,1,2796.24,2024-11-04 08:10:55,-47139776.0,0.06128183495159514,0,1,False,True,False,False,True,False,7,2,7,22,58
TX000009,106.23,2023-03-21 16:59:46,51,86,1,9095.14,2024-11-04 08:11:14,-51289888.0,0.011678580144984577,0,1,False,True,False,True,False,False,2,6,5,22,63
TX000010,815.96,2023-03-31 16:06:57,55,120,1,1021.88,2024-11-04 08:06:32,-50428775.0,0.7977084310965118,0,1,True,False,False,False,False,False,7,4,6,29,55
TX000011,17.78,2023-03-14 16:46:10,52,59,1,7599.52,2024-11-04 08:06:45,-51895235.0,0.002339313625909806,0,1,False,False,True,True,False,False,7,3,5,24,41
TX000012,190.02,2023-02-06 17:30:00,21,173,1,1528.81,2024-11-04 08:07:12,-55003032.0,0.1242115033893098,0,1,True,False,True,False,False,True,7,7,4,26,63
TX000013,494.52,2023-06-07 17:21:28,24,111,1,1620.02,2024-11-04 08:08:38,-44549230.0,0.3050671799237517,0,1,False,True,False,False,False,True,3,7,5,27,61
TX000014,781.76,2023-11-20 16:39:15,26,123,1,189.69,2024-11-04 08:07:06,-30209271.0,4.0996381561697,0,1,True,False,False,False,False,True,6,4,5,31,63
TX000015,166.99,2023-02-13 16:53:57,18,134,1,299.93,2024-11-04 08:10:09,-54400572.0,0.5549131027149171,0,1,True,False,True,False,False,True,6,7,5,23,51
TX000016,465.45,2023-12-12 16:23:31,36,129,1,3465.54,2024-11-04 08:12:19,-28309728.0,0.13426932907163916,0,1,True,False,False,True,False,False,2,4,7,31,62
TX000017,555.8,2023-10-30 16:52:49,19,158,1,1131.26,2024-11-04 08:07:35,-32022886.0,0.49087665377210177,0,1,False,True,False,False,False,True,7,6,7,26,59
TX000018,492.93,2023-12-14 18:32:14,39,234,1,5109.97,2024-11-04 08:11:51,-28129177.0,0.0964454888211044,0,1,True,False,True,True,False,False,6,4,2,27,54
TX000019,18.68,2023-02-21 16:56:50,59,106,1,7948.37,2024-11-04 08:12:01,-53709311.0,0.0023498717508431484,0,1,False,True,False,False,True,False,9,5,4,27,41
TX000020,71.48,2023-06-08 18:18:50,18,169,1,6568.59,2024-11-04 08:09:20,-44459430.0,0.01088043546096484,0,1,False,False,True,False,False,True,7,6,7,25,54
TX000021,59.32,2023-02-28 16:36:58,71,38,1,5750.89,2024-11-04 08:09:24,-53105546.0,0.010313131857528569,0,1,True,True,False,False,True,False,7,1,5,26,69
TX000022,85.77,2023-08-11 18:31:31,38,93,1,9146.19,2024-11-04 08:08:13,-38929002.0,0.009376650096915008,0,1,True,True,False,False,False,False,9,5,4,33,55
TX000023,52.2,2023-06-06 18:54:15,39,120,1,8974.93,2024-11-04 08:07:01,-44629966.0,0.005815553374413571,0,1,True,False,True,True,False,False,8,9,9,17,61
TX000024,345.84,2023-05-02 18:25:46,22,142,3,1402.5,2024-11-04 08:07:04,-47655678.0,0.24641254007837546,1,1,True,False,True,False,False,True,9,5,3,22,70
TX000025,145.54,2023-03-02 16:43:56,21,96,1,1930.96,2024-11-04 08:07:09,-52932193.0,0.07533282262572724,0,1,True,False,True,False,False,True,9,2,1,33,59
TX000026,7.49,2023-10-20 17:53:13,65,276,1,3634.67,2024-11-04 08:09:44,-32883391.0,0.002060142972271961,0,1,False,False,True,False,True,False,7,6,7,24,63
TX000027,246.93,2023-04-17 16:37:01,23,158,5,673.35,2024-11-04 08:11:38,-48958477.0,0.36617483502632164,1,1,True,False,False,False,False,True,6,8,5,25,64
TX000028,40.32,2023-03-29 16:42:38,37,95,1,2686.52,2024-11-04 08:11:59,-50599761.0,0.015002679049830327,0,1,True,True,False,True,False,False,5,7,4,21,55
TX000029,127.45,2023-01-24 16:18:32,44,197,1,1772.06,2024-11-04 08:11:22,-56130770.0,0.07188138021273956,0,1,True,False,True,False,False,False,7,7,7,22,55
TX000030,56.17,2023-09-20 16:55:42,27,283,1,1351.69,2024-11-04 08:08:30,-35478768.0,0.04152466566619107,0,1,True,True,False,False,False,True,3,4,4,24,63
TX000031,28.31,2023-07-17 17:49:22,59,20,1,8334.47,2024-11-04 08:09:17,-41091595.0,0.0033963291811979408,0,1,False,False,True,False,False,False,7,3,8,31,64
TX000032,59.12,2023-02-06 16:24:24,29,257,1,9823.64,2024-11-04 08:06:58,-55006954.0,0.006017523288385122,0,1,True,False,False,False,False,False,7,4,5,24,51
TX000033,396.45,2023-09-25 16:26:00,49,168,3,9690.15,2024-11-04 08:11:13,-35048713.0,0.04090845771657647,1,1,True,False,False,True,False,False,4,5,5,29,58
TX000034,877.81,2023-03-13 17:23:24,22,150,1,399.0,2024-11-04 08:07:50,-51979466.0,2.194525,0,2,True,False,True,False,False,True,6,3,6,27,69
TX000035,255.26,2023-10-27 16:42:49,45,50,1,14815.87,2024-11-04 08:10:51,-32282882.0,0.017227660092853616,0,1,False,True,False,False,False,False,5,3,7,31,57
TX000036,124.76,2023-10-16 16:32:56,49,45,1,5764.72,2024-11-04 08:06:23,-33233607.0,0.021638234253484386,0,1,True,True,False,True,False,False,10,6,2,31,61
TX000037,78.13,2023-11-21 16:58:44,26,145,1,900.61,2024-11-04 08:12:18,-30122014.0,0.08665609298920819,0,1,True,True,False,False,False,True,4,5,4,33,55
TX000038,649.28,2023-03-02 17:53:32,75,137,1,4875.86,2024-11-04 08:11:15,-52928263.0,0.13313484496171718,0,1,True,False,False,False,True,False,12,2,5,27,59
TX000039,795.31,2023-10-12 17:07:40,66,90,2,7914.88,2024-11-04 08:11:17,-33577417.0,0.10047019409086544,1,1,True,False,False,False,False,False,7,4,9,26,61
TX000040,335.63,2023-01-24 17:17:20,55,216,1,1019.39,2024-11-04 08:07:32,-56127012.0,0.32892325483393603,0,1,True,False,True,False,True,False,6,7,9,26,68
TX000041,328.47,2023-07-31 18:39:50,63,119,1,4323.66,2024-11-04 08:07:31,-39878861.0,0.07595279166454705,0,1,True,False,False,False,True,False,3,1,4,33,59
TX000042,34.02,2023-01-09 16:13:21,38,19,1,14214.48,2024-11-04 08:11:45,-57427104.0,0.002393165760143168,0,1,True,False,True,False,False,False,11,6,3,26,67
TX000043,241.42,2023-04-20 18:57:43,57,116,1,13357.02,2024-11-04 08:09:03,-48690680.0,0.018073037770567794,0,1,False,False,True,False,False,False,6,5,7,24,68
TX000044,55.32,2023-04-12 16:03:37,19,117,1,241.79,2024-11-04 08:08:03,-49392266.0,0.22785122945755593,0,1,True,False,False,False,False,True,1,2,10,30,67
TX000045,304.31,2023-07-26 16:52:28,27,33,1,868.61,2024-11-04 08:09:53,-40317445.0,0.3499384781683743,0,1,True,True,False,False,False,True,7,4,8,32,51
TX000046,435.27,2023-10-04 17:49:29,74,90,1,4673.28,2024-11-04 08:11:12,-34266103.0,0.09312022386335436,0,1,True,True,False,False,True,False,6,4,6,23,60
TX000047,164.49,2023-12-13 16:01:38,26,75,1,1509.27,2024-11-04 08:10:33,-28224535.0,0.10891430009203654,0,1,True,True,False,False,False,True,6,5,6,32,51
TX000048,510.24,2023-10-09 16:29:40,19,105,1,781.7,2024-11-04 08:11:35,-33838915.0,0.651897278650824,0,1,True,False,True,False,False,True,9,3,7,24,68
TX000049,626.9,2023-11-27 16:45:57,26,138,1,265.51,2024-11-04 08:07:24,-29604087.0,2.3522569509586884,0,1,True,False,True,False,False,True,4,4,5,18,62
TX000050,22.01,2023-03-27 16:45:18,41,175,1,1335.09,2024-11-04 08:06:31,-50772073.0,0.016473441160400875,0,1,False,False,True,True,False,False,6,5,5,23,53
TX000051,425.34,2023-02-13 16:59:39,69,121,1,3907.54,2024-11-04 08:07:07,-54400048.0,0.10882324346175298,0,1,False,False,True,False,True,False,5,4,9,26,61
TX000052,424.56,2023-02-21 17:45:55,51,264,1,5183.85,2024-11-04 08:09:02,-53706187.0,0.08188472183380426,0,1,True,False,True,True,False,False,6,3,6,32,65
TX000053,85.43,2023-06-07 16:45:34,67,145,1,14904.9,2024-11-04 08:06:45,-44551271.0,0.005731287610946002,0,1,True,True,False,False,False,False,3,5,3,25,55
TX000054,169.5,2023-09-07 16:51:27,28,142,1,918.88,2024-11-04 08:08:58,-36602251.0,0.18426316476062096,0,1,True,True,False,False,False,True,5,5,6,25,59
TX000055,104.63,2023-03-29 17:47:16,62,90,1,4477.78,2024-11-04 08:10:42,-50595806.0,0.02336127248938327,0,1,True,False,False,False,True,False,3,4,7,21,65
TX000056,316.95,2023-08-04 17:53:40,25,83,1,1324.03,2024-11-04 08:09:15,-39536135.0,0.23920213127249948,0,1,True,True,False,False,False,True,6,5,5,27,61
TX000057,60.54,2023-12-14 17:52:37,57,52,1,3534.93,2024-11-04 08:09:57,-28131440.0,0.01712137966532143,0,1,False,True,False,False,True,False,5,3,8,21,54
TX000058,292.56,2023-03-03 17:37:41,68,61,1,4638.37,2024-11-04 08:07:49,-52842608.0,0.06306028620265251,0,1,False,True,False,False,True,False,11,6,5,19,49
TX000059,386.52,2023-06-09 16:18:15,48,28,1,5630.61,2024-11-04 08:07:09,-44380134.0,0.068634014074128,0,1,True,True,False,True,False,False,5,4,7,29,58
TX000060,112.07,2023-10-02 16:35:22,23,51,1,930.3,2024-11-04 08:11:37,-34443375.0,0.12033716310533663,0,1,True,True,False,False,False,True,9,2,5,29,61
TX000061,568.52,2023-10-06 18:44:37,46,152,1,5499.91,2024-11-04 08:06:25,-34089708.0,0.1033501729713811,0,1,True,False,False,True,False,False,8,2,2,27,58
TX000062,263.99,2023-05-16 16:07:30,79,227,2,4175.02,2024-11-04 08:11:03,-46454613.0,0.06321569341143002,1,2,True,True,False,False,True,False,7,4,5,25,49
TX000063,349.64,2023-11-07 16:48:23,48,226,1,6651.62,2024-11-04 08:08:09,-31331986.0,0.052556737044953714,0,1,True,False,True,True,False,False,7,4,10,26,55
TX000064,601.4,2023-05-30 17:43:25,56,104,1,8458.29,2024-11-04 08:08:01,-45239076.0,0.07109343691964691,0,1,False,True,False,True,False,False,5,9,5,32,67
TX000065,5.77,2023-11-02 16:01:40,50,124,1,13988.12,2024-11-04 08:11:32,-31766992.0,0.0004124634001280995,0,1,True,False,True,False,False,False,7,4,2,27,68
TX000066,201.33,2023-03-29 17:00:31,42,186,1,2585.07,2024-11-04 08:11:41,-50598670.0,0.07785172095109567,0,2,False,True,False,True,False,False,9,5,6,26,55
TX000067,298.42,2023-04-25 16:11:24,56,225,1,3014.75,2024-11-04 08:10:12,-48268728.0,0.09895382574815552,0,1,True,True,False,False,True,False,5,3,7,32,58
TX000068,521.06,2023-04-18 18:40:47,25,128,1,1951.42,2024-11-04 08:12:10,-48864683.0,0.26687905266284917,0,1,True,True,False,False,False,True,12,3,7,21,41
TX000069,117.28,2023-02-09 16:34:53,60,16,1,3665.77,2024-11-04 08:07:11,-54747138.0,0.03198455316259269,0,1,False,False,True,True,False,False,3,6,4,27,59
TX000070,189.12,2023-11-13 16:42:28,32,103,1,977.01,2024-11-04 08:08:42,-30813974.0,0.1933722559074038,0,1,False,True,False,True,False,False,3,4,6,26,58
TX000071,133.55,2023-07-18 16:12:00,44,220,1,3846.28,2024-11-04 08:10:18,-41011098.0,0.03471283608159531,0,1,True,False,False,True,False,False,6,3,3,31,61
TX000072,143.21,2023-01-13 17:00:16,35,135,1,6374.82,2024-11-04 08:09:26,-57078550.0,0.02246142456970241,0,1,True,False,True,True,False,False,7,5,4,34,49
TX000073,24.77,2023-07-04 18:20:33,62,55,1,5866.01,2024-11-04 08:12:15,-42213102.0,0.004221912013103778,0,2,True,False,False,False,True,False,6,4,10,32,61
TX000074,233.92,2023-10-20 16:54:28,26,280,1,6537.62,2024-11-04 08:08:45,-32886857.0,0.03577513297913015,0,1,False,False,True,False,False,True,8,7,9,26,60
TX000075,1212.51,2023-10-04 16:36:29,20,24,1,605.95,2024-11-04 08:06:51,-34270222.0,1.9977098607793062,0,1,True,True,False,False,False,True,9,3,5,25,58
TX000076,232.12,2023-12-28 17:31:03,37,51,1,6689.87,2024-11-04 08:09:17,-26923094.0,0.03469205051062119,0,1,True,False,False,True,False,False,5,7,5,34,65
TX000077,162.63,2023-06-12 17:53:52,22,113,1,634.17,2024-11-04 08:08:22,-44115270.0,0.2560416896263992,0,1,True,False,True,False,False,True,5,4,5,30,61
TX000078,91.53,2023-03-13 16:32:12,44,69,1,14676.05,2024-11-04 08:11:36,-51982764.0,0.006236266824736579,0,1,True,True,False,False,False,False,4,3,4,21,55
TX000079,120.29,2023-12-18 18:46:27,19,77,1,1362.39,2024-11-04 08:06:50,-27782423.0,0.08822860663493204,0,1,True,True,False,False,False,True,8,4,3,21,64
TX000080,174.25,2023-07-17 18:54:31,50,67,1,10528.34,2024-11-04 08:10:29,-41087758.0,0.016548995473600434,0,2,True,False,True,False,False,False,9,2,4,24,61
TX000081,183.71,2023-06-19 18:22:10,38,102,1,552.52,2024-11-04 08:09:51,-43508861.0,0.33189405983523634,0,1,True,False,False,True,False,False,1,3,4,27,62
TX000082,345.39,2023-10-23 17:13:57,58,80,1,6451.96,2024-11-04 08:08:16,-32626459.0,0.05352427413156133,0,1,False,False,True,True,False,False,5,5,7,23,55
TX000083,922.55,2023-01-23 16:32:48,63,87,1,4715.84,2024-11-04 08:11:07,-56216299.0,0.19558645194664223,0,1,True,False,False,False,True,False,6,3,5,31,63
TX000084,259.91,2023-11-06 16:34:10,49,170,1,7176.86,2024-11-04 08:09:38,-31419328.0,0.03620995672804987,0,1,True,False,True,False,False,False,6,5,4,33,62
TX000085,154.71,2023-07-03 16:40:24,34,157,1,1523.72,2024-11-04 08:09:42,-42305358.0,0.10146781048323628,0,1,True,False,True,False,False,False,7,5,5,26,59
TX000086,1340.19,2023-09-29 17:22:10,54,30,1,8654.28,2024-11-04 08:06:53,-34699483.0,0.154840744609071,0,1,False,False,True,True,False,False,5,7,5,21,59
TX000087,24.56,2023-10-20 17:27:35,64,69,1,9869.93,2024-11-04 08:12:05,-32885070.0,0.002488114088540796,0,1,True,True,False,False,False,False,6,6,4,27,61
TX000088,568.07,2023-08-28 17:03:53,48,115,1,10556.81,2024-11-04 08:07:32,-37465419.0,0.05380566613720081,0,1,True,False,False,False,False,False,9,3,3,27,48
TX000089,9.61,2023-06-22 18:37:29,58,179,1,12883.91,2024-11-04 08:09:10,-43248701.0,0.0007458336922803496,0,2,False,False,True,False,False,False,8,7,3,24,59
TX000090,392.96,2023-11-20 16:28:09,24,100,1,791.65,2024-11-04 08:08:38,-30210029.0,0.49575474673563363,0,1,True,False,True,False,False,True,4,5,7,17,61
TX000091,716.93,2023-09-14 16:49:33,60,34,1,4064.02,2024-11-04 08:08:12,-35997519.0,0.17636567593763375,0,1,False,False,True,False,True,False,6,3,9,27,55
TX000092,223.85,2023-10-02 16:36:10,53,55,4,2929.91,2024-11-04 08:08:01,-34443111.0,0.07637559665769335,1,1,True,False,False,True,False,False,7,4,3,30,61
TX000093,230.66,2023-03-27 18:16:04,21,135,1,618.05,2024-11-04 08:10:44,-50766880.0,0.37260318229545275,0,1,True,True,False,False,False,True,6,4,3,24,63
TX000094,442.12,2023-12-21 16:37:03,19,260,1,1375.8,2024-11-04 08:08:21,-27531078.0,0.32112144102266127,0,2,True,False,True,False,False,True,9,6,2,28,69
TX000095,644.17,2023-03-02 16:05:09,29,72,1,1143.52,2024-11-04 08:08:04,-52934575.0,0.5628298325935763,0,2,True,False,False,True,False,False,7,1,2,23,59
TX000096,508.68,2023-06-26 16:16:50,51,127,1,7708.41,2024-11-04 08:09:32,-42911562.0,0.06598170287998693,0,1,False,True,False,True,False,False,7,6,5,26,61
TX000097,858.63,2023-04-18 17:27:23,27,185,1,1872.96,2024-11-04 08:10:47,-48869004.0,0.45819014279920595,0,1,False,True,False,False,False,True,4,4,5,31,57
TX000098,25.36,2023-07-17 17:08:24,57,78,1,201.04,2024-11-04 08:11:05,-41094161.0,0.1255196990694912,0,2,True,False,False,True,False,False,7,1,7,29,51
TX000099,147.62,2023-09-01 17:26:02,71,133,1,2115.8,2024-11-04 08:07:22,-37118480.0,0.06973733938019652,0,2,True,True,False,False,True,False,9,2,7,33,68
TX000100,115.02,2023-09-11 16:19:04,37,175,1,7643.66,2024-11-04 08:08:38,-36258574.0,0.015045796673756582,0,1,True,True,False,False,False,False,5,3,8,31,59
TX000101,383.37,2023-01-24 17:23:56,30,24,1,8901.93,2024-11-04 08:11:07,-56126831.0,0.04306110460264205,0,2,True,True,False,True,False,False,9,7,6,34,70
TX000102,98.54,2023-08-11 16:18:46,20,167,1,9383.43,2024-11-04 08:10:02,-38937076.0,0.010500371359794895,0,1,False,False,True,False,False,True,3,3,5,21,46
TX000103,83.24,2023-10-16 18:35:11,55,164,1,1181.31,2024-11-04 08:10:52,-33226541.0,0.07040454703081256,0,1,False,True,False,False,False,False,5,1,4,30,70
TX000104,196.16,2023-02-24 16:29:23,27,146,1,9418.86,2024-11-04 08:08:32,-53451549.0,0.020824088680723492,0,2,True,True,False,True,False,False,8,5,2,25,55
TX000105,129.94,2023-01-02 16:36:02,32,235,1,7954.92,2024-11-04 08:06:35,-58030233.0,0.016332492031091314,0,1,True,False,False,True,False,False,7,5,8,21,55
TX000106,306.9,2023-11-30 16:31:03,46,51,1,9418.08,2024-11-04 08:10:48,-29345985.0,0.03258280001868547,0,1,True,False,True,True,False,False,7,5,5,28,60
TX000107,114.98,2023-11-01 16:52:01,59,80,1,6144.68,2024-11-04 08:09:24,-31850243.0,0.018709076945106155,0,1,True,False,True,False,True,False,8,4,1,24,61
TX000108,756.59,2023-03-06 16:47:02,27,17,1,420.65,2024-11-04 08:11:40,-52586678.0,1.7943555081228508,0,1,True,True,False,False,False,True,7,4,6,21,53
TX000109,503.76,2023-11-27 18:32:49,22,35,1,447.82,2024-11-04 08:09:22,-29597793.0,1.1224098747827638,0,1,True,False,True,False,False,True,6,3,5,22,69
TX000110,143.03,2023-07-31 16:37:46,63,147,1,7981.45,2024-11-04 08:10:42,-39886376.0,0.017918057739165296,0,1,True,False,False,False,True,False,5,7,6,23,59
TX000111,1045.22,2023-11-22 16:13:39,53,73,1,1829.9,2024-11-04 08:07:35,-30038036.0,0.5708777104156426,0,1,True,False,False,False,True,False,4,3,9,16,54
TX000112,245.54,2023-03-21 16:29:31,25,180,1,985.06,2024-11-04 08:10:26,-51291655.0,0.24901121635600268,0,1,True,False,False,False,False,True,5,4,6,22,58
TX000113,254.37,2023-04-20 18:26:50,51,174,1,8849.26,2024-11-04 08:06:56,-48692406.0,0.02874152849746787,0,1,False,False,True,True,False,False,8,3,9,21,49
TX000114,213.76,2023-03-01 17:52:14,78,282,1,3528.72,2024-11-04 08:09:36,-53014642.0,0.06056004442278708,0,1,False,False,False,False,True,False,2,7,3,30,49
TX000115,327.86,2023-02-10 16:52:48,40,104,1,480.16,2024-11-04 08:06:30,-54659622.0,0.6813949621747444,0,1,True,False,True,True,False,False,4,4,5,23,60
TX000116,2.5,2023-07-21 16:43:11,47,107,1,12145.27,2024-11-04 08:09:53,-40750002.0,0.00020582450414818705,0,1,True,False,True,False,False,False,4,6,5,29,59
TX000117,300.08,2023-10-09 17:02:43,68,47,1,13546.75,2024-11-04 08:12:18,-33836975.0,0.022149803472901405,0,3,False,False,True,False,False,False,6,4,4,26,59
TX000118,56.98,2024-01-01 16:34:10,43,122,2,5688.37,2024-11-04 08:07:42,-26580812.0,0.010015168639058455,1,1,False,False,False,True,False,False,8,5,9,21,68
TX000119,407.65,2023-07-07 16:11:38,26,62,1,8346.64,2024-11-04 08:06:30,-41961292.0,0.04883416151151703,0,2,True,False,True,True,False,False,6,3,5,20,61
TX000120,115.83,2023-05-22 17:09:52,39,167,1,6481.04,2024-11-04 08:10:02,-45932410.0,0.01786937445618972,0,1,True,True,False,True,False,False,8,9,5,21,60
TX000121,53.57,2023-08-16 16:17:12,69,121,1,1651.33,2024-11-04 08:08:43,-38505091.0,0.03242088444802189,0,1,True,False,False,False,True,False,6,5,7,31,63
TX000122,63.34,2023-11-17 16:02:02,46,165,1,11174.94,2024-11-04 08:10:13,-30470891.0,0.005667532216529437,0,1,False,False,True,False,False,False,8,6,4,33,63
TX000123,317.87,2023-05-22 17:29:35,27,91,1,145.5,2024-11-04 08:11:32,-45931317.0,2.169761092150171,0,1,True,False,True,False,False,True,6,3,6,21,63
TX000124,331.65,2023-08-25 17:26:07,41,61,1,4172.57,2024-11-04 08:11:00,-37723493.0,0.07946434347572941,0,1,True,False,True,True,False,False,4,8,3,16,42
TX000125,5.04,2023-11-27 16:38:34,56,41,1,5558.36,2024-11-04 08:10:48,-29604734.0,0.0009065791745812468,0,1,True,False,False,False,True,False,3,2,5,32,48
TX000126,214.54,2023-08-04 17:46:44,70,247,1,11151.53,2024-11-04 08:11:56,-39536712.0,0.019236890642751015,0,1,False,False,True,False,False,False,8,6,5,45,63
TX000127,598.81,2023-09-04 16:48:35,57,158,1,1415.52,2024-11-04 08:10:13,-36861698.0,0.42273317708186253,0,1,True,True,False,False,False,False,4,6,7,23,67
TX000128,841.28,2023-08-09 17:34:26,26,80,1,1103.64,2024-11-04 08:09:58,-39105332.0,0.761587485515643,0,1,True,False,True,False,False,True,8,3,9,22,67
TX000129,38.15,2023-09-07 16:07:40,26,108,1,303.68,2024-11-04 08:07:42,-36604802.0,0.12521333858474465,0,2,True,False,True,False,False,True,7,4,7,32,61
TX000130,1036.66,2023-07-11 16:39:53,58,144,1,5541.57,2024-11-04 08:09:24,-41614171.0,0.18703597789473117,0,1,True,True,False,False,False,False,5,4,7,29,59
TX000131,124.72,2023-07-03 17:14:07,33,105,1,6309.8,2024-11-04 08:07:25,-42303198.0,0.019762946060721303,0,1,True,True,False,True,False,False,6,2,6,31,68
TX000132,302.45,2023-09-25 17:13:36,78,40,1,5133.61,2024-11-04 08:11:55,-35045899.0,0.05890418162236275,0,1,False,True,False,False,True,False,7,4,5,27,59
TX000133,208.04,2023-11-20 17:10:02,47,273,1,9344.98,2024-11-04 08:08:45,-30207523.0,0.022259837919618917,0,1,True,False,True,True,False,False,6,4,3,23,51
TX000134,5.77,2023-11-17 17:27:07,23,254,1,1117.97,2024-11-04 08:10:53,-30465826.0,0.005156527878316666,0,2,False,True,False,False,False,True,8,5,4,22,69
TX000135,381.33,2023-08-21 16:46:05,56,75,1,11835.35,2024-11-04 08:09:32,-38071407.0,0.032216857392692845,0,1,True,False,False,False,False,False,6,4,3,21,41
TX000136,16.16,2023-10-16 16:59:36,50,124,1,14401.17,2024-11-04 08:11:59,-33232343.0,0.001122053135048399,0,1,True,False,False,False,False,False,9,2,6,33,55
TX000137,486.08,2023-06-20 17:21:50,18,68,1,1748.69,2024-11-04 08:07:03,-43425913.0,0.27780921191753966,0,2,True,False,True,False,False,True,8,3,4,30,68
TX000138,336.39,2023-01-16 16:53:38,21,18,1,1000.46,2024-11-04 08:09:57,-56819779.0,0.3358995866035588,0,1,True,True,False,False,False,True,8,3,5,26,59
TX000139,997.43,2023-11-22 16:07:19,69,118,1,6810.05,2024-11-04 08:08:25,-30038466.0,0.14644291261993378,0,2,True,False,True,False,False,False,6,4,6,25,61
TX000140,234.57,2023-09-01 16:09:08,23,120,1,263.98,2024-11-04 08:08:47,-37123179.0,0.8852366216318212,0,2,True,False,True,False,False,True,7,5,5,21,60
TX000141,6.0,2023-10-23 18:38:15,30,246,1,5442.76,2024-11-04 08:09:43,-32621488.0,0.0011021793760195159,0,1,True,False,True,False,False,False,8,3,6,24,60
TX000142,1049.92,2023-10-23 16:50:33,80,21,1,2037.85,2024-11-04 08:10:34,-32628001.0,0.5149569610319543,0,1,True,False,False,False,True,False,7,3,8,27,63
TX000143,227.14,2023-07-03 17:42:08,18,294,1,341.94,2024-11-04 08:11:34,-42301766.0,0.6623316031958942,0,1,True,False,False,False,False,True,2,3,6,27,68
TX000144,233.74,2023-10-24 16:41:00,66,17,1,1066.59,2024-11-04 08:11:17,-32542217.0,0.2189417285662099,0,1,False,False,True,False,True,False,6,3,5,26,68
TX000145,113.02,2023-09-25 16:54:22,69,166,1,6077.96,2024-11-04 08:07:21,-35046779.0,0.018591995999315672,0,2,False,True,False,False,True,False,7,5,2,30,60
TX000146,45.85,2023-02-16 17:57:10,20,92,1,1659.15,2024-11-04 08:07:24,-54137414.0,0.027617986326536757,0,2,True,False,False,False,False,True,7,4,6,25,69
TX000147,973.39,2023-08-30 17:23:20,77,296,1,2042.22,2024-11-04 08:11:44,-37291704.0,0.47639999608461153,0,3,True,True,False,False,True,False,7,4,3,45,53
TX000148,514.95,2023-04-13 18:37:48,41,142,5,421.93,2024-11-04 08:10:01,-49296733.0,1.217577376870877,1,1,True,False,True,False,False,False,4,3,5,22,58
TX000149,415.5,2023-07-28 16:29:23,66,141,1,10113.66,2024-11-04 08:10:23,-40146060.0,0.04107898831992376,0,1,True,False,False,False,False,False,3,3,4,16,63
TX000150,265.76,2023-02-06 17:48:55,54,92,1,4446.17,2024-11-04 08:12:18,-55002203.0,0.05975935257703213,0,1,True,False,True,False,True,False,9,4,1,24,67
TX000151,69.4,2023-07-24 18:08:43,80,113,1,6452.77,2024-11-04 08:09:04,-40485621.0,0.010753404599172267,0,1,True,False,True,False,True,False,4,8,5,24,55
TX000152,332.93,2023-11-20 16:29:48,35,293,1,2788.2,2024-11-04 08:08:14,-30209906.0,0.11936397533342895,0,3,False,True,False,True,False,False,9,9,6,25,41
TX000153,267.9,2023-10-09 16:52:47,20,160,1,596.16,2024-11-04 08:08:34,-33837347.0,0.4486234844932681,0,2,True,False,True,False,False,True,6,3,6,25,59
TX000154,496.03,2023-11-03 16:45:52,61,265,1,12904.66,2024-11-04 08:09:41,-31677829.0,0.03843507422324778,0,1,True,True,False,False,False,False,9,4,4,30,57
TX000155,376.26,2023-02-15 16:41:11,37,245,1,9062.4,2024-11-04 08:09:58,-54228527.0,0.04151422203588057,0,1,True,False,False,True,False,False,9,4,4,23,67
TX000156,83.02,2023-09-04 17:59:51,36,171,1,9009.56,2024-11-04 08:11:01,-36857470.0,0.009213633780808295,0,1,False,False,True,True,False,False,4,3,3,27,61
TX000157,93.26,2023-07-27 16:22:52,20,72,1,1152.2,2024-11-04 08:12:04,-40232952.0,0.08087062088102671,0,2,False,False,True,False,False,True,3,4,3,22,58
TX000158,803.37,2023-04-17 16:08:34,68,129,1,12168.37,2024-11-04 08:08:40,-48960006.0,0.06601574280344832,0,1,False,True,False,False,False,False,7,5,4,26,63
TX000159,35.76,2023-09-19 17:38:18,23,122,1,611.86,2024-11-04 08:11:40,-35562802.0,0.058349378324576574,0,1,True,True,False,False,False,True,9,4,4,27,68
TX000160,28.53,2023-05-31 16:37:39,62,99,1,8670.53,2024-11-04 08:06:30,-45156531.0,0.003290076837651487,0,1,True,False,True,False,False,False,5,7,7,22,48
TX000161,139.53,2023-10-09 17:20:09,53,177,1,10098.86,2024-11-04 08:07:31,-33835642.0,0.013815042980793793,0,1,False,False,True,False,False,False,6,1,5,31,51
TX000162,307.57,2023-01-09 16:12:01,33,285,1,5307.74,2024-11-04 08:06:33,-57426872.0,0.05793653484631005,0,1,True,True,False,False,False,False,5,4,2,24,63
TX000163,60.65,2023-05-26 18:15:08,56,53,1,1047.28,2024-11-04 08:09:22,-45582854.0,0.05785667951310718,0,1,False,True,False,False,True,False,11,4,3,25,67
TX000164,74.86,2023-08-14 17:43:17,70,125,1,6921.48,2024-11-04 08:07:39,-38672662.0,0.010814043521974783,0,1,True,True,False,False,False,False,3,3,5,33,55
TX000165,117.97,2023-11-24 18:51:32,51,137,1,1475.46,2024-11-04 08:09:21,-29855869.0,0.07990057299215692,0,1,True,True,False,False,True,False,4,7,5,29,61
TX000166,231.91,2023-01-31 18:31:22,34,165,1,112.76,2024-11-04 08:12:15,-55518053.0,2.0385900140646975,0,1,True,False,False,True,False,False,8,4,5,24,63
TX000167,126.21,2023-02-14 16:07:01,75,268,1,5669.66,2024-11-04 08:08:42,-54316901.0,0.022256668535937614,0,2,True,True,False,False,True,False,7,4,6,32,51
TX000168,506.28,2023-05-02 17:03:29,53,162,2,1309.95,2024-11-04 08:09:09,-47660740.0,0.3861932186582249,1,1,False,False,True,False,True,False,8,5,5,19,60
TX000169,304.35,2023-12-04 17:07:34,31,36,1,4057.1,2024-11-04 08:08:45,-28998071.0,0.07499815184445924,0,2,True,True,False,True,False,False,12,7,2,29,63
TX000170,281.85,2023-05-16 17:26:37,22,109,1,1585.98,2024-11-04 08:07:38,-46449661.0,0.1776014820602654,0,1,True,False,False,False,False,True,7,1,4,33,63
TX000171,777.88,2023-03-20 16:58:12,31,17,1,6825.55,2024-11-04 08:09:15,-51376263.0,0.11394921299924558,0,1,True,True,False,True,False,False,3,4,9,27,63
TX000172,119.18,2023-08-25 18:01:38,56,96,1,5516.5,2024-11-04 08:07:34,-37721156.0,0.02160036248300861,0,1,True,True,False,False,True,False,4,7,5,23,69
TX000173,177.19,2023-05-15 17:25:28,76,43,1,5343.3,2024-11-04 08:06:30,-46536062.0,0.0331549501337874,0,1,True,False,True,False,True,False,7,2,4,30,60
TX000174,260.88,2023-05-29 16:50:10,22,36,1,903.05,2024-11-04 08:06:52,-45328602.0,0.2885681101708976,0,1,True,True,False,False,False,True,7,4,4,27,62
TX000175,169.47,2023-03-22 16:10:14,24,19,1,1806.16,2024-11-04 08:07:37,-51206243.0,0.09377697602868589,0,2,True,False,True,False,False,True,6,3,7,26,60
TX000176,73.23,2023-05-19 16:52:53,26,14,1,787.74,2024-11-04 08:11:12,-46192699.0,0.0928442832872683,0,1,True,True,False,False,False,True,9,5,6,17,42
TX000177,1362.55,2023-02-10 18:07:07,29,106,1,2429.68,2024-11-04 08:11:05,-54655438.0,0.5605632991590831,0,1,True,False,False,True,False,False,12,3,5,32,46
TX000178,792.57,2023-05-22 16:22:36,19,164,1,770.37,2024-11-04 08:10:39,-45935283.0,1.0274835681968446,0,1,True,False,False,False,False,True,4,3,3,27,51
TX000179,237.06,2023-12-18 16:47:17,71,46,1,1182.77,2024-11-04 08:07:50,-27789633.0,0.20025849616057173,0,1,True,False,True,False,True,False,5,3,5,24,55
TX000180,34.17,2023-11-21 16:57:43,54,54,1,726.55,2024-11-04 08:06:29,-30121726.0,0.04696584427187135,0,2,False,False,True,True,False,False,7,2,6,31,67
TX000181,740.25,2023-07-19 17:03:58,41,123,1,14464.3,2024-11-04 08:08:27,-40921469.0,0.05117418926672797,0,1,True,False,True,False,False,False,5,3,8,19,67
TX000182,453.54,2023-04-19 16:36:03,58,82,1,12046.3,2024-11-04 08:12:06,-48785763.0,0.037646609613772385,0,2,True,False,False,False,False,False,6,6,5,23,41
TX000183,300.47,2023-11-13 16:11:52,73,100,1,7885.64,2024-11-04 08:08:00,-30815768.0,0.03809860726494426,0,1,True,True,False,False,True,False,11,3,5,33,60
TX000184,110.93,2023-04-07 16:38:15,19,201,1,1952.35,2024-11-04 08:10:53,-49822358.0,0.0567896178360253,0,1,False,True,False,False,False,True,6,9,9,25,55
TX000185,201.69,2023-01-03 16:46:36,59,299,1,7328.52,2024-11-04 08:10:16,-57943420.0,0.027517490913456812,0,1,True,False,False,False,False,False,1,8,5,30,55
TX000186,399.21,2023-01-30 16:15:49,59,109,1,3210.39,2024-11-04 08:08:21,-55612352.0,0.12431065675610872,0,1,True,False,False,True,False,False,2,4,4,29,42
TX000187,1041.88,2023-09-06 16:44:02,78,57,1,5726.2,2024-11-04 08:06:44,-36688962.0,0.18191786562369047,0,1,True,False,True,False,True,False,4,3,4,24,60
TX000188,630.36,2023-03-02 16:11:53,62,52,1,1363.65,2024-11-04 08:12:15,-52934422.0,0.46192063899168284,0,1,True,False,False,False,True,False,7,3,3,27,61
TX000189,10.94,2023-10-23 17:24:07,60,245,1,1241.99,2024-11-04 08:11:53,-32626066.0,0.008801358015752339,0,1,False,False,False,True,False,False,4,6,5,22,67
TX000190,215.9,2023-01-04 16:02:09,38,235,1,7873.28,2024-11-04 08:10:23,-57859694.0,0.0274183798391726,0,1,True,False,False,False,False,False,4,4,10,22,69
TX000191,1422.55,2023-07-10 17:49:18,79,165,1,5674.32,2024-11-04 08:06:50,-41696252.0,0.2506554696475265,0,2,True,True,False,False,True,False,8,3,5,15,48
TX000192,226.37,2023-09-18 17:07:08,49,141,1,9840.04,2024-11-04 08:09:56,-35650968.0,0.023002650126409403,0,2,False,True,False,False,False,False,4,6,1,20,51
TX000193,444.89,2023-09-11 16:27:39,43,101,1,10328.23,2024-11-04 08:11:50,-36258251.0,0.04307097431270288,0,3,False,True,False,False,False,False,9,1,5,30,55
TX000194,280.57,2023-01-27 17:35:05,25,24,1,293.24,2024-11-04 08:10:24,-55866919.0,0.9535413268080478,0,1,False,False,True,False,False,True,4,2,6,23,55
TX000195,488.54,2023-07-03 17:47:49,52,132,1,7486.63,2024-11-04 08:07:26,-42301177.0,0.0652462795303721,0,1,True,True,False,True,False,False,9,4,5,25,60
TX000196,3.3,2023-03-27 16:42:16,50,131,1,11385.37,2024-11-04 08:10:11,-50772475.0,0.00028982019730607733,0,2,False,True,False,False,False,False,12,6,5,25,69
TX000197,199.39,2023-08-21 16:16:22,69,165,1,7264.79,2024-11-04 08:09:06,-38073164.0,0.02744230152536751,0,1,True,True,False,False,True,False,6,5,6,18,60
TX000198,20.36,2023-07-24 17:02:18,62,75,1,2762.48,2024-11-04 08:11:15,-40489737.0,0.007367522109803581,0,1,True,True,False,False,True,False,5,6,5,15,67
TX000199,113.64,2023-10-24 17:09:41,62,32,1,6675.03,2024-11-04 08:07:55,-32540294.0,0.017022092471124305,0,1,True,False,True,False,True,False,5,4,6,31,63
TX000200,493.11,2023-07-31 16:25:26,53,236,1,7432.99,2024-11-04 08:08:01,-39886955.0,0.06633180835594345,0,2,True,True,False,False,True,False,8,7,3,17,60
TX000201,307.41,2023-06-12 17:32:52,19,14,1,1057.0,2024-11-04 08:09:48,-44116616.0,0.2905576559546314,0,2,True,False,False,False,False,True,4,5,2,29,69
TX000202,11.18,2023-11-30 16:52:42,43,161,1,5956.89,2024-11-04 08:10:20,-29344658.0,0.001876503258704004,0,3,True,False,True,False,False,False,7,8,4,23,61
TX000203,313.82,2023-11-15 18:57:38,59,151,1,7261.59,2024-11-04 08:08:42,-30633064.0,0.0432104800078209,0,1,True,True,False,True,False,False,7,3,6,26,67
TX000204,51.0,2023-01-30 16:00:38,64,107,1,4943.16,2024-11-04 08:08:23,-55613265.0,0.01031520015533478,0,2,True,True,False,False,True,False,6,4,7,21,61
TX000205,140.98,2023-05-25 16:34:22,60,100,1,8127.48,2024-11-04 08:12:13,-45675471.0,0.01734395606558668,0,1,True,True,False,True,False,False,7,4,5,27,63
TX000206,288.04,2023-08-24 16:47:21,68,63,1,1748.02,2024-11-04 08:10:00,-37812159.0,0.16468651015997532,0,1,True,False,False,False,True,False,9,7,5,22,62
TX000207,800.55,2023-05-04 16:21:31,31,108,1,9660.22,2024-11-04 08:06:49,-47490318.0,0.08286220580837617,0,1,True,False,False,True,False,False,5,4,5,29,68
TX000208,485.54,2023-02-06 17:46:59,46,143,1,6371.51,2024-11-04 08:11:46,-55002287.0,0.07619289730420195,0,1,True,False,False,True,False,False,7,7,4,24,63
TX000209,521.15,2023-02-17 18:16:05,54,214,1,9442.47,2024-11-04 08:07:31,-54049886.0,0.05518628216111239,0,3,True,False,False,False,False,False,9,5,3,27,61
TX000210,321.79,2023-08-07 17:30:33,63,61,1,5959.2,2024-11-04 08:10:01,-39278368.0,0.05398979900003356,0,1,False,False,False,False,True,False,9,3,4,22,59
TX000211,304.93,2023-02-24 16:23:22,65,158,1,13531.22,2024-11-04 08:08:15,-53451893.0,0.022533627150607957,0,1,True,False,False,False,False,False,5,5,6,22,42
TX000212,432.08,2023-07-31 16:04:55,40,145,1,11500.62,2024-11-04 08:11:46,-39888411.0,0.03756688188272608,0,1,True,False,False,False,False,False,4,7,6,24,46
TX000213,694.2,2023-12-07 16:20:08,61,72,1,1389.37,2024-11-04 08:07:23,-28741635.0,0.49929155548523063,0,1,True,False,False,False,True,False,6,4,2,22,55
TX000214,116.86,2023-03-20 18:28:48,55,171,1,6706.56,2024-11-04 08:12:15,-51371007.0,0.01742213263839608,0,3,True,False,False,True,False,False,6,8,5,30,51
TX000215,386.81,2023-03-03 18:02:52,57,149,1,7175.29,2024-11-04 08:10:50,-52841278.0,0.05390111046236983,0,1,False,False,True,False,False,False,9,5,4,25,63
TX000216,74.88,2023-05-24 16:25:50,25,202,1,420.67,2024-11-04 08:07:46,-45762116.0,0.17757962387649107,0,1,True,False,False,False,False,True,4,4,5,45,61
TX000217,195.76,2023-05-22 16:17:19,75,99,1,7323.53,2024-11-04 08:09:48,-45935549.0,0.026726629558483615,0,1,True,True,False,False,True,False,3,4,5,22,67
TX000218,134.7,2023-08-21 16:03:18,50,106,1,8395.85,2024-11-04 08:11:07,-38074069.0,0.016041729934439697,0,2,True,False,False,False,False,False,6,4,4,27,70
TX000219,890.24,2023-07-07 18:03:43,33,161,1,5140.93,2024-11-04 08:07:32,-41954629.0,0.1731334343330228,0,2,False,False,True,True,False,False,8,2,7,25,55
TX000220,361.27,2023-01-06 17:01:53,63,180,1,7945.57,2024-11-04 08:10:07,-57683294.0,0.04546238188300109,0,1,True,False,False,False,False,False,5,3,2,30,65
TX000221,131.56,2023-10-19 16:42:37,44,42,1,5873.54,2024-11-04 08:07:12,-32973875.0,0.022394944965903715,0,1,True,True,False,False,False,False,3,9,5,33,68
TX000222,485.51,2023-11-28 16:49:27,76,37,1,3074.45,2024-11-04 08:08:02,-29517515.0,0.15786632850477167,0,1,False,False,True,False,True,False,3,2,8,26,55
TX000223,547.87,2023-07-10 17:15:27,64,131,1,6155.76,2024-11-04 08:10:31,-41698504.0,0.08898673977871478,0,1,True,False,False,False,True,False,9,6,6,29,54
TX000224,457.3,2023-06-26 18:25:21,28,15,1,8318.29,2024-11-04 08:07:53,-42903752.0,0.05496863314056848,0,2,True,False,True,True,False,False,4,8,7,29,55
TX000225,506.24,2023-01-13 16:44:26,58,64,1,230.09,2024-11-04 08:11:40,-57079634.0,2.190661646977368,0,1,True,False,False,True,False,False,2,9,4,16,60
TX000226,486.59,2023-12-19 16:55:17,57,119,1,2513.56,2024-11-04 08:10:02,-27702885.0,0.19350900356324763,0,1,True,True,False,False,True,False,4,6,3,23,58
TX000227,163.68,2023-09-28 16:20:57,41,292,1,10090.05,2024-11-04 08:11:01,-34789804.0,0.016220314040659795,0,1,True,True,False,False,False,False,3,4,8,25,59
TX000228,581.65,2023-01-09 16:54:58,22,176,1,480.19,2024-11-04 08:09:39,-57424481.0,1.208774080924375,0,2,True,False,False,False,False,True,3,2,4,30,61
TX000229,52.01,2023-11-07 16:46:04,48,85,1,1120.88,2024-11-04 08:11:27,-31332323.0,0.04635968196242022,0,2,True,False,False,False,False,False,5,8,3,30,61
TX000230,630.24,2023-11-29 18:10:30,21,62,1,370.81,2024-11-04 08:11:52,-29426482.0,1.6950593044834728,0,2,True,False,False,False,False,True,9,9,3,27,61
TX000231,523.74,2023-11-02 16:36:37,43,159,1,13498.55,2024-11-04 08:06:52,-31764615.0,0.038796848783848356,0,2,True,False,False,False,False,False,6,6,5,25,68
TX000232,705.6,2023-02-20 18:41:43,40,124,3,14804.7,2024-11-04 08:09:04,-53789241.0,0.0476573211668479,1,1,True,True,False,False,False,False,7,5,8,27,55
TX000233,217.5,2023-10-23 18:54:48,46,35,1,3057.4,2024-11-04 08:06:58,-32620330.0,0.0711156160083704,0,1,False,True,False,True,False,False,4,7,9,24,62
TX000234,91.48,2023-01-23 16:50:31,51,141,1,14942.78,2024-11-04 08:09:17,-56215126.0,0.006121610462680794,0,1,True,False,False,False,False,False,9,7,2,23,70
TX000235,5.25,2023-11-13 18:26:24,39,49,1,14143.32,2024-11-04 08:12:22,-30807958.0,0.00037117372910115156,0,2,True,False,False,False,False,False,7,1,3,19,59
TX000236,54.03,2023-09-19 17:16:46,56,161,1,6736.3,2024-11-04 08:07:36,-35563850.0,0.008019533047363187,0,1,False,False,False,False,True,False,7,3,5,25,55
TX000237,736.73,2023-11-27 16:05:27,48,10,1,3313.07,2024-11-04 08:10:54,-29606727.0,0.22230369304209024,0,2,True,True,False,True,False,False,9,3,5,23,63
TX000238,368.91,2023-03-10 17:49:57,54,14,1,829.71,2024-11-04 08:10:28,-52237231.0,0.44408999530522086,0,2,True,True,False,False,False,False,11,6,6,18,55
TX000239,33.06,2023-01-17 16:03:41,53,170,1,1540.87,2024-11-04 08:06:43,-56736182.0,0.021441496364803782,0,1,False,False,True,False,True,False,7,4,5,21,70
TX000240,66.5,2023-05-04 16:44:56,32,144,1,6820.23,2024-11-04 08:08:06,-47488990.0,0.009748974891625118,0,1,False,False,True,True,False,False,6,6,4,22,51
TX000241,177.08,2023-01-06 17:16:44,35,85,1,13475.14,2024-11-04 08:12:21,-57682537.0,0.013140261232073874,0,1,True,False,True,False,False,False,7,4,4,33,55
TX000242,588.54,2023-02-06 17:57:28,32,130,1,714.45,2024-11-04 08:10:37,-55001589.0,0.8226151373261582,0,1,True,True,False,True,False,False,5,4,5,19,42
TX000243,173.5,2023-10-23 17:16:20,21,282,1,1306.91,2024-11-04 08:11:52,-32626532.0,0.13265438753431047,0,3,True,False,False,False,False,True,12,5,4,27,55
TX000244,78.33,2023-07-31 16:13:12,56,189,1,7255.33,2024-11-04 08:08:18,-39887706.0,0.010794713029864959,0,1,False,False,True,True,False,False,5,5,4,15,63
TX000245,40.66,2024-01-01 16:08:49,59,156,1,1153.84,2024-11-04 08:11:28,-26582559.0,0.03520834054934017,0,2,True,True,False,False,True,False,9,8,3,24,51
TX000246,97.22,2023-02-20 17:30:19,77,55,1,6647.73,2024-11-04 08:11:17,-53793658.0,0.014622341409562428,0,1,False,True,False,False,True,False,4,4,6,21,61
TX000247,34.07,2023-11-06 17:22:58,22,81,1,8709.77,2024-11-04 08:07:21,-31416263.0,0.003911250096145347,0,1,True,True,False,False,False,True,3,4,4,19,67
TX000248,492.06,2023-10-19 16:14:15,23,74,1,857.9,2024-11-04 08:09:56,-32975741.0,0.5728955640936081,0,1,True,False,True,False,False,True,8,4,4,21,60
TX000249,842.01,2023-09-12 16:43:27,53,185,1,509.45,2024-11-04 08:08:33,-36170706.0,1.649544519541581,0,1,False,False,True,False,False,False,6,2,7,32,55
TX000250,73.55,2023-01-09 16:09:48,51,158,1,2812.06,2024-11-04 08:11:21,-57427293.0,0.02614590517088153,0,1,True,False,False,True,False,False,7,5,4,21,61
TX000251,760.53,2023-09-04 18:13:25,57,118,1,6179.91,2024-11-04 08:09:35,-36856570.0,0.12304498852110773,0,1,True,False,True,True,False,False,11,3,6,32,55
TX000252,273.08,2023-01-30 16:09:08,26,134,1,6609.3,2024-11-04 08:07:57,-55612729.0,0.04131128693100161,0,1,False,True,False,True,False,False,4,4,6,29,63
TX000253,371.69,2023-12-22 16:27:49,67,143,1,3484.32,2024-11-04 08:09:59,-27445330.0,0.10664444010879919,0,2,True,True,False,False,True,False,7,4,3,22,57
TX000254,218.96,2023-08-30 16:11:47,18,13,1,754.21,2024-11-04 08:10:35,-37295928.0,0.2899326015280518,0,2,True,False,False,False,False,True,9,3,2,25,61
TX000255,227.39,2023-12-25 16:58:19,18,65,1,751.09,2024-11-04 08:11:36,-27184397.0,0.3023441343456235,0,3,True,False,True,False,False,True,7,3,5,19,61
TX000256,237.99,2023-05-08 16:45:11,39,86,1,8510.09,2024-11-04 08:11:36,-47143585.0,0.0279623408987568,0,2,False,True,False,False,False,False,7,4,4,24,61
TX000257,186.6,2023-07-04 16:27:23,58,13,1,1508.72,2024-11-04 08:06:24,-42219541.0,0.12359907797472379,0,1,True,False,True,False,False,False,5,5,7,23,48
TX000258,341.15,2023-02-13 17:18:15,18,148,1,511.37,2024-11-04 08:10:09,-54399114.0,0.665827429396725,0,4,True,False,True,False,False,True,7,7,7,29,59
TX000259,434.58,2023-09-06 16:28:38,59,215,1,12648.32,2024-11-04 08:08:15,-36689977.0,0.0343559970022104,0,3,True,False,False,False,False,False,12,3,4,31,63
TX000260,312.88,2023-05-26 18:12:50,54,44,1,233.21,2024-11-04 08:07:23,-45582873.0,1.335895136843004,0,1,False,True,False,True,False,False,3,6,5,26,42
TX000261,75.15,2023-09-18 17:31:23,23,154,1,1092.92,2024-11-04 08:11:00,-35649577.0,0.06869789381307591,0,3,True,False,False,False,False,True,6,5,4,27,61
TX000262,23.3,2023-08-14 18:13:38,59,161,1,6711.15,2024-11-04 08:08:06,-38670868.0,0.003471316940175652,0,1,True,False,False,True,False,False,7,2,8,24,69
TX000263,47.38,2023-02-08 18:18:07,25,61,1,459.37,2024-11-04 08:07:05,-54827338.0,0.10291721875882442,0,1,False,False,True,False,False,True,5,5,6,24,61
TX000264,512.81,2023-07-19 16:57:01,79,30,1,6994.34,2024-11-04 08:11:58,-40922097.0,0.07330737319415495,0,2,True,True,False,False,True,False,5,2,6,31,53
TX000265,488.15,2023-07-31 16:01:00,43,168,1,7071.09,2024-11-04 08:11:13,-39888613.0,0.06902485686692335,0,1,True,True,False,True,False,False,8,2,5,22,51
TX000266,12.82,2023-04-05 18:37:10,44,156,1,9045.19,2024-11-04 08:08:25,-49987875.0,0.0014171712068837819,0,1,True,False,False,True,False,False,7,3,7,23,70
TX000267,66.9,2023-04-17 16:50:45,79,129,4,5238.71,2024-11-04 08:10:39,-48957594.0,0.012767882191953373,1,2,False,False,True,False,True,False,5,6,4,25,68
TX000268,535.91,2023-07-07 16:38:12,43,22,1,9642.12,2024-11-04 08:10:49,-41959957.0,0.055574336936593124,0,1,True,False,True,True,False,False,5,2,3,26,55
TX000269,270.72,2023-07-03 18:01:00,26,53,1,6263.96,2024-11-04 08:11:05,-42300605.0,0.04321176831136991,0,1,False,False,True,True,False,False,3,2,3,27,48
TX000270,97.98,2023-02-06 16:09:48,72,18,1,7460.33,2024-11-04 08:08:43,-55007935.0,0.013131707081713314,0,1,True,True,False,False,True,False,5,4,4,27,62
TX000271,196.08,2023-08-25 16:52:28,61,98,1,4233.82,2024-11-04 08:06:31,-37725243.0,0.04630184990153065,0,1,True,False,True,False,True,False,6,2,5,30,57
TX000272,251.18,2023-06-01 16:51:11,42,246,1,8303.9,2024-11-04 08:07:55,-45069404.0,0.030244795241363535,0,1,True,False,False,True,False,False,5,5,8,27,59
TX000273,44.52,2023-03-28 18:30:25,28,205,1,314.28,2024-11-04 08:10:28,-50679603.0,0.14120781527531084,0,2,True,False,True,False,False,True,6,5,2,23,46
TX000274,178.87,2023-05-23 16:03:54,35,180,1,5241.23,2024-11-04 08:10:16,-45849982.0,0.03412097523382225,0,2,True,False,True,False,False,False,7,9,3,32,51
TX000275,1176.28,2023-12-20 16:08:02,54,174,5,323.69,2024-11-04 08:11:44,-27619422.0,3.6227786504050017,1,1,False,False,False,True,False,False,4,4,4,27,61
TX000276,386.68,2023-10-31 16:48:01,46,128,1,6863.06,2024-11-04 08:06:28,-31936707.0,0.05633400640437292,0,3,True,True,False,False,False,False,5,7,8,30,58
TX000277,167.14,2023-04-24 18:33:29,76,20,1,3877.73,2024-11-04 08:06:26,-48346377.0,0.0430914242548463,0,2,True,False,True,False,True,False,8,3,6,24,62
TX000278,345.22,2023-09-05 16:55:47,69,253,1,4046.58,2024-11-04 08:07:36,-36774709.0,0.08529046986100337,0,2,True,True,False,False,True,False,6,5,6,31,60
TX000279,74.85,2023-12-25 17:19:08,72,117,1,2409.73,2024-11-04 08:11:49,-27183161.0,0.03104868649745098,0,1,True,False,False,False,True,False,5,4,3,31,59
TX000280,671.73,2023-10-16 16:15:54,58,54,1,5211.88,2024-11-04 08:12:04,-33234970.0,0.128859670661899,0,2,True,True,False,True,False,False,5,4,5,27,48
TX000281,255.04,2023-11-23 16:15:59,45,152,1,6217.86,2024-11-04 08:11:38,-29951739.0,0.04101073187047144,0,1,True,False,False,True,False,False,7,3,6,27,61
TX000282,45.77,2023-02-09 17:50:23,25,109,1,5978.12,2024-11-04 08:08:01,-54742658.0,0.007654972638113971,0,1,True,False,True,False,False,True,12,7,3,34,67
TX000283,329.69,2023-01-09 16:54:30,26,66,1,1671.66,2024-11-04 08:09:49,-57424519.0,0.1971052096660409,0,2,False,False,True,False,False,True,6,2,8,30,59
TX000284,362.04,2023-07-10 16:37:11,58,198,2,8421.88,2024-11-04 08:08:47,-41700696.0,0.04298292270577286,1,1,False,True,False,False,False,False,3,4,7,27,67
TX000285,11.92,2023-10-09 17:48:55,53,52,1,14611.9,2024-11-04 08:11:22,-33834147.0,0.0008157176193637129,0,1,True,True,False,False,False,False,5,4,5,21,59
TX000286,47.42,2023-12-19 16:46:08,64,28,1,8253.52,2024-11-04 08:08:56,-27703368.0,0.005744731371418326,0,1,True,False,False,False,False,False,6,3,4,21,59
TX000287,35.99,2023-01-19 16:14:12,63,129,1,4489.79,2024-11-04 08:09:17,-56562905.0,0.00801418013311689,0,2,True,True,False,False,True,False,9,5,3,18,64
TX000288,151.19,2023-05-05 16:04:36,37,96,1,11903.82,2024-11-04 08:11:16,-47405200.0,0.012699898024497641,0,2,False,True,False,False,False,False,5,4,6,24,58
TX000289,242.62,2023-07-10 16:40:15,22,234,1,483.02,2024-11-04 08:07:09,-41700414.0,0.5012602785008884,0,3,False,False,True,False,False,True,9,5,4,27,57
TX000290,48.72,2023-09-29 18:54:28,21,17,1,816.08,2024-11-04 08:07:27,-34693979.0,0.059626964311940076,0,1,True,True,False,False,False,True,9,3,4,21,55
TX000291,43.46,2023-07-21 17:02:42,25,80,1,578.06,2024-11-04 08:10:45,-40748883.0,0.07505267157116707,0,3,True,False,False,False,False,True,9,3,6,22,61
TX000292,1036.21,2023-07-21 18:54:14,25,126,1,477.3,2024-11-04 08:12:22,-40742288.0,2.1664436546100774,0,3,True,False,True,False,False,True,8,8,4,25,65
TX000293,443.79,2023-10-09 18:28:04,53,87,1,3133.85,2024-11-04 08:11:16,-33831792.0,0.14156658213311643,0,1,True,False,False,False,True,False,5,5,5,25,55
TX000294,365.14,2023-12-01 18:46:28,68,57,1,5894.09,2024-11-04 08:07:25,-29251257.0,0.061939682006551214,0,1,True,False,True,False,True,False,8,5,5,31,49
TX000295,757.41,2023-05-05 16:31:53,22,37,1,9532.42,2024-11-04 08:09:03,-47403430.0,0.07944787914515462,0,1,True,False,False,False,False,True,5,6,6,26,69
TX000296,20.54,2023-08-21 18:09:24,51,72,1,5327.03,2024-11-04 08:07:28,-38066284.0,0.0038550833985544378,0,2,True,True,False,True,False,False,8,3,3,23,70
TX000297,475.36,2023-10-02 16:03:09,34,105,1,2000.6,2024-11-04 08:06:59,-34445030.0,0.23749000799360515,0,1,True,False,False,True,False,False,3,4,3,27,55
TX000298,34.74,2023-06-26 16:40:21,56,24,1,6827.57,2024-11-04 08:11:03,-42910242.0,0.0050874487630645955,0,2,True,False,False,False,True,False,8,6,4,15,57
TX000299,689.54,2023-03-06 16:46:57,27,93,1,1633.76,2024-11-04 08:08:53,-52586516.0,0.4217989184956813,0,2,True,True,False,False,False,True,8,4,5,31,68
TX000300,211.18,2023-10-16 16:09:47,73,90,1,4069.17,2024-11-04 08:11:50,-33235323.0,0.05188481070815224,0,2,True,False,False,False,True,False,9,6,3,27,48
TX000301,211.36,2023-11-21 16:23:41,51,286,1,7943.47,2024-11-04 08:11:10,-30124049.0,0.026604669663300384,0,1,False,True,False,True,False,False,6,5,5,20,70
TX000302,744.41,2023-07-31 16:35:59,39,107,1,8842.47,2024-11-04 08:11:27,-39886528.0,0.08417623398959911,0,1,False,False,True,True,False,False,4,3,3,21,63
TX000303,61.43,2023-06-29 16:16:37,24,170,1,1882.77,2024-11-04 08:08:18,-42652301.0,0.032610138180351106,0,1,True,False,True,False,False,True,4,3,4,22,55
TX000304,167.44,2023-09-25 16:11:18,37,82,1,12526.71,2024-11-04 08:10:49,-35049571.0,0.01336557120175994,0,1,True,True,False,False,False,False,3,4,3,25,61
TX000305,361.46,2023-04-07 17:23:05,21,83,1,4737.84,2024-11-04 08:10:42,-49819657.0,0.07627605067906913,0,1,True,False,True,False,False,True,6,2,3,23,55
TX000306,378.85,2023-06-16 17:21:15,78,126,1,2300.53,2024-11-04 08:09:07,-43771672.0,0.16460789127232753,0,1,True,True,False,False,True,False,7,4,5,22,55
TX000307,241.11,2023-06-16 16:41:23,30,55,1,12385.05,2024-11-04 08:10:49,-43774166.0,0.01946625437488142,0,1,True,True,False,False,False,False,6,7,6,21,54
TX000308,131.93,2023-09-11 17:31:10,31,13,1,4547.06,2024-11-04 08:06:50,-36254140.0,0.029007972630088433,0,1,False,True,False,True,False,False,3,4,6,24,70
TX000309,20.28,2023-07-19 17:42:38,36,213,1,2047.83,2024-11-04 08:10:02,-40919244.0,0.00989833221887614,0,1,True,False,True,True,False,False,7,3,6,28,68
TX000310,415.88,2023-04-27 17:30:16,70,170,1,10008.33,2024-11-04 08:08:01,-48091065.0,0.041549234564151646,0,1,True,True,False,False,False,False,5,3,9,32,59
TX000311,49.99,2023-02-09 17:53:59,62,139,1,2299.64,2024-11-04 08:08:15,-54742456.0,0.0217287363516239,0,1,True,False,False,False,True,False,8,5,6,29,65
TX000312,1221.65,2023-09-27 16:55:35,27,153,1,243.92,2024-11-04 08:10:41,-34874106.0,4.987955250694105,0,2,True,False,True,False,False,True,7,5,5,31,62
TX000313,100.66,2023-06-16 18:58:50,50,144,1,14473.33,2024-11-04 08:11:54,-43765984.0,0.006954380617272095,0,1,True,True,False,False,False,False,10,3,7,20,49
TX000314,485.54,2023-12-08 16:47:48,19,148,1,1533.32,2024-11-04 08:11:09,-28653801.0,0.31645289118306485,0,3,True,False,True,False,False,True,5,2,8,19,51
TX000315,321.15,2023-02-10 17:06:40,46,179,1,7005.05,2024-11-04 08:06:33,-54658793.0,0.04583895347592438,0,1,True,True,False,False,False,False,2,3,5,23,69
TX000316,711.3,2023-06-26 18:57:37,21,51,1,955.4,2024-11-04 08:09:32,-42901915.0,0.7437264742785445,0,1,True,True,False,False,False,True,6,2,5,21,59
TX000317,12.23,2023-10-12 16:02:13,42,139,1,7844.88,2024-11-04 08:07:29,-33581116.0,0.0015587798946708337,0,1,True,False,False,True,False,False,7,2,5,33,63
TX000318,350.94,2023-10-30 17:17:51,20,64,1,221.56,2024-11-04 08:10:35,-32021564.0,1.5768332135154566,0,2,True,False,False,False,False,True,7,3,5,33,60
TX000319,301.85,2023-04-18 17:43:50,54,25,1,6586.19,2024-11-04 08:10:05,-48867975.0,0.04582378829212457,0,3,True,False,True,True,False,False,6,2,5,29,54
TX000320,29.34,2023-03-09 17:37:08,65,30,1,3944.82,2024-11-04 08:11:42,-52324474.0,0.007435716783837073,0,1,True,False,True,False,True,False,4,6,3,25,51
TX000321,231.71,2023-04-24 17:01:08,27,148,1,1127.98,2024-11-04 08:07:02,-48351954.0,0.205238356746798,0,2,True,True,False,False,False,True,6,9,4,30,59
TX000322,179.43,2023-08-11 18:20:48,58,244,1,2626.63,2024-11-04 08:10:00,-38929752.0,0.06828586977618614,0,2,True,False,False,False,True,False,5,4,4,31,68
TX000323,36.71,2023-01-30 17:11:53,48,55,1,6459.38,2024-11-04 08:11:44,-55609191.0,0.005682328284094744,0,2,True,True,False,False,False,False,5,6,3,21,60
TX000324,138.12,2023-04-11 17:18:50,53,281,1,1649.69,2024-11-04 08:11:23,-49474353.0,0.08367409992185086,0,1,False,True,False,False,False,False,7,4,5,25,69
TX000325,233.24,2023-04-17 16:56:06,33,72,1,6939.23,2024-11-04 08:07:39,-48957093.0,0.033606955389086535,0,1,True,False,False,True,False,False,6,3,5,32,51
TX000326,609.14,2023-11-23 16:09:39,39,177,1,9033.87,2024-11-04 08:11:33,-29952114.0,0.06742100329058415,0,1,True,False,False,True,False,False,2,3,6,21,67
TX000327,436.64,2023-12-25 17:46:24,31,111,1,14365.18,2024-11-04 08:08:23,-27181319.0,0.03039360498058635,0,2,True,True,False,False,False,False,6,1,8,27,69
TX000328,870.43,2023-05-31 16:54:20,29,55,1,10115.18,2024-11-04 08:07:52,-45155612.0,0.08604334837853814,0,3,True,True,False,False,False,False,7,3,3,23,69
TX000329,354.4,2023-11-06 17:23:08,74,128,1,7358.65,2024-11-04 08:10:00,-31416412.0,0.048154463867167596,0,2,True,False,False,False,True,False,6,4,3,26,60
TX000330,22.63,2023-02-20 17:28:15,53,112,1,4438.03,2024-11-04 08:10:56,-53793761.0,0.0050979605904893635,0,1,True,False,True,True,False,False,6,3,5,27,61
TX000331,182.19,2023-06-19 16:36:25,26,53,1,1176.1,2024-11-04 08:06:27,-43515002.0,0.15477869339903153,0,3,True,True,False,False,False,True,9,6,3,29,61
TX000332,126.81,2023-10-30 16:58:01,26,290,1,5427.98,2024-11-04 08:12:22,-32022861.0,0.023357978846855212,0,2,True,True,False,True,False,False,7,4,4,25,67
TX000333,288.17,2023-09-08 16:48:51,37,50,1,3653.11,2024-11-04 08:10:16,-36516085.0,0.07886188428919765,0,1,True,False,True,True,False,False,6,4,9,21,55
TX000334,118.77,2023-10-02 17:44:05,55,123,1,2104.82,2024-11-04 08:10:29,-34439184.0,0.0564008319799413,0,1,True,True,False,True,False,False,5,7,3,34,61
TX000335,651.82,2023-04-14 17:59:43,21,166,1,1802.77,2024-11-04 08:07:02,-49212439.0,0.36136536254622265,0,2,True,False,False,False,False,True,6,8,2,27,58
TX000336,66.65,2023-10-17 16:58:59,37,33,1,3559.96,2024-11-04 08:11:00,-33145921.0,0.018716862868439973,0,1,True,False,False,True,False,False,5,3,7,29,63
TX000337,98.53,2023-01-16 16:31:48,69,166,1,3564.8,2024-11-04 08:11:19,-56821171.0,0.02763194794996915,0,2,True,True,False,False,True,False,8,4,5,25,62
TX000338,138.95,2023-06-02 16:48:43,71,30,1,6752.92,2024-11-04 08:08:37,-44983194.0,0.02057323746801857,0,2,True,False,True,False,True,False,9,1,8,24,48
TX000339,33.89,2023-11-10 16:10:34,26,177,1,1444.75,2024-11-04 08:11:36,-31075262.0,0.023441120525678715,0,4,True,True,False,False,False,True,5,3,1,13,55
TX000340,23.71,2023-09-18 16:04:52,58,164,1,10788.89,2024-11-04 08:09:16,-35654664.0,0.0021974274065815315,0,2,True,True,False,False,False,False,4,4,1,32,61
TX000341,1830.0,2023-03-01 16:31:58,55,238,1,2235.7,2024-11-04 08:11:59,-53019601.0,0.8181696248938168,0,2,True,False,True,True,False,False,5,4,7,18,59
TX000342,26.06,2023-12-21 17:01:24,65,283,1,12893.63,2024-11-04 08:12:00,-27529836.0,0.0020209963372349576,0,2,True,False,False,False,False,False,5,2,4,28,59
TX000343,17.07,2023-05-01 17:17:12,27,44,1,2798.15,2024-11-04 08:11:25,-47746453.0,0.0060982798349498955,0,1,True,True,False,True,False,False,5,3,8,18,69
TX000344,703.89,2023-09-22 16:42:15,46,62,1,3583.67,2024-11-04 08:06:44,-35306669.0,0.19636117132120948,0,1,True,False,True,True,False,False,5,3,3,27,59
TX000345,1271.9,2023-08-28 16:43:15,47,155,1,2120.8,2024-11-04 08:09:27,-37466772.0,0.5994438684136111,0,2,True,False,False,True,False,False,5,4,5,24,63
TX000346,26.55,2023-09-20 17:25:26,77,228,1,3085.38,2024-11-04 08:07:23,-35476917.0,0.008602310797763075,0,3,True,False,False,False,True,False,9,6,8,25,63
TX000347,147.4,2023-06-09 16:10:51,42,259,1,6797.71,2024-11-04 08:07:18,-44380587.0,0.02168058352246235,0,1,True,True,False,True,False,False,3,4,7,25,59
TX000348,202.11,2023-03-30 16:09:26,27,18,1,746.47,2024-11-04 08:10:01,-50515235.0,0.27039212276077973,0,1,True,False,False,False,False,True,4,6,4,32,63
TX000349,308.42,2023-05-02 16:14:22,75,39,1,5427.81,2024-11-04 08:06:34,-47663532.0,0.056811713800998746,0,1,True,True,False,False,True,False,3,3,6,16,55
TX000350,11.18,2023-02-27 16:39:28,53,144,1,7467.3,2024-11-04 08:10:57,-53191889.0,0.0014969939611424285,0,1,True,False,False,True,False,False,6,4,4,22,64
TX000351,294.15,2023-02-02 16:19:31,38,136,1,6362.16,2024-11-04 08:07:20,-55352869.0,0.04622703185209864,0,1,True,False,True,True,False,False,5,7,6,22,60
TX000352,29.58,2023-10-30 17:54:19,54,121,1,8345.26,2024-11-04 08:11:01,-32019402.0,0.0035441023883751523,0,2,True,True,False,True,False,False,6,2,4,34,60
TX000353,139.45,2023-07-10 16:43:05,27,31,1,1305.76,2024-11-04 08:10:08,-41700423.0,0.10671431632434417,0,2,True,False,True,False,False,True,5,4,9,31,61
TX000354,432.63,2023-06-30 17:10:38,29,137,1,13648.36,2024-11-04 08:10:24,-42562786.0,0.03169599160693248,0,2,True,False,False,False,False,False,3,7,4,20,60
TX000355,131.43,2023-02-01 18:47:20,43,65,1,1337.5,2024-11-04 08:12:12,-55430692.0,0.09819200597683975,0,2,True,False,True,False,False,False,6,6,9,24,68
TX000356,516.72,2023-10-09 18:43:04,42,128,1,2015.69,2024-11-04 08:11:35,-33830911.0,0.25622182883834405,0,2,True,False,False,True,False,False,6,5,5,31,61
TX000357,121.82,2023-02-07 17:20:24,69,123,3,8354.54,2024-11-04 08:08:07,-54917263.0,0.014579548419372056,1,1,True,False,True,False,False,False,8,5,7,27,60
TX000358,374.5,2023-07-24 16:45:31,26,178,1,1671.51,2024-11-04 08:08:37,-40490586.0,0.2239149541706776,0,2,False,True,False,False,False,True,7,5,10,31,57
TX000359,166.13,2023-09-06 17:01:50,68,227,1,11822.53,2024-11-04 08:12:08,-36688218.0,0.014050795320855953,0,2,True,False,False,False,False,False,7,3,4,33,65
TX000360,626.9,2023-10-10 16:42:09,23,146,1,587.11,2024-11-04 08:11:30,-33751761.0,1.0659570488514052,0,1,True,False,False,False,False,True,6,6,3,23,60
TX000361,466.85,2023-07-17 16:57:14,56,165,1,5422.53,2024-11-04 08:09:35,-41094741.0,0.08607862406956356,0,3,True,True,False,False,True,False,7,3,4,29,59
TX000362,788.84,2023-05-17 17:00:34,58,231,1,1913.73,2024-11-04 08:09:42,-46364948.0,0.41198497960547964,0,1,True,False,True,False,True,False,4,4,4,23,55
TX000363,873.65,2023-03-23 16:38:40,37,59,1,12139.83,2024-11-04 08:09:57,-51118277.0,0.07195966008913723,0,1,False,False,True,False,False,False,10,4,4,24,68
TX000364,525.28,2023-04-03 16:37:24,69,134,1,4693.6,2024-11-04 08:09:39,-50167935.0,0.1118902568908959,0,3,True,False,False,False,True,False,7,4,6,26,60
TX000365,110.17,2023-09-07 16:08:12,30,137,1,464.2,2024-11-04 08:12:11,-36605039.0,0.23682287188306106,0,3,True,False,False,True,False,False,8,8,2,27,59
TX000366,632.69,2023-09-12 16:28:38,80,76,1,4363.74,2024-11-04 08:09:26,-36171648.0,0.14495479684929688,0,2,True,False,False,False,True,False,8,3,5,28,62
TX000367,124.35,2023-12-08 16:39:15,72,90,1,3319.76,2024-11-04 08:11:35,-28654340.0,0.03744624724460665,0,3,True,False,False,False,True,False,8,6,9,32,68
TX000368,43.85,2023-03-13 16:25:34,62,122,1,4356.98,2024-11-04 08:07:18,-51982904.0,0.010062001202391936,0,4,True,False,False,False,True,False,9,4,4,33,60
TX000369,283.81,2023-03-09 16:31:54,28,29,1,1519.35,2024-11-04 08:10:46,-52328332.0,0.18667412109053838,0,1,True,True,False,False,False,True,6,3,4,26,59
TX000370,168.53,2023-06-14 16:30:42,71,112,1,5962.58,2024-11-04 08:12:09,-43947687.0,0.028259870748778417,0,1,True,False,False,False,True,False,3,8,3,29,57
TX000371,218.59,2023-11-27 16:43:28,40,123,1,6699.23,2024-11-04 08:07:12,-29604224.0,0.032624253197278304,0,4,False,True,False,True,False,False,9,4,7,30,62
TX000372,132.84,2023-08-21 16:28:17,21,143,1,822.73,2024-11-04 08:08:40,-38072423.0,0.1612664343899093,0,1,True,False,False,False,False,True,9,5,8,30,68
TX000373,157.37,2023-11-15 16:54:44,42,289,1,13964.31,2024-11-04 08:10:30,-30640546.0,0.011268636356801247,0,2,False,True,False,False,False,False,7,4,2,33,49
TX000374,144.77,2023-07-17 16:48:23,20,159,1,867.32,2024-11-04 08:10:54,-41095351.0,0.16672424912474665,0,3,True,False,True,False,False,True,6,2,5,29,41
TX000375,643.22,2023-05-03 17:04:32,64,93,1,1035.86,2024-11-04 08:07:46,-47574194.0,0.6203537603919527,0,3,True,False,False,False,False,False,9,5,5,24,61
TX000376,1392.54,2023-11-20 16:51:14,41,297,1,13347.69,2024-11-04 08:09:15,-30208681.0,0.10432034903799549,0,2,True,True,False,False,False,False,6,5,5,33,46
TX000377,208.07,2023-07-10 16:51:12,32,36,1,8478.9,2024-11-04 08:11:43,-41700031.0,0.02453684595337209,0,1,True,False,True,False,False,False,9,3,3,29,68
TX000378,94.3,2023-12-25 17:53:56,57,57,1,11088.95,2024-11-04 08:08:14,-27180858.0,0.008503194333608357,0,2,True,True,False,False,False,False,5,3,5,29,55
TX000379,295.5,2023-11-23 18:00:00,59,36,1,6280.66,2024-11-04 08:07:08,-29945228.0,0.047041705536434636,0,1,True,False,False,False,True,False,5,6,3,21,61
TX000380,30.23,2023-11-06 17:53:25,44,99,1,481.13,2024-11-04 08:12:06,-31414721.0,0.0627009312840935,0,2,True,False,False,False,False,False,4,4,3,24,59
TX000381,112.05,2023-10-26 16:16:12,26,159,1,1122.88,2024-11-04 08:08:31,-32370739.0,0.09969925614834323,0,1,False,False,False,False,False,True,9,3,5,25,55
TX000382,180.24,2023-07-03 17:03:48,58,144,1,8431.23,2024-11-04 08:09:17,-42303929.0,0.021375128524720035,0,1,True,True,False,True,False,False,8,3,4,22,55
TX000383,13.71,2023-05-30 17:54:22,38,148,1,8342.79,2024-11-04 08:11:17,-45238615.0,0.0016431381901989383,0,1,False,False,True,True,False,False,5,4,6,27,62
TX000384,96.54,2023-03-13 17:26:17,58,95,1,7182.22,2024-11-04 08:10:31,-51979454.0,0.013439655196416092,0,1,True,True,False,False,True,False,5,3,1,22,58
TX000385,79.35,2023-05-29 17:02:32,67,70,1,1692.15,2024-11-04 08:09:48,-45328036.0,0.046865310220594744,0,1,True,False,True,False,True,False,9,5,5,23,69
TX000386,101.04,2023-07-10 18:16:07,27,160,1,1695.57,2024-11-04 08:06:43,-41694636.0,0.059555456008299104,0,2,True,False,False,False,False,True,11,2,9,25,59
TX000387,74.42,2023-11-23 17:23:16,49,68,1,6264.21,2024-11-04 08:11:23,-29947687.0,0.011878292986188812,0,2,True,False,True,True,False,False,9,5,5,26,46
TX000388,39.66,2023-05-18 16:16:53,52,169,1,8497.34,2024-11-04 08:07:20,-46281027.0,0.004666793750308883,0,2,True,True,False,True,False,False,2,3,13,21,55
TX000389,99.36,2023-05-09 16:55:54,40,46,1,1272.12,2024-11-04 08:09:15,-47056401.0,0.07804448912906875,0,2,True,False,False,False,False,False,9,4,2,31,61
TX000390,123.85,2023-08-25 18:47:28,56,244,1,3959.62,2024-11-04 08:06:36,-37718348.0,0.0312703566613308,0,1,True,False,True,True,False,False,4,5,2,28,55
TX000391,426.93,2023-12-25 17:05:00,19,248,1,476.19,2024-11-04 08:09:12,-27183852.0,0.894675077013349,0,1,True,False,False,False,False,True,4,8,2,27,65
TX000392,133.73,2023-05-16 16:21:42,25,123,1,1872.22,2024-11-04 08:09:22,-46453660.0,0.07139043999103148,0,1,False,False,True,False,False,True,6,2,6,32,59
TX000393,222.39,2023-08-23 16:32:59,49,73,1,3117.39,2024-11-04 08:10:52,-37899473.0,0.07131564685623029,0,2,True,False,True,True,False,False,9,6,6,30,55
TX000394,215.94,2023-06-05 16:06:43,22,140,1,1841.69,2024-11-04 08:10:45,-44726642.0,0.11718737280823144,0,4,False,False,True,False,False,True,9,8,7,25,55
TX000395,6.3,2023-12-14 18:52:54,80,283,5,7697.68,2024-11-04 08:12:13,-28127959.0,0.0008183221019707273,1,1,True,True,False,False,True,False,5,4,4,23,54
TX000396,826.23,2023-05-31 16:25:19,29,209,1,7580.59,2024-11-04 08:07:32,-45157333.0,0.10897845966347429,0,2,True,False,False,False,False,False,6,5,2,29,60
TX000397,416.37,2023-10-11 16:14:28,35,67,1,7936.91,2024-11-04 08:08:50,-33666862.0,0.0524533535905547,0,1,True,False,True,True,False,False,7,6,5,32,54
TX000398,131.46,2023-05-15 16:37:12,67,258,1,6642.33,2024-11-04 08:11:30,-46539258.0,0.01978826883505712,0,1,True,True,False,False,True,False,4,6,8,16,68
TX000399,202.86,2023-05-22 17:24:46,61,149,1,7642.25,2024-11-04 08:08:54,-45931448.0,0.026541065646158376,0,2,False,True,False,False,False,False,6,7,4,30,63
TX000400,268.39,2023-06-26 18:25:14,26,171,1,136.74,2024-11-04 08:06:40,-42903686.0,1.9485262087991866,0,3,True,False,False,False,False,True,7,4,4,23,64
TX000401,194.85,2023-09-12 16:50:21,23,130,4,319.84,2024-11-04 08:08:01,-36170260.0,0.6073120558533849,1,1,True,False,True,False,False,True,5,2,3,28,60
TX000402,137.35,2023-03-29 18:12:17,40,220,1,12662.66,2024-11-04 08:10:23,-50594286.0,0.0108459955494699,0,2,False,False,True,False,False,False,7,5,3,33,53
TX000403,712.75,2023-05-26 17:07:56,44,25,1,8126.06,2024-11-04 08:09:52,-45586916.0,0.08770084138667611,0,1,True,True,False,False,False,False,7,8,5,27,67
TX000404,353.82,2023-04-10 17:57:59,42,143,1,705.75,2024-11-04 08:06:40,-49558121.0,0.50062964273081,0,2,True,False,False,False,False,False,9,4,4,22,55
TX000405,507.25,2023-10-30 17:21:38,73,143,1,5331.57,2024-11-04 08:11:10,-32021372.0,0.09512298947786903,0,1,True,True,False,False,True,False,5,4,6,21,48
TX000406,212.74,2023-12-14 18:53:34,27,128,1,7645.47,2024-11-04 08:07:49,-28127655.0,0.02782198844695657,0,3,True,True,False,True,False,False,7,7,3,24,61
TX000407,364.42,2023-10-10 17:07:27,51,146,1,8119.73,2024-11-04 08:09:16,-33750109.0,0.04487527599119784,0,3,True,False,False,True,False,False,6,7,3,25,60
TX000408,195.12,2023-07-25 17:42:45,46,144,1,6101.15,2024-11-04 08:10:40,-40400875.0,0.03197561515203658,0,2,True,False,False,False,False,False,4,4,7,24,51
TX000409,230.61,2023-09-04 16:41:19,80,204,1,2561.42,2024-11-04 08:09:46,-36862107.0,0.08999695600252887,0,5,True,True,False,False,True,False,9,5,4,21,59
TX000410,739.28,2023-06-19 16:46:11,58,47,1,11905.64,2024-11-04 08:11:13,-43514702.0,0.06208972472502738,0,1,False,True,False,False,False,False,8,2,5,45,67
TX000411,390.35,2023-09-26 18:36:46,64,61,1,7095.88,2024-11-04 08:10:01,-34954395.0,0.05500304359098646,0,2,False,False,False,False,False,False,6,5,9,30,65
TX000412,242.03,2023-03-13 16:08:41,58,124,1,4382.73,2024-11-04 08:07:12,-51983911.0,0.055210973303556565,0,2,True,False,True,True,False,False,4,3,9,33,49
TX000413,242.39,2023-11-20 16:29:28,18,271,1,1328.73,2024-11-04 08:06:48,-30209840.0,0.18228512555180373,0,3,False,False,False,False,False,True,3,9,4,21,59
TX000414,135.03,2023-02-24 17:00:26,23,180,1,1278.0,2024-11-04 08:08:18,-53449672.0,0.10557466770914778,0,2,True,False,False,False,False,True,5,6,4,26,57
TX000415,83.5,2023-05-15 18:47:35,61,91,5,1749.79,2024-11-04 08:07:22,-46531187.0,0.04769275584164863,1,3,True,True,False,False,True,False,8,3,3,29,49
TX000416,193.54,2023-10-24 16:43:03,80,267,1,2929.51,2024-11-04 08:08:26,-32541923.0,0.06604311194979713,0,2,True,True,False,False,True,False,6,6,5,30,68
TX000417,617.36,2023-11-21 17:05:17,29,61,1,8926.38,2024-11-04 08:09:23,-30121446.0,0.06915354784942504,0,4,True,True,False,True,False,False,7,6,6,22,61
TX000418,775.23,2023-08-07 16:40:02,59,38,1,5977.59,2024-11-04 08:07:01,-39281219.0,0.12966769756748664,0,1,False,False,True,False,False,False,5,4,3,25,41
TX000419,266.57,2023-09-26 17:07:06,72,100,1,7676.92,2024-11-04 08:09:17,-34959731.0,0.03471903848959093,0,3,True,False,False,False,True,False,5,2,8,19,46
TX000420,153.4,2023-03-31 17:36:57,45,144,1,4657.7,2024-11-04 08:08:08,-50423471.0,0.03292764075815142,0,2,True,False,False,True,False,False,11,6,4,27,61
TX000421,946.94,2023-12-11 17:19:07,53,251,1,5579.11,2024-11-04 08:07:11,-28392484.0,0.16969916363655915,0,2,True,True,False,False,True,False,5,4,3,27,68
TX000422,5.12,2023-10-13 16:08:26,34,90,1,3293.01,2024-11-04 08:10:31,-33494525.0,0.0015543365077823079,0,2,True,True,False,True,False,False,7,4,6,31,58
TX000423,119.11,2023-06-30 16:31:46,57,131,1,7998.25,2024-11-04 08:09:48,-42565082.0,0.014890145951182923,0,2,True,False,False,True,False,False,3,5,8,32,63
TX000424,1096.7,2023-03-27 16:51:20,24,147,1,1093.89,2024-11-04 08:11:28,-50772008.0,1.0016531341047958,0,1,True,False,True,False,False,True,5,2,5,32,60
TX000425,119.72,2023-02-03 18:15:15,30,123,1,3435.34,2024-11-04 08:10:20,-55259705.0,0.03483939307519046,0,2,True,True,False,True,False,False,10,6,6,26,67
TX000426,107.4,2023-06-22 16:47:47,58,32,1,344.07,2024-11-04 08:08:03,-43255216.0,0.31124119743820094,0,1,True,False,True,False,False,False,5,5,8,13,55
TX000427,115.92,2023-01-17 18:42:28,53,57,1,3897.17,2024-11-04 08:09:02,-56726794.0,0.029737030452750907,0,2,True,False,False,False,True,False,5,5,2,27,59
TX000428,438.04,2023-08-24 18:54:06,67,247,1,5358.95,2024-11-04 08:06:33,-37804347.0,0.0817246429537589,0,1,True,False,False,False,True,False,6,1,4,31,67
TX000429,677.29,2023-05-01 18:28:00,27,287,1,627.79,2024-11-04 08:07:16,-47741956.0,1.077132269915234,0,2,True,False,True,True,False,False,8,3,3,32,63
TX000430,296.0,2023-05-15 16:25:29,35,248,1,7418.82,2024-11-04 08:06:54,-46539685.0,0.03989315104679089,0,1,True,True,False,False,False,False,6,2,7,25,55
TX000431,299.09,2023-01-16 16:14:45,36,84,1,5615.26,2024-11-04 08:08:01,-56821996.0,0.05325430090487263,0,1,False,True,False,True,False,False,4,4,6,21,61
TX000432,461.52,2023-05-15 16:40:24,24,44,1,1995.18,2024-11-04 08:08:53,-46538909.0,0.23120159504653887,0,2,False,True,False,False,False,True,7,8,5,32,62
TX000433,100.52,2023-01-30 17:28:00,50,110,1,453.39,2024-11-04 08:11:28,-55608208.0,0.22121965712273597,0,4,True,False,False,True,False,False,7,4,6,31,55
TX000434,85.35,2023-07-05 16:08:25,66,166,1,2173.76,2024-11-04 08:06:25,-42134280.0,0.03924570987143408,0,1,True,False,False,False,True,False,8,4,6,27,48
TX000435,79.76,2023-02-06 16:26:29,39,170,1,6452.14,2024-11-04 08:09:34,-55006985.0,0.012359874417725325,0,2,True,True,False,True,False,False,6,5,3,23,59
TX000436,778.49,2023-07-03 16:48:21,75,107,1,7713.67,2024-11-04 08:09:21,-42304860.0,0.10091034354029402,0,2,False,False,True,False,True,False,7,5,5,27,65
TX000437,386.38,2023-01-24 16:00:14,42,135,1,5528.36,2024-11-04 08:10:06,-56131792.0,0.069877888218528,0,2,True,False,True,True,False,False,6,4,3,27,55
TX000438,165.25,2023-11-24 17:11:27,35,106,1,9939.94,2024-11-04 08:11:35,-29862008.0,0.016623176480292608,0,1,True,False,True,False,False,False,6,3,6,31,53
TX000439,14.29,2023-02-28 16:28:25,34,150,1,7016.99,2024-11-04 08:08:52,-53106027.0,0.0020361955488679808,0,2,True,False,False,True,False,False,5,5,7,32,69
TX000440,232.79,2023-09-20 17:36:06,55,145,1,2661.3,2024-11-04 08:11:40,-35476534.0,0.08743943207001464,0,1,False,True,False,False,True,False,4,4,4,30,58
TX000441,1237.56,2023-11-13 17:49:04,60,159,1,9410.17,2024-11-04 08:11:45,-30810161.0,0.13149905909679668,0,2,False,True,False,True,False,False,5,4,1,30,59
TX000442,92.29,2023-02-15 16:17:59,54,115,1,2026.32,2024-11-04 08:11:25,-54230006.0,0.04552315372018231,0,1,True,True,False,True,False,False,2,7,5,32,41
TX000443,293.97,2023-11-13 17:34:15,68,153,1,7371.85,2024-11-04 08:08:57,-30810882.0,0.039871962673864246,0,3,True,True,False,False,True,False,8,7,5,28,55
TX000444,136.32,2023-10-11 18:50:24,19,113,1,264.83,2024-11-04 08:09:24,-33657540.0,0.5128089380431102,0,2,True,False,True,False,False,True,4,9,6,30,64
TX000445,251.06,2023-12-06 17:27:14,36,34,1,10001.66,2024-11-04 08:10:13,-28824179.0,0.02509932357992774,0,1,True,False,True,False,False,False,5,4,6,26,60
TX000446,50.17,2023-09-18 16:57:44,77,35,1,7752.14,2024-11-04 08:10:59,-35651595.0,0.006470926618118595,0,3,False,False,False,False,True,False,11,6,3,25,53
TX000447,21.4,2023-12-26 16:07:28,34,258,1,9594.11,2024-11-04 08:11:40,-27101052.0,0.002230302727118292,0,1,True,True,False,True,False,False,6,3,5,19,60
TX000448,73.28,2023-03-10 17:33:12,21,21,1,1329.41,2024-11-04 08:10:57,-52238265.0,0.05508076457633361,0,2,True,True,False,False,False,True,4,6,2,28,61
TX000449,70.23,2023-09-13 16:18:07,38,260,1,11624.93,2024-11-04 08:07:16,-36085749.0,0.006040807058016004,0,2,True,False,False,False,False,False,9,3,2,34,63
TX000450,689.29,2023-01-06 17:30:07,22,100,1,168.84,2024-11-04 08:07:49,-57681462.0,4.058466792275082,0,1,True,False,False,False,False,True,7,4,9,21,46
TX000451,745.03,2023-08-03 17:42:02,28,231,1,160.57,2024-11-04 08:09:15,-39623233.0,4.611190196199789,0,4,True,False,True,False,False,True,8,4,3,19,70
TX000452,54.61,2023-12-04 16:10:04,58,160,1,7135.64,2024-11-04 08:07:19,-29001435.0,0.007652060353331539,0,2,True,False,False,True,False,False,6,6,4,24,55
TX000453,54.05,2023-04-25 16:53:22,27,146,1,469.14,2024-11-04 08:11:34,-48266292.0,0.11496575488152465,0,2,True,True,False,False,False,True,5,3,5,21,51
TX000454,107.47,2023-04-12 17:39:29,67,144,1,7517.5,2024-11-04 08:12:09,-49386760.0,0.01429407461594733,0,3,True,False,True,False,True,False,7,5,4,23,59
TX000455,611.11,2023-10-18 18:32:31,20,282,4,919.84,2024-11-04 08:11:12,-33053921.0,0.6636440641153729,1,4,True,False,False,False,False,True,6,6,5,21,63
TX000456,219.63,2023-11-10 16:06:27,48,44,1,8013.63,2024-11-04 08:07:29,-31075262.0,0.02740363560139395,0,2,True,False,False,False,False,False,3,4,2,31,68
TX000457,188.7,2023-02-10 16:01:04,54,123,1,5077.06,2024-11-04 08:09:59,-54662935.0,0.037159860261595956,0,5,True,True,False,False,True,False,7,7,2,25,58
TX000458,93.52,2023-08-14 17:41:24,51,97,1,2791.2,2024-11-04 08:08:04,-38672800.0,0.03349330277200774,0,1,True,False,True,True,False,False,4,7,4,26,67
TX000459,275.92,2023-09-18 18:47:52,62,107,1,1777.38,2024-11-04 08:07:39,-35644787.0,0.15515244211023516,0,2,False,True,False,False,True,False,8,9,6,29,55
TX000460,376.79,2023-01-30 17:47:18,68,265,1,7749.14,2024-11-04 08:08:44,-55606886.0,0.04861718627018351,0,3,True,True,False,False,True,False,7,4,9,25,55
TX000461,8.98,2023-08-21 16:07:13,66,56,1,4516.76,2024-11-04 08:10:53,-38073820.0,0.0019877107238985693,0,2,True,False,True,False,True,False,5,2,5,21,63
TX000462,697.32,2023-05-11 16:30:04,68,91,1,2016.02,2024-11-04 08:11:18,-46885274.0,0.34571794032781034,0,2,True,False,True,False,True,False,7,5,4,19,61
TX000463,17.45,2023-09-13 16:41:19,18,88,1,1959.52,2024-11-04 08:09:39,-36084500.0,0.008900699814334972,0,1,True,False,False,False,False,True,3,4,7,27,65
TX000464,302.16,2023-10-18 17:47:52,80,138,5,3876.61,2024-11-04 08:07:38,-33056386.0,0.07792428841477096,1,2,True,False,True,False,True,False,5,3,4,33,61
TX000465,442.74,2023-10-16 17:47:41,23,136,1,1790.27,2024-11-04 08:09:45,-33229324.0,0.24716541894856722,0,3,True,True,False,False,False,True,8,4,9,30,59
TX000466,623.9,2023-08-08 17:44:21,27,249,1,711.47,2024-11-04 08:10:15,-39191154.0,0.8756859937962299,0,6,True,False,False,False,False,True,9,5,2,32,59
TX000467,445.41,2023-11-20 16:27:31,35,235,3,12154.66,2024-11-04 08:08:08,-30210037.0,0.03664218972889995,1,2,True,False,False,False,False,False,10,6,2,32,60
TX000468,63.41,2023-11-24 17:29:06,26,36,1,1546.22,2024-11-04 08:07:15,-29860689.0,0.04098318274065743,0,3,True,False,False,False,False,True,5,4,9,22,70
TX000469,346.85,2023-11-03 18:33:50,44,88,1,7208.15,2024-11-04 08:10:25,-31671395.0,0.04811246818279548,0,1,True,False,False,False,False,False,7,6,4,31,61
TX000470,71.95,2023-02-13 16:39:52,59,53,1,9267.32,2024-11-04 08:06:23,-54401191.0,0.007763003435358296,0,2,False,False,True,True,False,False,5,5,4,29,65
TX000471,7.5,2023-02-17 16:08:54,63,36,1,6485.78,2024-11-04 08:11:28,-54057754.0,0.001156197682054887,0,2,True,False,True,False,True,False,2,4,3,27,49
TX000472,206.46,2023-11-27 18:26:02,65,279,1,3984.38,2024-11-04 08:06:44,-29598042.0,0.05180434488053837,0,1,True,False,False,False,True,False,7,2,5,33,55
TX000473,423.11,2023-07-25 18:41:02,60,47,1,412.78,2024-11-04 08:10:58,-40397396.0,1.0225482140267776,0,1,True,False,False,True,False,False,6,5,4,23,54
TX000474,35.84,2023-03-28 17:23:54,54,172,1,4795.65,2024-11-04 08:10:57,-50683623.0,0.007471881417239116,0,3,False,False,True,False,True,False,8,7,3,33,60
TX000475,88.6,2023-02-14 17:01:44,28,105,1,246.57,2024-11-04 08:08:47,-54313623.0,0.3578785797956133,0,2,False,True,False,False,False,True,10,2,3,27,59
TX000476,1431.3,2023-09-04 18:46:40,18,168,1,1058.13,2024-11-04 08:11:20,-36854680.0,1.3513921803744582,0,4,True,False,False,False,False,True,8,4,5,18,68
TX000477,53.81,2023-10-16 16:55:44,55,37,2,2564.62,2024-11-04 08:12:05,-33232581.0,0.02097348788986678,1,4,False,False,False,True,False,False,9,9,6,13,59
TX000478,22.46,2023-05-17 16:03:51,54,78,1,6631.5,2024-11-04 08:07:46,-46368235.0,0.0033863550697323785,0,1,True,False,True,False,True,False,9,8,10,25,58
TX000479,334.89,2023-07-20 18:23:13,21,260,1,1661.68,2024-11-04 08:08:44,-40830331.0,0.20141578656145498,0,2,True,False,True,False,False,True,3,9,4,26,70
TX000480,319.27,2023-07-20 16:58:05,54,59,1,5504.01,2024-11-04 08:06:35,-40835310.0,0.05799626158717241,0,1,False,False,True,False,True,False,2,2,9,32,65
TX000481,144.3,2023-12-08 17:24:44,18,88,1,312.19,2024-11-04 08:10:39,-28651555.0,0.4607426801622019,0,3,True,False,False,False,False,True,6,5,3,24,68
TX000482,348.7,2023-05-02 17:13:45,69,149,1,2445.58,2024-11-04 08:06:58,-47659993.0,0.14252548455394878,0,3,False,True,False,False,True,False,5,4,3,25,60
TX000483,366.21,2023-01-12 17:57:06,62,181,1,10862.99,2024-11-04 08:11:36,-57161670.0,0.03370860982014895,0,3,True,False,False,False,False,False,5,4,4,27,68
TX000484,99.11,2023-05-01 16:58:41,55,12,1,5414.87,2024-11-04 08:09:35,-47747454.0,0.018299922265490126,0,1,True,False,True,False,True,False,6,7,6,32,67
TX000485,539.35,2023-05-22 17:34:50,55,127,1,3919.44,2024-11-04 08:11:49,-45931019.0,0.1375738437522319,0,2,True,False,False,False,True,False,9,5,6,31,55
TX000486,188.99,2023-06-08 16:43:06,58,92,1,7315.34,2024-11-04 08:07:32,-44465066.0,0.02583122162173983,0,3,True,True,False,True,False,False,5,6,13,33,68
TX000487,1416.69,2023-01-16 17:00:11,46,58,1,3740.73,2024-11-04 08:11:35,-56819484.0,0.3786189810595634,0,4,True,False,False,True,False,False,5,3,9,32,55
TX000488,710.14,2023-03-08 16:20:43,26,227,1,465.63,2024-11-04 08:12:20,-52415497.0,1.5218481452114094,0,3,True,False,False,False,False,True,7,5,5,27,46
TX000489,308.68,2023-02-27 17:14:10,53,170,1,9992.36,2024-11-04 08:10:16,-53189766.0,0.03088850997062049,0,1,True,False,True,False,False,False,4,6,7,29,55
TX000490,166.68,2023-03-27 18:47:56,57,139,1,5141.19,2024-11-04 08:12:19,-50765063.0,0.032414204842683765,0,1,True,False,False,False,True,False,3,1,6,21,61
TX000491,0.99,2023-09-13 16:55:14,45,133,1,4317.85,2024-11-04 08:09:12,-36083638.0,0.00022922768792618404,0,1,True,False,False,True,False,False,6,6,5,25,69
TX000492,505.19,2023-03-14 16:25:04,30,128,5,5326.68,2024-11-04 08:10:19,-51896715.0,0.09482363805633971,1,3,True,False,False,False,False,False,5,4,7,18,61
TX000493,66.58,2023-12-04 17:06:43,23,79,1,1636.32,2024-11-04 08:08:48,-28998125.0,0.04066401192192119,0,2,True,True,False,False,False,True,6,6,5,26,59
TX000494,223.43,2023-02-08 17:59:42,77,178,1,7932.41,2024-11-04 08:09:38,-54828596.0,0.028163173213031977,0,2,True,True,False,False,True,False,5,5,5,31,49
TX000495,659.95,2023-09-20 16:59:45,60,114,1,3927.69,2024-11-04 08:06:26,-35478401.0,0.1679822027189725,0,3,True,False,True,True,False,False,8,3,2,24,63
TX000496,634.86,2023-08-10 16:28:55,27,45,1,588.5,2024-11-04 08:08:00,-39022745.0,1.0769465648854961,0,2,True,False,False,False,False,True,7,3,3,30,60
TX000497,286.5,2023-10-23 16:58:04,30,60,1,8517.95,2024-11-04 08:09:17,-32627473.0,0.03363090521719226,0,2,False,True,False,True,False,False,7,8,6,26,61
TX000498,322.96,2023-11-27 16:21:20,76,168,1,2401.59,2024-11-04 08:11:24,-29605804.0,0.13442160335304815,0,2,False,True,False,False,True,False,5,3,4,27,67
TX000499,654.48,2023-08-07 16:37:06,19,114,1,6776.41,2024-11-04 08:10:17,-39281591.0,0.09656786294469422,0,1,True,True,False,False,False,True,3,5,4,28,54
TX000500,157.97,2023-06-21 16:00:51,48,140,1,5529.92,2024-11-04 08:10:06,-43344555.0,0.02856125201593948,0,2,True,True,False,False,False,False,5,4,5,30,67
TX000501,120.9,2023-07-12 16:17:27,40,52,1,9009.42,2024-11-04 08:08:19,-41529052.0,0.013417798504398242,0,1,True,True,False,False,False,False,3,7,13,27,67
TX000502,254.77,2023-01-18 16:47:29,57,57,1,5994.87,2024-11-04 08:07:07,-56647178.0,0.042490914579535584,0,4,True,True,False,True,False,False,8,5,6,19,62
TX000503,795.96,2023-09-28 17:53:43,65,119,1,5468.58,2024-11-04 08:08:26,-34784083.0,0.14552488490889612,0,1,True,False,True,False,True,False,5,4,6,33,59
TX000504,149.25,2023-04-10 16:38:45,39,142,1,5677.52,2024-11-04 08:07:41,-49562936.0,0.026283256904968195,0,2,True,False,False,True,False,False,6,4,4,25,65
TX000505,3.42,2023-09-25 16:14:35,43,158,1,14180.21,2024-11-04 08:08:48,-35049253.0,0.0002411641883873097,0,1,False,False,True,False,False,False,3,7,7,22,59
TX000506,68.19,2023-03-14 16:07:32,40,189,1,9895.1,2024-11-04 08:07:50,-51897618.0,0.006890593264013096,0,2,False,False,True,False,False,False,8,7,6,45,60
TX000507,493.42,2023-06-14 17:21:32,39,111,1,2232.84,2024-11-04 08:10:01,-43944509.0,0.22088421731189342,0,2,True,True,False,True,False,False,6,4,7,25,51
TX000508,37.57,2023-04-26 18:35:50,57,42,1,7739.54,2024-11-04 08:09:21,-48173611.0,0.004853666540060512,0,1,True,False,False,False,True,False,1,7,10,26,46
TX000509,127.0,2023-09-15 17:09:41,19,68,5,431.16,2024-11-04 08:10:12,-35910031.0,0.2938726397630507,1,1,False,True,False,False,False,True,5,4,4,32,55
TX000510,96.89,2023-03-16 16:02:01,59,53,1,6044.93,2024-11-04 08:11:06,-51725345.0,0.01602565692953772,0,1,True,False,False,False,True,False,4,7,3,32,53
TX000511,448.33,2023-05-01 16:11:56,25,161,1,922.19,2024-11-04 08:09:44,-47750268.0,0.4856313434937553,0,1,True,False,False,False,False,True,5,4,4,19,61
TX000512,1116.48,2023-09-18 17:44:50,51,55,1,447.53,2024-11-04 08:11:35,-35648805.0,2.489198046953381,0,1,True,False,False,True,False,False,7,3,6,27,59
TX000513,8.65,2023-06-05 17:08:37,48,273,1,10778.35,2024-11-04 08:09:03,-44722826.0,0.0008024602596631523,0,1,True,False,True,False,False,False,6,7,13,23,55
TX000514,65.57,2023-04-06 17:24:16,41,82,1,7513.79,2024-11-04 08:06:26,-49905730.0,0.008725460059429471,0,1,True,False,True,True,False,False,1,8,8,25,64
TX000515,539.81,2023-02-21 16:14:16,46,177,1,2051.25,2024-11-04 08:09:05,-53711689.0,0.263033256182239,0,1,True,False,True,True,False,False,2,3,5,29,57
TX000516,363.53,2023-01-18 17:03:54,63,142,1,1038.91,2024-11-04 08:10:57,-56646423.0,0.34957832889384655,0,4,True,False,False,False,True,False,11,1,6,32,61
TX000517,64.9,2023-02-14 16:23:39,51,72,1,6854.61,2024-11-04 08:10:18,-54315999.0,0.009466699535125248,0,3,False,True,False,False,True,False,8,5,1,24,63
TX000518,358.18,2023-04-10 16:44:52,18,157,1,619.86,2024-11-04 08:07:58,-49562586.0,0.576909448184776,0,2,True,False,False,False,False,True,6,3,4,33,61
TX000519,167.2,2023-01-18 17:53:37,30,84,1,11320.83,2024-11-04 08:06:52,-56643195.0,0.014767930626056034,0,2,True,True,False,False,False,False,7,5,1,25,59
TX000520,121.91,2023-06-26 18:39:52,60,133,1,14510.8,2024-11-04 08:08:59,-42902947.0,0.008400749734698659,0,4,True,True,False,False,False,False,9,7,4,32,60
TX000521,137.57,2023-12-11 17:26:22,54,70,1,5103.67,2024-11-04 08:11:22,-28392300.0,0.026949832212464272,0,2,True,False,True,True,False,False,5,5,5,25,51
TX000522,534.62,2023-12-05 17:51:28,55,45,1,13793.53,2024-11-04 08:06:35,-28908907.0,0.038755941666733115,0,2,True,False,True,False,False,False,9,4,3,29,68
TX000523,463.92,2023-03-13 16:41:12,50,199,1,2403.39,2024-11-04 08:09:14,-51982082.0,0.19294706765541367,0,1,True,False,True,True,False,False,6,2,7,19,61
TX000524,320.14,2023-01-31 16:58:42,60,96,1,3075.97,2024-11-04 08:07:40,-55523338.0,0.10404391333032172,0,1,True,False,True,False,True,False,4,5,3,25,55
TX000525,214.93,2023-05-15 17:02:15,28,52,1,7835.4,2024-11-04 08:08:51,-46537596.0,0.027427134908886736,0,2,True,False,True,False,False,True,6,7,5,31,41
TX000526,660.02,2023-10-12 16:57:36,20,84,1,414.43,2024-11-04 08:08:35,-33577859.0,1.5887634499193606,0,2,True,True,False,False,False,True,3,3,9,24,55
TX000527,345.81,2023-06-26 16:10:57,40,135,1,6116.8,2024-11-04 08:12:14,-42912077.0,0.056525221484847496,0,1,True,True,False,True,False,False,4,4,3,25,59
TX000528,143.54,2023-10-16 16:06:05,71,80,1,6067.62,2024-11-04 08:08:22,-33235337.0,0.023652823870995383,0,1,True,False,False,False,True,False,1,4,5,28,67
TX000529,42.55,2023-03-31 18:57:11,53,29,1,7341.43,2024-11-04 08:10:32,-50418801.0,0.0057950841887495,0,2,True,True,False,True,False,False,9,5,6,33,61
TX000530,1063.25,2023-01-17 16:48:10,21,128,1,1240.71,2024-11-04 08:07:39,-56733569.0,0.856278841275338,0,5,False,False,True,False,False,True,9,6,5,32,65
TX000531,541.79,2023-08-11 16:43:45,22,125,1,1454.08,2024-11-04 08:11:29,-38935664.0,0.3723437886576683,0,1,True,False,False,False,False,True,6,3,4,22,61
TX000532,40.57,2023-02-13 17:02:27,26,63,1,1476.91,2024-11-04 08:06:37,-54399850.0,0.027450927323044026,0,2,True,True,False,False,False,True,6,6,4,28,54
TX000533,120.24,2023-08-28 16:52:22,18,131,2,1943.13,2024-11-04 08:08:20,-37466158.0,0.061847715944921375,1,3,True,True,False,False,False,True,6,1,9,25,55
TX000534,498.67,2023-12-05 16:19:23,28,244,1,1719.97,2024-11-04 08:08:24,-28914541.0,0.28976100687403034,0,2,True,False,True,False,False,True,4,6,5,25,64
TX000535,227.22,2023-03-27 18:52:04,53,220,1,832.82,2024-11-04 08:11:56,-50764792.0,0.27250485716341655,0,1,True,False,False,False,False,False,4,3,5,27,46
TX000536,1182.86,2023-12-11 16:06:51,30,34,1,7696.16,2024-11-04 08:08:58,-28396927.0,0.1536748618971153,0,2,True,False,True,True,False,False,4,6,3,24,67
TX000537,56.94,2023-12-11 16:52:47,76,74,1,7004.63,2024-11-04 08:07:42,-28394095.0,0.008127748682131371,0,1,False,False,True,False,True,False,6,2,4,24,68
TX000538,629.82,2023-07-17 16:22:23,68,159,1,6385.69,2024-11-04 08:11:59,-41096976.0,0.0986144622644907,0,2,True,False,False,False,True,False,6,5,3,22,60
TX000539,59.44,2023-06-13 17:52:56,35,176,1,5472.03,2024-11-04 08:06:34,-44028818.0,0.010860528811280041,0,1,True,False,True,True,False,False,6,4,8,31,60
TX000540,186.69,2023-12-29 16:38:21,30,54,1,8602.22,2024-11-04 08:08:12,-26839791.0,0.021700014645679177,0,2,True,True,False,True,False,False,7,3,4,32,58
TX000541,230.46,2023-04-25 17:33:27,19,179,1,162.53,2024-11-04 08:08:50,-48263723.0,1.409282700421941,0,3,True,False,True,False,False,True,9,3,4,26,61
TX000542,65.09,2023-02-28 17:58:02,44,159,1,9370.9,2024-11-04 08:09:41,-53100699.0,0.006945229889350079,0,2,False,False,True,True,False,False,4,6,6,34,61
TX000543,457.09,2023-05-25 16:52:57,55,63,1,8570.82,2024-11-04 08:08:45,-45674148.0,0.05332473150392798,0,1,False,False,True,True,False,False,3,2,5,27,55
TX000544,552.02,2023-11-30 16:51:46,44,100,1,522.08,2024-11-04 08:09:25,-29344659.0,1.0553261451403226,0,3,False,False,False,True,False,False,6,3,5,26,60
TX000545,377.12,2023-08-14 17:12:27,34,61,1,836.67,2024-11-04 08:11:40,-38674753.0,0.4502011531987537,0,2,True,False,False,True,False,False,5,7,5,24,63
TX000546,204.56,2023-09-11 17:51:17,18,179,1,364.72,2024-11-04 08:10:26,-36253149.0,0.5593350103904626,0,1,False,True,False,False,False,True,5,2,6,33,59
TX000547,420.28,2023-05-17 17:28:25,35,144,1,8557.32,2024-11-04 08:09:01,-46363236.0,0.04910776881444021,0,2,True,True,False,False,False,False,9,4,5,31,48
TX000548,97.09,2023-04-10 18:26:56,24,202,4,1579.57,2024-11-04 08:06:33,-49556377.0,0.0614272066406423,1,3,True,False,False,False,False,True,11,5,4,27,70
TX000549,124.59,2023-05-05 17:32:18,27,171,1,129.29,2024-11-04 08:09:21,-47399823.0,0.9562514390973982,0,3,True,True,False,False,False,True,7,8,3,31,68
TX000550,73.88,2023-01-02 16:27:18,39,34,1,6474.41,2024-11-04 08:09:09,-58030911.0,0.011409316166852755,0,2,True,False,True,False,False,False,11,2,4,32,68
TX000551,77.43,2023-01-19 16:11:12,21,169,1,1380.21,2024-11-04 08:06:33,-56562921.0,0.056059541995786305,0,1,True,False,True,False,False,True,8,2,5,28,59
TX000552,106.16,2023-04-14 17:21:48,56,277,4,7487.79,2024-11-04 08:08:51,-49214823.0,0.014175854844374057,1,1,True,False,False,False,False,False,8,6,6,22,55
TX000553,245.93,2023-06-06 18:53:35,54,172,1,7986.63,2024-11-04 08:11:58,-44630303.0,0.030788857270554595,0,1,True,True,False,True,False,False,7,4,9,27,60
TX000554,622.41,2023-12-11 16:57:41,64,125,1,7322.01,2024-11-04 08:07:48,-28393807.0,0.08499373891337031,0,1,True,False,False,False,False,False,7,3,8,29,58
TX000555,43.73,2023-04-03 16:43:29,34,145,1,9929.43,2024-11-04 08:10:33,-50167624.0,0.0044036360963221124,0,3,True,False,False,False,False,False,9,6,6,26,65
TX000556,1282.86,2023-05-15 16:52:40,19,68,1,1830.98,2024-11-04 08:07:32,-46538092.0,0.7002587364490878,0,2,True,True,False,False,False,True,3,5,3,32,59
TX000557,2.03,2024-01-01 16:07:05,33,28,1,3012.31,2024-11-04 08:08:50,-26582505.0,0.0006736777829031861,0,1,False,False,False,True,False,False,6,5,6,21,63
TX000558,770.65,2023-07-05 17:49:26,31,137,1,7198.8,2024-11-04 08:09:01,-42128375.0,0.10703769549154142,0,1,True,False,True,False,False,False,4,5,5,22,60
TX000559,260.31,2023-02-28 16:46:55,63,113,1,10980.38,2024-11-04 08:12:03,-53105108.0,0.02370467099763418,0,2,True,True,False,False,False,False,7,2,5,33,59
TX000560,356.1,2023-10-25 16:13:39,26,187,1,868.35,2024-11-04 08:11:02,-32457443.0,0.4096163800540634,0,1,False,True,False,False,False,True,9,8,5,24,70
TX000561,27.07,2023-03-06 17:39:01,80,39,1,3773.29,2024-11-04 08:09:57,-52583456.0,0.0071722098725853075,0,3,False,True,False,False,True,False,7,8,1,31,55
TX000562,119.89,2023-12-19 17:11:31,67,60,1,6697.77,2024-11-04 08:09:02,-27701851.0,0.01789731547731897,0,3,True,False,False,False,False,False,6,5,10,31,67
TX000563,106.39,2023-02-13 18:42:09,37,281,1,9410.99,2024-11-04 08:10:32,-54394103.0,0.01130366691847314,0,1,True,False,True,False,False,False,5,7,4,26,55
TX000564,12.04,2023-11-15 16:08:52,37,58,1,6213.32,2024-11-04 08:08:25,-30643173.0,0.0019374605749301612,0,1,True,False,True,True,False,False,2,4,6,24,70
TX000565,365.7,2023-01-27 16:35:40,21,115,2,368.78,2024-11-04 08:10:17,-55870477.0,0.9889664124614637,1,1,True,True,False,False,False,True,4,5,7,21,63
TX000566,29.38,2023-02-15 16:30:09,28,63,1,1663.31,2024-11-04 08:11:08,-54229259.0,0.017652961287260186,0,2,False,True,False,False,False,True,7,3,9,29,51
TX000567,319.85,2023-07-26 16:44:22,60,148,1,711.66,2024-11-04 08:07:45,-40317803.0,0.4488114949625348,0,2,True,False,False,False,False,False,5,7,3,22,62
TX000568,350.14,2023-03-24 18:50:42,75,38,1,2403.25,2024-11-04 08:08:40,-51023878.0,0.14563377352604762,0,1,False,False,True,False,True,False,2,4,5,26,69
TX000569,163.94,2023-08-03 18:49:37,52,73,1,5957.37,2024-11-04 08:09:51,-39619214.0,0.02751423627602851,0,2,False,True,False,False,True,False,7,3,1,20,55
TX000570,170.53,2023-02-06 18:59:44,24,58,1,801.01,2024-11-04 08:09:49,-54997805.0,0.2126282714679368,0,2,True,True,False,False,False,True,12,4,4,22,68
TX000571,262.22,2023-07-13 17:48:24,40,136,1,5711.71,2024-11-04 08:12:12,-41437428.0,0.04590115724411007,0,2,False,False,False,True,False,False,5,4,6,19,51
TX000572,41.49,2023-04-24 16:47:20,24,13,1,928.33,2024-11-04 08:12:03,-48353083.0,0.04464506687613657,0,6,True,False,True,False,False,True,7,7,7,19,41
TX000573,121.43,2023-03-21 16:20:33,52,243,1,7365.28,2024-11-04 08:07:28,-51292015.0,0.01648457566098492,0,3,False,True,False,True,False,False,6,5,3,29,53
TX000574,350.46,2023-12-08 16:16:02,51,165,1,5839.38,2024-11-04 08:06:32,-28655430.0,0.060006369448563274,0,2,True,True,False,False,True,False,3,6,7,18,55
TX000575,220.41,2023-09-04 16:42:49,26,155,1,5116.98,2024-11-04 08:10:04,-36862035.0,0.043065818936377245,0,2,False,False,True,True,False,False,5,7,3,27,46
TX000576,33.46,2023-02-20 16:52:03,72,111,1,3641.07,2024-11-04 08:09:12,-53795829.0,0.009187083169735892,0,2,True,False,False,False,True,False,8,5,4,26,61
TX000577,104.79,2023-08-07 16:06:32,70,223,1,1352.19,2024-11-04 08:10:07,-39283415.0,0.07743923617525994,0,3,True,False,False,False,False,False,9,8,1,25,62
TX000578,246.27,2023-12-27 16:48:30,29,141,1,7299.86,2024-11-04 08:10:57,-27012147.0,0.03373164257361462,0,3,True,False,True,False,False,False,8,5,6,27,60
TX000579,48.85,2023-12-08 16:45:12,19,176,1,1503.56,2024-11-04 08:07:15,-28653723.0,0.03246796405593662,0,2,True,False,False,False,False,True,4,6,6,24,49
TX000580,332.0,2023-04-27 16:27:41,69,17,1,5943.13,2024-11-04 08:07:03,-48094762.0,0.05585342177913336,0,2,True,False,False,False,True,False,4,6,7,31,68
TX000581,118.1,2023-10-31 16:49:13,54,167,1,895.66,2024-11-04 08:09:14,-31936801.0,0.13171101643878394,0,1,True,False,True,True,False,False,6,3,1,27,63
TX000582,84.59,2023-04-19 16:54:46,67,10,1,5669.1,2024-11-04 08:07:12,-48784346.0,0.01491860813742262,0,1,False,True,False,False,False,False,4,8,9,31,55
TX000583,295.64,2023-12-14 17:31:18,21,82,1,1061.96,2024-11-04 08:10:41,-28132763.0,0.2781289982689847,0,2,True,False,True,False,False,True,8,5,6,25,60
TX000584,514.33,2023-06-02 16:27:08,25,160,1,1592.94,2024-11-04 08:12:17,-44984709.0,0.3226783944188614,0,2,True,True,False,False,False,True,4,1,6,23,67
TX000585,992.17,2023-02-27 18:23:11,43,169,1,6215.96,2024-11-04 08:12:19,-53185748.0,0.15959086112826848,0,2,True,False,False,False,False,False,7,3,7,29,59
TX000586,94.59,2023-12-01 17:04:00,39,34,1,6171.89,2024-11-04 08:10:37,-29257597.0,0.01532345465414093,0,2,True,False,True,False,False,False,12,5,8,25,48
TX000587,80.43,2023-01-04 16:09:43,59,157,1,5987.67,2024-11-04 08:08:18,-57859115.0,0.01343036099835189,0,2,True,True,False,False,True,False,7,4,6,33,54
TX000588,54.25,2023-07-31 16:51:50,68,37,1,14783.33,2024-11-04 08:08:53,-39885423.0,0.0036694256689346087,0,1,True,False,True,False,False,False,3,6,3,29,55
TX000589,178.88,2023-06-19 17:31:08,76,93,4,4708.29,2024-11-04 08:12:10,-43512062.0,0.03798449447793616,1,2,False,True,False,False,True,False,6,6,8,45,49
TX000590,518.85,2023-10-23 18:37:47,22,82,1,1806.0,2024-11-04 08:06:37,-32621330.0,0.28713337022689545,0,1,True,False,True,False,False,True,8,4,2,31,61
TX000591,10.65,2023-04-24 16:24:49,54,161,1,13240.72,2024-11-04 08:10:21,-48354332.0,0.0008042761816440766,0,1,True,False,True,False,False,False,5,7,2,23,51
TX000592,198.62,2023-05-15 16:19:14,27,84,1,1196.07,2024-11-04 08:06:38,-46540044.0,0.16592179237638569,0,2,False,True,False,False,False,True,5,3,4,13,67
TX000593,107.03,2023-03-06 18:27:13,27,73,1,1408.07,2024-11-04 08:12:13,-52580700.0,0.07595790131079365,0,2,True,True,False,False,False,True,6,2,6,31,64
TX000594,139.57,2023-11-17 17:59:11,19,263,3,271.78,2024-11-04 08:07:23,-30463692.0,0.511657746169074,1,3,True,False,False,False,False,True,7,2,3,26,70
TX000595,312.47,2023-05-02 17:24:26,49,148,4,9419.27,2024-11-04 08:08:05,-47659419.0,0.03316996221976653,1,1,True,False,False,True,False,False,4,4,8,27,55
TX000596,346.11,2023-01-04 17:00:17,41,213,1,9551.64,2024-11-04 08:08:03,-57856066.0,0.03623186888650677,0,4,True,True,False,True,False,False,6,6,4,29,49
TX000597,138.06,2023-07-25 17:21:53,44,159,1,1070.47,2024-11-04 08:06:52,-40401899.0,0.12885101776064659,0,4,True,True,False,True,False,False,7,2,2,25,68
TX000598,158.02,2023-09-20 17:09:14,49,120,1,9374.24,2024-11-04 08:09:57,-35478043.0,0.01685503517776612,0,2,True,False,False,True,False,False,5,7,5,45,58
TX000599,830.01,2023-07-21 16:43:59,66,96,1,4253.18,2024-11-04 08:11:27,-40750048.0,0.19510457949593105,0,3,False,False,True,False,True,False,8,3,5,27,60
TX000600,435.5,2023-05-15 18:41:05,55,112,1,6981.03,2024-11-04 08:09:40,-46531715.0,0.062374409734704664,0,1,True,False,False,False,True,False,4,4,5,21,68
TX000601,110.49,2023-10-31 17:06:47,57,48,1,10483.93,2024-11-04 08:12:20,-31935933.0,0.010537981655576146,0,1,True,False,True,False,False,False,4,5,6,32,59
TX000602,329.4,2023-12-25 16:30:09,34,68,1,9588.07,2024-11-04 08:07:55,-27185866.0,0.03435161074014477,0,1,True,False,True,False,False,False,5,2,8,23,62
TX000603,635.4,2023-09-19 16:55:00,47,106,1,1238.11,2024-11-04 08:11:45,-35565405.0,0.5127874038624497,0,3,True,False,False,False,False,False,5,5,7,27,62
TX000604,769.97,2023-02-16 18:56:44,22,23,1,1244.93,2024-11-04 08:09:51,-54133987.0,0.6179881694798263,0,2,True,True,False,False,False,True,6,3,3,27,59
TX000605,175.07,2023-09-04 17:46:20,26,169,1,1040.25,2024-11-04 08:08:15,-36858115.0,0.1681344537815126,0,2,True,True,False,False,False,True,7,4,5,31,60
TX000606,7.31,2023-06-26 16:04:11,78,282,1,5757.67,2024-11-04 08:07:15,-42912184.0,0.0012693903279750358,0,1,True,True,False,False,True,False,4,2,4,33,55
TX000607,175.15,2023-11-09 17:02:41,27,32,1,1712.65,2024-11-04 08:09:45,-31158424.0,0.1022087357395034,0,3,True,False,False,False,False,True,11,1,4,24,63
TX000608,32.54,2023-07-04 16:25:35,25,183,4,1544.88,2024-11-04 08:07:01,-42219686.0,0.021049499314306414,1,3,True,False,True,False,False,True,7,6,4,17,68
TX000609,121.82,2023-09-08 18:24:14,60,119,1,13293.83,2024-11-04 08:11:30,-36510436.0,0.009162960338718133,0,2,True,False,True,False,False,False,4,2,3,24,49
TX000610,56.12,2023-09-13 18:49:55,30,102,1,8839.67,2024-11-04 08:09:30,-36076775.0,0.006347935167809679,0,2,True,False,False,False,False,False,4,5,6,24,46
TX000611,424.7,2023-01-30 17:37:14,56,178,1,6239.89,2024-11-04 08:08:25,-55607471.0,0.06805119141660884,0,1,False,False,True,False,True,False,6,4,4,24,64
TX000612,35.16,2023-10-25 17:50:23,32,130,1,8459.18,2024-11-04 08:10:34,-32451611.0,0.0041559399445401865,0,4,True,True,False,True,False,False,9,4,6,25,60
TX000613,35.73,2023-06-12 16:48:03,65,87,1,9073.17,2024-11-04 08:11:09,-44119386.0,0.003937550211203889,0,3,True,True,False,False,False,False,6,4,5,33,64
TX000614,3.44,2023-01-19 17:24:30,78,108,1,7561.33,2024-11-04 08:12:20,-56558870.0,0.00045488625860019334,0,1,True,False,False,False,True,False,2,4,7,31,70
TX000615,1342.25,2023-04-28 18:11:55,21,235,1,694.03,2024-11-04 08:08:00,-48002165.0,1.931211602376876,0,2,False,True,False,False,False,True,4,5,7,24,70
TX000616,139.03,2023-08-30 18:00:09,50,81,1,2276.57,2024-11-04 08:11:29,-37289480.0,0.06104312930008737,0,3,False,False,True,True,False,False,6,5,5,21,69
TX000617,254.92,2023-09-18 16:04:06,28,169,1,2791.12,2024-11-04 08:07:18,-35654592.0,0.09129980086815753,0,2,False,False,False,True,False,False,6,5,5,29,59
TX000618,115.11,2023-05-05 17:34:22,28,139,1,9808.97,2024-11-04 08:10:18,-47399756.0,0.01173398083786189,0,2,True,False,True,True,False,False,8,3,7,26,41
TX000619,171.11,2023-05-15 16:52:24,57,171,1,6324.09,2024-11-04 08:08:40,-46538176.0,0.02705257948898751,0,3,True,False,False,False,True,False,7,6,5,27,57
TX000620,168.54,2023-02-02 16:13:13,70,142,2,13406.0,2024-11-04 08:08:14,-55353301.0,0.012571044976504811,1,2,True,False,False,False,False,False,9,2,1,29,68
TX000621,420.76,2023-02-23 16:04:35,51,76,1,6581.55,2024-11-04 08:08:38,-53539443.0,0.06392051712482244,0,2,True,True,False,False,True,False,6,2,6,27,64
TX000622,408.46,2023-03-01 16:17:46,64,28,1,3140.79,2024-11-04 08:08:20,-53020234.0,0.13000868931405346,0,3,True,True,False,False,True,False,10,6,6,27,59
TX000623,1162.42,2023-08-23 16:35:42,30,45,1,10357.26,2024-11-04 08:09:09,-37899207.0,0.11222155072377021,0,1,False,False,True,False,False,False,5,4,7,30,63
TX000624,342.17,2023-12-14 16:09:42,21,247,1,461.83,2024-11-04 08:08:32,-28137530.0,0.7392995268241039,0,2,False,True,False,False,False,True,4,4,8,27,58
TX000625,580.71,2023-09-20 16:37:48,53,95,1,5670.0,2024-11-04 08:10:54,-35479986.0,0.1023999294657027,0,3,True,False,False,True,False,False,7,9,4,26,67
TX000626,821.54,2023-08-22 18:11:16,79,36,1,4040.32,2024-11-04 08:11:57,-37980041.0,0.20328506527570198,0,2,False,True,False,False,True,False,7,9,2,24,61
TX000627,253.47,2023-06-14 17:07:08,20,238,1,220.51,2024-11-04 08:08:12,-43945264.0,1.1442824251726784,0,2,True,True,False,False,False,True,4,5,7,16,61
TX000628,22.81,2023-05-29 17:53:03,62,75,1,3634.76,2024-11-04 08:07:59,-45324896.0,0.006273791449380596,0,3,True,False,True,False,True,False,8,2,5,22,58
TX000629,266.57,2023-07-03 17:56:59,39,96,1,7180.48,2024-11-04 08:07:10,-42300611.0,0.03711908965839911,0,3,False,False,True,True,False,False,8,6,3,45,61
TX000630,374.61,2023-08-29 18:30:36,75,37,1,1389.71,2024-11-04 08:11:24,-37374048.0,0.2693660072912397,0,3,False,False,True,False,True,False,4,5,5,13,61
TX000631,339.35,2023-02-03 16:08:47,78,70,1,5002.7,2024-11-04 08:08:17,-55267170.0,0.0678198133381298,0,2,False,False,False,False,True,False,8,5,7,27,61
TX000632,810.36,2023-01-17 16:59:03,20,67,1,9239.12,2024-11-04 08:07:19,-56732896.0,0.08770015973818521,0,2,True,False,False,False,False,True,2,3,9,23,54
TX000633,9.83,2023-07-24 17:04:17,24,86,1,666.42,2024-11-04 08:09:03,-40489486.0,0.014728356956638999,0,1,True,False,False,False,False,True,4,4,5,31,63
TX000634,135.57,2023-06-14 17:17:34,51,116,1,11351.64,2024-11-04 08:11:44,-43944850.0,0.01194171575950616,0,2,False,True,False,False,False,False,5,5,10,24,61
TX000635,340.05,2023-10-27 17:26:53,43,37,1,7234.15,2024-11-04 08:07:43,-32280050.0,0.04699971666102293,0,2,True,False,False,True,False,False,9,4,4,31,63
TX000636,283.45,2023-10-17 17:24:47,27,127,1,2049.51,2024-11-04 08:08:51,-33144244.0,0.13823390278516073,0,3,True,True,False,True,False,False,6,4,2,25,60
TX000637,100.99,2023-05-29 16:20:29,68,114,1,8865.27,2024-11-04 08:09:12,-45330523.0,0.011390359192760878,0,3,True,False,False,False,False,False,6,4,3,25,58
TX000638,90.88,2023-02-20 16:48:49,18,176,1,3908.47,2024-11-04 08:07:13,-53795904.0,0.023246117760207904,0,3,True,True,False,False,False,True,6,5,5,27,41
TX000639,655.15,2023-01-02 16:22:54,26,264,1,5587.44,2024-11-04 08:07:15,-58031061.0,0.11723307398844758,0,1,True,False,False,True,False,False,5,8,6,22,61
TX000640,320.55,2023-05-01 17:11:47,50,118,1,438.75,2024-11-04 08:08:14,-47746587.0,0.7289368959636158,0,1,True,False,True,True,False,False,7,6,4,20,55
TX000641,41.51,2023-10-04 16:47:33,28,48,1,609.6,2024-11-04 08:11:54,-34269861.0,0.06798231247952832,0,4,True,False,True,False,False,True,7,3,4,27,55
TX000642,71.53,2023-10-30 16:49:25,68,39,1,2393.73,2024-11-04 08:12:00,-32023355.0,0.029869755671829392,0,2,False,True,False,False,True,False,5,4,4,26,60
TX000643,467.13,2023-09-28 17:18:26,54,45,1,3914.84,2024-11-04 08:06:58,-34786112.0,0.1192924123559696,0,1,False,True,False,False,True,False,9,2,4,28,61
TX000644,235.4,2023-09-26 17:02:25,28,70,1,818.36,2024-11-04 08:10:13,-34960068.0,0.2872974028510057,0,3,True,True,False,False,False,True,9,5,5,31,63
TX000645,159.32,2023-01-16 18:57:13,18,100,1,304.44,2024-11-04 08:10:32,-56812399.0,0.5216081718177056,0,2,True,True,False,False,False,True,8,3,3,27,61
TX000646,50.83,2023-12-18 16:06:14,30,48,1,9553.42,2024-11-04 08:10:06,-27792232.0,0.00532005082464451,0,1,False,False,True,False,False,False,8,4,7,21,67
TX000647,56.89,2023-02-03 18:03:56,59,56,1,3034.67,2024-11-04 08:09:52,-55260356.0,0.018740508685067877,0,1,False,True,False,True,False,False,6,2,6,29,63
TX000648,20.22,2023-03-10 18:26:19,43,138,1,5515.32,2024-11-04 08:06:32,-52234813.0,0.003665487136351771,0,1,True,False,False,True,False,False,5,3,6,26,60
TX000649,50.4,2023-03-27 17:02:44,36,84,1,1677.01,2024-11-04 08:07:17,-50771073.0,0.030035577857104544,0,1,True,True,False,False,False,False,4,3,6,13,59
TX000650,73.88,2023-05-08 17:42:36,53,131,1,4055.55,2024-11-04 08:08:11,-47139935.0,0.0182125204915507,0,2,True,True,False,False,True,False,5,4,6,30,69
TX000651,119.61,2023-03-14 16:21:01,33,53,1,9899.94,2024-11-04 08:07:28,-51896787.0,0.012080671128195908,0,2,True,False,False,False,False,False,8,5,3,23,59
TX000652,1241.05,2023-11-21 16:26:41,18,129,1,756.74,2024-11-04 08:11:48,-30123907.0,1.6378309182569217,0,3,True,True,False,False,False,True,4,5,5,22,64
TX000653,116.58,2023-08-31 16:38:18,43,247,1,2620.74,2024-11-04 08:06:50,-37207712.0,0.04446665191819174,0,3,True,True,False,True,False,False,6,4,5,31,59
TX000654,1919.11,2023-06-27 17:48:25,30,161,1,11090.24,2024-11-04 08:10:27,-42819722.0,0.17302934568181735,0,3,True,False,False,False,False,False,6,5,8,27,42
TX000655,391.96,2023-06-19 16:21:58,64,79,1,2174.16,2024-11-04 08:06:47,-43515889.0,0.18019823829051657,0,2,True,False,False,False,True,False,3,4,8,24,55
TX000656,156.26,2023-01-02 17:49:44,46,160,1,7854.1,2024-11-04 08:09:29,-58025985.0,0.01989280849384476,0,1,False,True,False,True,False,False,7,3,5,27,55
TX000657,427.0,2023-07-31 17:04:29,49,163,1,8253.65,2024-11-04 08:07:30,-39884581.0,0.051728419739177314,0,5,False,True,False,True,False,False,9,2,2,33,68
TX000658,443.68,2023-04-25 18:58:32,18,137,1,874.15,2024-11-04 08:10:26,-48258714.0,0.5069759469805176,0,1,True,False,False,False,False,True,8,3,5,21,67
TX000659,101.76,2023-02-20 17:27:24,31,26,1,6043.25,2024-11-04 08:11:08,-53793824.0,0.016835835711626754,0,2,True,True,False,False,False,False,9,4,5,27,67
TX000660,67.57,2023-08-17 16:44:38,37,107,1,2766.12,2024-11-04 08:11:15,-38417197.0,0.02441889039868166,0,4,True,True,False,True,False,False,8,5,5,23,68
TX000661,326.29,2023-12-06 17:10:35,56,179,1,8171.26,2024-11-04 08:10:44,-28825209.0,0.03992653195077005,0,3,True,False,True,True,False,False,11,5,7,31,62
TX000662,158.56,2023-02-28 17:28:13,33,100,1,5401.21,2024-11-04 08:10:48,-53102555.0,0.029350950814574037,0,2,True,False,False,False,False,False,4,3,6,25,53
TX000663,56.02,2023-06-19 17:50:29,27,142,1,3548.02,2024-11-04 08:07:58,-43510649.0,0.015784639139818882,0,3,True,False,True,False,False,True,5,3,7,26,63
TX000664,288.28,2023-01-17 17:11:24,27,36,1,160.83,2024-11-04 08:06:33,-56732109.0,1.7813755175183832,0,4,True,False,True,False,False,True,9,3,3,25,42
TX000665,245.67,2023-01-02 18:35:07,24,107,1,752.25,2024-11-04 08:07:45,-58023158.0,0.32614669764354465,0,2,False,True,False,False,False,True,7,5,4,30,42
TX000666,152.18,2023-08-07 16:57:22,39,176,4,2459.84,2024-11-04 08:10:50,-39280408.0,0.061840672290762504,1,3,False,False,True,True,False,False,8,4,4,23,69
TX000667,114.35,2023-11-27 16:16:19,41,21,1,469.12,2024-11-04 08:10:13,-29606034.0,0.24323576959074278,0,1,False,True,False,True,False,False,2,7,5,31,46
TX000668,373.27,2023-07-18 18:03:03,61,79,1,8441.61,2024-11-04 08:06:36,-41004213.0,0.04421263092811346,0,4,False,False,True,False,False,False,8,2,8,24,64
TX000669,504.63,2023-11-13 17:07:10,60,168,1,3806.16,2024-11-04 08:07:50,-30812440.0,0.1325476207987056,0,2,True,False,True,True,False,False,2,8,7,32,42
TX000670,126.22,2023-05-04 16:25:15,46,77,4,6133.41,2024-11-04 08:07:41,-47490146.0,0.020575735889841077,1,3,True,False,False,True,False,False,6,2,10,23,61
TX000671,820.15,2023-12-18 16:33:01,47,181,1,8802.97,2024-11-04 08:10:34,-27790653.0,0.09315683719958155,0,1,True,True,False,False,False,False,4,7,3,23,61
TX000672,986.81,2023-03-31 16:52:35,68,127,1,14881.77,2024-11-04 08:09:09,-50426194.0,0.06630553317695563,0,1,False,False,True,False,False,False,3,2,5,25,63
TX000673,8.37,2023-01-12 16:21:27,63,135,1,1106.34,2024-11-04 08:11:23,-57167396.0,0.007558654071920096,0,1,True,False,False,False,True,False,6,1,9,26,60
TX000674,197.49,2023-07-03 16:36:45,53,30,1,5005.33,2024-11-04 08:06:40,-42305395.0,0.03944805875761286,0,3,False,False,True,False,True,False,9,8,4,29,60
TX000675,637.97,2023-10-23 17:17:18,58,90,1,7949.03,2024-11-04 08:07:56,-32626238.0,0.08024749592139904,0,2,True,True,False,False,True,False,4,4,2,34,58
TX000676,13.52,2023-05-15 16:51:28,26,65,1,259.77,2024-11-04 08:06:30,-46538102.0,0.051846454730222036,0,2,True,False,False,False,False,True,6,3,4,32,61
TX000677,432.1,2023-03-20 16:28:17,49,240,1,2114.3,2024-11-04 08:10:16,-51378119.0,0.20427362549047415,0,3,True,False,False,True,False,False,5,7,7,26,57
TX000678,375.17,2023-06-08 17:20:53,51,66,2,5495.3,2024-11-04 08:11:26,-44463033.0,0.0682586467259793,1,5,True,False,False,True,False,False,8,3,6,24,70
TX000679,642.68,2023-02-17 16:57:11,50,94,1,8461.46,2024-11-04 08:08:38,-54054687.0,0.07594481982780421,0,2,True,True,False,False,False,False,8,6,4,21,60
TX000680,78.44,2023-11-21 17:25:30,52,292,1,6870.84,2024-11-04 08:10:39,-30120309.0,0.01141470115718643,0,1,False,False,True,False,True,False,3,4,2,27,59
TX000681,139.72,2023-01-16 17:53:00,49,201,1,5058.83,2024-11-04 08:08:24,-56816124.0,0.027613575950180144,0,1,True,True,False,True,False,False,5,4,9,27,63
TX000682,499.99,2023-08-02 16:01:17,31,296,1,8885.0,2024-11-04 08:09:05,-39715668.0,0.05626716182759397,0,2,True,True,False,True,False,False,8,4,10,26,59
TX000683,10.07,2023-01-17 16:47:41,24,49,1,530.81,2024-11-04 08:08:57,-56733676.0,0.018935334047874244,0,2,True,False,True,False,False,True,4,5,5,25,41
TX000684,120.62,2023-02-27 16:37:11,23,85,1,9379.53,2024-11-04 08:06:39,-53191768.0,0.012858548504188995,0,5,True,False,False,False,False,True,9,4,8,25,59
TX000685,578.49,2023-10-16 17:46:51,59,180,1,6475.13,2024-11-04 08:06:50,-33229199.0,0.08932649591654275,0,1,True,True,False,False,True,False,4,3,6,24,55
TX000686,119.3,2023-08-28 16:08:54,34,22,5,319.04,2024-11-04 08:08:55,-37468801.0,0.3727659042619672,1,2,True,True,False,True,False,False,8,3,7,27,61
TX000687,280.92,2024-01-01 18:21:50,41,168,1,5298.85,2024-11-04 08:06:41,-26574291.0,0.053005273734162285,0,3,True,False,True,False,False,False,7,6,7,26,55
TX000688,42.42,2023-06-01 17:19:57,21,102,1,490.57,2024-11-04 08:09:11,-45067754.0,0.08629493256301239,0,1,True,False,True,False,False,True,4,2,5,29,53
TX000689,77.03,2023-06-19 16:57:53,67,259,1,11310.27,2024-11-04 08:08:06,-43513813.0,0.006810022216780255,0,2,True,False,False,False,False,False,7,3,8,26,60
TX000690,22.59,2023-03-27 16:12:36,62,45,1,3988.75,2024-11-04 08:08:22,-50774146.0,0.005662008897800614,0,3,True,False,False,False,True,False,4,2,6,30,61
TX000691,568.76,2023-10-09 16:48:50,51,155,1,7484.32,2024-11-04 08:12:09,-33837799.0,0.07598339149161291,0,1,True,False,False,False,True,False,2,6,5,26,51
TX000692,25.94,2023-10-16 18:53:31,58,211,5,4815.11,2024-11-04 08:06:38,-33225187.0,0.005386089603435138,1,3,False,False,True,False,True,False,6,7,6,26,59
TX000693,105.94,2023-08-07 16:02:55,51,207,1,5963.1,2024-11-04 08:09:59,-39283624.0,0.017762948307372444,0,2,True,True,False,True,False,False,8,4,5,27,68
TX000694,733.29,2023-03-15 18:42:16,52,94,5,10427.0,2024-11-04 08:07:12,-51801896.0,0.070319332566168,1,3,True,False,False,False,False,False,7,5,4,24,55
TX000695,350.15,2023-11-27 16:18:25,21,195,1,296.47,2024-11-04 08:08:37,-29605812.0,1.177093488419,0,1,False,False,False,False,False,True,7,2,6,27,60
TX000696,1151.18,2023-08-25 17:26:27,65,105,1,1100.06,2024-11-04 08:07:02,-37723235.0,1.0455197718562115,0,2,True,False,False,False,False,False,2,3,7,23,61
TX000697,183.67,2023-06-26 16:11:29,19,238,1,910.26,2024-11-04 08:11:05,-42911976.0,0.20155608717599804,0,2,True,False,True,False,False,True,6,6,9,25,59
TX000698,278.27,2023-04-10 16:47:55,29,123,1,6684.34,2024-11-04 08:09:58,-49562523.0,0.04162391142410109,0,4,True,True,False,False,False,False,6,5,3,19,67
TX000699,470.3,2023-09-12 18:46:45,40,88,1,8524.09,2024-11-04 08:08:00,-36163275.0,0.055166573021516487,0,1,True,False,False,False,False,False,3,2,4,31,59
TX000700,261.69,2023-11-27 17:29:25,53,84,1,5126.65,2024-11-04 08:09:09,-29601584.0,0.05103507454681969,0,2,True,False,False,False,True,False,6,3,2,29,67
TX000701,365.04,2023-03-06 16:29:57,22,94,1,873.89,2024-11-04 08:12:08,-52587731.0,0.417241024585948,0,2,True,True,False,False,False,True,7,7,7,26,55
TX000702,211.1,2023-09-14 16:58:48,57,136,1,7059.77,2024-11-04 08:07:01,-35996893.0,0.02989758907314641,0,2,True,True,False,False,True,False,9,3,4,32,64
TX000703,21.49,2023-05-04 16:51:17,58,240,1,11991.24,2024-11-04 08:08:08,-47488611.0,0.0017919921549268527,0,2,True,False,False,False,False,False,7,5,3,24,62
TX000704,63.58,2023-09-11 17:43:14,18,199,1,8086.04,2024-11-04 08:11:56,-36253722.0,0.00786196185501741,0,3,True,False,False,False,False,True,6,3,6,23,54
TX000705,321.86,2023-07-24 16:25:51,63,167,1,12626.49,2024-11-04 08:06:35,-40491644.0,0.025488834281397175,0,3,True,False,False,False,False,False,6,3,9,32,59
TX000706,12.11,2023-12-12 16:17:27,75,127,1,1730.28,2024-11-04 08:07:10,-28309783.0,0.006994824638417818,0,1,True,True,False,False,True,False,3,4,5,31,60
TX000707,642.54,2023-05-10 18:49:20,44,28,1,3143.17,2024-11-04 08:10:37,-46963277.0,0.20435917905202325,0,3,True,True,False,True,False,False,9,9,10,31,55
TX000708,210.45,2023-12-11 16:47:05,27,146,1,1242.49,2024-11-04 08:06:24,-28394359.0,0.16924140925942308,0,5,True,False,False,False,False,True,9,5,6,26,55
TX000709,313.65,2023-01-30 16:08:07,55,173,1,1886.36,2024-11-04 08:10:49,-55612962.0,0.16618451169888096,0,1,False,True,False,False,True,False,5,4,4,23,60
TX000710,99.76,2023-08-07 16:21:37,26,131,1,416.89,2024-11-04 08:06:26,-39282289.0,0.2387231089521166,0,1,True,True,False,False,False,True,6,7,3,25,53
TX000711,115.32,2023-07-25 17:24:07,53,113,1,5929.08,2024-11-04 08:08:36,-40401869.0,0.019446617920837492,0,2,True,True,False,False,True,False,7,9,7,19,62
TX000712,33.61,2023-08-21 17:25:00,23,72,1,479.08,2024-11-04 08:08:40,-38069020.0,0.07000916513914347,0,1,True,False,True,False,False,True,10,4,3,33,55
TX000713,498.59,2023-01-30 16:20:26,33,32,1,5862.99,2024-11-04 08:06:58,-55611992.0,0.08502572480512416,0,2,False,False,True,False,False,False,4,4,4,24,68
TX000714,98.81,2023-09-04 16:48:13,27,91,1,797.1,2024-11-04 08:08:11,-36861598.0,0.1238065405337677,0,2,True,True,False,False,False,True,6,7,8,28,57
TX000715,1.87,2023-10-20 18:34:41,65,147,1,7287.94,2024-11-04 08:09:48,-32880907.0,0.0002565530790485311,0,2,True,False,False,False,True,False,7,5,4,33,48
TX000716,78.92,2023-06-15 18:57:42,59,95,1,5624.86,2024-11-04 08:08:28,-43852246.0,0.014028077485042287,0,3,False,False,True,True,False,False,9,2,7,19,60
TX000717,194.29,2023-01-23 16:05:42,39,10,1,2988.41,2024-11-04 08:08:57,-56217795.0,0.06499275776825528,0,4,False,True,False,True,False,False,10,2,4,27,61
TX000718,28.73,2023-10-31 16:11:57,53,185,1,2712.96,2024-11-04 08:08:37,-31939000.0,0.010586007162964818,0,2,True,False,False,True,False,False,5,6,5,22,61
TX000719,105.53,2023-06-16 16:36:20,24,88,1,1433.66,2024-11-04 08:10:14,-43774434.0,0.07355749794376368,0,2,True,False,True,False,False,True,3,2,3,45,60
TX000720,737.34,2023-03-20 17:45:22,30,34,1,7336.56,2024-11-04 08:08:06,-51373364.0,0.10048844575035842,0,3,True,False,True,False,False,False,8,4,5,16,64
TX000721,237.86,2023-02-06 17:48:39,18,210,1,475.63,2024-11-04 08:10:20,-55002101.0,0.49904538111323254,0,1,True,False,False,False,False,True,5,5,5,24,67
TX000722,409.61,2023-07-26 16:05:48,65,89,1,11698.15,2024-11-04 08:10:16,-40320268.0,0.03501194531226628,0,3,True,True,False,False,False,False,6,5,7,20,61
TX000723,75.53,2023-08-21 17:36:05,21,157,1,1034.35,2024-11-04 08:07:11,-38068266.0,0.07295117593084464,0,4,False,False,True,False,False,True,6,3,6,30,60
TX000724,72.75,2023-05-01 16:30:03,64,15,1,12042.79,2024-11-04 08:07:19,-47749036.0,0.006040457364334648,0,2,True,False,False,False,False,False,5,8,2,25,55
TX000725,39.11,2023-09-01 18:05:37,26,143,1,518.54,2024-11-04 08:08:27,-37116170.0,0.07527813065404011,0,3,True,False,True,False,False,True,9,4,4,27,54
TX000726,1309.79,2023-03-06 16:33:43,23,139,1,1258.93,2024-11-04 08:11:14,-52587451.0,1.0395736271062677,0,3,True,False,False,False,False,True,7,2,3,31,57
TX000727,729.38,2023-11-14 17:23:43,68,90,1,9127.65,2024-11-04 08:08:16,-30725073.0,0.0799000947566179,0,2,True,False,False,False,False,False,4,7,3,23,69
TX000728,137.49,2023-07-26 16:54:08,34,50,1,4471.05,2024-11-04 08:07:04,-40317176.0,0.03074428953164656,0,2,True,False,False,True,False,False,6,5,5,26,70
TX000729,504.71,2023-04-10 18:27:51,29,61,1,6214.54,2024-11-04 08:08:37,-49556446.0,0.08120131155136963,0,1,True,False,True,True,False,False,5,2,5,30,63
TX000730,371.47,2023-05-30 16:15:10,24,58,1,1187.04,2024-11-04 08:07:09,-45244319.0,0.3126746574189422,0,2,False,True,False,False,False,True,3,4,7,26,55
TX000731,430.35,2023-02-20 17:23:03,36,205,1,354.9,2024-11-04 08:10:51,-53794068.0,1.2091879741500422,0,2,True,False,True,False,False,False,6,4,6,29,68
TX000732,230.32,2023-05-15 18:15:33,35,56,1,791.46,2024-11-04 08:08:34,-46533181.0,0.2906392751684627,0,2,True,True,False,True,False,False,7,3,5,32,55
TX000733,121.71,2023-09-05 17:02:23,52,140,1,5878.89,2024-11-04 08:11:23,-36774540.0,0.02069936682488958,0,1,True,False,False,False,True,False,3,7,8,32,60
TX000734,98.87,2023-01-03 17:51:07,20,179,1,533.2,2024-11-04 08:06:58,-57939351.0,0.18508049419692998,0,1,True,False,True,False,False,True,3,6,3,30,63
TX000735,117.55,2023-05-19 16:35:07,24,35,1,897.94,2024-11-04 08:11:13,-46193766.0,0.13076512336752175,0,4,True,False,False,False,False,True,7,5,4,26,60
TX000736,244.64,2023-02-21 18:41:39,30,103,1,9159.56,2024-11-04 08:06:53,-53702714.0,0.02670579091234597,0,2,True,True,False,False,False,False,5,6,6,15,67
TX000737,321.93,2023-12-04 18:27:11,45,12,1,4392.73,2024-11-04 08:07:51,-28993240.0,0.07327031929590576,0,2,True,False,False,True,False,False,5,5,5,22,55
TX000738,1092.73,2023-01-23 17:24:29,58,11,1,1390.98,2024-11-04 08:07:50,-56213001.0,0.7850184629089498,0,4,True,True,False,False,True,False,6,3,5,29,54
TX000739,283.23,2023-02-06 16:48:45,40,98,1,2008.77,2024-11-04 08:07:38,-55005533.0,0.1409265736875364,0,1,True,False,True,True,False,False,3,2,8,24,46
TX000740,346.65,2024-01-01 16:17:13,30,60,1,6356.96,2024-11-04 08:06:58,-26581785.0,0.054522205235641615,0,6,True,False,True,True,False,False,9,4,4,29,48
TX000741,381.62,2023-01-27 16:40:28,64,164,1,6009.12,2024-11-04 08:11:46,-55870278.0,0.06349623634802633,0,2,True,False,True,False,True,False,7,8,2,26,55
TX000742,388.65,2023-02-21 16:02:33,76,43,1,7896.85,2024-11-04 08:08:15,-53712342.0,0.04920959501636521,0,2,True,False,False,False,True,False,6,4,4,33,68
TX000743,29.22,2023-07-06 18:16:05,24,151,1,1649.43,2024-11-04 08:09:03,-42040378.0,0.017704477015080915,0,3,True,False,False,False,False,True,5,4,4,32,59
TX000744,46.75,2023-07-31 17:37:31,67,150,1,2840.43,2024-11-04 08:09:20,-39882709.0,0.01645298318100393,0,2,True,True,False,False,True,False,6,7,5,25,60
TX000745,348.64,2023-06-09 17:12:09,57,128,1,3274.96,2024-11-04 08:11:22,-44377153.0,0.10642376585794698,0,3,True,False,True,False,True,False,5,6,8,22,59
TX000746,319.17,2023-01-11 16:58:02,73,81,1,6501.56,2024-11-04 08:08:49,-57251447.0,0.04908374547870377,0,3,True,False,True,False,True,False,8,7,3,30,67
TX000747,73.95,2023-11-03 16:39:45,26,76,1,363.92,2024-11-04 08:07:22,-31678057.0,0.20264715554094048,0,4,True,False,False,False,False,True,8,2,6,21,61
TX000748,389.63,2023-02-16 16:20:06,27,99,1,9748.48,2024-11-04 08:08:55,-54143329.0,0.039964182705128894,0,4,True,False,True,True,False,False,11,6,6,29,61
TX000749,217.61,2023-03-16 17:36:31,19,45,1,1404.53,2024-11-04 08:10:08,-51719617.0,0.15482415885822431,0,3,True,False,False,False,False,True,5,6,6,31,60
TX000750,199.84,2023-01-16 16:01:34,21,150,1,706.44,2024-11-04 08:09:14,-56822860.0,0.28248332014022387,0,3,True,False,False,False,False,True,7,3,3,18,49
TX000751,56.35,2023-02-09 16:09:00,44,75,1,5095.73,2024-11-04 08:07:36,-54748716.0,0.011056108524485308,0,4,True,False,False,False,False,False,6,4,10,27,68
TX000752,248.95,2023-06-16 16:19:35,65,29,1,3059.79,2024-11-04 08:09:32,-43775397.0,0.08133521084425915,0,3,False,True,False,False,True,False,5,1,8,32,57
TX000753,142.58,2023-06-19 16:20:51,33,145,1,7844.23,2024-11-04 08:06:46,-43515955.0,0.018174100695581903,0,3,True,False,False,True,False,False,7,5,9,26,59
TX000754,1020.73,2023-07-24 16:42:06,28,87,1,1119.61,2024-11-04 08:11:32,-40490966.0,0.9108699726042068,0,2,True,False,False,False,False,True,9,3,10,25,70
TX000755,84.34,2023-06-08 16:27:56,58,248,3,5313.97,2024-11-04 08:09:31,-44466095.0,0.015868386839436536,1,3,True,False,True,False,True,False,7,6,13,25,63
TX000756,1607.55,2023-09-07 16:27:03,31,156,1,6227.99,2024-11-04 08:07:33,-36603630.0,0.2580755467579816,0,3,True,False,False,True,False,False,12,4,4,19,55
TX000757,333.78,2023-11-30 17:53:48,60,98,1,6810.94,2024-11-04 08:07:50,-29340842.0,0.0489992571866458,0,2,True,False,False,False,True,False,5,7,11,27,59
TX000758,332.59,2023-07-13 17:50:13,55,143,1,1457.07,2024-11-04 08:09:05,-41437132.0,0.22810290315279788,0,1,True,False,True,False,True,False,5,3,9,30,59
TX000759,236.81,2023-10-26 16:59:55,22,15,1,813.68,2024-11-04 08:07:18,-32368043.0,0.29067854863259196,0,3,True,True,False,False,False,True,5,5,1,33,68
TX000760,417.8,2023-06-26 16:21:14,27,130,1,1518.82,2024-11-04 08:09:17,-42911283.0,0.27490097511547423,0,3,False,True,False,False,False,True,9,4,11,34,67
TX000761,319.27,2023-08-07 16:54:58,50,150,1,10269.78,2024-11-04 08:12:18,-39280640.0,0.03108527297829376,0,2,True,False,False,False,False,False,7,6,5,27,59
TX000762,384.1,2023-05-24 18:32:58,42,172,1,672.79,2024-11-04 08:11:42,-45754724.0,0.5700589204351505,0,2,True,True,False,True,False,False,5,2,7,31,63
TX000763,820.62,2023-03-03 17:18:59,61,158,1,6024.8,2024-11-04 08:07:28,-52843709.0,0.13618440704968635,0,2,False,True,False,False,False,False,6,6,8,27,60
TX000764,474.77,2023-12-25 16:28:20,56,50,1,2158.59,2024-11-04 08:08:36,-27186016.0,0.21984265531883365,0,2,False,False,True,True,False,False,4,8,8,24,58
TX000765,542.72,2023-09-04 18:37:57,43,92,1,6011.8,2024-11-04 08:08:53,-36855056.0,0.09026077700904737,0,3,False,True,False,False,False,False,9,8,6,29,58
TX000766,79.8,2023-12-22 17:17:34,73,76,1,6372.58,2024-11-04 08:06:48,-27442154.0,0.012520435924551036,0,1,True,False,False,False,True,False,2,3,4,32,70
TX000767,46.24,2023-03-13 16:05:46,57,52,1,2569.56,2024-11-04 08:07:24,-51984098.0,0.017988298269637746,0,2,True,True,False,True,False,False,4,2,2,24,59
TX000768,327.8,2023-11-23 17:44:29,61,54,1,10585.48,2024-11-04 08:09:18,-29946289.0,0.030964022035653023,0,1,True,False,False,False,False,False,4,4,7,27,57
TX000769,445.79,2023-07-07 17:19:39,52,161,1,717.99,2024-11-04 08:12:05,-41957546.0,0.6200225316068374,0,2,True,False,False,False,False,False,6,3,8,27,55
TX000770,55.89,2023-08-17 16:54:30,72,150,1,3689.65,2024-11-04 08:11:33,-38416623.0,0.015143673878585073,0,4,True,False,True,False,True,False,7,4,5,45,60
TX000771,158.41,2023-02-09 16:28:58,28,16,1,1512.16,2024-11-04 08:10:03,-54747665.0,0.1046882021729361,0,1,True,True,False,False,False,True,5,4,5,33,53
TX000772,101.19,2023-11-29 18:38:41,64,75,1,14389.45,2024-11-04 08:09:44,-29424663.0,0.007031746748711818,0,3,False,False,True,False,False,False,6,2,2,27,62
TX000773,827.14,2023-01-17 17:25:13,36,265,4,9800.21,2024-11-04 08:08:14,-56731381.0,0.08439162103454574,1,4,True,True,False,True,False,False,9,6,7,27,46
TX000774,61.97,2023-05-22 18:45:23,74,95,1,7014.69,2024-11-04 08:10:47,-45926724.0,0.008833058473222164,0,2,True,False,False,False,True,False,5,3,5,22,55
TX000775,27.21,2023-06-14 16:34:54,79,102,1,3520.61,2024-11-04 08:06:49,-43947115.0,0.007726579604215117,0,1,True,False,False,False,True,False,5,5,7,24,59
TX000776,173.74,2023-09-08 17:48:22,80,64,1,4913.42,2024-11-04 08:11:52,-36512610.0,0.03535310372332849,0,5,True,False,True,False,True,False,8,3,6,27,63
TX000777,176.11,2023-08-10 16:48:55,38,105,1,9155.35,2024-11-04 08:10:30,-39021695.0,0.019233646594985995,0,2,True,True,False,True,False,False,5,2,7,31,59
TX000778,88.4,2023-11-10 18:02:07,46,174,1,2567.53,2024-11-04 08:09:41,-31068454.0,0.03441657290356741,0,4,True,False,True,True,False,False,8,6,6,33,70
TX000779,567.92,2023-06-20 16:27:07,53,14,1,3779.47,2024-11-04 08:12:12,-43429505.0,0.1502247075099128,0,2,True,False,True,False,True,False,6,3,2,29,54
TX000780,138.11,2023-12-11 17:29:02,68,104,1,4177.65,2024-11-04 08:07:04,-28391882.0,0.033051344333696296,0,4,False,False,True,False,True,False,8,4,5,32,55
TX000781,456.93,2023-09-26 16:18:33,28,193,1,7284.76,2024-11-04 08:09:29,-34962656.0,0.06271548884399157,0,3,False,True,False,True,False,False,9,3,9,16,55
TX000782,101.42,2023-04-25 17:00:15,66,146,1,6530.59,2024-11-04 08:12:22,-48265927.0,0.015527612725232294,0,2,True,False,True,False,True,False,3,7,5,25,61
TX000783,300.61,2023-05-01 17:21:46,44,51,1,7895.54,2024-11-04 08:11:56,-47746210.0,0.03806857180486644,0,1,True,False,True,False,False,False,5,2,5,16,46
TX000784,265.94,2023-06-05 16:11:07,54,132,1,6781.3,2024-11-04 08:06:37,-44726130.0,0.03921088716217212,0,2,True,False,True,True,False,False,4,2,8,25,61
TX000785,345.54,2023-01-24 16:05:40,29,50,1,2091.78,2024-11-04 08:11:09,-56131529.0,0.16511052284521066,0,4,True,False,True,True,False,False,5,4,7,24,59
TX000786,411.52,2023-01-10 17:40:16,41,88,1,11108.39,2024-11-04 08:09:13,-57335337.0,0.03704253788911902,0,2,True,False,False,False,False,False,4,5,7,18,69
TX000787,111.21,2023-08-21 18:36:41,35,111,1,9088.36,2024-11-04 08:12:12,-38064931.0,0.012235184875502784,0,2,True,True,False,False,False,False,10,3,5,21,42
TX000788,316.37,2023-08-28 17:34:17,53,86,1,4671.69,2024-11-04 08:08:00,-37463623.0,0.06770618209211397,0,2,True,False,False,True,False,False,5,6,3,30,60
TX000789,260.63,2023-12-20 18:58:27,37,142,1,7534.73,2024-11-04 08:08:49,-27609022.0,0.034585899441726284,0,2,True,True,False,True,False,False,6,4,4,32,70
TX000790,92.36,2023-03-27 16:48:34,29,144,1,6353.14,2024-11-04 08:07:55,-50771961.0,0.01453540526334012,0,1,True,False,False,True,False,False,3,3,3,22,49
TX000791,262.06,2023-09-11 16:09:15,63,118,1,13587.52,2024-11-04 08:10:23,-36259268.0,0.019285396790820485,0,1,True,True,False,False,False,False,3,2,5,25,68
TX000792,64.5,2023-08-17 18:32:19,74,230,1,1351.24,2024-11-04 08:08:31,-38410572.0,0.047698633378690174,0,3,True,False,False,False,True,False,9,4,6,29,62
TX000793,253.55,2023-01-11 16:56:58,28,85,5,2797.26,2024-11-04 08:09:12,-57251534.0,0.09060987899623336,1,2,True,False,False,True,False,False,4,6,7,29,60
TX000794,408.28,2023-03-15 16:33:09,21,125,3,1222.77,2024-11-04 08:10:10,-51809821.0,0.3336247824346078,1,3,False,True,False,False,False,True,5,6,4,33,55
TX000795,175.94,2023-06-05 16:16:13,57,89,1,3728.04,2024-11-04 08:07:11,-44725858.0,0.04718104391478772,0,4,True,False,False,False,True,False,7,4,6,24,58
TX000796,199.47,2023-08-14 16:26:38,57,142,1,6067.44,2024-11-04 08:07:22,-38677244.0,0.03287006215765502,0,3,True,False,True,False,False,False,4,3,4,20,63
TX000797,51.07,2023-01-23 18:06:58,63,133,1,4292.16,2024-11-04 08:12:12,-56210714.0,0.011895666595235211,0,3,True,True,False,False,True,False,5,2,3,23,49
TX000798,435.86,2023-12-29 17:17:48,56,134,1,3801.82,2024-11-04 08:09:18,-26837490.0,0.11461494364708295,0,4,True,False,False,False,True,False,4,5,5,19,60
TX000799,74.73,2023-01-30 17:17:38,64,162,1,6353.22,2024-11-04 08:08:26,-55608648.0,0.01176068817258452,0,2,False,True,False,False,True,False,11,2,4,30,60
TX000800,182.79,2023-10-25 16:21:15,23,14,1,1251.85,2024-11-04 08:06:54,-32456739.0,0.14589934948317837,0,2,False,False,True,False,False,True,6,6,3,33,51
TX000801,628.36,2023-01-20 16:09:37,44,108,1,11869.71,2024-11-04 08:07:32,-56476675.0,0.052933649293091994,0,4,True,False,True,False,False,False,9,2,4,32,59
TX000802,268.39,2023-02-21 18:13:02,29,177,1,9409.43,2024-11-04 08:11:45,-53704723.0,0.028520482060862253,0,4,True,False,True,False,False,False,7,3,5,25,59
TX000803,362.27,2023-05-11 16:36:38,80,47,1,6003.59,2024-11-04 08:07:35,-46884657.0,0.06033217921623291,0,3,True,False,False,False,True,False,6,7,3,23,60
TX000804,560.15,2023-08-14 18:01:36,50,92,1,817.83,2024-11-04 08:10:51,-38671755.0,0.6840858297815174,0,4,False,False,True,True,False,False,6,6,4,27,63
TX000805,351.99,2023-06-12 16:58:04,80,45,2,3663.64,2024-11-04 08:11:23,-44118799.0,0.09605036238211667,1,4,True,False,False,False,True,False,8,4,2,32,60
TX000806,132.36,2023-03-13 17:01:57,28,160,1,319.65,2024-11-04 08:10:05,-51980888.0,0.4127865273662873,0,4,True,True,False,False,False,True,12,9,4,27,60
TX000807,24.77,2023-11-01 16:55:58,40,17,1,478.23,2024-11-04 08:07:20,-31849882.0,0.051687081359681156,0,4,False,False,True,True,False,False,7,5,5,31,55
TX000808,668.67,2023-11-07 17:38:05,44,143,4,13446.81,2024-11-04 08:06:29,-31328904.0,0.04972333785203687,1,4,True,False,True,False,False,False,6,6,4,30,63
TX000809,80.24,2023-05-19 17:28:42,53,58,1,8012.81,2024-11-04 08:12:13,-46190611.0,0.010012715549782187,0,1,False,True,False,False,False,False,4,4,5,22,58
TX000810,8.65,2023-11-20 16:28:19,68,198,1,4201.22,2024-11-04 08:11:35,-30210196.0,0.002058435779183384,0,2,True,False,False,False,True,False,6,5,6,30,61
TX000811,178.91,2023-03-15 16:37:04,18,19,1,8870.89,2024-11-04 08:07:06,-51809402.0,0.02016593983919999,0,2,True,False,False,False,False,True,6,4,8,22,65
TX000812,115.22,2023-12-08 17:05:33,27,108,1,906.2,2024-11-04 08:09:07,-28652614.0,0.12700617283950616,0,2,True,True,False,True,False,False,5,3,6,21,57
TX000813,161.63,2023-12-25 16:32:44,46,276,1,9286.37,2024-11-04 08:08:21,-27185737.0,0.01740320456706258,0,2,True,False,True,False,False,False,7,8,6,16,59
TX000814,542.75,2023-12-07 18:28:50,70,63,1,2224.08,2024-11-04 08:08:27,-28733977.0,0.24392381397522786,0,3,False,True,False,False,True,False,5,4,4,21,55
TX000815,317.47,2023-05-01 17:31:34,67,16,1,14639.28,2024-11-04 08:07:58,-47745384.0,0.02168469455502217,0,2,False,False,True,False,False,False,7,2,5,22,53
TX000816,280.99,2023-02-20 18:03:01,45,29,1,9733.59,2024-11-04 08:07:24,-53791463.0,0.02886510885409658,0,4,True,True,False,True,False,False,5,4,6,28,63
TX000817,24.19,2023-02-08 17:33:08,29,28,1,2756.2,2024-11-04 08:07:26,-54830058.0,0.008773393297548239,0,1,True,False,False,True,False,False,5,5,7,24,59
TX000818,586.85,2023-08-15 16:57:27,36,86,1,6655.15,2024-11-04 08:12:18,-38589291.0,0.0881665827843423,0,1,True,False,False,False,False,False,4,7,5,33,61
TX000819,372.41,2023-06-19 18:12:16,55,143,1,3233.87,2024-11-04 08:06:34,-43509258.0,0.11512363711679297,0,3,True,False,False,False,True,False,8,6,4,30,59
TX000820,63.17,2023-07-25 18:28:57,20,148,1,1676.57,2024-11-04 08:07:18,-40397901.0,0.037655656693908454,0,3,True,False,False,False,False,True,7,5,7,25,60
TX000821,383.69,2023-10-31 17:06:08,54,285,1,8371.11,2024-11-04 08:10:03,-31935835.0,0.04582954595675403,0,4,True,False,True,True,False,False,9,7,3,29,60
TX000822,247.17,2023-05-22 17:58:55,65,149,1,2611.64,2024-11-04 08:07:43,-45929328.0,0.09460545654969686,0,2,False,True,False,False,True,False,3,3,5,28,60
TX000823,48.78,2023-08-11 16:43:41,18,136,1,552.06,2024-11-04 08:10:11,-38935590.0,0.08820019527718513,0,3,False,True,False,False,False,True,5,1,3,16,61
TX000824,4.15,2023-10-19 16:34:39,60,119,1,6017.36,2024-11-04 08:09:48,-32974509.0,0.0006895566233990656,0,5,False,True,False,False,True,False,7,8,9,30,65
TX000825,60.99,2023-08-01 17:14:17,34,58,1,7281.46,2024-11-04 08:07:51,-39797614.0,0.00837491726696748,0,4,True,True,False,True,False,False,5,3,6,23,68
TX000826,408.19,2023-12-15 16:48:08,26,241,1,6847.47,2024-11-04 08:08:29,-28048821.0,0.05960309382971671,0,4,True,True,False,True,False,False,6,5,6,31,61
TX000827,524.6,2023-04-07 17:37:34,58,76,1,13017.7,2024-11-04 08:09:46,-49818732.0,0.040295882077319545,0,5,True,True,False,False,False,False,9,4,5,31,46
TX000828,108.96,2023-10-10 18:12:07,26,247,1,7597.66,2024-11-04 08:06:40,-33746073.0,0.014339370362669208,0,1,True,False,False,False,False,True,1,1,11,32,55
TX000829,70.03,2023-12-18 18:34:33,63,49,1,7330.31,2024-11-04 08:07:55,-27783202.0,0.009552180988118084,0,2,True,True,False,False,True,False,5,6,5,24,55
TX000830,124.84,2023-09-22 17:44:42,52,79,1,6711.78,2024-11-04 08:11:28,-35303206.0,0.01859736204672282,0,3,True,False,True,False,True,False,4,5,6,23,51
TX000831,324.04,2023-07-05 16:49:05,54,30,1,2248.06,2024-11-04 08:08:07,-42131942.0,0.14407797035205822,0,2,True,False,False,False,True,False,7,4,3,24,55
TX000832,39.69,2023-04-24 17:16:27,70,163,1,3524.68,2024-11-04 08:07:44,-48351077.0,0.011257402827256019,0,2,True,False,True,False,True,False,8,4,9,22,59
TX000833,157.7,2023-12-01 17:29:15,58,46,1,8332.58,2024-11-04 08:11:00,-29256105.0,0.01892343986617996,0,2,False,True,False,True,False,False,4,4,6,30,65
TX000834,81.27,2023-11-07 16:36:34,22,68,1,1814.48,2024-11-04 08:10:47,-31332853.0,0.044765020820939916,0,3,False,False,True,False,False,True,3,4,6,23,61
TX000835,193.82,2023-04-20 17:52:46,37,176,1,3886.77,2024-11-04 08:12:09,-48694763.0,0.04985377221389125,0,4,True,True,False,True,False,False,7,8,6,29,61
TX000836,16.73,2023-11-30 17:48:36,79,165,1,7591.13,2024-11-04 08:08:04,-29341168.0,0.0022035976728533363,0,3,True,False,True,False,True,False,6,4,8,17,65
TX000837,474.05,2023-08-10 18:30:37,57,214,1,1484.31,2024-11-04 08:10:46,-39015609.0,0.3191589634487077,0,2,True,False,False,False,True,False,4,5,3,19,59
TX000838,39.21,2023-05-10 16:15:31,66,245,4,9385.57,2024-11-04 08:11:52,-46972581.0,0.004177244723045799,1,1,True,False,False,False,False,False,2,5,6,23,64
TX000839,637.75,2023-07-24 16:07:05,79,152,1,4202.92,2024-11-04 08:08:51,-40492906.0,0.15170364802374925,0,2,True,True,False,False,True,False,5,4,2,33,49
TX000840,153.59,2023-05-04 17:43:59,66,174,1,4813.12,2024-11-04 08:09:43,-47485544.0,0.031904065540534925,0,2,False,True,False,False,True,False,5,5,3,32,42
TX000841,186.6,2023-10-25 16:03:16,18,139,1,9716.68,2024-11-04 08:10:37,-32458041.0,0.019202114084843295,0,1,True,True,False,False,False,True,5,3,7,21,67
TX000842,644.08,2023-05-08 17:29:00,24,55,1,1980.62,2024-11-04 08:07:18,-47140698.0,0.32502699811265534,0,3,True,False,True,False,False,True,12,6,4,27,61
TX000843,226.66,2023-12-27 18:55:13,41,168,1,10216.25,2024-11-04 08:07:45,-27004352.0,0.022184051481563043,0,3,True,True,False,False,False,False,4,3,5,32,59
TX000844,305.0,2023-10-12 17:20:30,22,222,1,944.83,2024-11-04 08:06:50,-33576380.0,0.3224680968038654,0,4,True,False,False,False,False,True,6,5,7,26,55
TX000845,233.1,2023-01-16 17:28:48,42,37,1,7469.2,2024-11-04 08:11:39,-56817771.0,0.03120398382908088,0,2,False,True,False,False,False,False,9,3,3,26,55
TX000846,793.13,2023-05-10 16:38:07,68,76,1,13389.16,2024-11-04 08:09:45,-46971098.0,0.05923230192917785,0,6,True,False,True,False,False,False,8,3,5,22,63
TX000847,224.19,2023-09-21 16:42:38,52,93,1,8475.47,2024-11-04 08:07:34,-35393096.0,0.02644850981599652,0,3,True,False,False,False,False,False,4,4,4,23,63
TX000848,214.83,2023-03-20 18:12:30,23,63,1,991.69,2024-11-04 08:11:45,-51371955.0,0.2164119715117509,0,4,False,False,False,False,False,True,12,4,8,30,67
TX000849,163.46,2023-09-08 17:09:54,63,111,1,6953.8,2024-11-04 08:11:32,-36514898.0,0.02350319204002991,0,1,False,True,False,False,True,False,6,6,6,23,51
TX000850,194.99,2023-12-01 17:01:30,34,91,1,1370.03,2024-11-04 08:07:50,-29257580.0,0.1422215414688227,0,4,True,True,False,True,False,False,7,5,5,26,60
TX000851,23.4,2023-02-08 18:27:49,46,175,4,14851.28,2024-11-04 08:07:14,-54826765.0,0.0015755156784008919,1,1,True,False,False,False,False,False,4,6,4,19,46
TX000852,227.5,2023-03-13 16:59:33,34,277,1,11505.35,2024-11-04 08:11:35,-51981122.0,0.019771691283508672,0,1,True,False,True,False,False,False,4,4,6,23,53
TX000853,259.9,2023-06-22 16:08:43,26,100,1,914.28,2024-11-04 08:07:29,-43257526.0,0.2839568219561227,0,2,True,False,True,False,False,True,4,6,4,22,68
TX000854,59.51,2023-04-04 16:12:25,36,55,1,9955.88,2024-11-04 08:12:18,-50083193.0,0.005976771840174834,0,2,False,False,True,False,False,False,2,3,7,21,49
TX000855,50.63,2023-05-24 16:21:09,64,143,1,4732.81,2024-11-04 08:12:22,-45762673.0,0.010695401801086229,0,1,True,False,True,False,True,False,4,3,10,21,54
TX000856,1074.95,2023-06-02 16:49:03,20,91,1,530.86,2024-11-04 08:09:58,-44983255.0,2.0211145790245553,0,3,True,True,False,False,False,True,6,7,4,22,60
TX000857,112.94,2023-11-24 17:35:47,73,31,1,3807.84,2024-11-04 08:07:19,-29860292.0,0.02965207254702219,0,3,False,False,True,False,True,False,7,1,3,31,59
TX000858,11.81,2023-02-27 16:07:38,21,131,1,320.25,2024-11-04 08:07:53,-53193615.0,0.03676264591439689,0,3,True,False,False,False,False,True,6,7,4,15,55
TX000859,329.14,2023-11-14 16:37:42,55,14,1,12033.92,2024-11-04 08:09:00,-30727878.0,0.027348748475270294,0,3,True,True,False,False,False,False,9,3,6,27,53
TX000860,154.24,2023-11-06 16:19:31,61,82,1,6109.55,2024-11-04 08:08:33,-31420142.0,0.02524159036420617,0,4,True,False,False,False,True,False,8,8,9,24,61
TX000861,233.44,2023-01-20 16:23:48,20,297,1,1691.88,2024-11-04 08:07:54,-56475846.0,0.13789518453759272,0,5,True,False,True,False,False,True,7,7,3,23,60
TX000862,141.8,2023-11-15 18:56:02,18,116,1,1697.67,2024-11-04 08:08:34,-30633152.0,0.0834770732396522,0,2,True,False,False,False,False,True,4,8,4,30,60
TX000863,209.03,2023-10-09 18:20:39,55,126,1,8359.5,2024-11-04 08:10:58,-33832219.0,0.02500209317624544,0,2,True,True,False,True,False,False,3,4,5,21,63
TX000864,1137.63,2023-02-14 16:55:26,26,144,1,1629.12,2024-11-04 08:08:03,-54313957.0,0.6978811375849632,0,3,True,False,False,False,False,True,7,5,2,27,51
TX000865,261.14,2023-05-15 18:44:04,42,162,1,6100.08,2024-11-04 08:08:53,-46531489.0,0.04280225796088561,0,4,True,False,False,True,False,False,5,5,7,26,59
TX000866,101.81,2023-06-29 17:51:45,45,105,1,13872.03,2024-11-04 08:11:23,-42646778.0,0.007338699620774986,0,5,True,False,False,False,False,False,6,2,5,25,70
TX000867,98.71,2023-09-18 17:41:29,32,117,1,10095.23,2024-11-04 08:07:42,-35648773.0,0.009776916730304282,0,2,True,False,False,False,False,False,5,3,6,32,70
TX000868,87.38,2023-03-03 18:23:29,21,252,1,1504.99,2024-11-04 08:09:45,-52839976.0,0.05802163360978492,0,3,True,True,False,False,False,True,5,5,3,27,61
TX000869,83.39,2023-09-18 16:00:54,32,158,1,13182.11,2024-11-04 08:12:20,-35655086.0,0.006325518030267516,0,2,True,True,False,False,False,False,5,5,5,29,65
TX000870,267.55,2023-06-13 16:06:05,46,40,1,4330.04,2024-11-04 08:12:03,-44035558.0,0.06177500092356571,0,2,True,False,True,True,False,False,5,3,3,27,68
TX000871,870.05,2023-08-31 16:42:18,29,39,1,905.25,2024-11-04 08:11:02,-37207724.0,0.960055172413793,0,6,True,False,False,False,False,False,8,5,2,16,46
TX000872,154.32,2024-01-01 16:53:32,38,269,1,6972.5,2024-11-04 08:11:43,-26579891.0,0.02212949021294902,0,4,False,False,False,True,False,False,6,2,5,32,67
TX000873,164.51,2023-06-05 18:09:44,78,110,1,3553.69,2024-11-04 08:07:10,-44719046.0,0.04627970371537321,0,3,True,True,False,False,True,False,8,5,4,22,51
TX000874,758.12,2023-07-03 18:46:29,69,90,1,6164.65,2024-11-04 08:11:14,-42297885.0,0.12295864993958464,0,3,True,False,False,False,True,False,6,8,2,33,57
TX000875,103.76,2023-03-29 16:20:33,28,188,1,9626.14,2024-11-04 08:11:31,-50601058.0,0.010777863415302989,0,2,True,False,True,True,False,False,3,5,3,25,61
TX000876,583.92,2023-08-01 16:11:52,55,139,1,6364.14,2024-11-04 08:06:32,-39801280.0,0.09173718095752803,0,2,True,False,True,True,False,False,7,3,6,20,61
TX000877,204.06,2023-01-02 16:07:17,77,159,1,4351.83,2024-11-04 08:07:22,-58032005.0,0.04687984598525557,0,3,True,False,True,False,True,False,11,4,6,15,48
TX000878,53.51,2023-10-26 16:54:32,56,165,1,5773.5,2024-11-04 08:11:18,-32368606.0,0.00926660316910555,0,4,True,False,True,False,True,False,9,6,8,26,58
TX000879,1108.46,2023-08-31 16:16:15,30,262,1,9257.04,2024-11-04 08:06:36,-37209021.0,0.11972944597344577,0,4,True,True,False,True,False,False,8,6,6,26,69
TX000880,52.95,2023-08-07 18:02:59,68,14,1,6335.58,2024-11-04 08:07:52,-39276293.0,0.008356242641929874,0,4,False,False,True,False,True,False,12,8,3,24,68
TX000881,120.17,2023-08-08 17:07:42,49,105,1,5403.79,2024-11-04 08:11:50,-39193448.0,0.02223398133877542,0,1,True,False,False,False,False,False,4,4,6,18,42
TX000882,220.8,2023-09-06 18:43:52,31,28,1,8135.31,2024-11-04 08:10:00,-36681968.0,0.02713760906356813,0,4,True,False,True,True,False,False,11,4,5,25,58
TX000883,119.01,2023-03-13 17:26:41,45,87,1,9798.26,2024-11-04 08:09:17,-51979356.0,0.012144794606939707,0,2,True,False,False,False,False,False,3,3,4,15,67
TX000884,183.32,2023-05-10 16:27:51,21,74,1,137.42,2024-11-04 08:09:31,-46971700.0,1.3243750903048692,0,2,True,False,False,False,False,True,7,4,3,20,59
TX000885,858.88,2023-08-22 16:31:34,60,227,1,7015.46,2024-11-04 08:12:11,-37986037.0,0.12240930611732982,0,3,True,False,True,True,False,False,9,4,3,25,60
TX000886,11.46,2023-02-13 16:53:17,41,128,1,2356.71,2024-11-04 08:09:16,-54400559.0,0.004860648680287228,0,3,False,False,True,True,False,False,7,9,3,22,57
TX000887,61.37,2023-02-06 16:54:19,75,164,1,4294.44,2024-11-04 08:10:55,-55005396.0,0.01428724414728177,0,5,True,True,False,False,True,False,11,5,5,32,54
TX000888,103.08,2023-02-27 16:48:02,49,150,1,9251.38,2024-11-04 08:06:42,-53191120.0,0.011140917255884432,0,6,False,True,False,True,False,False,9,5,6,28,55
TX000889,1.21,2023-08-21 17:19:06,55,196,1,7542.74,2024-11-04 08:11:34,-38069548.0,0.00016039789282239314,0,3,True,True,False,False,True,False,8,5,5,25,61
TX000890,425.18,2023-10-04 16:00:54,26,172,1,9880.71,2024-11-04 08:08:39,-34272465.0,0.043026965980584336,0,1,False,False,True,True,False,False,3,4,5,23,60
TX000891,60.96,2023-10-23 16:35:48,52,238,1,6189.24,2024-11-04 08:09:58,-32628850.0,0.00984776034531779,0,3,True,False,False,False,True,False,5,2,7,33,60
TX000892,64.21,2023-01-09 16:36:16,51,37,1,12540.18,2024-11-04 08:09:24,-57425588.0,0.005119932893077046,0,3,True,False,False,False,False,False,7,5,8,33,65
TX000893,523.02,2023-05-19 18:32:45,53,83,1,4586.11,2024-11-04 08:06:38,-46186433.0,0.11401950247541481,0,3,True,False,True,False,True,False,10,2,3,19,60
TX000894,50.26,2023-11-09 17:51:35,65,164,1,1519.38,2024-11-04 08:10:47,-31155552.0,0.033057525092411104,0,2,True,True,False,False,True,False,9,5,7,23,55
TX000895,110.08,2023-11-20 17:15:13,19,95,1,1447.26,2024-11-04 08:08:19,-30207186.0,0.07600845152113571,0,4,True,True,False,False,False,True,7,8,8,27,63
TX000896,54.47,2023-11-13 17:47:07,23,34,1,1131.42,2024-11-04 08:11:15,-30810248.0,0.04810052807262323,0,4,False,True,False,False,False,True,6,6,5,29,67
TX000897,79.76,2023-04-03 16:25:35,68,115,1,10278.75,2024-11-04 08:08:14,-50168559.0,0.007758943554074759,0,2,True,False,True,False,False,False,4,7,7,24,61
TX000898,16.79,2023-11-06 16:42:34,30,146,1,535.15,2024-11-04 08:11:01,-31418907.0,0.03131586309801362,0,4,False,False,True,False,False,False,7,5,3,18,63
TX000899,1531.31,2023-10-23 18:00:29,18,62,4,859.86,2024-11-04 08:06:40,-32623571.0,1.7788142090467671,1,3,True,False,True,False,False,True,6,3,8,25,59
TX000900,68.62,2023-06-29 16:57:52,29,157,1,13891.47,2024-11-04 08:10:59,-42649987.0,0.0049393664337587205,0,4,True,True,False,False,False,False,4,6,4,31,65
TX000901,157.16,2023-03-13 17:34:30,20,280,1,1545.77,2024-11-04 08:07:27,-51978777.0,0.1016052806816786,0,5,True,True,False,False,False,True,7,6,3,32,58
TX000902,643.38,2023-11-06 17:19:21,18,105,1,1046.74,2024-11-04 08:12:01,-31416760.0,0.6140645580010308,0,5,False,False,True,False,False,True,12,2,5,24,63
TX000903,328.34,2023-10-12 16:17:47,42,31,1,2840.45,2024-11-04 08:09:00,-33580273.0,0.11555367857959845,0,4,False,False,True,True,False,False,7,4,8,33,59
TX000904,72.68,2023-07-21 17:56:49,69,44,1,6216.77,2024-11-04 08:10:20,-40745611.0,0.011689078238661128,0,4,True,False,True,False,True,False,5,9,3,15,61
TX000905,354.76,2023-05-17 16:30:05,51,279,1,10141.92,2024-11-04 08:07:39,-46366654.0,0.034976121274741395,0,6,True,True,False,False,False,False,11,3,6,33,63
TX000906,793.88,2023-02-22 16:17:29,22,252,1,1404.06,2024-11-04 08:07:13,-53624984.0,0.5650150171522924,0,2,False,False,False,False,False,True,6,5,5,25,69
TX000907,29.22,2023-02-27 18:33:48,27,69,1,7795.79,2024-11-04 08:10:28,-53185000.0,0.0037476961672688372,0,1,True,False,False,True,False,False,2,4,3,22,63
TX000908,653.97,2023-10-04 17:41:08,37,100,1,3886.65,2024-11-04 08:11:57,-34266649.0,0.16821730351240466,0,5,True,False,True,True,False,False,6,1,9,25,64
TX000909,366.43,2023-01-30 16:38:59,21,92,1,1560.45,2024-11-04 08:09:38,-55611039.0,0.23467290018892695,0,3,False,False,True,False,False,True,7,5,4,19,42
TX000910,120.86,2023-11-16 17:57:45,33,162,4,13566.58,2024-11-04 08:11:48,-30550443.0,0.008907999805418504,1,3,True,False,True,False,False,False,8,5,5,23,60
TX000911,233.74,2023-02-13 16:43:40,72,142,1,4749.54,2024-11-04 08:06:27,-54400967.0,0.04920282746803521,0,4,True,False,True,False,True,False,9,3,7,22,61
TX000912,471.84,2023-09-29 17:31:24,18,138,1,1044.33,2024-11-04 08:08:45,-34699041.0,0.45137899036667845,0,1,True,False,False,False,False,True,4,3,5,19,59
TX000913,213.4,2023-08-14 16:40:38,73,100,1,2012.24,2024-11-04 08:09:27,-38676529.0,0.10599829131151775,0,1,False,True,False,False,True,False,6,9,5,25,70
TX000914,254.21,2023-05-22 16:48:08,48,46,1,2487.2,2024-11-04 08:10:50,-45933762.0,0.1021662245800177,0,3,True,False,False,True,False,False,8,3,5,26,55
TX000915,577.73,2023-11-10 16:26:28,37,63,1,14977.99,2024-11-04 08:06:37,-31074009.0,0.03856935614484021,0,3,True,False,False,False,False,False,5,5,5,27,59
TX000916,170.26,2023-09-25 16:58:25,27,265,1,1969.48,2024-11-04 08:07:32,-35046547.0,0.08640534286062279,0,2,True,False,False,False,False,True,4,6,7,24,60
TX000917,337.73,2023-05-23 17:12:39,78,107,4,7001.2,2024-11-04 08:07:28,-45845689.0,0.048231984233526606,1,5,True,False,True,False,True,False,8,1,4,33,59
TX000918,330.61,2023-07-06 16:04:39,64,113,1,2525.25,2024-11-04 08:10:34,-42048355.0,0.1308698664027709,0,2,False,True,False,False,True,False,4,1,7,25,55
TX000919,132.33,2023-11-10 16:32:24,35,47,1,7457.94,2024-11-04 08:08:40,-31073776.0,0.017741126755276223,0,3,False,False,False,True,False,False,8,1,4,31,55
TX000920,672.74,2023-08-10 16:39:33,46,118,1,5386.52,2024-11-04 08:11:42,-39022329.0,0.12487007008790686,0,2,False,True,False,True,False,False,5,4,4,32,60
TX000921,74.04,2023-02-23 18:23:29,18,66,1,1690.23,2024-11-04 08:11:29,-53531280.0,0.04377878821922507,0,1,True,False,True,False,False,True,4,5,5,27,63
TX000922,197.18,2023-05-09 16:47:42,28,135,1,3114.92,2024-11-04 08:10:02,-47056940.0,0.06328147064109477,0,5,True,False,True,True,False,False,8,6,6,26,67
TX000923,21.15,2023-11-20 16:06:10,70,180,1,3466.74,2024-11-04 08:09:46,-30211416.0,0.006099073171575723,0,2,True,True,False,False,True,False,5,7,4,27,54
TX000924,218.37,2023-06-05 16:27:31,62,105,1,9942.24,2024-11-04 08:10:54,-44725403.0,0.021961654350091116,0,2,True,False,False,False,False,False,4,3,10,19,63
TX000925,590.01,2023-02-06 16:42:16,29,140,3,9791.74,2024-11-04 08:07:46,-55005930.0,0.06024973602893572,1,3,True,False,True,False,False,False,5,5,6,24,59
TX000926,697.82,2023-11-27 16:10:37,44,153,1,6824.0,2024-11-04 08:07:11,-29606194.0,0.10224468864468865,0,1,True,False,True,True,False,False,3,6,5,22,58
TX000927,302.76,2023-11-16 17:14:01,38,88,3,8583.39,2024-11-04 08:11:08,-30553027.0,0.035268667896029886,1,1,True,False,False,True,False,False,2,5,6,24,53
TX000928,148.0,2023-01-23 16:48:16,20,35,1,1488.65,2024-11-04 08:06:39,-56215103.0,0.09935219682475749,0,3,True,True,False,False,False,True,5,5,3,33,67
TX000929,22.26,2023-01-30 18:50:00,19,56,1,5583.88,2024-11-04 08:08:53,-55603133.0,0.003985761556201745,0,3,True,True,False,False,False,True,4,4,7,27,59
TX000930,0.86,2023-02-13 17:49:27,25,139,1,1357.22,2024-11-04 08:12:22,-54397375.0,0.0006331816642370161,0,4,True,False,False,False,False,True,9,6,3,24,60
TX000931,757.1,2023-01-23 17:22:25,65,203,1,10553.23,2024-11-04 08:11:06,-56213321.0,0.07173427147219646,0,1,True,True,False,False,False,False,2,5,4,27,61
TX000932,38.81,2023-04-28 18:52:30,25,145,1,1619.6,2024-11-04 08:12:12,-47999982.0,0.023947920523262993,0,2,False,False,True,False,False,True,5,4,3,32,55
TX000933,76.51,2023-04-03 16:01:51,49,120,4,9475.4,2024-11-04 08:07:51,-50169960.0,0.008073741083111732,1,3,False,False,True,True,False,False,7,4,3,22,61
TX000934,32.46,2023-03-10 18:59:46,31,10,1,8656.18,2024-11-04 08:09:33,-52232987.0,0.003749488863579133,0,1,True,False,True,False,False,False,6,4,4,22,68
TX000935,1022.75,2023-01-19 16:45:16,62,158,1,207.74,2024-11-04 08:10:47,-56561131.0,4.899635910702309,0,4,False,True,False,False,False,False,11,4,7,31,59
TX000936,20.64,2023-04-20 16:01:05,22,59,1,949.38,2024-11-04 08:09:17,-48701292.0,0.021717628737978494,0,2,True,True,False,False,False,True,5,4,7,13,68
TX000937,662.11,2023-02-02 16:52:26,23,219,1,1996.38,2024-11-04 08:07:34,-55350908.0,0.3314892509187035,0,1,True,True,False,False,False,True,5,4,6,29,61
TX000938,288.77,2023-11-13 16:42:16,55,110,1,8836.51,2024-11-04 08:09:44,-30814048.0,0.03267549343649964,0,3,True,False,False,True,False,False,7,7,4,31,69
TX000939,35.05,2023-09-27 18:52:36,30,105,1,14330.47,2024-11-04 08:07:17,-34866881.0,0.002445666773889908,0,3,True,True,False,False,False,False,7,7,5,28,61
TX000940,214.73,2023-11-10 18:28:09,46,26,1,5368.42,2024-11-04 08:07:39,-31066770.0,0.03999128397480547,0,1,False,False,False,False,False,False,5,2,5,24,69
TX000941,25.38,2023-10-23 16:03:09,57,66,1,8616.05,2024-11-04 08:11:41,-32630912.0,0.0029453235155882814,0,2,True,True,False,True,False,False,3,2,5,20,51
TX000942,617.66,2023-01-30 16:34:16,41,40,1,5906.58,2024-11-04 08:10:17,-55611361.0,0.1045538105281689,0,7,True,False,False,True,False,False,8,4,6,25,63
TX000943,446.39,2023-12-12 17:41:53,63,77,1,7863.6,2024-11-04 08:07:42,-28304749.0,0.05675940289398062,0,3,True,False,False,False,True,False,6,5,6,30,63
TX000944,377.92,2023-02-22 17:29:36,33,204,1,2254.71,2024-11-04 08:06:53,-53620637.0,0.16753926701570682,0,4,True,True,False,True,False,False,9,1,6,25,59
TX000945,11.04,2023-02-13 18:17:28,30,43,1,6983.04,2024-11-04 08:10:40,-54395592.0,0.0015807469602121408,0,3,True,False,True,True,False,False,7,6,2,25,55
TX000946,275.46,2023-07-24 17:09:05,36,67,1,9697.75,2024-11-04 08:12:13,-40489388.0,0.028401598144090733,0,2,True,False,False,False,False,False,7,3,2,24,70
TX000947,179.76,2023-07-12 16:11:30,78,81,1,5909.52,2024-11-04 08:09:23,-41529473.0,0.030413567672556725,0,3,True,False,True,False,True,False,7,7,6,25,67
TX000948,32.34,2023-06-21 16:52:25,44,45,1,7847.62,2024-11-04 08:09:28,-43341423.0,0.0041204695857360914,0,1,True,True,False,False,False,False,4,6,4,19,61
TX000949,273.92,2023-07-04 17:50:02,79,109,1,4543.56,2024-11-04 08:11:48,-42214906.0,0.06027426197475663,0,4,True,True,False,False,True,False,9,4,6,24,42
TX000950,375.45,2023-12-05 17:57:39,19,32,1,1307.23,2024-11-04 08:08:31,-28908652.0,0.28699081965709394,0,2,True,True,False,False,False,True,6,7,5,32,70
TX000951,388.98,2023-08-21 17:10:10,23,155,1,1819.91,2024-11-04 08:08:32,-38069902.0,0.21361846549252847,0,1,True,False,False,False,False,True,4,9,5,32,60
TX000952,492.84,2023-03-01 17:43:22,25,38,1,577.67,2024-11-04 08:09:23,-53015161.0,0.8516771216755664,0,1,True,False,False,False,False,True,5,4,7,23,58
TX000953,148.85,2023-11-29 16:46:49,57,25,1,7802.36,2024-11-04 08:08:44,-29431315.0,0.019075116360132045,0,4,True,False,False,False,False,False,6,8,6,25,61
TX000954,119.95,2023-04-10 17:53:04,62,47,5,2596.61,2024-11-04 08:10:27,-49558643.0,0.04617706276153849,1,2,False,True,False,False,True,False,5,4,4,22,67
TX000955,391.66,2023-07-10 17:29:39,50,103,1,2406.31,2024-11-04 08:06:44,-41697425.0,0.16269612139691192,0,3,True,True,False,True,False,False,3,5,5,29,60
TX000956,185.99,2023-04-24 16:49:48,41,53,1,402.45,2024-11-04 08:09:44,-48352796.0,0.4609988846201512,0,5,False,True,False,True,False,False,11,7,6,45,60
TX000957,322.48,2023-03-13 16:10:41,27,57,1,1238.43,2024-11-04 08:11:25,-51984044.0,0.2601841168924425,0,1,True,False,False,False,False,True,3,8,5,34,60
TX000958,20.27,2023-12-04 16:27:40,18,22,1,796.35,2024-11-04 08:09:38,-29000518.0,0.02542170941242867,0,4,True,True,False,False,False,True,6,8,4,33,64
TX000959,280.61,2023-11-27 16:37:11,47,129,3,7888.76,2024-11-04 08:10:47,-29604816.0,0.035566354363123845,1,5,True,False,False,True,False,False,6,7,7,25,61
TX000960,199.02,2023-05-29 16:31:37,61,269,1,4658.89,2024-11-04 08:07:21,-45329744.0,0.04270916266263796,0,1,True,False,False,False,True,False,3,5,1,32,63
TX000961,104.23,2023-10-17 16:41:39,63,108,1,5009.29,2024-11-04 08:09:45,-33146886.0,0.02080318704106948,0,2,False,False,True,False,True,False,7,5,4,23,51
TX000962,353.59,2023-08-11 17:57:52,52,109,5,1822.34,2024-11-04 08:10:53,-38931181.0,0.19392433665690437,1,2,False,True,False,False,True,False,4,6,5,26,58
TX000963,55.86,2023-01-23 17:18:16,39,68,1,5346.46,2024-11-04 08:06:59,-56213323.0,0.01044608094310196,0,2,True,False,True,True,False,False,4,7,13,29,61
TX000964,10.77,2023-03-08 16:58:31,31,178,1,10704.95,2024-11-04 08:10:45,-52413134.0,0.001005982654505205,0,2,True,False,False,False,False,False,7,3,3,28,58
TX000965,95.55,2023-04-10 16:25:15,33,51,1,2434.74,2024-11-04 08:10:13,-49563898.0,0.03922832486225952,0,3,True,True,False,True,False,False,10,1,4,30,51
TX000966,477.07,2023-11-27 16:30:37,27,278,1,6568.07,2024-11-04 08:07:34,-29605017.0,0.07262367427961644,0,5,True,False,True,True,False,False,7,6,6,28,54
TX000967,9.1,2023-03-02 16:09:39,52,63,1,2791.45,2024-11-04 08:09:56,-52934417.0,0.0032587870866085337,0,5,False,False,True,False,True,False,7,4,3,28,57
TX000968,21.41,2023-12-04 16:27:03,57,99,1,658.91,2024-11-04 08:08:40,-29000497.0,0.03244381809640709,0,2,True,False,True,False,False,False,6,4,6,29,51
TX000969,278.28,2023-10-02 16:20:52,28,26,1,1346.88,2024-11-04 08:07:37,-34444005.0,0.2064575481496869,0,2,True,True,False,False,False,True,4,7,2,26,60
TX000970,388.1,2023-08-21 18:06:59,73,40,1,3022.12,2024-11-04 08:07:32,-38066433.0,0.12837730556511157,0,3,False,False,True,False,True,False,5,3,9,30,69
TX000971,215.39,2023-06-21 16:23:53,27,216,1,1582.55,2024-11-04 08:11:13,-43343240.0,0.13601717659688672,0,2,True,False,False,False,False,True,5,4,4,30,63
TX000972,194.37,2023-04-26 17:55:11,66,161,1,14395.88,2024-11-04 08:09:28,-48176057.0,0.013500841849067299,0,1,True,False,False,False,False,False,3,3,4,20,55
TX000973,37.7,2023-06-29 16:04:17,20,109,1,1741.1,2024-11-04 08:12:08,-42653271.0,0.021640548762987204,0,4,True,False,False,False,False,True,11,4,4,31,64
TX000974,19.59,2023-06-16 18:47:34,64,122,1,1061.69,2024-11-04 08:10:31,-43766577.0,0.018434350563193404,0,4,True,True,False,False,True,False,8,2,3,22,68
TX000975,81.35,2023-01-23 17:39:08,41,103,1,7192.45,2024-11-04 08:07:04,-56212076.0,0.01130889906790205,0,4,True,False,True,True,False,False,7,4,5,33,63
TX000976,314.54,2023-09-29 16:34:03,58,228,1,9923.45,2024-11-04 08:11:02,-34702619.0,0.03169344396918721,0,5,False,True,False,True,False,False,6,4,4,22,55
TX000977,466.64,2023-09-04 16:57:31,58,11,1,10915.11,2024-11-04 08:09:20,-36861109.0,0.04274782866790459,0,3,True,False,False,False,False,False,5,4,7,18,55
TX000978,397.01,2023-08-07 17:45:52,22,100,1,719.52,2024-11-04 08:06:31,-39277239.0,0.5510048298451119,0,3,True,False,False,False,False,True,6,6,4,27,69
TX000979,472.48,2023-02-27 17:06:36,55,87,1,7128.82,2024-11-04 08:09:59,-53190203.0,0.06626815263218427,0,5,True,True,False,True,False,False,9,5,3,25,58
TX000980,67.15,2023-11-20 17:17:05,59,14,1,9028.49,2024-11-04 08:10:53,-30207228.0,0.007436743381962881,0,2,True,False,True,False,False,False,3,4,4,32,58
TX000981,102.67,2023-05-10 17:41:59,79,119,1,4656.94,2024-11-04 08:06:32,-46967073.0,0.022041932699863032,0,4,True,True,False,False,True,False,6,5,7,31,41
TX000982,460.09,2023-03-06 17:05:25,35,146,3,6990.64,2024-11-04 08:08:33,-52585388.0,0.0658057337048246,1,3,False,False,True,False,False,False,4,4,2,23,60
TX000983,453.49,2023-01-02 16:06:29,66,147,1,6366.43,2024-11-04 08:08:56,-58032147.0,0.07122025683831625,0,1,True,True,False,False,False,False,4,5,3,30,61
TX000984,267.17,2023-08-24 16:56:36,26,170,1,1382.62,2024-11-04 08:07:54,-37811478.0,0.1930949249071277,0,1,True,False,False,False,False,True,3,6,6,29,61
TX000985,111.26,2023-08-18 17:07:18,66,43,1,14350.11,2024-11-04 08:07:47,-38329229.0,0.007752710417521711,0,3,True,False,False,False,False,False,7,5,2,28,61
TX000986,121.17,2023-12-25 17:31:16,68,158,1,12990.77,2024-11-04 08:10:12,-27182336.0,0.009326673732678457,0,2,True,False,False,False,False,False,3,8,4,24,55
TX000987,213.28,2023-12-25 18:29:05,51,94,1,4835.91,2024-11-04 08:11:27,-27178942.0,0.04409426679429636,0,4,True,True,False,False,True,False,8,5,4,30,61
TX000988,187.88,2023-08-10 16:39:44,60,180,1,2154.58,2024-11-04 08:10:56,-39022272.0,0.08715983633175294,0,4,True,False,False,True,False,False,5,5,4,23,55
TX000989,471.88,2023-10-30 18:44:22,34,141,1,14833.34,2024-11-04 08:07:00,-32016158.0,0.03180997604207535,0,5,False,False,True,False,False,False,9,5,5,27,59
TX000990,83.79,2023-10-12 16:37:49,57,47,1,5061.3,2024-11-04 08:09:05,-33579076.0,0.016551765008000315,0,2,True,False,False,True,False,False,4,3,3,19,55
TX000991,212.14,2023-08-14 17:28:37,72,105,1,7225.06,2024-11-04 08:08:46,-38673609.0,0.029357630575998536,0,5,True,True,False,False,True,False,9,6,4,28,59
TX000992,99.16,2023-02-28 17:55:00,79,202,1,2607.58,2024-11-04 08:10:27,-53100927.0,0.03801301857715692,0,2,True,False,True,False,True,False,5,8,4,21,57
TX000993,839.33,2023-05-02 16:03:23,60,86,1,11538.97,2024-11-04 08:09:21,-47664358.0,0.07273242478100031,0,3,False,True,False,False,False,False,9,4,6,27,51
TX000994,29.91,2023-07-31 16:26:33,76,43,3,2834.84,2024-11-04 08:08:39,-39886926.0,0.010547139471902505,1,2,False,False,True,False,True,False,8,6,2,21,67
TX000995,4.24,2023-04-17 16:46:31,38,38,1,7822.73,2024-11-04 08:07:54,-48957683.0,0.0005419409923399709,0,3,True,False,True,True,False,False,4,3,8,21,59
TX000996,50.29,2023-09-18 16:13:38,58,64,1,7604.9,2024-11-04 08:07:16,-35654018.0,0.00661197228467374,0,6,False,False,True,False,False,False,7,6,3,33,59
TX000997,135.85,2023-08-03 17:25:57,57,269,1,1480.39,2024-11-04 08:08:16,-39624139.0,0.09170441274748714,0,5,True,False,True,False,True,False,8,7,3,32,60
TX000998,368.53,2023-04-03 16:09:09,68,34,1,13696.31,2024-11-04 08:06:56,-50169467.0,0.02690528286210942,0,1,True,True,False,False,False,False,4,7,6,25,59
TX000999,17.95,2023-06-05 17:22:19,64,135,1,12344.9,2024-11-04 08:09:36,-44722037.0,0.0014539239747608519,0,6,False,True,False,False,False,False,9,4,5,19,53
TX001000,127.8,2023-03-02 16:05:52,31,47,1,8630.99,2024-11-04 08:07:02,-52934470.0,0.014805392499296223,0,4,False,True,False,True,False,False,10,6,4,45,55
TX001001,16.73,2023-02-22 17:39:54,45,48,1,2202.62,2024-11-04 08:09:36,-53620182.0,0.007592053076301722,0,4,True,False,True,True,False,False,9,4,5,24,63
TX001002,317.12,2023-12-11 16:03:50,44,80,1,14409.74,2024-11-04 08:08:08,-28397058.0,0.022005809555928426,0,2,True,True,False,False,False,False,7,4,4,27,70
TX001003,476.63,2023-07-25 17:17:49,79,115,1,4894.25,2024-11-04 08:09:09,-40402280.0,0.09736581379909096,0,2,True,False,False,False,True,False,3,9,4,23,68
TX001004,156.58,2023-09-18 16:03:10,24,160,1,8981.61,2024-11-04 08:09:39,-35654789.0,0.017431459230669036,0,4,True,True,False,False,False,True,8,6,4,22,42
TX001005,55.12,2023-09-18 16:19:03,34,261,1,3791.99,2024-11-04 08:11:19,-35653936.0,0.01453207100466914,0,3,False,False,True,True,False,False,6,4,9,25,63
TX001006,15.74,2023-01-09 16:05:02,27,38,1,690.16,2024-11-04 08:10:02,-57427500.0,0.02277330864054633,0,2,True,True,False,False,False,True,5,2,4,23,62
TX001007,353.68,2023-11-06 16:32:58,70,145,1,6777.12,2024-11-04 08:08:35,-31419337.0,0.05217966043681729,0,1,True,False,True,False,True,False,3,5,6,26,55
TX001008,297.15,2023-10-12 18:11:27,76,178,1,5449.37,2024-11-04 08:10:07,-33573520.0,0.05451923447398983,0,3,True,False,True,False,True,False,6,5,3,21,55
TX001009,647.85,2023-12-04 16:31:42,36,121,1,13779.97,2024-11-04 08:09:34,-29000272.0,0.047010478943064246,0,3,True,True,False,False,False,False,5,7,4,21,65
TX001010,75.04,2023-07-27 17:04:46,49,178,1,9648.6,2024-11-04 08:07:28,-40230162.0,0.0077764881445863045,0,5,True,False,False,True,False,False,8,8,7,22,46
TX001011,273.92,2023-05-08 17:54:56,28,35,1,1029.15,2024-11-04 08:09:46,-47139290.0,0.26590302383148084,0,4,True,False,True,False,False,True,7,8,9,21,55
TX001012,215.8,2023-05-18 16:03:58,51,66,1,3656.62,2024-11-04 08:08:31,-46281873.0,0.05900011482876844,0,5,False,True,False,False,True,False,9,5,7,24,60
TX001013,963.77,2023-07-11 16:45:22,41,248,1,6710.51,2024-11-04 08:10:12,-41613890.0,0.14359957744233412,0,5,True,False,False,True,False,False,11,1,4,23,51
TX001014,420.6,2023-04-17 16:10:19,26,55,1,1778.75,2024-11-04 08:09:30,-48959951.0,0.23632532659081332,0,2,True,True,False,False,False,True,3,3,3,21,51
TX001015,688.36,2023-06-30 16:31:49,23,22,1,5191.13,2024-11-04 08:11:05,-42565156.0,0.1325775741362408,0,5,False,True,False,False,False,True,7,5,13,29,63
TX001016,285.18,2023-03-08 16:39:14,55,150,1,14847.97,2024-11-04 08:09:38,-52414224.0,0.019205372493849744,0,3,False,True,False,False,False,False,5,7,4,27,53
TX001017,213.55,2023-03-30 16:00:25,63,15,1,5238.37,2024-11-04 08:07:06,-50515601.0,0.04075871717401138,0,3,True,False,False,False,False,False,4,3,5,16,61
TX001018,463.11,2023-09-26 16:50:05,51,159,1,10238.82,2024-11-04 08:07:18,-34960633.0,0.04522638093247733,0,3,False,True,False,False,False,False,7,5,11,25,55
TX001019,150.03,2023-07-10 16:17:21,73,176,1,7491.42,2024-11-04 08:11:30,-41702049.0,0.020024237829699882,0,3,True,False,False,False,True,False,4,1,3,27,54
TX001020,428.61,2023-10-09 16:00:26,51,131,1,2116.36,2024-11-04 08:07:48,-33840442.0,0.20242660671779952,0,1,True,True,False,False,True,False,5,5,6,24,60
TX001021,309.56,2023-06-05 17:29:48,58,147,1,972.04,2024-11-04 08:09:17,-44721569.0,0.3181369727863192,0,2,True,False,True,False,False,False,8,2,6,27,68
TX001022,377.08,2023-02-15 17:33:23,26,71,1,6430.86,2024-11-04 08:10:33,-54225430.0,0.05862689797352554,0,4,False,True,False,False,False,True,6,3,4,24,61
TX001023,77.25,2023-12-22 17:49:57,68,157,1,14077.97,2024-11-04 08:07:50,-27440273.0,0.005486907067775555,0,1,True,True,False,False,False,False,5,9,5,27,55
TX001024,146.92,2023-09-08 16:28:54,64,272,1,3990.6,2024-11-04 08:07:41,-36517127.0,0.03680729532017236,0,3,True,False,False,False,True,False,5,3,9,26,42
TX001025,126.6,2023-05-26 16:00:45,22,146,1,961.65,2024-11-04 08:08:35,-45590870.0,0.13151197216018282,0,2,True,True,False,False,False,True,2,2,4,19,59
TX001026,101.34,2023-03-03 17:49:53,24,46,1,703.26,2024-11-04 08:10:15,-52842022.0,0.14389572033055975,0,1,True,False,False,False,False,True,2,7,6,32,61
TX001027,184.97,2023-06-26 16:46:41,58,268,1,1156.67,2024-11-04 08:11:06,-42909865.0,0.15977782960601897,0,1,True,True,False,False,False,False,7,4,5,21,62
TX001028,451.15,2023-02-27 16:47:50,46,175,1,1356.47,2024-11-04 08:10:45,-53191375.0,0.33234620286267835,0,3,True,False,False,True,False,False,7,4,5,27,60
TX001029,516.47,2023-12-21 17:00:50,25,94,1,1305.06,2024-11-04 08:09:51,-27529741.0,0.3954412507848032,0,3,False,False,False,False,False,True,7,4,4,45,68
TX001030,880.04,2023-10-30 18:58:42,25,29,1,261.97,2024-11-04 08:07:37,-32015335.0,3.3465414305814347,0,3,True,False,False,False,False,True,8,4,6,23,53
TX001031,353.69,2023-08-22 16:49:26,59,163,1,9500.79,2024-11-04 08:08:51,-37984765.0,0.03722351262235852,0,2,True,False,True,True,False,False,4,4,9,32,59
TX001032,66.69,2023-11-01 16:03:17,25,140,1,1210.33,2024-11-04 08:07:16,-31853039.0,0.055055187273492776,0,3,False,True,False,False,False,True,7,3,3,24,59
TX001033,95.75,2023-07-12 16:54:53,31,169,1,337.62,2024-11-04 08:07:32,-41526759.0,0.2827653416809403,0,3,True,True,False,True,False,False,6,1,5,29,69
TX001034,43.91,2023-08-17 18:31:23,27,86,1,1806.68,2024-11-04 08:12:22,-38410859.0,0.02429080368206762,0,3,True,False,True,False,False,True,9,7,7,24,41
TX001035,98.03,2023-12-18 18:41:26,54,165,1,6323.45,2024-11-04 08:08:36,-27782830.0,0.015500162069428962,0,7,True,True,False,True,False,False,8,9,9,21,46
TX001036,617.66,2023-02-16 17:05:58,42,128,1,7155.95,2024-11-04 08:08:03,-54140525.0,0.08630212590558828,0,1,True,False,False,True,False,False,2,3,4,27,61
TX001037,888.57,2023-06-13 16:24:43,62,102,1,7896.14,2024-11-04 08:10:57,-44034374.0,0.11251794953616119,0,4,True,False,True,False,True,False,7,3,7,22,59
TX001038,107.48,2023-12-04 18:01:53,22,129,1,591.23,2024-11-04 08:08:11,-28994778.0,0.1814835452442463,0,5,True,True,False,False,False,True,9,6,5,19,65
TX001039,36.57,2023-08-07 16:49:34,62,69,1,2583.07,2024-11-04 08:07:02,-39280648.0,0.014152093403042486,0,2,True,False,False,False,True,False,7,5,6,23,65
TX001040,575.62,2023-06-12 18:30:51,43,129,1,234.41,2024-11-04 08:11:33,-44113242.0,2.445180748481373,0,5,True,False,True,False,False,False,8,6,4,23,68
TX001041,84.89,2023-05-22 17:27:11,37,70,1,4735.61,2024-11-04 08:12:16,-45931505.0,0.017922100405142076,0,1,True,False,False,True,False,False,5,5,6,27,59
TX001042,832.3,2023-07-12 16:55:44,69,86,1,6617.52,2024-11-04 08:06:47,-41526663.0,0.12575318953482045,0,3,False,True,False,False,True,False,7,4,3,24,59
TX001043,180.65,2023-12-04 17:54:09,22,38,5,816.01,2024-11-04 08:09:50,-28995341.0,0.22111112471083585,1,2,True,True,False,False,False,True,5,2,5,21,68
TX001044,7.76,2023-03-27 17:16:08,52,84,1,7393.11,2024-11-04 08:12:15,-50770567.0,0.0010494839811687952,0,3,False,False,True,False,True,False,4,6,3,31,55
TX001045,109.3,2023-08-02 16:52:15,56,27,1,13510.11,2024-11-04 08:06:29,-39712454.0,0.008089638823161088,0,4,True,True,False,False,False,False,5,4,5,22,70
TX001046,230.08,2023-05-01 16:23:40,79,124,1,4466.1,2024-11-04 08:11:47,-47749687.0,0.05150545096371247,0,3,True,False,True,False,True,False,3,5,5,16,59
TX001047,361.92,2023-02-20 16:08:48,54,111,1,7474.31,2024-11-04 08:10:23,-53798495.0,0.04841538344229202,0,3,True,False,False,False,True,False,4,5,5,27,63
TX001048,71.29,2023-02-02 17:02:05,68,55,2,7225.63,2024-11-04 08:07:50,-55350345.0,0.009864902451073323,1,1,True,False,False,False,True,False,3,4,6,19,60
TX001049,122.45,2023-01-16 16:50:13,46,98,1,7255.49,2024-11-04 08:07:54,-56819861.0,0.016874549541169355,0,3,True,True,False,False,False,False,7,1,3,33,58
TX001050,642.53,2023-08-14 16:36:43,65,128,1,11417.91,2024-11-04 08:12:10,-38676927.0,0.05626894335799126,0,2,True,False,False,False,False,False,5,7,6,26,61
TX001051,62.86,2023-05-08 16:24:00,25,31,1,1040.43,2024-11-04 08:10:33,-47144793.0,0.06035931363605811,0,3,True,True,False,False,False,True,4,5,13,24,63
TX001052,175.21,2023-12-21 18:44:40,69,69,1,6039.04,2024-11-04 08:08:37,-27523437.0,0.029008086039165305,0,1,False,False,False,False,False,False,8,5,4,24,61
TX001053,168.0,2023-08-24 16:01:40,32,11,1,3498.58,2024-11-04 08:12:20,-37815040.0,0.048005760691282956,0,3,False,True,False,True,False,False,4,6,4,24,67
TX001054,11.46,2023-10-09 16:50:41,67,73,1,6628.75,2024-11-04 08:07:19,-33837398.0,0.001728571967268751,0,2,True,False,True,False,True,False,3,7,2,22,60
TX001055,382.07,2023-06-05 17:48:07,62,147,1,10156.09,2024-11-04 08:08:17,-44720410.0,0.037616088860096736,0,1,False,True,False,False,False,False,4,1,5,31,65
TX001056,13.48,2023-09-20 17:49:53,18,20,3,521.88,2024-11-04 08:10:20,-35475627.0,0.02578029375764994,1,4,True,False,True,False,False,True,7,3,6,27,55
TX001057,65.32,2023-11-02 16:15:50,28,54,1,9165.02,2024-11-04 08:11:09,-31766119.0,0.0071263209113661095,0,3,True,False,False,False,False,True,4,4,5,27,61
TX001058,83.07,2023-01-06 16:13:53,27,291,4,6704.76,2024-11-04 08:10:42,-57686209.0,0.012387857603015914,1,1,True,True,False,True,False,False,3,4,4,45,64
TX001059,730.1,2023-07-25 18:04:46,77,93,1,6384.05,2024-11-04 08:06:48,-40399322.0,0.11434522830674779,0,2,False,True,False,False,True,False,6,7,7,24,60
TX001060,85.31,2023-12-11 16:06:04,62,27,1,6095.65,2024-11-04 08:08:13,-28396929.0,0.01399293054382325,0,3,True,False,False,False,True,False,4,5,7,30,61
TX001061,726.61,2023-11-03 16:31:22,18,277,1,1008.76,2024-11-04 08:10:14,-31678732.0,0.7195868325146569,0,4,True,False,False,False,False,True,4,5,3,23,55
TX001062,130.4,2023-04-03 16:31:32,45,63,1,4381.24,2024-11-04 08:09:41,-50168289.0,0.02975647157618022,0,1,True,True,False,True,False,False,5,3,6,20,59
TX001063,68.1,2023-01-02 16:00:06,20,47,1,1382.8,2024-11-04 08:10:15,-58032609.0,0.04921231391819627,0,5,True,False,False,False,False,True,11,5,2,22,55
TX001064,65.26,2023-12-08 17:05:35,26,72,1,7380.63,2024-11-04 08:10:54,-28652719.0,0.008840865770839233,0,1,True,True,False,False,False,True,2,5,8,45,53
TX001065,191.62,2023-07-28 17:19:48,63,51,1,1981.67,2024-11-04 08:07:04,-40142836.0,0.09664745015559825,0,3,True,True,False,False,False,False,7,9,5,22,60
TX001066,212.88,2023-05-19 18:44:23,39,122,1,7036.72,2024-11-04 08:11:36,-46186033.0,0.03024843273105494,0,4,True,False,True,False,False,False,7,9,5,29,60
TX001067,88.38,2023-01-17 16:10:33,30,138,1,3707.82,2024-11-04 08:08:14,-56735861.0,0.02382968167773038,0,3,True,False,False,True,False,False,7,4,6,45,55
TX001068,48.77,2023-06-15 17:49:07,42,51,1,2040.16,2024-11-04 08:08:21,-43856354.0,0.023893276372258913,0,2,False,False,True,True,False,False,7,5,4,33,59
TX001069,289.1,2023-07-11 16:08:55,27,206,1,267.53,2024-11-04 08:09:54,-41616059.0,1.0766022418351768,0,3,True,False,False,False,False,True,8,2,6,29,51
TX001070,390.09,2023-10-09 16:52:40,26,49,1,2617.23,2024-11-04 08:10:14,-33837454.0,0.14898996650408863,0,2,True,False,True,True,False,False,5,7,6,27,46
TX001071,48.29,2023-09-25 17:58:54,37,242,1,8883.4,2024-11-04 08:07:56,-35042942.0,0.005435369861780199,0,3,True,False,True,True,False,False,5,7,3,30,59
TX001072,333.83,2023-07-31 17:46:50,63,135,1,1660.66,2024-11-04 08:11:07,-39882257.0,0.20090150813042376,0,3,True,False,False,False,True,False,6,4,8,26,60
TX001073,1074.29,2023-01-05 16:43:14,67,79,1,2011.6,2024-11-04 08:11:13,-57770879.0,0.5337821723144192,0,5,True,True,False,False,True,False,5,3,4,23,42
TX001074,100.27,2023-07-10 17:25:41,79,51,1,4309.9,2024-11-04 08:10:38,-41697897.0,0.023259644157832472,0,6,True,False,True,False,True,False,9,1,6,21,64
TX001075,44.54,2023-10-16 16:23:58,31,164,1,362.4,2024-11-04 08:07:59,-33234241.0,0.12256466703357183,0,3,True,False,False,True,False,False,7,8,4,26,59
TX001076,1156.18,2023-09-21 16:11:47,52,40,1,836.69,2024-11-04 08:11:37,-35395190.0,1.3802003127648652,0,4,False,False,True,False,False,False,6,4,4,27,55
TX001077,82.17,2023-12-18 18:25:05,28,21,1,1913.06,2024-11-04 08:09:37,-27783872.0,0.0429296887244914,0,5,True,True,False,False,False,True,9,6,4,28,70
TX001078,1045.45,2023-10-30 16:45:47,19,150,1,563.46,2024-11-04 08:11:59,-32023572.0,1.8521241540587463,0,3,True,False,True,False,False,True,7,5,7,25,51
TX001079,447.42,2023-12-18 16:32:56,32,65,1,6133.22,2024-11-04 08:08:15,-27790519.0,0.07293836869235208,0,4,True,False,True,True,False,False,8,3,5,22,68
TX001080,590.26,2023-06-19 16:20:40,25,48,1,1068.28,2024-11-04 08:08:42,-43516082.0,0.552016310040401,0,3,False,True,False,False,False,True,7,3,4,22,59
TX001081,192.73,2023-10-16 16:51:25,71,157,1,2037.75,2024-11-04 08:11:39,-33232814.0,0.0945334150827713,0,3,True,True,False,False,True,False,5,6,7,19,55
TX001082,146.01,2023-04-25 16:28:35,26,269,1,221.79,2024-11-04 08:09:53,-48267678.0,0.655370528300193,0,4,True,False,True,False,False,True,7,5,7,23,57
TX001083,136.05,2023-01-23 16:19:25,24,63,3,1127.54,2024-11-04 08:12:00,-56217155.0,0.12055399011111703,1,5,True,False,True,False,False,True,7,6,4,32,61
TX001084,11.57,2023-12-20 16:17:16,56,64,1,2061.61,2024-11-04 08:10:56,-27618820.0,0.005609397801814206,0,4,False,True,False,False,True,False,7,3,5,23,58
TX001085,102.34,2023-05-18 16:19:38,51,78,1,9326.28,2024-11-04 08:09:36,-46280998.0,0.010972116201078986,0,3,True,False,True,False,False,False,8,6,6,21,59
TX001086,7.82,2023-01-09 17:56:30,36,273,1,2240.49,2024-11-04 08:09:35,-57420785.0,0.0034887507863073227,0,3,True,False,False,True,False,False,5,4,4,24,61
TX001087,79.43,2023-07-24 17:30:24,74,72,1,6579.37,2024-11-04 08:07:37,-40487833.0,0.012070749821058695,0,5,True,False,False,False,True,False,8,3,9,30,49
TX001088,386.97,2023-01-31 16:51:55,58,137,1,1876.35,2024-11-04 08:06:24,-55523669.0,0.2061256558446747,0,2,True,True,False,False,True,False,4,2,5,22,59
TX001089,51.22,2023-06-29 16:11:08,23,82,1,1664.59,2024-11-04 08:10:07,-42652739.0,0.03075186570524559,0,5,True,True,False,False,False,True,12,5,9,26,60
TX001090,256.05,2023-06-07 16:26:52,54,35,1,6910.18,2024-11-04 08:11:46,-44552694.0,0.03704866607438961,0,4,True,False,False,False,True,False,6,5,4,30,55
TX001091,7.79,2023-06-16 17:33:15,34,298,1,1319.85,2024-11-04 08:09:15,-43770960.0,0.005897717378960519,0,3,True,True,False,False,False,False,6,8,3,26,69
TX001092,233.71,2023-10-03 17:06:56,63,11,1,6095.5,2024-11-04 08:08:48,-34354912.0,0.0383351103091938,0,5,True,True,False,False,False,False,8,4,8,24,51
TX001093,176.37,2023-01-16 16:38:57,55,126,1,2420.86,2024-11-04 08:07:09,-56820492.0,0.07282419297564681,0,3,True,True,False,False,True,False,6,7,3,27,61
TX001094,122.63,2023-04-20 18:39:10,21,153,1,359.06,2024-11-04 08:10:10,-48691860.0,0.34058212520135533,0,4,True,True,False,False,False,True,7,6,4,25,55
TX001095,86.41,2023-03-27 17:54:30,75,125,1,3128.71,2024-11-04 08:11:25,-50768215.0,0.027609586830728724,0,3,True,False,False,False,True,False,6,3,4,25,60
TX001096,21.57,2023-10-26 16:11:13,54,71,1,7587.48,2024-11-04 08:09:29,-32371096.0,0.002842466475499705,0,3,True,False,False,False,True,False,6,4,3,27,57
TX001097,82.67,2023-08-25 16:40:17,26,46,1,290.59,2024-11-04 08:07:11,-37726014.0,0.28351452381768927,0,4,True,True,False,False,False,True,4,4,2,33,55
TX001098,451.35,2023-09-05 18:45:04,47,223,1,7707.96,2024-11-04 08:07:07,-36768123.0,0.05854875365808099,0,5,False,True,False,True,False,False,6,4,5,33,51
TX001099,299.42,2023-12-04 17:25:18,63,53,1,4735.41,2024-11-04 08:09:38,-28997060.0,0.06321665565269899,0,2,False,True,False,False,True,False,5,4,9,32,59
TX001100,543.47,2023-08-14 17:18:07,18,122,1,6165.03,2024-11-04 08:11:42,-38674415.0,0.08813937006469318,0,6,True,False,False,False,False,True,11,5,5,22,69
TX001101,346.76,2023-12-29 16:32:37,21,116,1,1637.75,2024-11-04 08:09:55,-26840238.0,0.2116003051106026,0,3,False,True,False,False,False,True,5,4,6,23,59
TX001102,47.48,2023-02-20 16:47:23,24,66,1,585.52,2024-11-04 08:08:50,-53796087.0,0.08095205619586715,0,2,True,True,False,False,False,True,6,5,5,19,46
TX001103,64.92,2023-05-19 18:47:11,58,236,1,5481.76,2024-11-04 08:11:10,-46185839.0,0.011840751738175663,0,4,True,True,False,True,False,False,7,7,3,18,61
TX001104,350.72,2023-08-02 16:37:39,28,48,1,1982.9,2024-11-04 08:07:16,-39713377.0,0.17678310398709612,0,2,False,False,False,False,False,True,5,2,4,22,60
TX001105,3.8,2023-08-01 16:13:25,65,174,1,5766.96,2024-11-04 08:12:18,-39801533.0,0.0006588117809416153,0,2,True,False,True,False,False,False,5,4,5,27,68
TX001106,22.54,2023-08-29 16:19:14,26,42,1,7139.11,2024-11-04 08:10:34,-37381880.0,0.003156814110706978,0,3,True,False,True,True,False,False,5,4,5,24,46
TX001107,767.14,2023-08-29 16:24:23,62,38,1,4732.57,2024-11-04 08:08:42,-37381459.0,0.16206372779952552,0,3,False,True,False,False,True,False,6,8,5,25,61
TX001108,167.47,2023-12-01 17:45:19,35,103,1,2293.13,2024-11-04 08:12:04,-29255205.0,0.07299935051631773,0,2,True,False,False,True,False,False,5,5,5,20,53
TX001109,43.65,2023-10-30 16:23:34,30,212,1,2870.67,2024-11-04 08:11:55,-32024901.0,0.015200214509327325,0,5,False,True,False,True,False,False,7,5,7,34,68
TX001110,391.08,2023-04-28 17:12:06,56,105,1,6885.16,2024-11-04 08:10:52,-48005926.0,0.05679217444845894,0,3,True,False,True,False,True,False,5,6,3,25,60
TX001111,390.77,2023-10-30 16:02:32,44,34,1,5500.56,2024-11-04 08:09:06,-32025994.0,0.07102894451755501,0,6,True,False,True,False,False,False,9,9,6,21,42
TX001112,508.16,2023-03-28 18:19:10,39,131,1,5609.44,2024-11-04 08:09:54,-50680244.0,0.09057400132609922,0,2,True,False,False,True,False,False,6,3,3,31,61
TX001113,36.76,2023-04-10 16:51:43,65,108,1,1228.93,2024-11-04 08:12:08,-49562425.0,0.029887879798037285,0,4,False,False,True,False,True,False,5,6,4,24,67
TX001114,332.33,2023-06-20 17:05:38,27,101,1,192.63,2024-11-04 08:11:27,-43427149.0,1.7163146206682849,0,2,True,False,False,False,False,True,5,6,7,25,61
TX001115,362.09,2023-02-27 16:59:07,32,31,1,6590.28,2024-11-04 08:07:38,-53190511.0,0.05493470160575791,0,4,True,True,False,True,False,False,5,5,6,23,58
TX001116,42.58,2023-02-06 16:32:53,30,80,1,13485.0,2024-11-04 08:10:23,-55006650.0,0.0031573483612635325,0,1,True,False,True,False,False,False,6,5,4,27,59
TX001117,122.35,2023-04-12 17:50:15,53,188,1,6472.5,2024-11-04 08:09:08,-49385933.0,0.018900131304549317,0,1,False,True,False,False,True,False,3,8,3,21,61
TX001118,248.66,2023-02-03 17:46:54,28,113,1,2571.39,2024-11-04 08:11:30,-55261476.0,0.09666496915319994,0,3,True,False,True,True,False,False,6,8,5,27,60
TX001119,461.25,2023-08-28 17:32:47,54,171,1,676.1,2024-11-04 08:09:11,-37463784.0,0.681214000886132,0,5,False,False,True,False,False,False,12,2,8,24,53
TX001120,61.77,2023-09-28 17:06:32,56,49,1,12352.2,2024-11-04 08:11:35,-34787103.0,0.005000323802739371,0,5,True,True,False,False,False,False,6,4,5,18,68
TX001121,268.92,2023-08-14 16:32:28,29,148,1,8765.38,2024-11-04 08:06:36,-38676848.0,0.03067628827406524,0,6,True,True,False,True,False,False,12,3,4,17,60
TX001122,303.97,2023-02-02 16:55:25,24,77,5,1590.88,2024-11-04 08:07:47,-55350742.0,0.19095032288865996,1,4,True,False,True,False,False,True,6,6,5,22,70
TX001123,219.02,2024-01-01 16:30:58,54,68,1,7375.73,2024-11-04 08:09:13,-26581095.0,0.029690662393770686,0,2,False,False,True,True,False,False,7,5,2,23,59
TX001124,125.14,2023-08-28 17:19:18,20,31,1,1845.18,2024-11-04 08:10:42,-37464684.0,0.06778320640457593,0,3,True,True,False,False,False,True,6,7,6,19,51
TX001125,47.6,2023-02-23 18:42:51,53,115,1,1382.51,2024-11-04 08:08:20,-53529929.0,0.03440524463140852,0,5,True,False,True,True,False,False,5,2,4,45,59
TX001126,592.82,2023-09-14 17:25:49,74,248,1,7508.98,2024-11-04 08:12:14,-35995585.0,0.0789376269976751,0,4,True,False,True,False,True,False,10,4,5,21,63
TX001127,372.5,2023-10-16 18:15:48,22,211,1,3901.82,2024-11-04 08:10:26,-33227678.0,0.09544380729831249,0,4,True,False,False,False,False,True,7,2,8,24,55
TX001128,4.72,2023-04-17 16:03:52,32,20,1,4792.01,2024-11-04 08:09:28,-48960336.0,0.0009847674008608368,0,2,True,True,False,True,False,False,3,2,7,23,70
TX001129,144.93,2023-05-16 16:32:00,42,74,1,6887.52,2024-11-04 08:09:18,-46453038.0,0.02103935242983979,0,5,True,True,False,True,False,False,9,3,6,23,60
TX001130,316.56,2023-08-29 18:30:14,28,261,1,8643.51,2024-11-04 08:09:57,-37373983.0,0.03661977370608629,0,4,True,False,True,True,False,False,5,2,3,27,62
TX001131,9.18,2023-07-06 18:10:59,22,140,1,887.32,2024-11-04 08:09:48,-42040729.0,0.010334113832853025,0,4,True,False,True,False,False,True,6,4,4,28,57
TX001132,421.25,2023-01-05 16:13:59,25,66,1,7174.69,2024-11-04 08:07:46,-57772427.0,0.05870515588047979,0,4,True,False,True,False,False,True,6,7,4,29,70
TX001133,185.71,2023-08-07 16:15:16,48,194,1,2679.91,2024-11-04 08:09:41,-39282865.0,0.0692712549097135,0,3,True,True,False,True,False,False,6,4,7,27,55
TX001134,1432.02,2023-09-08 17:50:09,60,138,1,4315.07,2024-11-04 08:09:36,-36512367.0,0.33178794597863337,0,4,True,True,False,False,True,False,8,3,6,23,51
TX001135,26.27,2023-03-17 16:22:52,45,177,1,8853.93,2024-11-04 08:10:21,-51637649.0,0.002966708940669209,0,1,False,False,True,True,False,False,6,5,7,19,42
TX001136,297.03,2023-09-08 17:08:30,61,151,1,1088.62,2024-11-04 08:10:10,-36514900.0,0.27259962188652925,0,4,True,False,True,False,True,False,8,2,5,20,59
TX001137,341.67,2023-03-06 16:45:24,53,96,5,1442.29,2024-11-04 08:09:03,-52586619.0,0.23672997110767763,1,4,True,True,False,False,True,False,9,4,3,23,65
TX001138,99.52,2023-04-10 17:49:04,52,127,1,3798.09,2024-11-04 08:11:40,-49558956.0,0.02619574687622562,0,2,True,False,False,True,False,False,4,4,3,22,59
TX001139,881.1,2023-11-13 16:46:06,28,16,1,9951.68,2024-11-04 08:08:10,-30813724.0,0.08852891884396967,0,3,True,True,False,False,False,True,9,7,5,23,55
TX001140,139.69,2023-06-15 17:22:42,52,180,1,9567.94,2024-11-04 08:07:56,-43857914.0,0.014598273162962668,0,4,True,False,True,True,False,False,6,4,10,31,58
TX001141,42.72,2023-08-17 16:55:10,37,143,1,2669.66,2024-11-04 08:06:59,-38416309.0,0.015996045921232955,0,4,True,False,False,True,False,False,6,6,7,32,55
TX001142,112.72,2023-03-27 16:34:18,31,17,1,9630.0,2024-11-04 08:12:19,-50773081.0,0.011703872910393522,0,3,True,True,False,False,False,False,9,8,4,33,48
TX001143,568.88,2023-02-10 16:28:47,19,105,1,1307.86,2024-11-04 08:08:34,-54661187.0,0.43463777638555695,0,4,True,True,False,False,False,True,7,7,5,21,55
TX001144,189.03,2023-04-20 17:54:10,28,50,1,1916.46,2024-11-04 08:09:07,-48694497.0,0.09858354281184484,0,4,True,False,False,False,False,True,7,5,7,26,68
TX001145,199.8,2023-07-24 16:18:50,20,163,1,167.28,2024-11-04 08:11:34,-40492364.0,1.187306869503209,0,3,True,False,False,False,False,True,5,3,2,31,63
TX001146,189.08,2023-03-13 16:13:13,68,238,1,10790.8,2024-11-04 08:08:48,-51983735.0,0.017520710168831895,0,3,True,True,False,False,False,False,5,4,5,26,64
TX001147,958.9,2023-07-04 16:30:15,31,135,1,9977.49,2024-11-04 08:06:56,-42219401.0,0.09609670401032622,0,3,True,True,False,True,False,False,4,6,5,26,63
TX001148,409.59,2023-03-20 16:08:11,35,50,1,14563.02,2024-11-04 08:11:25,-51379394.0,0.028123416474297617,0,3,True,False,True,False,False,False,3,7,5,29,41
TX001149,349.34,2023-01-09 16:53:25,28,245,1,614.14,2024-11-04 08:10:29,-57424624.0,0.5679032415385116,0,2,False,False,False,False,False,True,4,4,3,28,58
TX001150,283.15,2023-08-11 16:31:43,24,180,1,603.79,2024-11-04 08:11:16,-38936373.0,0.46817903735180805,0,3,True,False,True,False,False,True,6,6,2,22,51
TX001151,151.82,2023-07-17 16:32:45,51,105,1,2197.12,2024-11-04 08:11:54,-41096349.0,0.06906811275089622,0,2,True,False,False,False,True,False,3,3,5,33,60
TX001152,438.59,2023-10-30 17:48:09,37,103,1,8994.39,2024-11-04 08:09:32,-32019683.0,0.04875719674188668,0,2,True,False,True,True,False,False,4,3,7,22,59
TX001153,590.57,2023-06-28 16:07:37,79,93,1,3224.6,2024-11-04 08:07:19,-42739182.0,0.18308841765873018,0,3,True,False,False,False,True,False,6,4,6,24,55
TX001154,63.74,2023-09-12 17:50:26,63,31,1,4336.4,2024-11-04 08:08:53,-36166707.0,0.01469543966431503,0,2,True,False,True,False,True,False,5,4,2,22,60
TX001155,77.02,2023-08-17 16:18:22,59,132,1,800.83,2024-11-04 08:07:54,-38418572.0,0.09605527356172754,0,4,False,False,True,False,False,False,5,8,6,24,64
TX001156,501.15,2023-08-21 18:07:14,47,208,1,8821.84,2024-11-04 08:11:33,-38066659.0,0.05680143808569576,0,2,True,True,False,True,False,False,4,3,6,30,55
TX001157,917.81,2023-08-30 18:38:56,64,75,2,3173.17,2024-11-04 08:09:46,-37287050.0,0.289149604463529,1,3,True,False,False,False,True,False,4,5,5,28,61
TX001158,8.95,2023-10-04 16:01:18,76,102,1,3299.84,2024-11-04 08:09:45,-34272507.0,0.002711431029677294,0,1,True,False,True,False,True,False,2,6,6,21,68
TX001159,173.6,2023-11-28 16:38:08,21,160,1,421.44,2024-11-04 08:09:35,-29518287.0,0.41094593315026984,0,3,True,False,True,False,False,True,6,5,7,24,59
TX001160,149.4,2023-05-02 16:30:52,53,123,1,1035.22,2024-11-04 08:10:16,-47662764.0,0.1441778772847465,0,2,True,False,False,False,True,False,4,4,4,25,60
TX001161,388.21,2023-12-19 16:39:57,53,237,1,9724.49,2024-11-04 08:08:17,-27703700.0,0.039916754837031346,0,5,False,True,False,False,False,False,9,3,6,33,54
TX001162,484.3,2023-10-17 17:46:52,61,230,3,7910.3,2024-11-04 08:11:08,-33143056.0,0.06121623500562486,1,4,False,False,True,False,True,False,12,5,5,45,61
TX001163,126.04,2023-06-19 16:38:13,65,167,1,6041.69,2024-11-04 08:08:06,-43514993.0,0.020858260145729803,0,4,False,True,False,False,True,False,7,1,7,30,68
TX001164,52.04,2023-07-27 16:28:26,50,31,1,8436.12,2024-11-04 08:07:38,-40232352.0,0.006167981491314571,0,1,False,True,False,False,False,False,1,7,6,32,60
TX001165,389.7,2023-03-10 16:40:00,62,216,1,7125.15,2024-11-04 08:10:42,-52241442.0,0.054685910344295305,0,2,False,True,False,False,False,False,2,1,2,26,59
TX001166,161.1,2023-04-10 17:28:48,19,104,1,239.12,2024-11-04 08:10:34,-49560106.0,0.6709145427286356,0,4,False,False,False,False,False,True,8,4,4,31,64
TX001167,309.77,2023-05-08 16:31:56,67,137,1,4378.14,2024-11-04 08:06:24,-47144068.0,0.07073763341660691,0,3,False,False,True,False,True,False,7,6,5,19,59
TX001168,838.57,2023-06-26 16:08:25,41,273,1,14576.47,2024-11-04 08:11:25,-42912180.0,0.05752507122292141,0,4,True,False,False,False,False,False,7,7,4,26,55
TX001169,202.55,2023-11-14 18:49:52,21,34,2,701.73,2024-11-04 08:09:12,-30719960.0,0.2882330340244475,1,3,True,False,False,False,False,True,6,4,5,25,49
TX001170,724.18,2023-02-06 16:07:26,41,134,1,10922.78,2024-11-04 08:08:21,-55008055.0,0.06629390192772099,0,2,True,True,False,False,False,False,3,3,8,31,70
TX001171,124.98,2023-02-21 16:52:16,24,78,1,642.0,2024-11-04 08:08:27,-53709371.0,0.1943701399688958,0,2,True,False,False,False,False,True,5,3,6,29,48
TX001172,487.32,2023-10-19 18:11:23,52,164,1,7707.96,2024-11-04 08:09:23,-32968680.0,0.0632147527033478,0,1,True,True,False,False,False,False,1,4,3,32,61
TX001173,635.91,2023-11-28 16:55:41,46,78,1,13267.09,2024-11-04 08:10:43,-29517302.0,0.04792777257314353,0,2,False,True,False,False,False,False,5,7,6,27,60
TX001174,205.65,2023-07-13 16:44:25,62,144,1,3582.16,2024-11-04 08:09:27,-41441102.0,0.057393473916877845,0,2,True,True,False,False,True,False,3,5,3,19,63
TX001175,39.41,2023-11-27 16:27:56,25,132,1,921.91,2024-11-04 08:11:02,-29605386.0,0.0427018885915203,0,3,True,True,False,False,False,True,6,5,4,26,51
TX001176,254.0,2023-05-15 17:33:32,35,63,1,5788.53,2024-11-04 08:08:07,-46535675.0,0.04387230051489499,0,3,True,True,False,False,False,False,10,4,11,22,55
TX001177,436.8,2023-11-16 16:30:01,36,213,1,4515.43,2024-11-04 08:06:59,-30555418.0,0.09671355473238819,0,6,True,True,False,True,False,False,12,4,2,22,63
TX001178,224.73,2023-02-09 16:27:52,76,63,1,7551.89,2024-11-04 08:08:39,-54747647.0,0.029754173567998473,0,4,True,True,False,False,True,False,4,6,2,31,64
TX001179,752.69,2023-05-29 18:55:01,65,115,1,14489.69,2024-11-04 08:09:14,-45321253.0,0.05194300616464779,0,3,False,False,False,False,False,False,7,4,3,22,49
TX001180,78.5,2023-02-14 16:06:36,31,41,1,13991.5,2024-11-04 08:11:54,-54317118.0,0.005610148293728783,0,7,False,True,False,False,False,False,11,7,9,29,59
TX001181,50.0,2023-02-24 18:05:12,53,87,1,185.87,2024-11-04 08:11:22,-53445970.0,0.26756568737625086,0,2,False,False,False,False,False,False,6,7,6,27,60
TX001182,132.42,2023-07-24 16:22:38,18,164,1,726.39,2024-11-04 08:11:58,-40492160.0,0.1820481447366612,0,5,True,False,False,False,False,True,9,4,4,15,62
TX001183,11.67,2023-11-13 16:30:21,76,105,1,7458.63,2024-11-04 08:10:20,-30814799.0,0.0015644207554530185,0,5,True,True,False,False,True,False,6,4,4,25,70
TX001184,83.16,2023-08-16 16:11:56,61,177,1,3065.87,2024-11-04 08:08:46,-38505410.0,0.027115593422610024,0,5,True,False,False,False,True,False,8,8,7,31,69
TX001185,149.02,2023-09-01 16:35:51,46,176,1,9379.72,2024-11-04 08:06:40,-37121449.0,0.015885774226285405,0,5,False,True,False,True,False,False,5,2,3,30,70
TX001186,74.27,2023-07-13 17:17:07,59,148,1,13696.61,2024-11-04 08:11:20,-41439253.0,0.0054221137848135545,0,2,False,False,True,False,False,False,4,3,7,24,63
TX001187,876.57,2023-09-11 16:16:06,62,118,1,3743.63,2024-11-04 08:06:54,-36258648.0,0.23408721288885684,0,2,False,False,False,False,True,False,7,5,6,22,42
TX001188,615.58,2023-09-25 16:40:00,42,133,1,14343.0,2024-11-04 08:10:55,-35047855.0,0.04291550474065812,0,1,True,False,False,False,False,False,4,8,4,27,60
TX001189,643.03,2023-08-01 16:23:37,36,52,1,2882.16,2024-11-04 08:08:22,-39800685.0,0.223029592530418,0,3,False,False,True,True,False,False,7,6,8,31,60
TX001190,7.95,2023-01-09 16:45:12,79,65,1,5631.2,2024-11-04 08:10:06,-57425094.0,0.0014115265793118142,0,4,True,False,False,False,True,False,4,3,3,25,55
TX001191,270.92,2023-04-21 17:03:13,77,143,1,4574.43,2024-11-04 08:06:51,-48611018.0,0.05921192106534249,0,3,False,True,False,False,True,False,6,5,3,34,51
TX001192,499.48,2023-01-17 16:57:06,24,133,1,1242.62,2024-11-04 08:08:44,-56733098.0,0.40163393962786065,0,7,True,False,False,False,False,True,9,4,8,21,68
TX001193,841.5,2023-05-22 16:33:16,25,287,1,352.31,2024-11-04 08:09:07,-45934551.0,2.381761059692621,0,4,False,True,False,False,False,True,8,2,8,22,61
TX001194,138.82,2023-10-16 16:12:20,77,53,1,3100.22,2024-11-04 08:11:48,-33235168.0,0.044763028743526743,0,3,True,False,True,False,True,False,5,6,5,26,70
TX001195,231.46,2023-06-08 16:42:30,60,83,1,4707.24,2024-11-04 08:08:31,-44465161.0,0.04916062052911492,0,3,False,True,False,True,False,False,5,3,8,28,64
TX001196,292.08,2023-12-29 18:07:04,72,32,1,7950.48,2024-11-04 08:09:34,-26834550.0,0.03673278433700393,0,3,True,False,False,False,True,False,4,6,6,25,54
TX001197,63.98,2023-10-30 16:01:43,54,258,1,7954.12,2024-11-04 08:06:53,-32025910.0,0.00804261909311236,0,3,True,False,True,False,False,False,4,6,3,45,51
TX001198,235.21,2023-10-16 16:44:52,67,74,1,5946.61,2024-11-04 08:10:59,-33233167.0,0.03954697769356095,0,1,True,True,False,False,False,False,3,3,8,29,61
TX001199,201.73,2023-09-05 18:45:22,57,78,1,6650.71,2024-11-04 08:12:07,-36768405.0,0.030327539835621215,0,7,True,False,True,True,False,False,11,2,9,28,51
TX001200,161.31,2023-09-11 16:24:57,28,13,1,1268.67,2024-11-04 08:08:54,-36258237.0,0.12704876070159962,0,3,True,False,False,False,False,True,6,4,6,23,55
TX001201,18.41,2023-12-01 17:26:46,53,168,1,8287.54,2024-11-04 08:11:30,-29256284.0,0.002221139066711387,0,4,True,True,False,False,False,False,5,4,4,15,61
TX001202,471.75,2023-06-06 18:31:06,34,41,1,12948.5,2024-11-04 08:10:54,-44631588.0,0.03642997799142824,0,3,False,True,False,False,False,False,5,7,6,26,59
TX001203,290.02,2023-09-25 17:48:55,55,246,1,4746.71,2024-11-04 08:07:56,-35043541.0,0.06108629212820496,0,4,True,True,False,True,False,False,6,4,4,32,55
TX001204,48.05,2023-05-18 17:34:20,27,38,1,5334.97,2024-11-04 08:09:07,-46276487.0,0.0090049231910974,0,3,True,True,False,True,False,False,5,5,5,30,58
TX001205,359.42,2023-05-29 16:17:37,55,30,1,1765.45,2024-11-04 08:06:42,-45330545.0,0.20347023691584817,0,4,True,True,False,False,False,False,6,3,3,22,51
TX001206,32.91,2023-05-04 16:37:01,19,255,1,427.3,2024-11-04 08:06:44,-47489383.0,0.07683866448750874,0,5,True,False,True,False,False,True,9,5,6,25,70
TX001207,3.8,2023-08-08 16:47:28,67,140,1,6285.39,2024-11-04 08:08:31,-39194463.0,0.0006044804728946183,0,4,True,True,False,False,True,False,6,4,4,27,62
TX001208,31.81,2023-04-06 17:41:53,51,149,1,1406.6,2024-11-04 08:06:48,-49904695.0,0.022598749644785452,0,4,True,False,True,False,True,False,10,4,8,27,70
TX001209,220.2,2023-09-11 16:25:04,28,102,1,1075.15,2024-11-04 08:11:18,-36258374.0,0.2046183152906193,0,5,True,False,True,False,False,True,10,4,5,28,61
TX001210,476.03,2023-09-01 16:12:35,77,99,1,5958.34,2024-11-04 08:09:08,-37122993.0,0.07987965110230327,0,3,False,True,False,False,True,False,6,4,4,26,63
TX001211,141.91,2023-01-19 17:08:04,23,49,1,791.97,2024-11-04 08:09:42,-56559698.0,0.17896011198405992,0,1,True,True,False,False,False,True,3,5,7,23,64
TX001212,95.83,2023-12-01 16:01:26,27,91,1,1726.4,2024-11-04 08:08:23,-29261217.0,0.055476438578210024,0,3,True,False,True,False,False,True,3,2,5,32,48
TX001213,51.15,2023-03-01 17:26:49,46,199,1,8992.25,2024-11-04 08:10:54,-53016245.0,0.005687599032607789,0,4,False,True,False,True,False,False,5,6,4,30,69
TX001214,1192.2,2023-12-21 16:21:27,60,103,5,7816.41,2024-11-04 08:09:14,-27532067.0,0.15250575318423878,1,6,False,True,False,False,True,False,7,3,5,23,60
TX001215,50.75,2023-08-14 18:14:23,62,185,1,8271.47,2024-11-04 08:07:41,-38670798.0,0.006134806170345738,0,3,True,False,False,False,False,False,3,4,6,27,61
TX001216,185.07,2023-12-19 16:57:40,22,159,1,636.42,2024-11-04 08:07:39,-27702599.0,0.29034231746729,0,1,True,True,False,False,False,True,3,3,5,29,60
TX001217,293.54,2023-01-16 17:26:12,40,45,1,2290.1,2024-11-04 08:08:24,-56817732.0,0.12812186286063465,0,3,True,False,True,True,False,False,3,6,5,45,53
TX001218,23.38,2023-09-25 18:46:41,32,89,1,9968.49,2024-11-04 08:09:41,-35040180.0,0.002345155068112812,0,3,True,True,False,True,False,False,3,3,6,29,63
TX001219,285.26,2023-11-01 16:09:05,28,93,1,167.72,2024-11-04 08:11:15,-31852930.0,1.6907302038880987,0,3,True,False,False,False,False,True,7,6,4,29,61
TX001220,129.48,2023-02-06 16:30:43,31,179,1,7581.7,2024-11-04 08:10:43,-55006800.0,0.017075711817690267,0,4,True,False,False,True,False,False,6,9,8,32,61
TX001221,743.03,2023-07-27 16:55:39,50,174,1,4111.38,2024-11-04 08:09:19,-40230820.0,0.18068126000029178,0,3,True,False,False,True,False,False,7,5,2,24,58
TX001222,297.86,2023-02-06 17:32:04,28,96,1,1680.14,2024-11-04 08:11:40,-55003176.0,0.17717739153193665,0,4,False,False,False,False,False,True,7,6,8,32,55
TX001223,231.92,2023-07-10 18:00:56,66,12,1,5715.08,2024-11-04 08:11:27,-41695831.0,0.04057325999636114,0,3,True,False,False,False,False,False,9,8,8,24,58
TX001224,295.82,2023-12-14 16:15:28,47,46,1,5897.73,2024-11-04 08:07:47,-28137139.0,0.05014977800306168,0,6,False,True,False,True,False,False,9,5,5,20,60
TX001225,302.86,2023-07-03 18:56:03,55,275,1,5239.24,2024-11-04 08:12:06,-42297363.0,0.05779506282155016,0,7,True,False,True,False,False,False,9,4,6,23,69
TX001226,81.08,2023-09-19 16:56:35,58,56,1,7788.91,2024-11-04 08:07:17,-35565042.0,0.010408335911454689,0,4,True,False,False,True,False,False,8,4,3,22,65
TX001227,775.6,2023-08-21 17:43:17,79,158,1,3898.64,2024-11-04 08:08:12,-38067895.0,0.19889015396292992,0,4,False,True,False,False,True,False,7,6,5,32,61
TX001228,178.43,2023-12-26 18:13:56,26,136,1,1214.93,2024-11-04 08:07:58,-27093242.0,0.14674364478218319,0,1,True,True,False,False,False,True,3,4,8,20,51
TX001229,211.91,2023-09-18 16:51:04,20,181,1,927.47,2024-11-04 08:08:46,-35651862.0,0.22823569959180157,0,7,True,False,True,False,False,True,9,3,10,19,58
TX001230,17.21,2023-12-25 17:18:58,23,219,1,914.16,2024-11-04 08:06:59,-27182881.0,0.018805454783862932,0,4,True,False,True,False,False,True,5,5,3,31,65
TX001231,124.22,2023-05-19 17:57:36,23,172,1,9695.04,2024-11-04 08:08:04,-46188628.0,0.012811415794489295,0,3,True,False,False,False,False,True,9,1,4,33,68
TX001232,38.37,2023-09-01 16:07:38,63,135,1,8647.04,2024-11-04 08:10:04,-37123346.0,0.00443684349286081,0,3,True,False,False,False,False,False,5,4,4,26,59
TX001233,269.79,2023-10-03 16:15:25,52,17,1,1292.1,2024-11-04 08:07:59,-34357954.0,0.208638156368417,0,2,True,False,False,True,False,False,2,7,4,33,59
TX001234,605.42,2023-06-13 16:10:27,21,33,1,392.34,2024-11-04 08:09:40,-44035153.0,1.5391773020796258,0,7,True,False,False,False,False,True,9,3,3,25,61
TX001235,11.19,2023-01-02 17:34:13,60,40,1,9877.17,2024-11-04 08:12:22,-58027089.0,0.0011328009135295302,0,4,True,False,False,True,False,False,9,6,6,24,59
TX001236,29.19,2023-01-25 17:39:15,58,41,1,12059.85,2024-11-04 08:11:34,-56039539.0,0.0024202274300733364,0,5,False,True,False,False,False,False,7,3,3,31,55
TX001237,701.7,2023-06-30 16:57:37,61,64,1,6643.24,2024-11-04 08:09:49,-42563532.0,0.1056102729582315,0,4,False,False,True,False,True,False,7,8,5,23,61
TX001238,862.34,2023-05-25 16:16:02,57,72,1,9903.48,2024-11-04 08:12:05,-45676563.0,0.08706565109930052,0,4,True,True,False,False,False,False,8,6,5,32,61
TX001239,410.97,2023-09-25 17:01:56,22,45,1,151.42,2024-11-04 08:11:11,-35046555.0,2.696299698202336,0,2,True,False,False,False,False,True,5,7,4,45,69
TX001240,36.97,2023-08-23 17:22:49,41,79,1,2850.92,2024-11-04 08:07:48,-37896299.0,0.01296319672361076,0,2,True,True,False,True,False,False,5,5,5,25,55
TX001241,137.59,2023-01-03 16:27:16,30,95,1,10679.67,2024-11-04 08:11:30,-57944654.0,0.0128821506515977,0,6,True,False,False,False,False,False,7,3,5,33,55
TX001242,168.11,2023-05-19 16:44:53,51,12,1,10652.13,2024-11-04 08:06:59,-46192926.0,0.01578033873612732,0,2,False,False,True,False,False,False,4,5,8,32,58
TX001243,430.98,2023-10-10 18:14:12,24,93,1,569.25,2024-11-04 08:11:00,-33746208.0,0.7557737834283209,0,1,True,True,False,False,False,True,4,3,4,27,51
TX001244,13.87,2023-12-11 18:32:40,24,20,1,954.83,2024-11-04 08:07:47,-28388107.0,0.014510948599646379,0,5,True,True,False,False,False,True,10,8,3,16,55
TX001245,642.68,2023-05-25 16:45:31,76,66,1,1831.2,2024-11-04 08:10:37,-45674706.0,0.35076956664119635,0,6,True,False,False,False,True,False,12,5,9,30,60
TX001246,175.07,2023-11-23 16:59:11,28,169,2,9274.64,2024-11-04 08:12:07,-29949176.0,0.0188741693295557,1,4,True,False,True,True,False,False,6,4,4,29,55
TX001247,302.82,2023-11-03 16:50:20,36,175,1,9384.54,2024-11-04 08:07:31,-31677431.0,0.03226452606882502,0,5,True,False,False,True,False,False,7,6,3,22,60
TX001248,1647.74,2023-12-25 17:41:30,67,52,1,1483.84,2024-11-04 08:09:29,-27181679.0,1.1097087901726785,0,3,True,False,False,False,True,False,8,4,7,24,51
TX001249,406.81,2023-12-05 16:32:49,66,84,1,1968.36,2024-11-04 08:08:46,-28913757.0,0.20656964699191616,0,2,True,False,True,False,True,False,5,7,8,22,58
TX001250,256.3,2023-04-05 16:21:59,53,172,1,4203.05,2024-11-04 08:06:23,-49995864.0,0.06096502182419334,0,3,True,False,True,False,True,False,4,5,9,34,58
TX001251,80.96,2023-09-27 17:47:10,19,97,1,959.94,2024-11-04 08:06:25,-34870755.0,0.08425083772139778,0,4,False,False,True,False,False,True,5,4,7,25,60
TX001252,95.78,2023-03-23 17:09:53,22,27,1,271.64,2024-11-04 08:09:16,-51116363.0,0.35130575117370894,0,4,True,False,True,False,False,True,7,7,6,24,61
TX001253,379.54,2023-01-03 17:14:14,41,118,1,12571.76,2024-11-04 08:06:23,-57941529.0,0.030187484689121562,0,5,False,True,False,False,False,False,12,5,3,26,58
TX001254,903.19,2023-07-06 17:52:32,22,65,1,8627.08,2024-11-04 08:06:37,-42041645.0,0.1046802996726966,0,4,True,False,True,False,False,True,9,4,6,33,46
TX001255,142.19,2023-06-15 18:28:50,18,27,4,524.46,2024-11-04 08:09:44,-43854054.0,0.2706009972214821,1,5,True,True,False,False,False,True,8,4,1,32,63
TX001256,847.45,2023-06-19 16:24:14,28,175,1,422.32,2024-11-04 08:09:30,-43515916.0,2.0019134460927903,0,5,True,True,False,False,False,True,7,7,7,29,60
TX001257,295.18,2023-05-09 17:54:39,66,31,1,12961.53,2024-11-04 08:07:53,-47052794.0,0.022771789149186154,0,3,False,True,False,False,False,False,4,1,8,29,49
TX001258,18.46,2023-11-20 16:29:14,68,213,1,6381.6,2024-11-04 08:10:17,-30210063.0,0.0028922382728041865,0,2,True,True,False,False,True,False,3,7,9,24,68
TX001259,603.23,2023-08-24 17:34:13,28,48,1,117.98,2024-11-04 08:08:18,-37809245.0,5.070011766683476,0,4,True,True,False,False,False,True,9,4,8,23,63
TX001260,54.5,2023-11-22 16:59:09,57,147,1,1715.22,2024-11-04 08:08:27,-30035358.0,0.03175583549894535,0,4,False,True,False,False,True,False,5,5,5,18,67
TX001261,414.77,2024-01-01 17:37:04,29,274,1,5599.81,2024-11-04 08:08:05,-26577061.0,0.074055359849736,0,5,True,False,True,False,False,False,7,4,9,33,57
TX001262,886.19,2023-08-21 17:32:04,61,69,1,7904.24,2024-11-04 08:08:29,-38068585.0,0.11210159337350922,0,4,True,True,False,False,True,False,8,5,5,23,60
TX001263,440.03,2023-11-29 16:11:50,49,88,1,1490.44,2024-11-04 08:10:19,-29433509.0,0.295037011210642,0,4,True,False,True,True,False,False,9,3,4,25,59
TX001264,35.46,2023-03-23 16:16:29,56,285,1,1532.72,2024-11-04 08:07:26,-51119457.0,0.02312025663093655,0,3,True,False,False,False,True,False,3,4,5,32,55
TX001265,76.39,2023-01-13 17:19:33,18,219,1,5976.0,2024-11-04 08:10:09,-57077436.0,0.012780659193575373,0,1,True,True,False,False,False,True,5,4,4,30,62
TX001266,595.91,2023-08-10 18:39:04,19,162,1,1673.76,2024-11-04 08:10:21,-39015077.0,0.35581814707779025,0,5,False,False,False,False,False,True,8,4,13,25,59
TX001267,6.03,2023-08-09 18:42:25,76,70,1,3290.72,2024-11-04 08:09:27,-39101222.0,0.0018318690532609094,0,5,True,True,False,False,True,False,5,3,4,22,60
TX001268,249.34,2023-08-15 17:21:47,26,197,1,3030.97,2024-11-04 08:07:57,-38587570.0,0.08223696144750774,0,2,True,False,False,True,False,False,4,5,9,30,68
TX001269,421.52,2023-08-15 17:35:08,20,67,1,369.86,2024-11-04 08:10:21,-38586913.0,1.1366014129321036,0,5,True,True,False,False,False,True,6,5,3,29,59
TX001270,189.77,2023-02-27 16:08:40,58,24,1,6570.36,2024-11-04 08:11:28,-53193768.0,0.028878344817511142,0,1,True,True,False,True,False,False,5,6,6,26,59
TX001271,73.19,2023-10-18 16:20:15,76,213,1,2264.98,2024-11-04 08:10:26,-33061811.0,0.032299490728073504,0,3,True,True,False,False,True,False,4,2,9,31,61
TX001272,188.13,2023-06-02 18:12:29,75,198,1,5029.87,2024-11-04 08:10:08,-44978259.0,0.037395122513601026,0,6,False,False,True,False,True,False,8,2,5,31,60
TX001273,30.52,2023-05-19 17:19:00,62,122,1,12327.74,2024-11-04 08:07:18,-46190898.0,0.0024755165572475373,0,6,True,True,False,False,False,False,9,4,2,32,60
TX001274,1235.69,2023-05-24 16:14:34,20,118,1,420.25,2024-11-04 08:09:22,-45762888.0,2.9333887240356082,0,5,False,True,False,False,False,True,7,5,4,26,59
TX001275,1159.39,2023-10-12 16:29:49,41,150,1,6499.53,2024-11-04 08:06:27,-33579398.0,0.178353149666258,0,4,True,False,True,False,False,False,7,4,10,31,68
TX001276,170.24,2023-06-05 16:24:12,62,133,1,5172.99,2024-11-04 08:08:04,-44725432.0,0.03290304001360652,0,1,True,True,False,False,True,False,1,6,6,24,57
TX001277,56.62,2023-02-27 17:59:36,54,121,1,8981.1,2024-11-04 08:08:45,-53186949.0,0.0063036483673083125,0,3,True,True,False,False,False,False,4,2,4,15,59
TX001278,53.14,2023-04-21 17:19:56,34,70,1,7915.0,2024-11-04 08:07:15,-48610039.0,0.0067129863567458314,0,2,True,False,False,False,False,False,4,5,2,29,55
TX001279,587.23,2023-07-31 17:54:28,27,144,1,500.84,2024-11-04 08:09:21,-39881693.0,1.1701538338912802,0,5,True,False,True,False,False,True,10,3,4,29,65
TX001280,146.15,2023-01-06 17:52:11,43,75,1,13784.4,2024-11-04 08:06:59,-57680088.0,0.010601796103123595,0,4,True,True,False,False,False,False,9,5,4,22,55
TX001281,21.27,2023-07-24 17:01:19,62,114,1,7392.79,2024-11-04 08:09:54,-40489715.0,0.0028767384521334797,0,2,False,False,True,False,True,False,3,5,7,32,58
TX001282,1397.59,2023-11-13 17:28:12,26,144,1,1134.79,2024-11-04 08:06:38,-30811106.0,1.2305003565800015,0,4,False,False,False,False,False,True,7,3,3,22,59
TX001283,76.02,2023-07-12 16:58:17,34,189,1,14765.41,2024-11-04 08:11:51,-41526814.0,0.0051481707469858955,0,1,False,False,True,False,False,False,5,3,4,25,41
TX001284,170.19,2023-07-07 17:40:58,27,156,5,745.87,2024-11-04 08:12:16,-41956278.0,0.2278709815630565,1,3,False,True,False,False,False,True,5,6,5,16,69
TX001285,155.51,2023-08-21 18:51:06,68,15,1,5360.19,2024-11-04 08:08:23,-38063837.0,0.029006619798962543,0,5,True,False,False,False,False,False,6,6,7,23,59
TX001286,135.15,2023-03-20 17:13:09,72,50,1,5878.14,2024-11-04 08:10:37,-51375448.0,0.022988056076228836,0,2,True,False,True,False,True,False,4,3,8,29,60
TX001287,39.48,2023-05-26 16:47:51,56,38,1,5889.51,2024-11-04 08:11:50,-45588239.0,0.006702305912391286,0,6,True,False,False,False,True,False,11,3,7,23,65
TX001288,451.68,2023-04-18 18:55:32,33,15,1,4381.54,2024-11-04 08:09:51,-48863659.0,0.10306352024168633,0,2,True,False,True,True,False,False,8,5,4,15,63
TX001289,19.11,2023-09-18 16:31:03,49,160,1,8478.46,2024-11-04 08:11:45,-35653242.0,0.0022536812485700742,0,3,False,False,True,True,False,False,4,3,3,29,60
TX001290,355.0,2023-08-29 16:50:17,26,33,1,185.47,2024-11-04 08:10:34,-37380017.0,1.903791494610393,0,1,False,False,True,False,False,True,2,4,5,24,70
TX001291,427.69,2023-03-28 16:02:03,43,236,1,2443.54,2024-11-04 08:11:53,-50688590.0,0.17495725167107104,0,6,True,False,False,True,False,False,8,3,5,30,59
TX001292,254.86,2023-01-26 17:21:46,23,102,1,699.9,2024-11-04 08:11:39,-55954193.0,0.36361820516478816,0,4,True,True,False,False,False,True,9,1,5,33,61
TX001293,19.48,2023-07-10 16:01:03,27,114,1,4739.59,2024-11-04 08:08:46,-41702863.0,0.0041091931595012435,0,4,True,False,False,True,False,False,6,7,6,31,49
TX001294,190.17,2023-06-09 17:41:13,49,265,1,12893.85,2024-11-04 08:08:48,-44375255.0,0.014747748132006187,0,6,True,False,False,False,False,False,7,2,2,24,51
TX001295,91.38,2023-04-03 16:41:47,65,179,1,2402.58,2024-11-04 08:06:39,-50167492.0,0.03801828938500071,0,3,True,False,False,False,True,False,6,4,6,33,60
TX001296,206.63,2023-12-07 16:11:01,59,128,1,7626.53,2024-11-04 08:10:42,-28742381.0,0.027090027833387743,0,6,False,False,True,False,True,False,9,4,4,18,68
TX001297,93.22,2023-04-07 17:11:35,52,52,1,1014.63,2024-11-04 08:09:41,-49820286.0,0.09178539428728966,0,6,True,False,True,False,True,False,8,4,6,26,68
TX001298,547.98,2023-10-24 17:04:59,28,171,1,1358.54,2024-11-04 08:09:19,-32540660.0,0.40306280065316213,0,5,True,False,False,False,False,True,9,5,6,32,68
TX001299,641.06,2023-12-11 16:09:08,23,25,1,1602.13,2024-11-04 08:07:21,-28396693.0,0.39988023429166686,0,3,True,False,False,False,False,True,4,4,5,25,60
TX001300,314.55,2023-04-25 17:15:27,27,19,2,1105.89,2024-11-04 08:07:16,-48264709.0,0.28417457922648137,1,5,False,True,False,False,False,True,11,4,6,32,49
TX001301,836.45,2023-02-27 16:02:00,61,63,1,1731.89,2024-11-04 08:12:12,-53194212.0,0.48269076513800646,0,2,True,False,True,False,True,False,3,4,4,24,55
TX001302,1095.09,2023-04-17 17:27:15,29,52,1,8692.47,2024-11-04 08:11:57,-48955482.0,0.12596696140896557,0,5,True,False,False,True,False,False,8,5,2,21,57
TX001303,189.45,2023-03-21 17:12:03,53,62,1,12578.75,2024-11-04 08:09:31,-51289048.0,0.015059917724915042,0,5,False,True,False,False,False,False,8,5,4,21,61
TX001304,91.84,2023-07-05 17:21:56,67,80,1,1712.41,2024-11-04 08:08:32,-42129996.0,0.05360071436492141,0,3,False,True,False,False,True,False,8,4,2,18,61
TX001305,609.52,2023-07-28 16:03:27,78,169,1,3485.03,2024-11-04 08:08:19,-40147492.0,0.17484645857895656,0,5,True,False,False,False,True,False,6,4,5,21,48
TX001306,859.3,2023-08-01 17:18:04,78,68,1,1146.78,2024-11-04 08:06:56,-39797332.0,0.7486626356967363,0,4,False,True,False,False,True,False,4,2,9,34,60
TX001307,100.01,2023-06-29 16:06:51,50,63,1,6393.12,2024-11-04 08:09:27,-42652956.0,0.01564093260683253,0,1,True,False,False,False,False,False,3,6,4,24,67
TX001308,28.78,2023-08-07 16:08:04,40,51,1,680.55,2024-11-04 08:11:39,-39283415.0,0.042227276061917694,0,2,False,False,True,False,False,False,5,4,7,28,67
TX001309,111.08,2023-05-15 17:46:13,70,83,1,7037.34,2024-11-04 08:10:59,-46535086.0,0.01578213044553119,0,6,True,False,True,False,False,False,8,6,5,29,60
TX001310,470.96,2023-03-10 16:22:05,69,124,2,12991.03,2024-11-04 08:11:10,-52242545.0,0.03624991629483614,1,2,False,False,True,False,False,False,4,3,8,25,58
TX001311,52.23,2023-09-11 18:08:19,28,96,1,105.01,2024-11-04 08:08:11,-36251992.0,0.4926893689274596,0,6,False,True,False,False,False,True,9,5,4,22,57
TX001312,78.62,2023-07-31 16:46:29,32,52,1,1360.85,2024-11-04 08:08:12,-39885703.0,0.057730293350956426,0,5,True,True,False,False,False,False,8,3,2,27,68
TX001313,47.79,2023-09-15 17:00:20,25,37,1,1649.92,2024-11-04 08:11:55,-35910695.0,0.02894749594165677,0,1,True,True,False,False,False,True,2,8,3,21,62
TX001314,333.97,2023-03-22 16:18:37,52,45,1,5237.36,2024-11-04 08:11:48,-51205991.0,0.06375468658129645,0,3,True,True,False,False,False,False,5,3,6,26,60
TX001315,30.87,2023-07-12 16:50:42,33,295,1,14348.65,2024-11-04 08:10:43,-41527201.0,0.0021512719822434695,0,4,True,False,False,False,False,False,7,4,3,31,60
TX001316,710.43,2023-03-08 17:07:21,67,115,1,5625.55,2024-11-04 08:08:42,-52412481.0,0.12626387395473246,0,3,True,False,True,False,True,False,5,3,4,29,59
TX001317,220.23,2023-09-18 18:35:23,41,48,1,3438.02,2024-11-04 08:06:33,-35645470.0,0.06403859238969241,0,5,True,False,False,True,False,False,6,9,6,27,55
TX001318,27.28,2023-12-25 16:30:45,29,96,1,10668.24,2024-11-04 08:09:42,-27185937.0,0.002556883151939595,0,6,True,False,False,False,False,False,8,6,5,32,61
TX001319,101.52,2023-08-09 16:22:25,49,98,1,2018.9,2024-11-04 08:08:38,-39109573.0,0.050259913857121634,0,6,True,False,False,True,False,False,6,5,3,21,67
TX001320,162.65,2023-05-11 17:15:10,59,147,1,9500.95,2024-11-04 08:11:20,-46882570.0,0.017117539031461963,0,2,True,False,False,True,False,False,4,2,6,30,58
TX001321,10.52,2023-07-19 17:38:50,55,30,1,2472.99,2024-11-04 08:11:06,-40919536.0,0.004252240308166161,0,4,True,False,False,False,True,False,7,6,3,30,61
TX001322,270.72,2023-03-27 17:25:32,38,37,1,6522.47,2024-11-04 08:12:10,-50769998.0,0.041499386062938896,0,5,True,True,False,False,False,False,7,5,5,19,69
TX001323,202.34,2023-01-10 16:32:06,20,134,1,1223.45,2024-11-04 08:11:25,-57339559.0,0.16524970394871166,0,1,True,False,True,False,False,True,3,3,4,24,58
TX001324,247.58,2023-05-29 18:40:32,39,152,1,778.74,2024-11-04 08:07:18,-45322006.0,0.31751609510862594,0,7,True,False,False,True,False,False,9,6,4,32,59
TX001325,686.17,2023-10-03 17:27:25,61,96,1,2246.15,2024-11-04 08:07:37,-34353612.0,0.3053512226598135,0,5,True,False,False,False,True,False,6,5,1,26,62
TX001326,359.65,2023-01-12 17:58:56,25,289,1,219.53,2024-11-04 08:09:04,-57161408.0,1.630843876116628,0,5,False,False,True,False,False,True,9,7,7,25,60
TX001327,109.91,2023-05-01 16:23:22,38,90,1,12896.06,2024-11-04 08:10:57,-47749655.0,0.00852209728418725,0,6,True,True,False,False,False,False,9,4,10,27,61
TX001328,215.72,2023-10-11 18:04:39,30,137,1,8697.11,2024-11-04 08:11:54,-33660435.0,0.024800790056690475,0,3,False,True,False,True,False,False,7,6,2,24,54
TX001329,490.76,2023-01-19 16:28:08,66,156,1,6414.11,2024-11-04 08:09:44,-56562096.0,0.07650063677785728,0,2,True,False,True,False,True,False,5,6,4,26,54
TX001330,224.28,2023-02-15 16:50:13,64,68,1,5767.51,2024-11-04 08:10:52,-54228039.0,0.038880057415173065,0,5,True,False,True,False,True,False,8,3,6,32,60
TX001331,614.03,2023-05-08 16:37:14,68,51,1,2815.86,2024-11-04 08:08:12,-47143858.0,0.2179838543626591,0,5,True,False,False,False,True,False,6,4,4,21,49
TX001332,608.79,2023-11-03 18:37:18,55,157,1,2991.17,2024-11-04 08:12:18,-31671300.0,0.2034610332969049,0,2,True,False,True,True,False,False,3,4,4,32,70
TX001333,186.55,2023-06-21 16:49:10,48,288,1,224.65,2024-11-04 08:07:18,-43341488.0,0.8267228007976956,0,2,True,True,False,True,False,False,4,1,4,26,67
TX001334,840.16,2023-03-20 16:35:53,20,68,1,1236.76,2024-11-04 08:12:12,-51377779.0,0.6787745604963805,0,1,False,True,False,False,False,True,2,2,3,33,60
TX001335,203.34,2023-12-20 17:13:50,60,66,1,13586.99,2024-11-04 08:09:43,-27615353.0,0.014964685726144927,0,6,True,False,False,False,False,False,11,4,4,24,55
TX001336,90.88,2023-11-20 17:08:33,26,284,1,7117.35,2024-11-04 08:10:50,-30207737.0,0.012767003589314938,0,4,True,False,False,True,False,False,5,2,5,27,60
TX001337,60.11,2023-11-27 17:39:39,61,122,1,7235.87,2024-11-04 08:08:09,-29600910.0,0.008306077074757457,0,3,False,True,False,False,True,False,5,3,3,25,41
TX001338,393.92,2023-05-16 16:57:35,72,47,1,7318.64,2024-11-04 08:12:07,-46451672.0,0.05381685438081654,0,5,True,True,False,False,True,False,7,7,3,24,63
TX001339,19.39,2023-11-17 16:39:20,43,45,1,9847.6,2024-11-04 08:11:24,-30468724.0,0.001968807749324777,0,6,True,False,False,False,False,False,8,4,6,29,60
TX001340,557.41,2023-04-14 16:52:23,80,49,1,2968.75,2024-11-04 08:09:54,-49216651.0,0.18769593400117854,0,4,False,False,True,False,True,False,7,4,4,25,48
TX001341,57.07,2023-08-25 16:30:02,31,99,1,9323.71,2024-11-04 08:11:35,-37726893.0,0.006120297574937988,0,2,False,False,True,False,False,False,5,5,4,19,61
TX001342,395.27,2023-08-07 16:38:52,18,167,1,1764.08,2024-11-04 08:08:21,-39281369.0,0.22393885829537472,0,7,False,False,True,False,False,True,8,5,6,25,64
TX001343,289.05,2023-06-09 17:58:00,75,116,1,5683.49,2024-11-04 08:11:58,-44374438.0,0.05084888881852198,0,2,True,False,False,False,True,False,8,6,6,30,58
TX001344,46.11,2023-03-27 17:07:20,33,233,1,5225.73,2024-11-04 08:10:44,-50771004.0,0.008821959427787546,0,1,True,False,True,False,False,False,4,5,4,26,57
TX001345,335.5,2023-08-14 16:01:02,63,47,1,6445.4,2024-11-04 08:12:23,-38679081.0,0.0520445519980144,0,3,True,False,False,False,True,False,4,5,5,26,53
TX001346,388.07,2023-09-05 17:34:08,24,68,1,289.71,2024-11-04 08:10:37,-36772589.0,1.3349042000619173,0,4,True,False,True,False,False,True,7,7,6,25,61
TX001347,520.86,2023-03-20 16:29:02,51,66,1,9200.74,2024-11-04 08:08:47,-51377985.0,0.056604511755385396,0,4,False,False,True,True,False,False,9,7,2,23,53
TX001348,787.41,2023-06-19 16:22:28,25,39,1,300.87,2024-11-04 08:06:44,-43515856.0,2.608440719515023,0,5,True,False,True,False,False,True,7,3,3,23,63
TX001349,31.7,2023-06-01 16:56:33,48,121,1,743.9,2024-11-04 08:08:02,-45069089.0,0.042556047791649884,0,2,False,False,False,False,False,False,4,2,3,27,59
TX001350,22.3,2023-05-01 16:57:17,21,90,1,1200.35,2024-11-04 08:12:18,-47747701.0,0.018562450576434845,0,3,True,False,False,False,False,True,6,5,9,26,67
TX001351,203.12,2023-01-18 16:59:48,56,181,1,1562.39,2024-11-04 08:09:15,-56646567.0,0.1299227959754124,0,2,True,False,False,False,True,False,2,4,7,25,59
TX001352,315.94,2023-02-27 17:06:57,49,172,1,7719.71,2024-11-04 08:12:09,-53190312.0,0.04092110699663632,0,1,False,True,False,False,False,False,2,3,5,20,59
TX001353,192.23,2023-12-28 16:34:52,54,39,3,2610.67,2024-11-04 08:06:41,-26926309.0,0.07360424555935474,1,2,True,False,True,True,False,False,5,3,5,27,41
TX001354,1510.71,2023-06-15 16:48:29,66,51,1,2060.02,2024-11-04 08:09:11,-43860042.0,0.7329914314271575,0,3,True,False,True,False,True,False,4,3,2,30,68
TX001355,0.26,2023-11-23 16:14:48,20,173,1,1833.67,2024-11-04 08:07:45,-29951577.0,0.00014171485880294548,0,2,True,False,True,False,False,True,3,4,3,24,68
TX001356,210.77,2023-05-31 16:50:20,71,161,1,5396.65,2024-11-04 08:11:21,-45156061.0,0.039048474799218184,0,2,True,False,False,False,True,False,4,2,6,27,61
TX001357,406.65,2023-11-08 18:32:44,57,107,1,12995.7,2024-11-04 08:11:01,-31239497.0,0.03128871174990574,0,4,True,False,False,False,False,False,5,5,6,29,61
TX001358,422.9,2023-02-27 16:15:53,40,111,1,7616.43,2024-11-04 08:10:52,-53193299.0,0.055517412040543855,0,4,True,False,False,True,False,False,6,1,6,19,67
TX001359,20.62,2023-06-21 17:10:18,35,225,1,12500.8,2024-11-04 08:08:49,-43340311.0,0.0016493624918011809,0,5,False,False,False,False,False,False,6,6,4,33,67
TX001360,174.39,2023-01-09 16:08:52,19,36,1,1127.08,2024-11-04 08:11:01,-57427329.0,0.1545900999929083,0,3,True,False,False,False,False,True,4,5,5,32,57
TX001361,7.86,2023-10-16 16:47:15,76,91,1,3621.98,2024-11-04 08:07:51,-33232836.0,0.00216948478876505,0,2,False,True,False,False,True,False,3,2,6,24,53
TX001362,61.98,2023-01-03 18:18:14,49,44,1,5212.28,2024-11-04 08:08:55,-57937841.0,0.011888868428321517,0,6,True,False,True,True,False,False,8,6,5,31,62
TX001363,54.85,2023-09-05 16:05:58,58,40,1,2727.45,2024-11-04 08:09:36,-36777818.0,0.020102988876468327,0,5,False,True,False,False,True,False,7,6,9,27,57
TX001364,204.7,2023-09-21 16:08:00,49,95,5,5117.03,2024-11-04 08:10:26,-35395346.0,0.0399958577812166,1,2,True,True,False,False,False,False,5,5,5,24,68
TX001365,16.55,2023-09-11 17:05:50,26,159,1,6089.79,2024-11-04 08:08:11,-36255741.0,0.0027172173067861478,0,2,True,True,False,True,False,False,6,3,4,30,67
TX001366,91.32,2023-11-10 16:43:45,58,77,1,2618.1,2024-11-04 08:08:22,-31073077.0,0.03486693902485587,0,2,True,True,False,True,False,False,7,6,9,22,55
TX001367,195.49,2023-06-12 16:34:59,31,212,1,11988.12,2024-11-04 08:08:35,-44120016.0,0.01630561709283083,0,2,True,False,False,False,False,False,4,3,6,22,63
TX001368,49.62,2023-12-07 16:19:07,55,111,1,3841.42,2024-11-04 08:07:23,-28741696.0,0.012913736655545202,0,7,True,False,False,True,False,False,12,2,4,23,42
TX001369,487.16,2023-01-02 16:01:14,28,84,1,321.21,2024-11-04 08:12:22,-58032668.0,1.5119332112597377,0,6,False,True,False,False,False,True,6,3,5,16,69
TX001370,405.6,2023-08-08 17:41:41,37,44,1,9754.73,2024-11-04 08:09:24,-39191263.0,0.0415755663594626,0,3,True,False,True,True,False,False,5,5,2,19,67
TX001371,512.95,2023-10-16 17:08:36,57,143,1,9584.52,2024-11-04 08:10:05,-33231689.0,0.05351300711907127,0,3,True,True,False,True,False,False,6,4,4,34,54
TX001372,345.94,2023-10-09 17:32:57,31,163,1,7624.56,2024-11-04 08:11:40,-33835123.0,0.04536584854095961,0,3,True,False,False,False,False,False,5,4,3,29,42
TX001373,356.56,2023-10-09 17:23:21,47,52,1,2485.73,2024-11-04 08:11:57,-33835716.0,0.14338508804735536,0,3,True,False,True,True,False,False,6,4,3,29,58
TX001374,10.31,2023-01-13 16:23:56,36,280,1,2137.9,2024-11-04 08:11:14,-57080838.0,0.00482023470007948,0,6,True,False,True,True,False,False,10,6,4,27,51
TX001375,211.69,2023-10-20 16:02:07,30,111,1,6412.85,2024-11-04 08:07:50,-32889943.0,0.0330051373200184,0,3,True,True,False,False,False,False,4,7,8,34,61
TX001376,221.49,2023-09-13 18:11:22,23,196,1,707.25,2024-11-04 08:11:50,-36079228.0,0.31272855630074126,0,1,False,True,False,False,False,True,5,9,6,27,68
TX001377,278.23,2023-05-04 17:49:33,48,83,1,8300.54,2024-11-04 08:09:46,-47485213.0,0.033515468214331316,0,3,True,False,True,True,False,False,3,5,5,30,60
TX001378,116.88,2023-10-04 17:10:02,45,263,1,7717.34,2024-11-04 08:10:02,-34268400.0,0.015143152543163426,0,5,True,False,False,False,False,False,10,4,3,45,63
TX001379,328.77,2023-04-03 17:59:23,39,247,1,6967.03,2024-11-04 08:09:57,-50163034.0,0.047182632680972954,0,4,False,False,True,False,False,False,6,7,3,27,59
TX001380,77.53,2023-07-25 18:00:25,54,55,1,5158.6,2024-11-04 08:07:12,-40399607.0,0.015026358632452127,0,4,True,True,False,False,True,False,7,3,4,27,51
TX001381,421.74,2023-06-20 17:07:05,67,103,1,12031.14,2024-11-04 08:10:18,-43426993.0,0.03505112141314845,0,6,True,False,True,False,False,False,6,4,5,33,59
TX001382,313.69,2023-03-10 16:35:33,73,152,1,7093.68,2024-11-04 08:10:23,-52241690.0,0.044214820118736856,0,7,True,True,False,False,True,False,11,7,3,21,68
TX001383,411.72,2023-06-20 18:43:51,29,153,1,8539.86,2024-11-04 08:11:43,-43421272.0,0.04820591837355957,0,6,True,True,False,False,False,False,9,2,9,33,48
TX001384,508.73,2023-07-14 16:22:54,59,89,1,7640.57,2024-11-04 08:09:07,-41355973.0,0.06657401554916072,0,3,True,True,False,False,True,False,8,3,2,27,60
TX001385,153.08,2023-11-27 16:57:08,24,201,1,1292.21,2024-11-04 08:09:29,-29603541.0,0.11837211280457158,0,3,True,False,False,False,False,True,7,4,4,27,65
TX001386,23.01,2023-06-09 18:33:04,63,166,1,5958.75,2024-11-04 08:09:14,-44372170.0,0.003860900205545535,0,4,True,True,False,False,True,False,7,3,5,24,55
TX001387,69.28,2023-10-30 16:36:24,25,129,1,708.74,2024-11-04 08:11:01,-32024077.0,0.09761321047144024,0,3,True,False,True,False,False,True,5,4,4,32,69
TX001388,51.25,2023-08-29 16:16:15,28,66,1,1744.4,2024-11-04 08:11:52,-37382137.0,0.029362896757190327,0,4,False,True,False,False,False,True,6,5,9,24,59
TX001389,407.65,2023-08-07 17:17:34,25,263,1,273.78,2024-11-04 08:08:37,-39279063.0,1.4835504767450325,0,3,True,False,False,False,False,True,4,5,2,21,62
TX001390,459.25,2023-05-23 16:44:33,25,59,1,130.76,2024-11-04 08:11:47,-45847634.0,3.4855039465695206,0,1,True,True,False,False,False,True,5,5,7,24,67
TX001391,301.56,2023-02-09 17:46:49,49,118,1,10389.6,2024-11-04 08:10:23,-54743014.0,0.029022385617769906,0,4,True,True,False,False,False,False,6,5,6,26,61
TX001392,17.67,2023-06-27 17:50:21,63,91,1,1048.18,2024-11-04 08:10:55,-42819634.0,0.016841724013038753,0,4,True,False,True,False,False,False,6,4,5,24,59
TX001393,5.29,2023-03-13 18:24:20,32,132,1,12896.68,2024-11-04 08:11:04,-51976004.0,0.0004101512830214426,0,2,False,False,True,False,False,False,4,1,7,21,57
TX001394,401.37,2023-09-18 16:18:19,43,251,1,8208.54,2024-11-04 08:11:41,-35654002.0,0.04889068084204474,0,4,True,True,False,True,False,False,6,2,8,19,69
TX001395,145.4,2023-07-06 17:53:38,38,24,1,5244.49,2024-11-04 08:09:52,-42041774.0,0.027719050079210904,0,4,True,False,True,True,False,False,8,5,5,24,67
TX001396,556.34,2023-10-19 16:34:22,37,46,1,11935.14,2024-11-04 08:07:12,-32974370.0,0.04660970799605233,0,5,True,False,True,False,False,False,9,6,5,19,61
TX001397,34.31,2023-04-28 16:55:28,24,251,1,1484.76,2024-11-04 08:11:26,-48006958.0,0.023092558690501832,0,5,True,False,False,False,False,True,7,6,4,27,67
TX001398,780.59,2023-06-28 17:58:48,23,145,1,6513.34,2024-11-04 08:07:01,-42732493.0,0.11982641372725403,0,3,False,False,True,False,False,True,5,9,3,27,67
TX001399,282.65,2023-03-08 17:42:36,35,161,1,13801.15,2024-11-04 08:08:51,-52410375.0,0.0204786935368765,0,4,True,False,False,False,False,False,5,8,5,21,70
TX001400,305.27,2023-09-27 16:25:38,68,147,1,12958.65,2024-11-04 08:09:31,-34875833.0,0.023555420092363603,0,7,True,False,True,False,False,False,12,4,5,27,55
TX001401,185.81,2023-09-20 16:30:06,32,116,1,9588.71,2024-11-04 08:10:15,-35480409.0,0.01937597695863587,0,2,True,False,True,False,False,False,5,2,5,27,59
TX001402,66.01,2023-10-06 18:39:39,49,179,1,3475.99,2024-11-04 08:07:05,-34090046.0,0.018984811575529413,0,8,True,False,True,True,False,False,8,5,3,29,55
TX001403,447.95,2023-01-11 17:27:56,29,75,1,7544.4,2024-11-04 08:09:20,-57249684.0,0.05936729663105998,0,5,True,True,False,True,False,False,7,5,6,31,67
TX001404,279.3,2023-06-22 17:28:02,19,48,1,1193.61,2024-11-04 08:07:20,-43252758.0,0.2338001523509765,0,3,True,False,False,False,False,True,7,7,7,13,68
TX001405,26.75,2023-05-08 16:25:03,33,27,1,12063.77,2024-11-04 08:07:00,-47144517.0,0.0022171993332653667,0,6,True,False,True,False,False,False,8,3,7,28,58
TX001406,611.15,2023-08-11 17:12:30,27,121,1,892.83,2024-11-04 08:09:23,-38933813.0,0.6837429936341362,0,3,True,False,False,False,False,True,4,6,5,30,63
TX001407,275.2,2023-08-24 17:13:38,54,81,1,1230.12,2024-11-04 08:09:50,-37810572.0,0.22353629215673534,0,1,True,False,True,True,False,False,1,4,3,27,58
TX001408,427.79,2023-02-21 17:42:42,18,189,1,1479.67,2024-11-04 08:08:54,-53706372.0,0.28891650401507424,0,4,True,True,False,False,False,True,6,3,5,22,59
TX001409,469.13,2023-12-04 17:53:57,54,139,1,1265.28,2024-11-04 08:07:30,-28995213.0,0.37047888302745047,0,3,False,False,False,False,False,False,8,7,5,30,59
TX001410,102.81,2023-12-04 16:23:00,76,47,1,3228.87,2024-11-04 08:08:07,-29000707.0,0.03183100248616817,0,3,True,True,False,False,True,False,5,4,4,27,61
TX001411,22.61,2023-12-21 17:56:04,19,145,1,1111.67,2024-11-04 08:06:47,-27526243.0,0.02032049035203609,0,4,True,False,True,False,False,True,5,6,5,25,61
TX001412,68.28,2023-06-08 18:54:04,56,293,1,3213.16,2024-11-04 08:08:24,-44457260.0,0.021243497523458697,0,3,True,False,True,True,False,False,6,8,4,29,61
TX001413,33.65,2023-09-18 17:18:03,63,146,1,12719.93,2024-11-04 08:07:24,-35650161.0,0.002645246849090436,0,6,False,False,True,False,False,False,10,4,11,25,58
TX001414,362.68,2023-01-16 18:02:19,63,137,1,2040.77,2024-11-04 08:06:30,-56815451.0,0.17763019341061922,0,4,False,False,False,False,True,False,6,8,5,33,64
TX001415,73.23,2023-06-23 16:41:27,20,172,1,1309.85,2024-11-04 08:12:22,-43169455.0,0.055864515390776984,0,4,True,True,False,False,False,True,5,6,2,24,57
TX001416,654.49,2023-11-20 16:31:36,25,104,1,164.61,2024-11-04 08:08:39,-30209823.0,3.951995652436447,0,7,False,False,True,False,False,True,8,6,5,30,59
TX001417,18.56,2023-04-24 17:04:21,49,161,1,4230.37,2024-11-04 08:07:40,-48351799.0,0.004386286238263258,0,2,False,True,False,True,False,False,6,2,7,27,63
TX001418,389.05,2023-01-06 17:35:08,27,41,1,761.0,2024-11-04 08:11:28,-57681380.0,0.5105643044619422,0,2,True,False,False,False,False,True,4,4,5,19,49
TX001419,7.38,2023-03-15 16:47:45,67,105,1,2923.83,2024-11-04 08:10:18,-51808953.0,0.0025232235719682855,0,4,True,False,True,False,True,False,8,1,5,21,63
TX001420,109.48,2023-06-26 17:38:22,61,93,1,7372.47,2024-11-04 08:07:26,-42906544.0,0.014847826057473618,0,6,True,False,True,False,True,False,9,4,4,21,51
TX001421,66.91,2023-01-30 18:47:17,39,85,1,871.1,2024-11-04 08:10:19,-55603382.0,0.07672285288384359,0,6,True,False,False,False,False,False,10,2,5,28,61
TX001422,335.48,2023-03-02 16:06:18,45,155,1,3023.16,2024-11-04 08:06:45,-52934427.0,0.11093328395323,0,4,True,True,False,True,False,False,8,7,5,26,68
TX001423,38.14,2023-12-28 16:51:20,19,174,1,1119.21,2024-11-04 08:09:59,-26925519.0,0.03404718758090001,0,1,True,False,True,False,False,True,2,2,3,45,41
TX001424,1076.98,2023-12-20 18:12:25,60,173,1,11833.73,2024-11-04 08:09:33,-27611828.0,0.09100165360764462,0,2,True,True,False,False,False,False,4,4,11,24,63
TX001425,360.02,2023-02-09 16:29:06,68,68,1,6400.59,2024-11-04 08:08:53,-54747587.0,0.05623915308540534,0,2,True,False,True,False,True,False,6,6,11,31,49
TX001426,567.71,2023-02-06 18:39:23,63,80,1,13884.24,2024-11-04 08:10:40,-54999077.0,0.040885861533542095,0,5,True,False,True,False,False,False,7,3,6,21,63
TX001427,218.19,2023-05-23 16:29:31,19,185,1,620.83,2024-11-04 08:10:27,-45848456.0,0.3508836820352829,0,5,True,False,False,False,False,True,8,8,5,25,59
TX001428,209.99,2023-09-07 17:19:21,19,40,1,1938.01,2024-11-04 08:11:39,-36600738.0,0.108297533277291,0,5,True,False,False,False,False,True,7,4,6,33,62
TX001429,11.02,2023-11-13 16:32:53,19,280,1,964.79,2024-11-04 08:06:56,-30814443.0,0.011410348005259942,0,4,True,True,False,False,False,True,6,6,4,21,67
TX001430,83.43,2023-05-30 16:28:48,56,109,1,1870.16,2024-11-04 08:11:40,-45243772.0,0.044587314820752906,0,6,True,False,True,False,True,False,11,6,5,21,58
TX001431,344.97,2023-03-20 17:30:52,34,106,1,5577.94,2024-11-04 08:09:39,-51374327.0,0.061834326950997866,0,1,True,False,True,False,False,False,4,7,9,24,59
TX001432,172.29,2023-01-30 17:22:39,36,283,1,8700.8,2024-11-04 08:08:42,-55608363.0,0.01979935185823623,0,2,True,False,False,True,False,False,5,4,4,21,46
TX001433,195.54,2023-07-17 16:05:23,60,255,1,2794.66,2024-11-04 08:09:01,-41097818.0,0.0699441276836239,0,5,True,False,True,False,True,False,6,3,4,25,65
TX001434,101.23,2023-08-04 18:34:01,45,87,1,6169.71,2024-11-04 08:06:42,-39533561.0,0.016404919369083948,0,6,True,False,True,True,False,False,7,2,3,32,60
TX001435,180.46,2023-03-13 16:26:30,25,34,1,831.75,2024-11-04 08:11:23,-51983093.0,0.21670369258480937,0,1,True,False,False,False,False,True,1,4,8,32,60
TX001436,692.55,2023-03-07 16:51:37,53,109,1,2451.56,2024-11-04 08:12:17,-52500040.0,0.2823784127605441,0,1,True,True,False,False,True,False,4,4,6,27,68
TX001437,147.31,2023-06-12 17:10:27,34,92,1,13625.52,2024-11-04 08:07:58,-44117851.0,0.010810537099714381,0,6,False,False,True,False,False,False,9,5,6,32,61
TX001438,107.48,2023-02-07 17:38:18,20,103,1,1379.39,2024-11-04 08:12:07,-54916429.0,0.07786205347764037,0,1,True,True,False,False,False,True,3,3,3,27,69
TX001439,1831.02,2023-09-15 17:31:42,62,83,1,11498.01,2024-11-04 08:10:52,-35908750.0,0.15923283830521062,0,3,False,False,True,False,False,False,6,2,6,21,54
TX001440,81.51,2023-08-10 16:10:22,25,97,1,865.49,2024-11-04 08:07:15,-39023813.0,0.09406917563964963,0,7,True,True,False,False,False,True,9,6,5,27,48
TX001441,365.48,2023-05-22 17:59:02,76,216,1,7147.4,2024-11-04 08:10:38,-45929496.0,0.05112752504056852,0,4,False,False,True,False,True,False,7,7,6,18,61
TX001442,491.1,2023-06-05 16:08:37,35,125,1,7833.85,2024-11-04 08:07:32,-44726335.0,0.06268148081967108,0,5,False,False,True,True,False,False,6,2,5,25,63
TX001443,452.8,2023-11-24 16:45:11,80,151,1,4840.67,2024-11-04 08:07:34,-29863343.0,0.09352145024340774,0,3,True,True,False,False,True,False,4,5,7,21,69
TX001444,645.04,2023-12-22 17:08:55,70,78,1,7361.47,2024-11-04 08:07:29,-27442714.0,0.08761190198398092,0,3,True,True,False,False,True,False,4,7,5,33,63
TX001445,169.28,2023-03-27 18:08:06,45,114,1,5128.44,2024-11-04 08:11:54,-50767428.0,0.03300165320190898,0,2,True,True,False,False,False,False,6,4,6,27,67
TX001446,88.42,2023-10-18 16:28:19,62,91,1,12381.45,2024-11-04 08:09:15,-33061256.0,0.007140751628312652,0,4,True,False,False,False,False,False,6,7,4,28,46
TX001447,155.53,2023-03-24 17:04:32,29,66,1,4008.05,2024-11-04 08:08:36,-51030244.0,0.03879472693032015,0,5,True,False,False,True,False,False,5,4,7,20,51
TX001448,991.82,2023-12-04 16:16:19,43,300,1,3493.13,2024-11-04 08:10:11,-29001232.0,0.28385320523277613,0,4,True,False,True,True,False,False,6,4,7,29,55
TX001449,39.24,2023-11-14 18:33:32,77,106,1,6462.41,2024-11-04 08:11:18,-30721066.0,0.006071098692485856,0,5,True,False,False,False,True,False,6,5,9,21,49
TX001450,152.01,2023-02-23 16:41:55,42,111,3,4625.12,2024-11-04 08:11:14,-53537359.0,0.03285906980363674,1,4,True,False,False,True,False,False,7,5,6,21,70
TX001451,78.77,2023-05-08 18:36:59,48,50,1,6470.57,2024-11-04 08:06:41,-47136582.0,0.012171698675900901,0,3,False,False,False,True,False,False,4,4,8,25,55
TX001452,26.5,2023-02-08 16:42:59,48,179,1,4854.83,2024-11-04 08:07:24,-54833065.0,0.005457357444556337,0,6,True,False,True,True,False,False,12,4,10,21,58
TX001453,83.62,2023-06-22 17:18:09,48,146,1,12652.22,2024-11-04 08:12:06,-43253637.0,0.0066085944921529865,0,7,True,False,False,False,False,False,11,3,1,15,59
TX001454,142.78,2023-05-09 16:40:52,68,150,1,11705.88,2024-11-04 08:12:22,-47057490.0,0.012196246993221081,0,5,True,True,False,False,False,False,7,6,6,25,59
TX001455,55.99,2023-11-13 16:16:24,35,95,1,932.61,2024-11-04 08:07:20,-30815456.0,0.05997150844571074,0,1,True,False,False,False,False,False,2,1,7,23,46
TX001456,774.48,2023-03-06 16:12:45,61,31,1,11613.58,2024-11-04 08:08:33,-52588548.0,0.0666817052360051,0,1,True,True,False,False,False,False,4,2,5,33,51
TX001457,105.37,2023-05-11 18:31:20,25,160,1,1068.55,2024-11-04 08:09:44,-46877904.0,0.09851806834650087,0,5,True,False,False,False,False,True,6,4,6,24,53
TX001458,118.83,2023-06-26 16:10:25,28,295,1,1616.3,2024-11-04 08:08:28,-42911883.0,0.07347430903357448,0,5,True,False,True,False,False,True,7,7,4,25,55
TX001459,46.22,2023-11-13 16:41:09,23,217,1,471.28,2024-11-04 08:08:59,-30814070.0,0.09786567290590328,0,5,True,True,False,False,False,True,6,6,11,24,59
TX001460,659.71,2023-05-05 16:10:24,21,148,1,106.86,2024-11-04 08:09:32,-47404748.0,6.116354533654738,0,7,False,True,False,False,False,True,12,5,6,27,59
TX001461,377.97,2023-11-17 16:50:08,72,160,1,2457.1,2024-11-04 08:11:04,-30468056.0,0.15376510312843256,0,4,True,False,True,False,True,False,4,7,4,33,64
TX001462,114.1,2023-05-22 17:45:02,69,148,1,5882.12,2024-11-04 08:11:19,-45930377.0,0.019394470960986687,0,2,True,True,False,False,True,False,2,3,2,20,61
TX001463,11.3,2023-12-01 16:33:43,55,41,1,1938.99,2024-11-04 08:09:25,-29259342.0,0.005824772292640684,0,4,False,False,True,False,True,False,4,3,5,24,51
TX001464,95.5,2023-05-22 16:24:02,57,17,1,4079.09,2024-11-04 08:08:19,-45935057.0,0.0234063464286327,0,1,True,False,True,False,True,False,2,6,6,19,65
TX001465,130.93,2023-02-08 16:52:09,28,149,1,860.12,2024-11-04 08:11:18,-54832749.0,0.15204617242660723,0,2,False,True,False,True,False,False,4,4,5,24,63
TX001466,272.97,2023-04-17 18:42:04,68,174,1,7811.31,2024-11-04 08:10:58,-48950934.0,0.034941009765357495,0,4,True,False,True,False,True,False,9,6,2,27,61
TX001467,73.35,2023-03-13 16:33:49,24,47,1,1181.84,2024-11-04 08:09:57,-51982568.0,0.062011768286496904,0,2,True,True,False,False,False,True,4,3,10,23,57
TX001468,29.94,2023-10-13 16:22:08,58,243,1,10915.54,2024-11-04 08:12:01,-33493793.0,0.0027426272426977778,0,3,True,False,False,False,False,False,4,4,4,21,57
TX001469,307.24,2023-11-02 16:05:49,19,136,2,1670.72,2024-11-04 08:09:50,-31766641.0,0.1837867585480822,1,4,True,False,False,False,False,True,8,3,3,28,59
TX001470,50.52,2023-10-16 16:29:39,20,140,1,1121.19,2024-11-04 08:09:12,-33233973.0,0.04501911441021574,0,4,True,False,True,False,False,True,4,6,7,25,61
TX001471,820.46,2023-04-03 16:22:48,53,243,1,5621.86,2024-11-04 08:10:23,-50168855.0,0.14591506813258734,0,4,False,False,True,True,False,False,5,3,2,20,70
TX001472,153.07,2023-04-03 18:37:57,56,116,1,8873.43,2024-11-04 08:12:06,-50160849.0,0.017248431730263237,0,2,True,False,False,True,False,False,2,6,7,21,63
TX001473,52.94,2023-06-12 17:36:25,41,146,1,6990.92,2024-11-04 08:11:08,-44116483.0,0.007571596929026647,0,5,True,True,False,False,False,False,9,4,5,27,67
TX001474,384.41,2023-04-17 16:53:29,60,65,1,7831.56,2024-11-04 08:10:13,-48957404.0,0.04907846221414199,0,5,True,False,False,True,False,False,9,2,4,23,60
TX001475,235.42,2023-07-10 18:34:22,51,175,1,6173.23,2024-11-04 08:11:06,-41693804.0,0.03812945095987678,0,3,True,True,False,False,True,False,4,3,6,30,55
TX001476,114.23,2023-06-07 17:35:50,56,64,1,9523.72,2024-11-04 08:06:35,-44548245.0,0.011993003468868377,0,5,True,False,False,False,False,False,5,3,8,22,49
TX001477,12.62,2023-05-05 16:35:44,33,61,1,6420.47,2024-11-04 08:09:03,-47403199.0,0.0019652820927295463,0,4,True,True,False,False,False,False,7,2,5,32,46
TX001478,997.37,2023-12-22 18:24:01,23,145,1,1146.09,2024-11-04 08:07:23,-27438202.0,0.869478419304501,0,3,True,False,False,False,False,True,5,2,7,24,70
TX001479,373.52,2023-09-25 16:23:23,35,235,1,6430.41,2024-11-04 08:11:16,-35048873.0,0.058077466683044615,0,5,True,False,False,True,False,False,8,6,3,45,60
TX001480,336.05,2023-04-24 17:18:18,28,164,1,1635.05,2024-11-04 08:12:13,-48351235.0,0.20540325784664284,0,2,True,True,False,False,False,True,5,6,5,30,59
TX001481,366.93,2023-12-11 18:43:00,66,33,1,6697.79,2024-11-04 08:11:33,-28387713.0,0.05477556394513039,0,5,True,False,True,False,True,False,7,9,5,25,63
TX001482,112.27,2023-10-19 17:34:53,58,102,1,7369.89,2024-11-04 08:11:23,-32970990.0,0.015231539203542583,0,4,True,True,False,False,False,False,5,6,4,29,61
TX001483,494.96,2023-03-31 16:34:38,40,132,1,6903.68,2024-11-04 08:08:34,-50427236.0,0.07168471239796775,0,6,True,False,False,True,False,False,7,6,5,25,53
TX001484,561.58,2023-06-23 17:38:26,65,23,1,11748.86,2024-11-04 08:06:32,-43165686.0,0.047794612020909184,0,2,True,False,True,False,False,False,2,2,3,17,53
TX001485,440.94,2023-09-13 18:38:27,42,148,1,7303.23,2024-11-04 08:11:22,-36077575.0,0.06036775950373962,0,4,True,False,True,False,False,False,4,7,6,21,59
TX001486,71.9,2023-02-20 16:28:39,29,51,1,10619.35,2024-11-04 08:12:07,-53797408.0,0.006770021703616171,0,6,True,True,False,False,False,False,7,5,8,33,69
TX001487,256.66,2023-07-17 17:08:03,54,137,1,1794.5,2024-11-04 08:06:55,-41093932.0,0.1429462545252019,0,4,False,False,True,False,True,False,7,6,9,21,59
TX001488,166.55,2023-07-13 17:51:44,59,99,1,12970.21,2024-11-04 08:09:36,-41437072.0,0.012839974065642298,0,2,False,True,False,False,False,False,3,5,3,33,63
TX001489,276.26,2023-02-13 17:04:50,56,143,1,120.89,2024-11-04 08:11:47,-54400017.0,2.2664697678234473,0,3,True,True,False,False,False,False,7,2,4,20,51
TX001490,35.46,2023-07-18 16:38:11,67,164,1,5692.31,2024-11-04 08:10:12,-41009521.0,0.006228362762610853,0,3,True,False,False,False,False,False,4,7,6,24,58
TX001491,38.14,2023-04-07 16:16:00,50,165,1,9879.87,2024-11-04 08:07:16,-49823476.0,0.003859983989264103,0,3,True,True,False,True,False,False,6,3,5,15,42
TX001492,506.26,2023-12-18 18:26:07,64,86,1,6266.65,2024-11-04 08:11:53,-27783946.0,0.08077349564828923,0,2,False,False,False,False,True,False,3,8,13,33,51
TX001493,736.32,2023-04-12 17:06:06,31,28,1,14268.95,2024-11-04 08:10:23,-49388657.0,0.05159933987154825,0,2,True,False,True,False,False,False,3,6,8,27,58
TX001494,389.43,2023-11-27 18:01:47,52,151,1,6449.83,2024-11-04 08:10:57,-29599750.0,0.060368975775210325,0,7,False,False,False,True,False,False,12,7,3,32,59
TX001495,25.58,2023-11-16 16:33:22,60,166,1,6741.41,2024-11-04 08:06:29,-30555187.0,0.0037938956545211576,0,1,True,False,False,True,False,False,2,5,4,26,65
TX001496,446.1,2023-09-19 17:45:19,25,243,1,1008.44,2024-11-04 08:08:30,-35562191.0,0.4419281978126486,0,5,True,False,False,False,False,True,5,7,5,32,61
TX001497,147.74,2023-09-05 16:52:06,23,15,1,1711.78,2024-11-04 08:12:18,-36775212.0,0.0862574294421934,0,5,True,True,False,False,False,True,9,2,3,21,59
TX001498,1228.81,2023-02-20 16:36:36,26,254,1,1821.0,2024-11-04 08:09:05,-53796749.0,0.6744291986827662,0,2,True,False,False,False,False,True,3,4,5,21,57
TX001499,46.23,2023-05-29 17:45:26,77,282,1,5107.75,2024-11-04 08:09:46,-45325460.0,0.009049180327868852,0,3,True,False,True,False,True,False,4,3,6,32,60
TX001500,265.37,2023-05-26 17:56:17,33,77,1,5229.95,2024-11-04 08:09:20,-45583983.0,0.050730746805073654,0,2,True,True,False,True,False,False,5,3,4,33,48
TX001501,342.57,2023-02-03 17:10:00,20,91,1,339.16,2024-11-04 08:09:51,-55263591.0,1.007084901222954,0,2,True,False,True,False,False,True,3,4,8,29,61
TX001502,417.26,2023-02-27 17:01:24,32,45,1,10442.48,2024-11-04 08:11:53,-53190629.0,0.039954114911887606,0,5,False,False,True,False,False,False,7,6,4,24,58
TX001503,33.63,2023-11-03 16:50:08,63,76,1,4324.4,2024-11-04 08:10:52,-31677644.0,0.007775003467887364,0,3,True,False,True,False,True,False,5,3,9,20,54
TX001504,64.58,2023-12-04 18:06:30,55,173,1,6292.29,2024-11-04 08:11:27,-28994697.0,0.010261723200424578,0,4,True,True,False,False,True,False,5,5,6,22,46
TX001505,23.23,2023-04-20 16:34:59,21,122,1,269.01,2024-11-04 08:09:54,-48699295.0,0.086033850598126,0,4,False,True,False,False,False,True,6,8,5,29,64
TX001506,160.52,2023-08-07 16:15:05,78,112,1,5379.25,2024-11-04 08:07:59,-39282774.0,0.0298350448399238,0,5,False,False,False,False,True,False,5,3,5,21,60
TX001507,278.88,2023-09-29 16:53:14,64,179,2,1334.09,2024-11-04 08:09:44,-34701390.0,0.20888479428353146,1,3,True,True,False,False,False,False,5,3,7,32,61
TX001508,285.49,2023-08-11 18:42:10,53,109,1,6366.84,2024-11-04 08:12:14,-38928604.0,0.04483309882157843,0,2,False,True,False,False,False,False,3,5,7,27,68
TX001509,71.87,2023-01-16 18:03:02,22,258,1,1839.1,2024-11-04 08:12:07,-56815745.0,0.03905765990978752,0,1,True,False,False,False,False,True,2,6,4,27,55
TX001510,308.8,2023-12-26 16:08:51,53,41,1,3966.54,2024-11-04 08:09:59,-27100868.0,0.0778316034620949,0,4,True,False,False,False,True,False,6,5,4,27,51
TX001511,135.35,2023-07-28 18:42:51,33,82,1,9983.36,2024-11-04 08:07:24,-40137873.0,0.01355620189977124,0,5,True,True,False,True,False,False,8,4,6,22,63
TX001512,288.43,2023-05-08 16:37:53,66,72,1,4577.09,2024-11-04 08:09:00,-47143867.0,0.06300225639950285,0,7,True,True,False,False,True,False,9,3,5,19,55
TX001513,147.46,2023-10-12 16:58:25,65,205,1,7458.03,2024-11-04 08:11:31,-33577986.0,0.01976932657463504,0,5,False,False,True,False,False,False,6,6,5,27,41
TX001514,214.15,2023-10-30 17:07:54,32,217,1,6397.29,2024-11-04 08:10:59,-32022185.0,0.033469880233624925,0,4,True,True,False,True,False,False,5,8,3,29,63
TX001515,71.34,2023-08-28 16:00:00,49,144,3,6345.03,2024-11-04 08:09:43,-37469383.0,0.011241673928424543,1,6,True,False,True,True,False,False,8,5,5,25,64
TX001516,170.36,2023-03-27 16:56:29,30,118,1,6034.73,2024-11-04 08:09:24,-50771575.0,0.0282252519579239,0,4,True,False,False,False,False,False,4,5,9,31,58
TX001517,965.66,2023-12-18 17:22:16,53,32,1,765.81,2024-11-04 08:08:58,-27787602.0,1.259321083449616,0,4,True,False,False,True,False,False,5,5,5,30,59
TX001518,736.53,2023-05-10 17:05:08,55,120,1,9826.26,2024-11-04 08:09:38,-46969470.0,0.07494764563062338,0,2,True,False,False,True,False,False,4,9,4,33,67
TX001519,213.42,2023-07-27 17:30:14,45,17,1,3736.38,2024-11-04 08:11:26,-40228872.0,0.05710417458219394,0,5,True,False,False,True,False,False,5,4,5,27,54
TX001520,94.09,2023-09-12 16:32:09,27,203,1,646.85,2024-11-04 08:10:29,-36171500.0,0.14523423632013582,0,6,True,True,False,False,False,True,8,3,4,29,64
TX001521,91.23,2023-05-15 16:13:54,72,86,1,6385.12,2024-11-04 08:08:29,-46540475.0,0.014285669545827514,0,3,True,False,False,False,True,False,5,5,4,26,61
TX001522,263.92,2023-07-26 17:56:54,57,233,1,4161.71,2024-11-04 08:10:43,-40313629.0,0.06340100559491293,0,4,False,True,False,False,True,False,8,1,4,27,59
TX001523,77.5,2023-05-23 16:44:55,51,201,1,11079.77,2024-11-04 08:08:15,-45847400.0,0.006994098785553711,0,5,False,False,True,False,False,False,7,4,5,24,70
TX001524,3.65,2023-02-13 17:48:36,69,146,1,10017.11,2024-11-04 08:11:01,-54397345.0,0.00036434017993413926,0,4,True,False,True,False,False,False,5,3,4,22,64
TX001525,43.88,2023-11-13 17:43:37,26,251,1,1644.09,2024-11-04 08:08:21,-30810284.0,0.026673312706295707,0,4,False,False,True,False,False,True,4,1,9,31,61
TX001526,591.98,2023-04-28 16:32:10,28,132,1,387.65,2024-11-04 08:07:44,-48008134.0,1.523169947253313,0,5,True,False,False,False,False,True,7,8,5,15,46
TX001527,224.79,2023-08-22 16:34:34,18,129,1,528.38,2024-11-04 08:10:25,-37985751.0,0.42462881106199707,0,6,True,False,True,False,False,True,6,3,3,21,61
TX001528,64.3,2023-09-04 17:36:40,55,67,1,7530.3,2024-11-04 08:11:58,-36858918.0,0.008537702654256237,0,2,True,False,False,False,True,False,4,3,9,32,51
TX001529,111.79,2023-12-26 17:40:23,62,49,1,10887.59,2024-11-04 08:11:34,-27095471.0,0.010266710382152327,0,5,True,False,True,False,False,False,7,5,3,22,60
TX001530,927.16,2023-03-20 16:48:00,59,153,1,7104.61,2024-11-04 08:10:20,-51376940.0,0.13048281569070072,0,2,True,False,False,False,True,False,3,2,4,33,57
TX001531,613.7,2023-02-22 17:33:56,61,37,1,7307.11,2024-11-04 08:10:53,-53620617.0,0.08397520015434909,0,4,False,True,False,False,True,False,6,8,4,23,70
TX001532,26.07,2023-03-16 17:00:29,20,19,3,349.98,2024-11-04 08:10:16,-51721787.0,0.0742777366231694,1,3,True,True,False,False,False,True,7,2,3,24,51
TX001533,170.45,2023-01-05 16:56:49,60,199,1,2284.41,2024-11-04 08:09:17,-57769948.0,0.07458180370261791,0,7,True,True,False,True,False,False,7,8,4,45,57
TX001534,344.27,2023-09-19 17:23:14,22,123,1,1918.36,2024-11-04 08:09:37,-35563583.0,0.17936708069356452,0,1,True,True,False,False,False,True,4,6,4,19,59
TX001535,872.72,2023-04-24 16:47:17,22,288,1,503.01,2024-11-04 08:10:49,-48353012.0,1.731552945378068,0,4,True,False,True,False,False,True,7,3,3,27,48
TX001536,292.95,2023-02-16 16:23:11,37,56,1,1216.91,2024-11-04 08:11:13,-54143282.0,0.24053501490257898,0,8,True,True,False,True,False,False,11,4,7,23,63
TX001537,28.44,2023-08-31 17:43:38,18,243,1,1071.04,2024-11-04 08:09:03,-37203925.0,0.026528860863400623,0,5,True,False,False,False,False,True,7,3,5,28,60
TX001538,209.02,2023-03-03 17:08:36,21,74,1,187.9,2024-11-04 08:11:19,-52844563.0,1.1065113816834304,0,2,True,False,False,False,False,True,5,6,4,21,46
TX001539,20.05,2023-11-29 17:43:51,72,171,1,7145.67,2024-11-04 08:08:00,-29427849.0,0.002805502422806706,0,4,True,False,False,False,True,False,6,3,6,27,60
TX001540,175.02,2023-04-10 16:23:53,28,71,1,1493.88,2024-11-04 08:09:21,-49563928.0,0.11707963180991116,0,2,True,False,True,False,False,True,4,4,1,22,55
TX001541,89.5,2023-08-21 16:22:06,41,134,1,8658.95,2024-11-04 08:09:01,-38072815.0,0.010334932649726614,0,5,False,True,False,True,False,False,7,5,10,22,51
TX001542,69.96,2023-10-16 17:43:00,28,31,1,164.12,2024-11-04 08:08:13,-33229513.0,0.42369186046511625,0,3,True,True,False,False,False,True,6,3,5,30,51
TX001543,146.51,2023-01-25 17:12:17,53,68,1,7089.9,2024-11-04 08:10:39,-56041102.0,0.020661693156016868,0,4,True,False,False,True,False,False,7,2,9,26,41
TX001544,376.78,2023-08-14 17:25:14,21,88,1,841.65,2024-11-04 08:07:49,-38673755.0,0.4471370082477897,0,8,False,False,True,False,False,True,12,8,7,24,55
TX001545,148.54,2023-12-22 16:25:16,71,107,1,5677.05,2024-11-04 08:11:52,-27445596.0,0.02616038957036306,0,8,False,True,False,False,True,False,12,3,5,26,54
TX001546,388.77,2023-12-11 16:57:08,26,30,1,1658.49,2024-11-04 08:11:05,-28394037.0,0.23427076993534157,0,2,False,False,True,False,False,True,2,6,9,33,60
TX001547,100.38,2023-11-27 17:51:15,63,49,1,10171.68,2024-11-04 08:09:18,-29600283.0,0.009867606176543448,0,3,True,True,False,False,False,False,4,9,5,30,61
TX001548,137.23,2023-04-07 16:50:22,64,63,1,13847.99,2024-11-04 08:08:41,-49821499.0,0.009909025856759228,0,4,True,True,False,False,False,False,9,3,4,27,60
TX001549,870.3,2023-08-28 17:56:39,51,229,1,3688.98,2024-11-04 08:08:54,-37462335.0,0.23585493688312673,0,1,True,False,False,False,True,False,5,2,9,26,59
TX001550,458.94,2023-07-18 18:06:23,52,180,1,5619.95,2024-11-04 08:08:35,-41004132.0,0.08164811997971873,0,6,True,True,False,True,False,False,8,5,7,21,63
TX001551,327.35,2023-09-25 18:48:58,20,175,1,342.08,2024-11-04 08:11:19,-35040141.0,0.9541506354203102,0,8,False,True,False,False,False,True,9,8,2,27,63
TX001552,757.15,2023-01-17 16:53:08,53,38,1,4702.86,2024-11-04 08:08:06,-56733298.0,0.16096354908521937,0,6,True,False,True,True,False,False,7,3,8,25,59
TX001553,5.64,2023-03-08 16:57:30,59,47,1,12703.24,2024-11-04 08:11:10,-52413220.0,0.0004439462730552949,0,2,True,False,True,False,False,False,2,2,8,29,61
TX001554,47.23,2023-08-03 18:18:56,73,160,1,6659.81,2024-11-04 08:11:07,-39621131.0,0.007090729205607125,0,5,False,False,True,False,True,False,6,4,5,21,63
TX001555,239.41,2023-11-01 17:23:46,42,248,1,7860.65,2024-11-04 08:07:19,-31848213.0,0.030452894748557873,0,4,False,False,True,False,False,False,6,4,6,29,51
TX001556,7.48,2023-07-03 16:46:20,55,29,1,1275.2,2024-11-04 08:12:21,-42305161.0,0.0058611502899232094,0,7,True,False,False,True,False,False,8,2,5,31,59
TX001557,170.97,2023-05-01 17:04:30,26,292,1,1265.27,2024-11-04 08:07:51,-47747001.0,0.13501859792935156,0,3,True,True,False,False,False,True,4,2,6,24,55
TX001558,262.43,2023-06-13 17:26:54,37,274,5,12841.01,2024-11-04 08:07:46,-44030452.0,0.02043527454035622,1,3,False,False,True,False,False,False,6,3,2,26,59
TX001559,659.15,2023-01-31 16:02:23,22,204,1,1241.59,2024-11-04 08:06:24,-55526641.0,0.5304645941139072,0,9,True,False,False,False,False,True,11,7,5,33,61
TX001560,31.53,2023-12-20 17:15:14,25,283,1,874.93,2024-11-04 08:06:33,-27615079.0,0.03599602707978949,0,6,True,False,True,False,False,True,7,3,4,21,61
TX001561,111.66,2023-06-07 18:18:32,48,140,1,5716.72,2024-11-04 08:07:36,-44545744.0,0.0195287632133088,0,9,False,False,True,True,False,False,12,6,3,32,48
TX001562,250.01,2023-11-06 16:28:15,62,88,1,1541.48,2024-11-04 08:12:10,-31419835.0,0.1620831388413464,0,3,True,False,False,False,True,False,4,5,6,27,61
TX001563,554.15,2023-04-18 17:17:37,49,108,1,14817.22,2024-11-04 08:12:11,-48869674.0,0.03739652940771564,0,1,True,False,False,False,False,False,1,1,7,34,59
TX001564,598.66,2023-01-10 16:51:44,32,222,1,2587.11,2024-11-04 08:11:41,-57338397.0,0.2313116521322509,0,4,False,True,False,True,False,False,5,3,3,24,68
TX001565,28.38,2023-05-18 16:24:16,55,98,1,173.7,2024-11-04 08:08:56,-46280680.0,0.1624499141385232,0,6,True,True,False,False,False,False,8,5,7,22,53
TX001566,16.8,2023-11-27 17:01:48,49,94,1,11847.07,2024-11-04 08:09:51,-29603283.0,0.001417952459767709,0,4,True,False,False,False,False,False,6,3,7,25,59
TX001567,896.79,2023-11-06 16:35:59,33,168,1,11146.74,2024-11-04 08:06:45,-31419046.0,0.08044590203933712,0,4,True,False,True,False,False,False,4,7,4,25,49
TX001568,159.0,2023-03-06 18:04:32,49,38,1,369.79,2024-11-04 08:08:35,-52581843.0,0.4288141535640119,0,7,True,False,False,True,False,False,9,5,5,27,55
TX001569,56.31,2023-09-27 17:54:16,75,195,1,6396.08,2024-11-04 08:08:12,-34870436.0,0.008802453619463881,0,3,False,False,True,False,True,False,6,7,6,29,63
TX001570,203.99,2023-01-20 16:34:35,52,215,1,4840.31,2024-11-04 08:09:52,-56475317.0,0.042135289828579454,0,3,True,False,True,False,True,False,8,4,5,24,67
TX001571,50.99,2023-10-31 16:45:07,29,76,1,1334.6,2024-11-04 08:10:00,-31937093.0,0.03817759808325846,0,6,True,True,False,False,False,False,9,5,10,26,63
TX001572,101.28,2023-08-23 18:19:06,32,75,1,2774.35,2024-11-04 08:06:44,-37892858.0,0.03649269461509359,0,6,False,False,True,True,False,False,7,2,3,18,60
TX001573,299.92,2023-10-09 18:41:21,27,122,1,1368.0,2024-11-04 08:08:59,-33830858.0,0.21907962016070126,0,6,True,False,False,False,False,True,7,2,6,29,62
TX001574,77.54,2023-02-01 17:12:47,67,73,1,4536.38,2024-11-04 08:10:22,-55436255.0,0.017089157178812445,0,4,True,False,True,False,True,False,4,3,3,21,55
TX001575,18.35,2023-09-18 16:40:59,21,78,1,1293.39,2024-11-04 08:10:06,-35652547.0,0.01417656193264781,0,5,True,True,False,False,False,True,8,4,6,22,55
TX001576,732.53,2023-05-22 16:54:00,26,116,1,441.54,2024-11-04 08:12:14,-45933494.0,1.6552853979301305,0,2,False,False,False,False,False,True,2,4,3,34,59
TX001577,65.11,2023-09-07 16:47:49,34,150,1,8485.14,2024-11-04 08:08:55,-36602466.0,0.00767251070569187,0,2,True,False,False,True,False,False,4,2,5,45,55
TX001578,67.07,2023-06-05 16:24:41,24,56,1,999.62,2024-11-04 08:10:33,-44725552.0,0.06702844236573324,0,5,False,False,False,False,False,True,6,7,5,26,69
TX001579,137.48,2023-11-27 17:34:33,55,47,1,14273.42,2024-11-04 08:08:46,-29601253.0,0.009631214438134788,0,5,True,True,False,False,False,False,5,3,6,27,61
TX001580,398.36,2023-06-27 16:52:00,22,56,1,1863.7,2024-11-04 08:09:08,-42823028.0,0.21363221965999893,0,2,True,False,False,False,False,True,3,4,1,16,54
TX001581,469.46,2023-11-08 18:24:56,20,149,1,8640.56,2024-11-04 08:09:58,-31239902.0,0.05432583931604942,0,2,True,False,False,False,False,True,3,2,5,32,58
TX001582,37.58,2023-04-17 18:22:37,57,182,1,259.44,2024-11-04 08:12:14,-48952177.0,0.1442942712332975,0,7,True,False,False,False,False,False,9,4,5,23,58
TX001583,160.24,2023-08-08 17:06:41,31,15,1,5526.97,2024-11-04 08:09:07,-39193346.0,0.02898713270875204,0,4,True,False,False,True,False,False,4,3,6,30,48
TX001584,315.39,2023-05-26 16:52:33,23,93,1,929.6,2024-11-04 08:08:08,-45587735.0,0.3389103803997421,0,1,False,True,False,False,False,True,3,4,7,21,58
TX001585,434.17,2023-01-05 16:40:09,21,148,5,5335.44,2024-11-04 08:09:50,-57770981.0,0.08135948310109362,1,5,True,False,False,False,False,True,8,4,5,19,61
TX001586,165.91,2023-03-15 17:40:16,26,84,1,587.12,2024-11-04 08:09:22,-51805746.0,0.28210229204924164,0,6,True,False,False,False,False,True,6,7,8,27,60
TX001587,211.36,2023-09-14 17:08:40,47,194,1,4760.34,2024-11-04 08:11:24,-35996564.0,0.04439086475656013,0,5,True,True,False,True,False,False,9,6,2,22,57
TX001588,241.45,2023-07-24 16:02:33,26,158,1,1594.04,2024-11-04 08:08:42,-40493169.0,0.15137551409369043,0,3,True,False,True,False,False,True,7,3,9,45,42
TX001589,23.24,2023-04-13 16:41:41,68,129,1,13777.79,2024-11-04 08:10:55,-49303754.0,0.001686650279160942,0,3,True,True,False,False,False,False,4,3,7,27,58
TX001590,70.88,2023-12-04 16:18:39,74,176,1,1794.65,2024-11-04 08:06:26,-29000867.0,0.039473171275025754,0,7,False,True,False,False,True,False,9,9,4,25,65
TX001591,1143.67,2023-10-30 16:18:48,66,111,1,7677.76,2024-11-04 08:10:41,-32025113.0,0.14893941209257744,0,2,True,False,True,False,True,False,5,5,4,26,61
TX001592,314.52,2023-03-20 17:21:43,80,229,1,7071.32,2024-11-04 08:06:44,-51374701.0,0.04447196959413601,0,4,True,False,False,False,True,False,6,3,8,27,63
TX001593,181.81,2023-05-29 16:09:59,78,122,1,7525.73,2024-11-04 08:09:04,-45331145.0,0.02415524404356208,0,4,False,False,True,False,True,False,6,4,2,45,59
TX001594,854.64,2023-11-07 18:57:13,56,118,1,2989.25,2024-11-04 08:08:54,-31324301.0,0.2858088788562829,0,3,True,True,False,False,True,False,4,6,6,31,70
TX001595,261.19,2023-01-12 17:12:22,64,52,1,7620.6,2024-11-04 08:09:48,-57164246.0,0.034269707148105386,0,7,True,False,False,False,True,False,10,5,4,25,68
TX001596,220.68,2023-10-09 18:23:25,71,217,1,5549.2,2024-11-04 08:07:05,-33831820.0,0.03976072934308674,0,2,False,False,True,False,True,False,2,6,4,24,59
TX001597,11.86,2023-09-05 16:43:36,31,129,1,6782.61,2024-11-04 08:08:52,-36775516.0,0.0017483316405276837,0,5,True,True,False,True,False,False,6,5,4,27,53
TX001598,122.65,2023-08-17 16:26:57,28,41,1,1968.51,2024-11-04 08:06:57,-38418000.0,0.06227437281354246,0,2,True,False,True,False,False,True,3,3,1,25,54
TX001599,395.16,2023-07-24 16:14:05,56,17,1,5340.73,2024-11-04 08:11:15,-40492630.0,0.07397603398150039,0,5,True,False,True,False,True,False,7,6,2,27,55
TX001600,704.69,2023-07-18 17:22:49,51,150,1,3267.84,2024-11-04 08:10:51,-41006882.0,0.2155780032060303,0,5,True,False,True,False,True,False,5,9,4,22,55
TX001601,369.89,2023-10-18 16:44:36,69,69,1,6941.47,2024-11-04 08:11:27,-33060411.0,0.053279308372956594,0,2,True,False,False,False,True,False,5,6,7,22,59
TX001602,10.92,2023-10-20 17:48:44,67,268,1,7567.2,2024-11-04 08:08:28,-32883584.0,0.0014428794165059064,0,5,True,False,False,False,True,False,8,6,4,24,60
TX001603,199.14,2023-08-02 17:32:29,31,36,1,7001.25,2024-11-04 08:10:52,-39710303.0,0.028439430183155413,0,3,True,True,False,True,False,False,7,7,5,32,61
TX001604,109.43,2023-01-11 18:07:25,70,140,1,1983.65,2024-11-04 08:09:49,-57247344.0,0.05513818557428262,0,5,True,False,False,False,True,False,6,8,2,27,62
TX001605,304.15,2023-11-28 16:09:34,20,40,1,686.91,2024-11-04 08:10:17,-29520043.0,0.44213632597287433,0,5,True,True,False,False,False,True,7,1,9,19,61
TX001606,620.54,2023-03-27 16:26:46,28,98,1,213.36,2024-11-04 08:07:26,-50773240.0,2.894849785407725,0,8,False,True,False,False,False,True,11,5,5,30,65
TX001607,757.79,2023-01-02 16:30:09,22,117,1,1443.02,2024-11-04 08:08:27,-58030698.0,0.5247780501655102,0,5,True,False,True,False,False,True,7,7,5,21,68
TX001608,122.81,2023-10-24 16:12:19,52,12,1,8450.84,2024-11-04 08:09:37,-32543838.0,0.01453056375889747,0,3,True,True,False,False,False,False,5,6,4,19,59
TX001609,96.25,2023-07-27 16:01:41,61,171,1,7996.7,2024-11-04 08:06:36,-40233895.0,0.012034709979118997,0,4,True,False,True,False,True,False,8,5,5,26,63
TX001610,1431.33,2023-01-17 17:50:51,30,49,1,5567.98,2024-11-04 08:09:18,-56729907.0,0.25701834088109493,0,3,True,False,False,False,False,False,4,6,4,19,68
TX001611,142.55,2023-05-16 16:45:46,67,97,1,1262.68,2024-11-04 08:07:26,-46452100.0,0.1128054570777412,0,3,True,False,True,False,False,False,6,3,5,27,61
TX001612,35.94,2023-05-08 16:22:52,23,141,1,1697.28,2024-11-04 08:09:24,-47144792.0,0.02116258803024236,0,2,False,True,False,False,False,True,3,6,7,24,60
TX001613,24.86,2023-02-13 16:53:36,58,292,1,2591.65,2024-11-04 08:12:04,-54400708.0,0.009588644822864636,0,4,True,True,False,True,False,False,5,3,3,29,60
TX001614,103.08,2023-11-14 16:09:22,60,109,1,12002.16,2024-11-04 08:10:18,-30729656.0,0.008587738562178626,0,3,True,False,True,False,False,False,6,4,8,30,57
TX001615,116.27,2023-11-28 18:04:26,57,94,1,8726.92,2024-11-04 08:11:49,-29513243.0,0.013321616146802445,0,7,True,False,True,True,False,False,7,3,5,26,42
TX001616,363.84,2023-10-19 17:41:40,73,118,3,5415.64,2024-11-04 08:09:37,-32970477.0,0.06717079222543863,1,6,True,False,True,False,True,False,9,5,3,26,54
TX001617,34.74,2023-04-28 16:03:41,59,72,1,3736.57,2024-11-04 08:12:14,-48010113.0,0.009294809194209072,0,6,False,False,True,False,True,False,7,9,5,19,42
TX001618,64.01,2023-10-30 18:14:15,19,240,1,1225.69,2024-11-04 08:08:26,-32018051.0,0.05218107264263995,0,5,False,True,False,False,False,True,7,5,6,24,67
TX001619,108.75,2023-10-17 16:09:20,50,23,4,14829.85,2024-11-04 08:10:18,-33148858.0,0.0073326882815212885,1,3,True,False,False,False,False,False,6,3,5,26,63
TX001620,50.9,2023-04-24 16:14:34,28,150,1,1277.7,2024-11-04 08:06:36,-48354722.0,0.039806053022601075,0,4,False,False,True,False,False,True,4,6,7,22,60
TX001621,206.84,2023-09-13 18:47:47,20,154,1,454.66,2024-11-04 08:10:50,-36076983.0,0.4539349514989246,0,2,True,True,False,False,False,True,2,8,6,19,67
TX001622,37.4,2023-08-01 17:54:56,20,84,1,1519.51,2024-11-04 08:12:08,-39795432.0,0.024597010213678303,0,6,True,False,False,False,False,True,10,3,5,21,59
TX001623,154.21,2023-01-02 16:01:26,46,75,1,8045.77,2024-11-04 08:10:33,-58032547.0,0.01916421123009605,0,6,True,False,True,True,False,False,9,6,4,22,64
TX001624,199.37,2023-06-29 17:39:21,24,79,1,1331.3,2024-11-04 08:08:44,-42647363.0,0.1496434736921114,0,6,True,False,True,False,False,True,9,8,5,22,60
TX001625,410.49,2023-07-25 16:47:16,25,134,1,1843.57,2024-11-04 08:10:38,-40404202.0,0.22253967049230988,0,3,False,True,False,False,False,True,5,3,6,27,61
TX001626,1360.01,2023-09-25 16:51:23,67,218,1,6601.5,2024-11-04 08:11:58,-35047235.0,0.20598409693297992,0,4,False,True,False,False,True,False,6,7,5,28,55
TX001627,18.23,2023-03-22 17:31:23,56,28,1,8422.2,2024-11-04 08:11:20,-51201597.0,0.002164260613543546,0,9,True,False,False,True,False,False,11,6,7,29,55
TX001628,398.7,2023-08-28 16:02:11,47,276,1,7987.74,2024-11-04 08:09:04,-37469213.0,0.049907745151300455,0,4,True,False,False,False,False,False,5,3,5,16,41
TX001629,122.14,2023-02-20 16:20:28,22,155,1,327.68,2024-11-04 08:08:04,-53797656.0,0.37160764269198004,0,4,True,False,True,False,False,True,4,4,5,27,65
TX001630,378.2,2023-01-09 17:12:40,40,167,1,7372.81,2024-11-04 08:11:02,-57423502.0,0.051289631818557835,0,2,True,True,False,True,False,False,3,3,3,21,61
TX001631,124.74,2023-11-27 16:33:20,49,33,1,2987.97,2024-11-04 08:08:17,-29604897.0,0.04173343994754046,0,6,True,False,False,True,False,False,7,4,4,31,69
TX001632,17.1,2023-12-25 16:56:06,53,101,1,1619.54,2024-11-04 08:11:05,-27184499.0,0.010552038209485729,0,5,True,False,False,False,True,False,6,2,3,30,41
TX001633,287.05,2023-04-14 16:00:51,22,212,1,1204.65,2024-11-04 08:10:59,-49219808.0,0.23808733877991126,0,2,True,False,False,False,False,True,4,5,3,27,55
TX001634,874.72,2023-03-03 16:21:27,28,173,1,4630.58,2024-11-04 08:08:17,-52847210.0,0.18885995707728248,0,5,True,False,True,True,False,False,6,6,5,25,57
TX001635,1762.28,2023-10-06 16:05:34,24,150,1,1380.34,2024-11-04 08:10:42,-34099508.0,1.275775696063243,0,6,True,False,False,False,False,True,8,6,4,34,63
TX001636,40.12,2023-04-19 17:03:11,36,269,1,14304.38,2024-11-04 08:10:40,-48784049.0,0.002804539271239212,0,6,False,False,False,False,False,False,8,9,5,22,49
TX001637,125.0,2023-06-05 16:19:55,49,177,1,3215.76,2024-11-04 08:11:36,-44725901.0,0.0388589761126102,0,5,False,False,True,True,False,False,7,5,6,26,58
TX001638,348.44,2023-11-06 17:58:34,24,147,1,1022.94,2024-11-04 08:09:55,-31414281.0,0.3402933765650331,0,6,True,False,True,False,False,True,7,5,5,21,51
TX001639,128.4,2023-03-20 17:17:27,69,31,1,2610.64,2024-11-04 08:11:44,-51375257.0,0.0491645096567674,0,8,True,False,False,False,True,False,8,4,4,33,67
TX001640,320.93,2023-06-22 16:05:35,55,178,1,9451.66,2024-11-04 08:10:27,-43257892.0,0.03395128990146689,0,1,True,False,True,True,False,False,6,5,5,45,61
TX001641,1.41,2023-06-07 17:02:33,53,278,1,1244.17,2024-11-04 08:12:04,-44550571.0,0.001132375498927857,0,5,True,False,False,False,True,False,8,4,6,27,53
TX001642,50.52,2023-04-06 16:03:23,54,293,1,12815.24,2024-11-04 08:06:58,-49910615.0,0.003941873747682628,0,10,True,True,False,False,False,False,11,4,6,33,69
TX001643,383.95,2023-09-20 17:57:15,31,143,1,9933.56,2024-11-04 08:07:55,-35475040.0,0.03864791193570727,0,5,False,False,True,True,False,False,7,7,6,32,59
TX001644,12.94,2023-08-28 17:08:41,23,158,1,921.23,2024-11-04 08:10:32,-37465311.0,0.014031206965724385,0,4,True,True,False,False,False,True,5,3,2,22,60
TX001645,329.75,2023-12-25 17:31:53,56,211,1,6009.43,2024-11-04 08:09:57,-27182284.0,0.0548629632156102,0,5,True,False,True,False,True,False,6,5,4,29,53
TX001646,981.76,2023-09-25 16:23:57,45,234,1,602.36,2024-11-04 08:06:45,-35048568.0,1.6271546009016176,0,2,True,False,True,False,False,False,6,3,3,26,55
TX001647,40.79,2023-11-17 16:40:09,18,80,1,1769.33,2024-11-04 08:11:29,-30468680.0,0.02304090197872713,0,4,True,False,False,False,False,True,6,4,6,24,55
TX001648,99.25,2023-06-26 16:53:58,63,93,1,2570.34,2024-11-04 08:07:33,-42909215.0,0.038598551727892845,0,4,False,False,True,False,True,False,9,2,3,26,55
TX001649,150.6,2023-04-17 17:43:23,69,59,1,3240.14,2024-11-04 08:07:30,-48954247.0,0.04646513263851608,0,4,True,False,False,False,True,False,5,4,5,19,64
TX001650,29.5,2023-07-20 18:26:11,73,129,1,1229.32,2024-11-04 08:09:30,-40830199.0,0.023977501788152677,0,7,True,False,True,False,True,False,7,9,6,21,59
TX001651,54.34,2023-12-25 18:03:33,65,46,1,8019.89,2024-11-04 08:11:47,-27180494.0,0.006774809279269507,0,6,True,False,False,False,False,False,8,7,4,22,41
TX001652,18.25,2023-08-16 16:41:21,53,18,1,14328.29,2024-11-04 08:08:43,-38503642.0,0.0012736150918852224,0,6,True,False,False,False,False,False,9,4,6,21,61
TX001653,633.87,2023-12-08 16:06:14,27,175,1,330.16,2024-11-04 08:09:58,-28656224.0,1.9140898659258363,0,4,True,False,True,False,False,True,7,4,4,25,61
TX001654,81.15,2023-02-17 16:28:12,19,114,1,1595.26,2024-11-04 08:09:07,-54056455.0,0.050837582849911675,0,5,True,False,False,False,False,True,6,6,5,27,64
TX001655,83.95,2023-06-14 16:16:25,75,170,1,7413.18,2024-11-04 08:06:37,-43948212.0,0.011322897474838755,0,3,True,False,True,False,True,False,4,4,7,32,58
TX001656,410.4,2023-05-19 16:00:10,61,78,1,2563.91,2024-11-04 08:09:34,-46195764.0,0.16000561423207832,0,5,False,False,False,False,True,False,7,4,4,25,55
TX001657,172.68,2023-02-20 16:07:41,33,17,1,10724.95,2024-11-04 08:07:49,-53798408.0,0.016099273257846623,0,4,True,False,False,False,False,False,6,4,4,19,51
TX001658,139.88,2023-01-23 16:05:26,34,162,1,2969.71,2024-11-04 08:07:25,-56217719.0,0.04708638675602802,0,7,True,False,False,True,False,False,8,4,6,20,60
TX001659,165.55,2023-10-02 18:21:39,28,115,1,761.78,2024-11-04 08:08:55,-34436836.0,0.21703505597944364,0,5,True,True,False,False,False,True,5,3,5,24,49
TX001660,53.79,2023-12-05 16:01:44,54,137,3,6229.36,2024-11-04 08:07:47,-28915563.0,0.008633530004686727,1,8,False,False,False,True,False,False,11,4,9,15,67
TX001661,285.69,2023-12-06 18:15:42,63,35,1,2552.54,2024-11-04 08:07:59,-28821137.0,0.11187997838295073,0,6,True,False,False,False,True,False,7,3,3,29,64
TX001662,532.4,2023-08-24 16:46:58,22,149,1,1033.73,2024-11-04 08:09:47,-37812169.0,0.5145303605771554,0,8,True,False,False,False,False,True,9,4,6,19,60
TX001663,293.85,2023-08-10 16:23:08,25,144,1,1919.97,2024-11-04 08:09:31,-39023183.0,0.15296959348662395,0,1,True,False,True,False,False,True,3,2,2,26,68
TX001664,27.94,2023-11-03 18:44:38,79,120,1,1893.44,2024-11-04 08:08:30,-31670632.0,0.014748421697177003,0,7,True,True,False,False,True,False,10,2,5,23,61
TX001665,270.36,2023-03-03 16:57:11,25,37,1,1783.04,2024-11-04 08:07:51,-52845040.0,0.15154368736126994,0,4,True,False,False,False,False,True,7,8,5,24,68
TX001666,112.66,2023-09-18 16:28:56,29,176,3,852.98,2024-11-04 08:07:58,-35653142.0,0.13192346424974824,1,6,True,False,True,True,False,False,9,8,7,24,67
TX001667,506.03,2023-07-12 16:14:08,21,21,1,1123.89,2024-11-04 08:09:26,-41529318.0,0.4498484296242299,0,4,True,True,False,False,False,True,4,6,4,29,63
TX001668,206.95,2023-08-03 16:19:27,22,31,1,1817.65,2024-11-04 08:07:36,-39628089.0,0.11379319825145023,0,7,True,True,False,False,False,True,8,4,3,27,61
TX001669,350.96,2023-06-08 16:26:48,63,167,1,5463.94,2024-11-04 08:08:03,-44466075.0,0.06422028421172053,0,4,True,False,False,False,True,False,4,1,4,26,67
TX001670,261.63,2023-05-29 18:27:43,20,150,1,477.03,2024-11-04 08:09:33,-45322910.0,0.547308746312993,0,4,True,True,False,False,False,True,5,6,9,27,60
TX001671,46.12,2023-06-05 17:28:06,59,30,1,8874.01,2024-11-04 08:08:32,-44721626.0,0.005196613862970295,0,5,True,True,False,False,False,False,7,5,7,30,60
TX001672,27.25,2023-03-20 16:02:51,63,92,1,5365.2,2024-11-04 08:09:28,-51379597.0,0.005078081323841825,0,2,False,True,False,False,True,False,2,4,13,18,61
TX001673,1353.93,2023-11-15 17:32:11,26,171,1,7858.41,2024-11-04 08:08:50,-30638199.0,0.17226865629862803,0,3,True,True,False,True,False,False,4,3,6,24,46
TX001674,331.66,2023-09-11 17:52:59,76,145,1,7216.3,2024-11-04 08:08:23,-36252924.0,0.04595347290538013,0,6,True,False,False,False,True,False,7,4,8,26,55
TX001675,667.95,2023-07-27 17:51:27,62,253,1,13558.56,2024-11-04 08:08:19,-40227412.0,0.04926044797913797,0,6,False,False,False,False,False,False,7,5,6,19,68
TX001676,49.84,2023-10-13 16:05:10,49,146,1,7872.04,2024-11-04 08:07:16,-33494526.0,0.006330464471157266,0,3,True,False,False,False,False,False,3,6,1,21,60
TX001677,556.04,2023-07-10 16:41:50,72,27,1,5200.04,2024-11-04 08:07:38,-41700348.0,0.10690938735329857,0,3,True,False,False,False,True,False,5,1,4,17,62
TX001678,88.06,2023-10-27 17:53:06,18,288,1,1779.85,2024-11-04 08:09:03,-32278557.0,0.04944829716146784,0,6,False,False,True,False,False,True,7,7,3,22,59
TX001679,745.95,2023-12-15 16:38:43,58,127,1,13264.14,2024-11-04 08:11:10,-28049547.0,0.05623385806708411,0,5,True,False,False,False,False,False,9,3,6,33,63
TX001680,67.25,2023-07-03 16:38:45,19,157,1,467.4,2024-11-04 08:11:37,-42305572.0,0.1435738684884714,0,7,True,False,True,False,False,True,7,8,4,33,64
TX001681,93.63,2023-08-21 18:11:41,29,141,1,9873.62,2024-11-04 08:09:57,-38066296.0,0.009481883859834605,0,6,True,False,False,True,False,False,8,4,9,28,58
TX001682,74.11,2023-07-18 16:05:40,22,49,1,1257.9,2024-11-04 08:09:02,-41011402.0,0.05886885376122011,0,2,True,True,False,False,False,True,3,5,4,26,59
TX001683,41.13,2023-03-27 17:53:15,77,58,1,6067.54,2024-11-04 08:10:03,-50768208.0,0.006777577473329664,0,2,False,True,False,False,True,False,4,4,5,26,67
TX001684,192.02,2023-12-19 16:11:38,79,154,1,5169.07,2024-11-04 08:09:02,-27705444.0,0.037140696354207976,0,2,False,False,True,False,True,False,5,8,6,31,58
TX001685,291.27,2023-06-19 17:58:54,77,121,1,6878.86,2024-11-04 08:10:16,-43510282.0,0.04233661731488722,0,7,True,True,False,False,True,False,10,5,4,26,63
TX001686,296.46,2023-11-09 16:11:59,23,136,1,558.99,2024-11-04 08:08:19,-31161380.0,0.5294023107555491,0,3,True,True,False,False,False,True,5,6,6,26,49
TX001687,341.84,2023-06-23 16:10:12,27,89,1,1400.04,2024-11-04 08:07:42,-43171050.0,0.24399017872437617,0,3,False,True,False,False,False,True,5,5,5,45,46
TX001688,98.41,2023-06-12 17:09:42,27,48,1,912.71,2024-11-04 08:08:45,-44117943.0,0.10770375720961792,0,5,True,False,True,False,False,True,6,6,4,27,53
TX001689,109.28,2023-06-09 16:20:12,36,112,4,6338.35,2024-11-04 08:07:21,-44380029.0,0.017238360399725525,1,4,True,False,True,True,False,False,5,4,4,18,59
TX001690,27.51,2023-09-20 18:16:03,40,103,1,13645.63,2024-11-04 08:06:27,-35473824.0,0.002015882309405326,0,3,False,False,True,False,False,False,3,5,8,27,54
TX001691,12.18,2023-04-20 18:50:39,76,77,1,4909.24,2024-11-04 08:07:37,-48691018.0,0.002480530483235035,0,8,True,True,False,False,True,False,9,5,2,30,58
TX001692,207.71,2023-11-16 17:48:55,25,63,1,570.1,2024-11-04 08:10:55,-30550920.0,0.3637016284363509,0,5,False,False,True,False,False,True,5,6,6,34,61
TX001693,25.77,2023-07-17 17:15:21,45,277,1,11749.77,2024-11-04 08:10:33,-41093712.0,0.00219304777474157,0,5,False,False,True,False,False,False,5,2,3,25,59
TX001694,127.57,2023-02-27 17:17:05,52,75,1,6118.2,2024-11-04 08:10:45,-53189620.0,0.020847496404758793,0,4,True,False,False,False,True,False,5,4,4,24,55
TX001695,392.05,2023-06-19 16:32:01,60,172,1,4383.69,2024-11-04 08:06:25,-43515264.0,0.08941339068440415,0,7,True,False,False,True,False,False,8,4,6,25,62
TX001696,521.01,2023-10-13 17:54:57,41,73,1,4004.55,2024-11-04 08:07:07,-33487930.0,0.130072025065222,0,7,False,True,False,True,False,False,7,3,4,20,61
TX001697,849.76,2023-08-16 16:28:30,25,269,1,373.88,2024-11-04 08:07:50,-38504360.0,2.2667520273154076,0,5,True,False,False,False,False,True,6,6,3,18,61
TX001698,172.5,2023-11-14 16:23:09,68,31,1,6851.16,2024-11-04 08:11:14,-30728885.0,0.02517454350161117,0,6,True,False,True,False,False,False,7,4,5,33,54
TX001699,265.44,2023-01-17 16:41:18,30,169,1,9700.77,2024-11-04 08:09:38,-56734100.0,0.02735995596679781,0,5,True,False,False,True,False,False,8,1,5,24,59
TX001700,152.34,2023-10-12 17:10:20,55,115,1,6853.51,2024-11-04 08:08:11,-33577071.0,0.022224783390789423,0,3,True,True,False,False,False,False,5,6,5,24,65
TX001701,21.13,2023-04-25 16:11:22,28,153,1,948.7,2024-11-04 08:10:17,-48268735.0,0.02224913130462251,0,4,True,True,False,False,False,True,5,6,6,24,49
TX001702,111.55,2023-12-28 16:27:12,46,101,1,12221.17,2024-11-04 08:08:09,-26926857.0,0.009126857178389762,0,6,True,False,False,False,False,False,6,3,1,25,62
TX001703,321.82,2023-07-14 16:20:55,32,43,1,6500.5,2024-11-04 08:08:22,-41356047.0,0.04949934630469891,0,2,False,True,False,True,False,False,4,3,5,24,59
TX001704,1294.81,2023-12-11 16:53:08,45,279,1,9927.75,2024-11-04 08:11:44,-28394316.0,0.13041017247891223,0,2,False,True,False,True,False,False,4,5,6,45,48
TX001705,148.77,2023-03-30 18:20:58,67,175,1,2138.42,2024-11-04 08:11:51,-50507453.0,0.06953753821129091,0,2,True,True,False,False,True,False,6,4,3,22,59
TX001706,14.08,2023-02-06 18:18:26,57,154,1,3908.65,2024-11-04 08:08:27,-55000201.0,0.0036013453889734374,0,4,True,True,False,False,True,False,6,2,9,27,49
TX001707,1283.97,2023-08-09 17:32:04,42,121,1,11041.9,2024-11-04 08:07:52,-39105348.0,0.11627108821052441,0,1,True,False,False,False,False,False,3,3,3,26,60
TX001708,566.33,2023-08-07 16:39:52,24,66,1,379.82,2024-11-04 08:07:18,-39281246.0,1.4871330287274829,0,7,False,False,False,False,False,True,8,4,4,33,68
TX001709,206.51,2023-12-18 17:09:29,51,275,1,3921.74,2024-11-04 08:07:22,-27788273.0,0.05264432514008066,0,5,True,False,False,False,True,False,6,4,9,26,58
TX001710,180.94,2023-07-24 16:41:18,75,57,1,7659.99,2024-11-04 08:10:34,-40490956.0,0.023618357418558177,0,3,True,True,False,False,True,False,5,4,1,33,59
TX001711,77.9,2023-12-25 17:42:00,21,128,1,664.72,2024-11-04 08:08:41,-27181601.0,0.11701616295139097,0,1,True,True,False,False,False,True,1,5,2,27,48
TX001712,318.92,2023-05-19 18:54:32,21,60,1,1167.25,2024-11-04 08:09:03,-46185271.0,0.27298951423068696,0,1,False,True,False,False,False,True,4,7,6,23,48
TX001713,583.3,2023-02-03 16:30:45,59,142,1,5896.01,2024-11-04 08:11:17,-55266032.0,0.09891453465400261,0,6,False,False,True,True,False,False,7,3,4,27,55
TX001714,100.68,2023-01-12 16:44:29,63,139,1,1123.75,2024-11-04 08:12:10,-57166061.0,0.08951322516114693,0,3,True,False,True,False,True,False,5,7,5,17,63
TX001715,589.64,2023-09-21 16:05:38,62,210,1,2039.4,2024-11-04 08:11:53,-35395575.0,0.28898255244069787,0,6,True,False,True,False,True,False,9,7,6,24,68
TX001716,225.93,2023-03-13 17:57:47,25,199,1,1864.27,2024-11-04 08:08:39,-51977452.0,0.12112455569434988,0,1,False,True,False,False,False,True,4,9,8,26,65
TX001717,651.55,2023-03-10 17:34:34,72,82,1,2325.78,2024-11-04 08:09:47,-52238113.0,0.2800221765701957,0,2,True,False,True,False,True,False,3,4,5,24,55
TX001718,80.97,2023-01-09 17:27:58,38,157,1,5926.31,2024-11-04 08:09:06,-57422468.0,0.013660496920188078,0,2,True,False,True,False,False,False,2,6,8,45,61
TX001719,191.89,2023-06-27 16:37:04,25,14,1,399.57,2024-11-04 08:09:55,-42823971.0,0.4790423646304017,0,5,True,True,False,False,False,True,6,4,4,20,59
TX001720,304.75,2023-02-27 16:07:57,78,125,1,1916.34,2024-11-04 08:07:01,-53193544.0,0.15894416222474889,0,4,False,True,False,False,True,False,5,6,8,28,59
TX001721,201.53,2023-11-06 16:31:43,68,287,1,2732.86,2024-11-04 08:12:21,-31419638.0,0.07371628393553437,0,2,True,False,True,False,True,False,4,6,4,29,67
TX001722,8.45,2023-02-10 17:45:34,22,141,1,1115.3,2024-11-04 08:07:47,-54656533.0,0.0075696497357341215,0,2,True,False,False,False,False,True,4,2,9,17,67
TX001723,435.98,2023-10-12 16:29:09,30,105,1,7334.08,2024-11-04 08:11:05,-33579716.0,0.05943766121160233,0,2,True,True,False,True,False,False,2,4,5,25,61
TX001724,743.24,2023-07-07 17:31:07,19,109,1,1024.19,2024-11-04 08:08:46,-41956659.0,0.724977808991504,0,3,False,False,True,False,False,True,5,5,7,27,58
TX001725,16.27,2023-02-13 17:58:45,57,44,1,10971.32,2024-11-04 08:09:04,-54396619.0,0.0014828222290272249,0,6,True,False,False,False,False,False,8,9,6,31,61
TX001726,290.86,2023-06-05 17:45:07,45,36,1,14631.88,2024-11-04 08:10:45,-44720738.0,0.01987715336967159,0,5,True,False,True,False,False,False,5,5,5,32,51
TX001727,85.73,2023-03-01 16:09:58,41,266,1,14928.35,2024-11-04 08:08:37,-53020719.0,0.005742379942864224,0,5,True,False,False,False,False,False,6,6,8,29,55
TX001728,555.71,2023-01-23 17:35:42,22,73,1,830.37,2024-11-04 08:08:24,-56212362.0,0.6684268135727776,0,3,False,True,False,False,False,True,5,2,9,27,61
TX001729,40.03,2023-01-09 17:17:53,23,200,1,6408.8,2024-11-04 08:12:08,-57423255.0,0.0062451246528752846,0,4,True,True,False,False,False,True,7,5,5,21,65
TX001730,73.01,2023-10-18 18:26:25,25,62,1,1997.33,2024-11-04 08:10:12,-33054227.0,0.036535507148468975,0,2,False,False,True,False,False,True,2,8,7,33,55
TX001731,346.12,2023-12-29 17:55:30,44,12,1,13084.27,2024-11-04 08:11:00,-26835330.0,0.02645111640799158,0,7,True,True,False,False,False,False,9,6,4,25,57
TX001732,1.93,2023-10-19 18:06:08,47,175,5,5684.09,2024-11-04 08:08:33,-32968945.0,0.0003394845112390481,1,3,True,True,False,False,False,False,3,4,4,26,60
TX001733,252.93,2023-02-06 16:05:08,75,222,1,2760.37,2024-11-04 08:07:53,-55008165.0,0.0915958382976566,0,6,True,False,False,False,True,False,6,5,4,32,42
TX001734,238.54,2023-04-07 16:04:01,19,12,4,868.91,2024-11-04 08:07:18,-49824197.0,0.2742122748330287,1,6,True,False,False,False,False,True,6,6,3,16,58
TX001735,1011.22,2023-08-21 18:51:11,61,129,1,5838.91,2024-11-04 08:09:59,-38063928.0,0.1731567781010324,0,3,True,True,False,False,True,False,4,8,7,27,67
TX001736,58.7,2023-03-03 16:00:01,67,141,1,8937.35,2024-11-04 08:07:12,-52848431.0,0.0065672075942427854,0,2,True,True,False,False,False,False,3,3,5,20,58
TX001737,7.56,2023-02-06 16:38:45,40,145,1,8528.72,2024-11-04 08:07:19,-55006114.0,0.000886312798075435,0,5,True,False,False,False,False,False,7,3,8,32,55
TX001738,540.4,2023-02-22 16:42:17,45,272,1,425.77,2024-11-04 08:06:52,-53623475.0,1.2662558286664949,0,8,True,True,False,False,False,False,9,4,10,24,63
TX001739,264.14,2023-07-28 17:36:30,64,125,1,8459.26,2024-11-04 08:07:21,-40141851.0,0.03122126270351029,0,3,True,False,False,False,False,False,4,5,6,34,51
TX001740,248.15,2023-06-15 16:41:00,75,202,1,2649.23,2024-11-04 08:08:53,-43860473.0,0.09363338276300548,0,1,True,False,False,False,True,False,2,4,6,27,55
TX001741,24.34,2023-11-29 17:15:02,54,110,1,6659.12,2024-11-04 08:09:23,-29429661.0,0.003654588806207696,0,8,True,True,False,True,False,False,8,5,5,23,59
TX001742,428.61,2023-01-09 16:12:00,66,62,1,11937.04,2024-11-04 08:09:42,-57427062.0,0.035902878529473846,0,8,True,False,False,False,False,False,11,8,4,27,70
TX001743,117.66,2023-08-03 18:19:53,39,126,1,6794.17,2024-11-04 08:07:55,-39620882.0,0.017315240089651913,0,7,False,True,False,False,False,False,7,4,5,33,63
TX001744,165.8,2023-05-04 17:46:15,60,287,1,2064.76,2024-11-04 08:07:57,-47485302.0,0.08026101773681357,0,4,True,False,True,True,False,False,7,4,6,21,55
TX001745,289.18,2023-08-29 16:17:55,65,64,1,3139.75,2024-11-04 08:11:11,-37381996.0,0.09207354931147019,0,7,True,False,False,False,True,False,7,7,7,25,51
TX001746,125.39,2023-07-31 16:52:24,21,140,1,202.69,2024-11-04 08:06:49,-39885265.0,0.6155923216652757,0,7,True,False,False,False,False,True,8,5,8,25,69
TX001747,305.18,2023-06-05 17:48:33,58,216,1,4474.2,2024-11-04 08:08:22,-44720389.0,0.06819360028602074,0,3,True,False,True,False,True,False,4,2,5,33,60
TX001748,506.9,2023-11-01 17:44:46,64,56,1,11471.87,2024-11-04 08:10:09,-31847123.0,0.04418249313380174,0,5,False,True,False,False,False,False,6,2,4,31,63
TX001749,504.12,2023-04-14 17:35:50,25,101,1,1107.28,2024-11-04 08:10:41,-49214091.0,0.45486700111885087,0,2,False,True,False,False,False,True,2,5,3,21,51
TX001750,42.09,2023-01-20 18:31:25,29,118,1,5526.28,2024-11-04 08:06:50,-56468125.0,0.007614957085582783,0,6,True,True,False,True,False,False,8,5,4,26,62
TX001751,607.28,2023-01-23 16:47:11,32,84,1,9679.68,2024-11-04 08:10:16,-56215385.0,0.06273113045777776,0,3,True,False,False,False,False,False,6,6,7,22,51
TX001752,91.9,2023-05-15 16:19:03,77,125,1,1033.94,2024-11-04 08:10:48,-46540305.0,0.0887974182078188,0,7,True,False,True,False,True,False,9,4,4,25,60
TX001753,303.43,2023-06-06 17:32:57,22,30,1,1833.24,2024-11-04 08:08:11,-44634914.0,0.16542546231681787,0,5,True,True,False,False,False,True,6,2,13,25,55
TX001754,668.78,2023-10-23 17:25:04,20,141,1,983.68,2024-11-04 08:09:12,-32625848.0,0.679185115976764,0,6,True,False,False,False,False,True,6,5,4,27,61
TX001755,270.54,2023-04-03 18:22:02,20,139,1,269.78,2024-11-04 08:09:42,-50161660.0,0.9991136716153337,0,6,False,False,False,False,False,True,7,4,2,16,53
TX001756,247.93,2023-08-14 18:08:27,37,79,1,9801.48,2024-11-04 08:09:24,-38671257.0,0.025292579020819224,0,6,True,True,False,True,False,False,6,6,2,29,58
TX001757,34.67,2023-04-25 16:34:55,19,71,1,888.6,2024-11-04 08:11:38,-48267403.0,0.03897257194244604,0,5,True,False,True,False,False,True,7,7,2,16,60
TX001758,326.03,2023-05-09 16:54:49,18,137,1,290.24,2024-11-04 08:11:46,-47056617.0,1.1194547452273038,0,4,False,False,True,False,False,True,5,4,2,31,58
TX001759,148.26,2023-05-08 17:33:08,25,57,1,958.7,2024-11-04 08:12:13,-47140745.0,0.15448577680525163,0,5,True,False,False,False,False,True,5,4,4,25,65
TX001760,1086.6,2023-05-22 17:40:46,19,38,1,1605.67,2024-11-04 08:10:48,-45930602.0,0.6763056508181517,0,6,True,False,True,False,False,True,7,6,4,22,59
TX001761,373.99,2023-10-23 16:27:20,60,140,1,8590.5,2024-11-04 08:07:10,-32629190.0,0.04353023337019147,0,3,True,False,False,False,False,False,3,5,3,26,53
TX001762,254.34,2023-09-14 17:04:03,49,79,1,5461.08,2024-11-04 08:11:06,-35996823.0,0.046564678657214836,0,3,True,False,True,True,False,False,4,3,4,27,46
TX001763,819.48,2023-10-05 16:27:27,25,26,1,1804.5,2024-11-04 08:08:37,-34184470.0,0.4538798116865134,0,4,True,False,False,False,False,True,4,4,4,31,55
TX001764,14.0,2023-09-06 16:24:45,49,173,1,7975.18,2024-11-04 08:09:26,-36690281.0,0.001755226185968722,0,5,True,False,False,True,False,False,8,3,1,21,59
TX001765,57.16,2023-06-15 18:45:38,40,74,1,222.22,2024-11-04 08:08:46,-43852988.0,0.25607024460173816,0,1,True,False,False,True,False,False,1,7,4,17,54
TX001766,282.26,2023-06-26 16:55:17,37,278,1,6857.2,2024-11-04 08:08:20,-42909183.0,0.04115657169519699,0,1,True,False,True,True,False,False,1,2,5,33,63
TX001767,46.96,2023-06-30 16:44:37,46,12,1,2028.92,2024-11-04 08:11:10,-42564393.0,0.023133916607551035,0,4,True,False,True,True,False,False,4,4,6,32,55
TX001768,473.2,2023-08-07 16:02:07,34,173,1,248.52,2024-11-04 08:10:30,-39283703.0,1.896441167040718,0,6,True,False,True,False,False,False,7,4,7,27,63
TX001769,192.97,2023-03-13 16:10:01,59,140,1,3019.04,2024-11-04 08:06:34,-51983793.0,0.0638965046820572,0,7,True,False,False,False,True,False,10,6,4,22,53
TX001770,168.99,2023-05-01 18:38:15,18,203,1,1523.57,2024-11-04 08:10:01,-47741506.0,0.11084436923198017,0,4,True,False,False,False,False,True,7,6,2,25,51
TX001771,1.82,2023-04-13 17:35:38,80,60,1,5571.39,2024-11-04 08:09:18,-49300420.0,0.0003266103054524181,0,4,True,False,True,False,True,False,4,8,4,30,57
TX001772,40.9,2023-06-01 18:27:12,55,37,1,1514.34,2024-11-04 08:11:02,-45063830.0,0.026990642364089906,0,3,True,False,False,False,False,False,5,4,4,20,68
TX001773,78.91,2023-03-01 17:07:06,61,157,1,1817.43,2024-11-04 08:10:43,-53017417.0,0.0433945766402886,0,4,True,False,True,False,False,False,8,4,9,21,53
TX001774,169.97,2023-12-07 17:33:16,22,12,1,6269.12,2024-11-04 08:09:12,-28737356.0,0.027107934138421594,0,5,False,False,False,False,False,True,6,6,5,30,59
TX001775,17.79,2023-02-22 17:01:35,61,162,5,2281.9,2024-11-04 08:11:03,-53622568.0,0.007792719786236803,1,7,True,True,False,False,True,False,8,4,4,31,60
TX001776,486.61,2023-11-28 16:17:29,48,130,1,2006.69,2024-11-04 08:06:34,-29519345.0,0.24237307552460788,0,3,False,False,False,True,False,False,8,7,9,28,53
TX001777,148.13,2023-03-17 16:34:52,58,56,1,2189.38,2024-11-04 08:07:00,-51636728.0,0.06762753494827381,0,5,True,True,False,False,True,False,5,8,4,31,55
TX001778,164.52,2023-12-25 16:11:46,61,162,1,11036.74,2024-11-04 08:11:17,-27187171.0,0.014905225163846948,0,3,True,False,False,False,False,False,3,4,5,25,49
TX001779,720.89,2023-12-18 17:10:48,27,120,1,447.06,2024-11-04 08:10:01,-27788353.0,1.6089139847341873,0,4,True,False,False,False,False,True,6,4,4,21,58
TX001780,268.7,2023-10-03 16:16:01,53,63,1,2104.74,2024-11-04 08:06:40,-34357839.0,0.1276035977851017,0,3,True,False,False,False,True,False,6,4,6,33,55
TX001781,637.34,2023-09-01 16:19:43,51,278,1,5183.5,2024-11-04 08:09:55,-37122612.0,0.1229318159899701,0,4,True,False,False,False,True,False,6,5,6,27,58
TX001782,216.76,2023-11-09 17:26:27,47,138,1,643.64,2024-11-04 08:09:35,-31156988.0,0.33624968974931746,0,5,False,False,True,True,False,False,7,5,5,27,65
TX001783,418.02,2023-06-06 17:56:44,46,110,1,11011.86,2024-11-04 08:06:33,-44633389.0,0.03795744248088144,0,7,True,False,False,False,False,False,7,3,5,23,69
TX001784,292.03,2023-09-04 16:20:20,46,154,1,951.33,2024-11-04 08:07:11,-36863211.0,0.3066479056629529,0,6,False,False,False,True,False,False,6,2,5,24,63
TX001785,251.4,2023-07-05 16:52:09,57,178,1,2561.67,2024-11-04 08:11:03,-42131934.0,0.09810080892194468,0,7,True,False,False,False,True,False,9,4,6,18,67
TX001786,184.56,2023-11-30 16:07:36,21,93,1,1549.27,2024-11-04 08:06:41,-29347145.0,0.11905022995994247,0,4,True,False,True,False,False,True,5,6,7,27,55
TX001787,33.76,2023-01-16 17:39:25,26,227,1,3253.51,2024-11-04 08:08:48,-56816963.0,0.010373297362736632,0,2,True,False,True,True,False,False,2,6,3,20,61
TX001788,253.46,2023-05-22 16:27:35,45,60,1,1338.95,2024-11-04 08:07:11,-45934776.0,0.1891563118026792,0,5,True,False,False,True,False,False,5,4,3,26,63
TX001789,1612.37,2023-07-24 17:46:13,65,173,1,3910.59,2024-11-04 08:08:21,-40486928.0,0.41220322170779655,0,5,True,False,False,False,True,False,7,2,6,25,69
TX001790,138.68,2023-06-14 16:06:24,22,44,1,206.2,2024-11-04 08:08:39,-43948935.0,0.6693050193050194,0,4,False,True,False,False,False,True,6,1,9,31,60
TX001791,42.56,2023-07-31 16:25:38,18,146,1,4361.44,2024-11-04 08:07:12,-39886894.0,0.009756008105555608,0,4,True,False,True,False,False,True,5,6,8,32,60
TX001792,680.76,2023-02-27 16:38:41,21,165,1,572.97,2024-11-04 08:09:04,-53191823.0,1.186055020297228,0,6,True,True,False,False,False,True,9,5,7,26,61
TX001793,53.83,2023-05-31 17:21:07,70,131,1,4580.59,2024-11-04 08:11:45,-45154238.0,0.011749196239733367,0,4,True,True,False,False,True,False,5,5,3,29,51
TX001794,11.09,2023-10-31 16:54:40,51,95,1,2990.05,2024-11-04 08:10:21,-31936541.0,0.0037077280553651725,0,5,True,True,False,True,False,False,7,6,4,27,68
TX001795,37.81,2023-07-24 16:44:34,63,195,1,5208.98,2024-11-04 08:11:06,-40490792.0,0.007257225555568353,0,3,True,True,False,False,True,False,5,4,7,27,60
TX001796,449.18,2023-12-25 17:01:44,67,50,1,1025.99,2024-11-04 08:09:23,-27184059.0,0.43737524221267976,0,3,True,False,True,False,True,False,5,1,6,16,62
TX001797,1135.8,2023-09-06 16:03:15,30,250,1,13534.3,2024-11-04 08:07:14,-36691439.0,0.08391391398786877,0,1,True,False,False,False,False,False,2,7,4,31,59
TX001798,297.6,2023-10-03 16:48:49,39,162,1,1461.17,2024-11-04 08:09:49,-34356060.0,0.20353310490572232,0,4,True,False,True,False,False,False,6,6,5,25,55
TX001799,683.75,2023-02-20 18:56:31,32,106,1,6333.72,2024-11-04 08:07:48,-53788277.0,0.10793689381693271,0,5,True,True,False,False,False,False,6,4,5,24,55
TX001800,21.4,2023-02-13 16:14:00,48,129,1,8551.6,2024-11-04 08:12:21,-54403101.0,0.0025021630849098517,0,3,False,False,True,True,False,False,5,4,5,30,61
TX001801,315.94,2023-09-29 18:23:17,78,93,1,4273.99,2024-11-04 08:06:28,-34695791.0,0.07390426644272853,0,3,True,False,False,False,True,False,5,5,5,22,65
TX001802,331.32,2023-06-05 17:24:29,61,137,5,13054.54,2024-11-04 08:07:35,-44721786.0,0.02537773236495771,1,3,True,True,False,False,False,False,3,7,5,25,53
TX001803,223.76,2023-08-11 16:02:33,74,110,1,4102.23,2024-11-04 08:10:57,-38938104.0,0.05453264866946284,0,6,False,True,False,False,True,False,6,8,3,33,61
TX001804,216.03,2023-10-27 18:28:05,42,300,1,10462.77,2024-11-04 08:09:44,-32276499.0,0.02064552259845161,0,4,True,False,False,False,False,False,6,4,7,29,61
TX001805,17.42,2023-11-08 17:24:54,74,150,1,6851.31,2024-11-04 08:12:14,-31243640.0,0.0025422083939576584,0,4,True,False,False,False,True,False,5,4,6,16,49
TX001806,491.91,2023-01-09 17:15:18,78,155,1,2421.94,2024-11-04 08:09:09,-57423231.0,0.20302194854185412,0,5,True,False,True,False,True,False,5,3,7,25,55
TX001807,350.11,2023-03-13 17:10:34,74,178,1,4639.04,2024-11-04 08:08:12,-51980258.0,0.07545409091300938,0,2,False,False,True,False,True,False,2,1,3,24,59
TX001808,218.07,2023-11-06 18:42:53,23,243,1,443.62,2024-11-04 08:06:31,-31411418.0,0.4904637668121092,0,3,True,True,False,False,False,True,5,5,10,25,59
TX001809,291.09,2023-11-20 18:53:47,48,73,1,6312.79,2024-11-04 08:08:42,-30201295.0,0.04610384570915409,0,8,True,True,False,True,False,False,9,3,11,30,46
TX001810,422.14,2023-11-17 17:31:06,26,109,1,1436.32,2024-11-04 08:07:24,-30465378.0,0.29369938496646536,0,4,False,True,False,False,False,True,4,4,8,19,41
TX001811,613.21,2023-03-15 17:45:31,61,157,1,3279.12,2024-11-04 08:10:22,-51805491.0,0.18694742875260664,0,3,True,False,False,False,True,False,4,5,3,22,67
TX001812,73.83,2023-01-05 18:29:09,69,69,1,6020.29,2024-11-04 08:06:50,-57764261.0,0.012261492138727747,0,3,True,False,True,False,False,False,4,3,4,26,55
TX001813,67.33,2023-04-13 18:15:52,59,36,1,5925.98,2024-11-04 08:07:11,-49297879.0,0.011359916854789456,0,5,True,False,True,True,False,False,9,2,9,24,63
TX001814,26.92,2023-05-18 18:15:02,62,43,1,1674.94,2024-11-04 08:07:16,-46273934.0,0.016062627540365408,0,4,True,False,False,False,True,False,5,4,9,24,58
TX001815,18.3,2023-02-13 16:21:46,48,155,1,3733.52,2024-11-04 08:08:03,-54402377.0,0.0049002281417692235,0,7,True,False,True,True,False,False,7,9,4,26,61
TX001816,317.94,2023-01-25 17:46:40,54,124,1,2996.51,2024-11-04 08:11:41,-56039101.0,0.10606803647027031,0,2,True,False,False,True,False,False,3,4,3,31,69
TX001817,179.38,2023-03-13 17:16:57,40,173,1,11666.18,2024-11-04 08:10:30,-51980013.0,0.015374752082336948,0,4,True,False,True,False,False,False,5,5,3,33,61
TX001818,918.95,2023-05-01 16:43:40,68,139,1,7006.46,2024-11-04 08:07:44,-47748244.0,0.13113881492009943,0,3,True,False,True,False,False,False,4,4,8,45,61
TX001819,13.92,2023-05-29 17:30:14,37,209,1,2735.84,2024-11-04 08:09:58,-45326384.0,0.005086157758582891,0,3,True,False,False,True,False,False,4,5,7,20,69
TX001820,365.43,2023-11-23 16:51:06,25,176,1,1073.51,2024-11-04 08:09:24,-29949498.0,0.34008990144344864,0,5,True,False,False,False,False,True,9,3,8,33,42
TX001821,263.59,2023-01-23 16:03:04,71,16,1,6996.35,2024-11-04 08:12:00,-56218136.0,0.03766997506198775,0,4,True,True,False,False,True,False,8,4,3,27,49
TX001822,54.8,2023-06-01 16:15:49,34,140,1,4943.49,2024-11-04 08:08:57,-45071588.0,0.011083043953977053,0,5,True,True,False,True,False,False,5,4,5,23,41
TX001823,141.49,2023-09-20 16:57:04,24,75,1,1665.58,2024-11-04 08:11:28,-35478864.0,0.08489841471756532,0,6,True,False,True,False,False,True,7,4,3,29,51
TX001824,31.39,2023-01-09 17:09:31,20,15,1,998.49,2024-11-04 08:06:27,-57423416.0,0.03140601706870504,0,2,True,False,False,False,False,True,3,8,3,32,67
TX001825,93.82,2023-06-26 17:37:20,39,176,1,8422.06,2024-11-04 08:11:15,-42906835.0,0.011138469867245395,0,3,True,False,True,True,False,False,3,3,5,16,59
TX001826,5.71,2023-12-01 17:35:32,21,106,1,1285.42,2024-11-04 08:10:30,-29255698.0,0.004438674771847452,0,6,True,True,False,False,False,True,7,3,5,27,67
TX001827,178.39,2023-08-15 18:22:03,34,98,1,8469.43,2024-11-04 08:09:32,-38584049.0,0.02106032397410757,0,4,True,False,True,True,False,False,5,2,3,19,67
TX001828,126.91,2023-08-23 16:04:43,22,42,1,692.69,2024-11-04 08:08:11,-37901008.0,0.18294915596303823,0,3,True,False,False,False,False,True,4,5,4,24,61
TX001829,36.09,2023-06-16 16:19:02,53,167,1,12319.26,2024-11-04 08:07:59,-43775337.0,0.0029293212967908145,0,3,True,True,False,False,False,False,4,7,1,21,54
TX001830,91.77,2023-03-15 17:39:11,51,174,1,9240.73,2024-11-04 08:07:12,-51805681.0,0.00992995900118268,0,7,True,True,False,False,False,False,9,7,5,29,65
TX001831,198.92,2023-10-23 16:47:56,36,100,1,2854.66,2024-11-04 08:10:19,-32628143.0,0.06965815258118964,0,5,True,False,True,True,False,False,8,4,4,22,55
TX001832,137.81,2023-10-26 16:52:14,58,44,1,2631.47,2024-11-04 08:07:40,-32368526.0,0.05235007426485393,0,3,True,True,False,True,False,False,4,2,5,25,63
TX001833,136.88,2023-07-18 17:41:52,24,71,1,7465.95,2024-11-04 08:10:54,-41005742.0,0.018331447244189395,0,5,False,True,False,False,False,True,7,5,5,25,63
TX001834,133.07,2023-09-13 16:22:48,21,155,1,1670.99,2024-11-04 08:08:41,-36085553.0,0.07958779657773073,0,4,True,True,False,False,False,True,5,4,8,32,53
TX001835,1.14,2023-10-23 16:15:08,43,137,1,13913.92,2024-11-04 08:11:37,-32630189.0,8.19264501700333e-05,0,4,True,True,False,False,False,False,6,5,4,27,58
TX001836,256.34,2023-08-21 16:42:02,69,99,1,7471.63,2024-11-04 08:07:03,-38071501.0,0.03430385286037178,0,6,True,True,False,False,True,False,7,6,6,27,61
TX001837,56.11,2023-03-27 17:25:28,36,109,1,11123.65,2024-11-04 08:06:58,-50769690.0,0.0050437541855249375,0,3,True,True,False,False,False,False,4,5,9,31,61
TX001838,118.1,2023-09-25 16:07:30,50,50,1,7976.6,2024-11-04 08:12:07,-35049877.0,0.014803951062976332,0,8,True,False,False,True,False,False,10,5,7,27,70
TX001839,137.86,2023-08-28 16:16:57,66,120,1,8046.94,2024-11-04 08:11:15,-37468458.0,0.017129849377604707,0,2,False,False,True,False,False,False,3,5,5,28,53
TX001840,813.78,2023-08-07 17:42:03,54,55,1,14935.5,2024-11-04 08:08:31,-39277588.0,0.054482643189502224,0,8,False,False,False,False,False,False,9,6,9,21,61
TX001841,237.97,2023-01-09 17:26:46,69,69,1,13486.15,2024-11-04 08:06:37,-57422391.0,0.01764420207382583,0,1,True,False,False,False,False,False,5,5,3,22,54
TX001842,684.96,2023-01-09 16:19:47,21,31,1,526.67,2024-11-04 08:07:05,-57426438.0,1.298084029791347,0,8,True,False,False,False,False,True,8,6,5,32,61
TX001843,878.63,2023-04-06 16:59:33,60,139,1,4954.37,2024-11-04 08:07:05,-49907252.0,0.1773086570730339,0,5,True,False,False,True,False,False,8,3,5,19,54
TX001844,276.56,2023-04-10 17:26:14,68,15,1,8942.58,2024-11-04 08:08:57,-49560163.0,0.03092274011078338,0,8,True,True,False,False,False,False,9,4,2,31,59
TX001845,8.75,2023-06-15 16:10:51,79,199,1,4044.62,2024-11-04 08:10:17,-43862366.0,0.002162832890879519,0,7,True,False,False,False,True,False,8,4,7,24,51
TX001846,637.48,2023-09-18 16:27:52,65,207,1,4148.85,2024-11-04 08:08:09,-35653217.0,0.15361519091051482,0,6,True,False,True,False,True,False,6,6,7,22,60
TX001847,103.15,2023-08-30 17:56:47,51,179,1,11388.15,2024-11-04 08:07:27,-37289440.0,0.009056865525522099,0,4,True,True,False,False,False,False,5,4,6,19,59
TX001848,505.6,2023-02-14 17:56:46,52,183,1,5347.57,2024-11-04 08:10:09,-54310403.0,0.0945299397782959,0,5,True,True,False,False,True,False,6,1,8,25,62
TX001849,371.86,2023-02-20 17:28:57,46,91,1,1329.45,2024-11-04 08:08:19,-53793562.0,0.2794994174903228,0,5,True,False,False,False,False,False,5,3,4,24,64
TX001850,14.26,2023-11-27 17:04:28,50,37,1,2475.65,2024-11-04 08:09:14,-29603086.0,0.00575777764318737,0,4,True,True,False,True,False,False,5,4,7,27,55
TX001851,13.16,2023-05-01 17:36:10,43,98,1,1019.46,2024-11-04 08:10:30,-47745260.0,0.012896144875840307,0,6,True,True,False,True,False,False,9,5,6,27,61
TX001852,167.92,2023-06-26 17:54:14,40,136,2,14321.73,2024-11-04 08:08:14,-42905640.0,0.011724021886888881,1,4,True,False,False,False,False,False,5,6,4,24,63
TX001853,73.01,2023-05-09 17:02:28,56,101,1,2833.12,2024-11-04 08:09:48,-47056040.0,0.025761082805244664,0,9,True,False,False,False,True,False,11,4,7,32,63
TX001854,201.5,2023-07-14 18:11:41,61,196,1,12148.32,2024-11-04 08:08:48,-41349427.0,0.016585290370160634,0,6,False,False,True,False,False,False,7,5,5,34,49
TX001855,150.3,2023-08-07 17:25:53,41,204,1,14371.08,2024-11-04 08:08:30,-39278557.0,0.010457776466593563,0,2,True,False,True,False,False,False,4,6,2,16,55
TX001856,23.7,2023-10-26 17:51:32,46,32,1,7947.44,2024-11-04 08:11:44,-32365212.0,0.002981717167142232,0,2,True,False,False,False,False,False,3,9,8,27,57
TX001857,49.59,2023-08-25 16:45:20,48,147,1,6037.03,2024-11-04 08:09:56,-37725876.0,0.008212943625652738,0,1,True,True,False,True,False,False,1,2,2,22,61
TX001858,720.13,2023-02-14 17:58:31,22,96,1,387.02,2024-11-04 08:07:31,-54310140.0,1.8559094892015877,0,7,False,False,False,False,False,True,9,4,6,20,65
TX001859,134.92,2023-10-31 16:46:18,19,101,1,1081.97,2024-11-04 08:09:40,-31937002.0,0.12458332179100066,0,8,True,False,True,False,False,True,8,3,5,25,69
TX001860,116.97,2023-07-12 16:52:54,18,299,1,729.7,2024-11-04 08:08:24,-41526930.0,0.1600793759408786,0,5,True,False,False,False,False,True,6,4,5,20,68
TX001861,11.06,2023-11-01 17:59:04,34,13,3,2782.21,2024-11-04 08:07:08,-31846084.0,0.003973828780436978,1,4,True,False,False,True,False,False,8,4,4,23,60
TX001862,88.29,2023-01-20 16:46:06,50,287,1,5245.93,2024-11-04 08:09:17,-56474591.0,0.016826982635560223,0,7,False,False,True,True,False,False,9,6,4,25,63
TX001863,5.81,2023-06-23 17:36:28,25,222,1,1290.95,2024-11-04 08:08:02,-43165894.0,0.004497078060296451,0,6,True,False,False,False,False,True,6,4,6,29,63
TX001864,103.48,2023-01-30 16:04:17,32,33,1,6494.25,2024-11-04 08:09:34,-55613117.0,0.015931642354027945,0,5,True,False,False,True,False,False,5,5,3,21,51
TX001865,156.74,2023-02-24 18:22:31,70,136,1,4004.35,2024-11-04 08:08:30,-53444759.0,0.03913266006716018,0,5,True,False,False,False,True,False,8,8,6,19,68
TX001866,505.14,2023-01-03 17:33:54,68,179,1,2525.47,2024-11-04 08:11:16,-57940642.0,0.1999390453874378,0,6,True,False,False,False,True,False,7,5,6,27,42
TX001867,31.06,2023-11-20 16:59:13,46,61,1,11014.25,2024-11-04 08:07:24,-30208091.0,0.002819727196386827,0,3,True,False,False,False,False,False,5,3,4,15,61
TX001868,7.61,2023-09-21 18:13:38,50,163,1,6275.0,2024-11-04 08:08:10,-35387672.0,0.001212555768005099,0,3,True,False,False,False,False,False,5,8,6,17,61
TX001869,276.16,2023-02-13 16:14:17,53,71,1,1733.34,2024-11-04 08:11:57,-54403060.0,0.15923060068959952,0,4,False,False,False,False,True,False,5,4,8,30,42
TX001870,145.77,2023-04-05 16:08:13,68,237,1,5294.98,2024-11-04 08:11:25,-49996992.0,0.027524650772850354,0,6,True,False,False,False,True,False,8,4,4,26,63
TX001871,369.44,2023-11-20 17:11:02,34,19,1,5018.67,2024-11-04 08:08:32,-30207450.0,0.0735984636440244,0,5,True,False,True,True,False,False,9,2,2,27,63
TX001872,558.86,2023-03-15 17:27:37,60,95,1,9844.32,2024-11-04 08:11:19,-51806622.0,0.056764025953447934,0,8,True,False,False,False,False,False,10,6,5,26,59
TX001873,429.15,2023-03-09 16:21:09,26,218,1,712.13,2024-11-04 08:11:30,-52329021.0,0.6017836860039544,0,4,True,True,False,False,False,True,6,6,4,27,55
TX001874,36.74,2023-02-06 17:21:37,33,133,1,6217.58,2024-11-04 08:07:57,-55003580.0,0.005908101206384738,0,5,True,True,False,False,False,False,7,1,6,27,67
TX001875,79.14,2023-04-12 17:21:31,57,22,1,2229.56,2024-11-04 08:08:52,-49387641.0,0.03547987949214547,0,6,False,False,True,False,True,False,7,5,3,24,42
TX001876,132.48,2023-08-09 18:38:49,36,101,1,9313.05,2024-11-04 08:07:12,-39101303.0,0.01422367283834637,0,5,True,True,False,True,False,False,8,5,6,29,68
TX001877,136.48,2023-08-14 16:46:26,52,138,4,4618.53,2024-11-04 08:09:36,-38676190.0,0.029544131112905426,1,2,True,False,True,True,False,False,2,5,5,13,68
TX001878,203.76,2023-10-02 16:33:09,55,37,1,6747.16,2024-11-04 08:09:45,-34443396.0,0.030194897572078907,0,7,True,True,False,False,True,False,7,5,3,21,60
TX001879,750.95,2023-09-08 18:16:31,78,27,1,5134.37,2024-11-04 08:11:09,-36510878.0,0.14623094343737647,0,3,True,True,False,False,True,False,4,6,3,29,60
TX001880,0.84,2024-01-01 16:45:56,52,31,1,2207.54,2024-11-04 08:07:14,-26580078.0,0.0003803417642424407,0,8,True,False,False,True,False,False,12,5,8,25,59
TX001881,257.18,2023-07-10 17:00:03,67,28,1,13336.15,2024-11-04 08:10:15,-41699412.0,0.019282980246904325,0,4,True,False,True,False,False,False,5,4,4,19,69
TX001882,767.66,2023-05-08 17:44:34,63,155,1,1801.69,2024-11-04 08:12:04,-47140050.0,0.425841381490994,0,5,True,False,False,False,False,False,6,5,2,25,59
TX001883,182.29,2023-05-10 16:55:57,54,123,1,522.39,2024-11-04 08:08:24,-46969947.0,0.34828712814536006,0,4,True,False,True,False,False,False,5,6,3,24,59
TX001884,184.51,2023-09-04 16:34:53,54,118,1,9381.64,2024-11-04 08:09:30,-36862477.0,0.019665040969279436,0,6,False,False,True,False,False,False,6,6,4,25,42
TX001885,451.31,2023-12-04 16:57:39,62,166,5,2963.29,2024-11-04 08:07:38,-28998599.0,0.1522489365075617,1,6,True,False,False,False,True,False,8,2,6,26,70
TX001886,144.1,2023-07-07 17:24:42,57,30,1,11523.64,2024-11-04 08:10:03,-41957121.0,0.01250364436546391,0,8,True,True,False,False,False,False,12,8,9,33,60
TX001887,72.5,2023-04-10 17:48:18,40,30,1,12723.62,2024-11-04 08:11:48,-49559010.0,0.005697616117416472,0,4,True,False,False,False,False,False,7,5,6,24,70
TX001888,74.11,2023-09-08 16:09:45,69,71,4,3920.11,2024-11-04 08:08:28,-36518323.0,0.01890026038545208,1,1,False,False,True,False,True,False,2,6,10,33,55
TX001889,22.15,2023-05-03 16:26:08,44,73,1,7451.83,2024-11-04 08:11:03,-47576695.0,0.002972025391696845,0,4,True,True,False,False,False,False,5,4,3,33,62
TX001890,777.92,2023-06-12 18:56:58,62,97,1,7061.58,2024-11-04 08:09:32,-44111554.0,0.11014671692214459,0,4,True,True,False,False,False,False,6,2,6,21,59
TX001891,790.07,2023-05-26 17:32:29,28,197,1,985.77,2024-11-04 08:10:46,-45585497.0,0.8006627684262797,0,4,True,False,True,False,False,True,4,4,6,28,64
TX001892,406.33,2023-10-02 16:41:51,59,103,1,4298.34,2024-11-04 08:07:41,-34442750.0,0.09450985500100015,0,5,False,True,False,True,False,False,5,4,6,34,64
TX001893,767.41,2023-09-07 16:28:19,56,27,1,12799.34,2024-11-04 08:08:55,-36603636.0,0.05995231376666557,0,4,True,False,False,False,False,False,4,6,4,25,70
TX001894,4.58,2023-10-19 16:13:30,21,135,1,811.24,2024-11-04 08:06:26,-32975576.0,0.005638727469713385,0,3,False,False,True,False,False,True,6,5,5,25,61
TX001895,447.83,2023-08-15 16:22:06,53,88,1,13273.08,2024-11-04 08:07:29,-38591123.0,0.03373717801911696,0,4,False,True,False,False,False,False,5,2,4,26,61
TX001896,49.67,2023-02-20 18:48:52,21,146,1,842.94,2024-11-04 08:08:23,-53788771.0,0.058854894897741546,0,5,True,False,True,False,False,True,7,8,4,26,61
TX001897,77.83,2023-12-27 16:40:01,49,146,1,2471.53,2024-11-04 08:10:31,-27012630.0,0.03147787893372375,0,1,False,True,False,True,False,False,1,3,6,25,61
TX001898,702.87,2023-06-07 17:06:21,19,184,1,1237.5,2024-11-04 08:11:14,-44550293.0,0.5675171578522407,0,5,True,False,False,False,False,True,6,3,2,27,48
TX001899,133.56,2023-01-24 18:43:06,25,177,1,783.83,2024-11-04 08:06:58,-56121832.0,0.17017698100225526,0,6,True,False,True,False,False,True,8,4,4,27,61
TX001900,868.05,2023-01-12 16:35:36,49,119,1,3931.03,2024-11-04 08:09:57,-57166461.0,0.22076382937057956,0,6,False,False,True,True,False,False,6,6,2,20,59
TX001901,52.87,2023-03-31 17:25:22,24,70,1,960.96,2024-11-04 08:11:49,-50424387.0,0.054960705226828555,0,6,True,True,False,False,False,True,7,3,2,23,58
TX001902,179.0,2023-09-06 16:01:35,78,121,1,7310.88,2024-11-04 08:10:18,-36691723.0,0.024480708107901115,0,4,True,False,False,False,True,False,7,2,2,24,63
TX001903,1168.26,2023-06-12 16:25:21,73,37,1,1385.74,2024-11-04 08:09:53,-44120672.0,0.842450639629635,0,4,False,False,True,False,True,False,4,9,4,32,67
TX001904,384.11,2023-05-15 16:35:43,58,12,1,7902.52,2024-11-04 08:06:36,-46539053.0,0.048599864364232644,0,2,True,False,False,False,True,False,5,6,6,24,70
TX001905,227.61,2023-08-07 16:16:26,71,61,1,4405.28,2024-11-04 08:07:41,-39282675.0,0.051655818513576084,0,4,True,False,True,False,True,False,6,5,3,31,63
TX001906,40.83,2023-08-16 16:40:51,48,24,1,3944.12,2024-11-04 08:12:04,-38503873.0,0.010349495072393236,0,6,True,False,False,True,False,False,6,6,3,26,58
TX001907,19.76,2023-03-31 17:50:09,20,240,1,1523.04,2024-11-04 08:10:08,-50422799.0,0.012965538962231963,0,5,True,False,False,False,False,True,5,5,9,23,55
TX001908,484.24,2023-05-29 16:40:15,67,77,1,8042.3,2024-11-04 08:06:44,-45329189.0,0.060204145064836574,0,4,True,True,False,False,False,False,4,3,5,30,59
TX001909,494.66,2023-06-19 16:59:35,33,110,1,5531.93,2024-11-04 08:06:25,-43513610.0,0.08940290225974303,0,9,True,False,True,False,False,False,11,2,9,30,63
TX001910,301.47,2023-01-26 16:13:15,21,291,1,560.73,2024-11-04 08:09:25,-55958170.0,0.5366813237676464,0,4,True,True,False,False,False,True,4,3,4,26,60
TX001911,199.09,2023-05-19 16:54:16,70,89,1,1658.52,2024-11-04 08:08:46,-46192470.0,0.11996842460470498,0,8,True,False,True,False,False,False,8,9,6,25,63
TX001912,38.95,2023-10-18 16:44:17,27,50,1,731.52,2024-11-04 08:08:49,-33060272.0,0.053172609621580304,0,4,True,False,True,True,False,False,4,6,4,29,69
TX001913,515.94,2023-12-22 16:42:33,29,37,1,1389.89,2024-11-04 08:11:10,-27444517.0,0.3709423462674978,0,5,True,False,False,True,False,False,7,5,5,24,57
TX001914,41.93,2023-02-13 16:44:18,48,136,1,5081.26,2024-11-04 08:06:24,-54400926.0,0.00825026661367187,0,3,True,False,False,True,False,False,4,3,7,23,60
TX001915,137.84,2023-11-13 16:03:01,27,83,1,1000.35,2024-11-04 08:09:26,-30816385.0,0.13765416687471912,0,2,True,False,False,False,False,True,3,5,5,15,65
TX001916,95.35,2023-07-26 16:27:19,21,131,1,1639.9,2024-11-04 08:07:22,-40318803.0,0.05810835517094277,0,3,True,False,True,False,False,True,4,3,4,24,60
TX001917,93.14,2023-01-02 16:47:11,67,151,1,5473.82,2024-11-04 08:07:53,-58029642.0,0.01701243145893381,0,6,True,False,True,False,True,False,9,3,5,22,63
TX001918,1427.71,2023-01-24 17:26:34,64,159,1,1729.26,2024-11-04 08:09:30,-56126576.0,0.8251418861905148,0,5,True,True,False,False,False,False,6,4,4,21,58
TX001919,79.33,2023-12-06 16:10:00,51,109,1,14798.1,2024-11-04 08:07:06,-28828626.0,0.0053604611091215,0,4,False,False,True,False,False,False,4,3,8,45,55
TX001920,76.89,2023-05-10 17:49:57,55,132,1,7374.26,2024-11-04 08:10:31,-46966834.0,0.010425395172509172,0,8,True,False,False,False,False,False,9,6,7,26,60
TX001921,233.71,2023-03-13 17:30:20,19,297,1,1231.98,2024-11-04 08:12:09,-51979309.0,0.18954889779234052,0,6,True,False,True,False,False,True,7,4,2,26,60
TX001922,14.92,2023-05-22 16:51:28,26,120,1,6611.26,2024-11-04 08:07:33,-45933365.0,0.002256414599546902,0,3,True,True,False,True,False,False,4,3,5,24,55
TX001923,242.17,2023-06-08 16:28:29,60,147,1,883.72,2024-11-04 08:10:41,-44466132.0,0.27372502034542,0,6,True,False,False,False,False,False,7,5,8,24,60
TX001924,122.98,2023-07-24 16:15:58,79,228,1,5055.99,2024-11-04 08:09:50,-40492432.0,0.024318814156247096,0,3,True,False,True,False,True,False,5,2,3,22,60
TX001925,129.35,2023-08-28 16:31:48,52,130,1,7166.88,2024-11-04 08:09:41,-37467473.0,0.018045782016440005,0,3,True,False,False,True,False,False,5,6,6,26,55
TX001926,138.33,2023-07-07 17:58:29,21,69,1,232.56,2024-11-04 08:09:17,-41955048.0,0.5922675115601987,0,3,True,False,True,False,False,True,3,6,6,26,49
TX001927,39.31,2023-10-30 17:24:55,25,178,1,1236.38,2024-11-04 08:06:47,-32020912.0,0.03176873717047309,0,6,True,False,True,False,False,True,6,1,3,24,42
TX001928,91.85,2023-10-16 16:50:31,21,148,1,802.09,2024-11-04 08:12:14,-33232903.0,0.11437074300514262,0,5,True,False,True,False,False,True,5,5,3,26,61
TX001929,277.7,2023-06-22 16:38:46,58,107,1,1423.2,2024-11-04 08:11:43,-43255977.0,0.19498665917708186,0,2,True,True,False,True,False,False,4,3,4,26,55
TX001930,114.03,2023-11-24 16:30:21,51,172,1,13388.56,2024-11-04 08:11:42,-29864481.0,0.008516336608521864,0,2,True,False,False,False,False,False,3,3,5,23,42
TX001931,302.63,2023-02-28 17:24:26,27,10,1,2801.28,2024-11-04 08:07:17,-53102571.0,0.10799420471901451,0,4,False,True,False,True,False,False,5,7,3,27,59
TX001932,31.19,2023-04-25 16:23:59,52,74,1,5545.96,2024-11-04 08:09:33,-48267934.0,0.0056228997504939645,0,7,True,False,False,True,False,False,8,5,5,18,68
TX001933,112.91,2023-11-15 18:04:22,27,135,1,4764.48,2024-11-04 08:09:36,-30636314.0,0.02369331106205461,0,6,False,False,True,True,False,False,8,3,7,19,67
TX001934,742.26,2023-06-20 17:04:02,27,36,1,7868.19,2024-11-04 08:10:01,-43427159.0,0.09432482885786213,0,6,True,False,True,True,False,False,8,4,5,22,59
TX001935,256.8,2023-02-24 16:49:51,26,80,1,1128.38,2024-11-04 08:09:22,-53450371.0,0.22738139510173722,0,3,True,False,False,False,False,True,4,1,5,33,68
TX001936,378.68,2023-01-06 17:23:59,60,239,1,7627.04,2024-11-04 08:07:11,-57681792.0,0.049643158661989185,0,4,True,False,False,False,False,False,5,3,2,21,70
TX001937,571.93,2023-09-20 17:44:37,52,119,1,4026.03,2024-11-04 08:06:42,-35475725.0,0.14202278105700725,0,1,True,False,True,False,True,False,4,2,7,26,48
TX001938,26.31,2023-08-11 16:38:16,77,163,1,7095.76,2024-11-04 08:06:54,-38935718.0,0.0037073255964693744,0,2,False,False,True,False,True,False,5,2,5,33,59
TX001939,205.58,2023-08-16 17:49:13,20,159,1,1501.95,2024-11-04 08:07:55,-38499522.0,0.13678432416248046,0,10,True,False,True,False,False,True,12,5,4,32,42
TX001940,533.61,2023-12-20 16:17:11,48,115,1,3656.93,2024-11-04 08:11:43,-27618872.0,0.14587758650384236,0,9,True,False,True,True,False,False,12,2,6,24,61
TX001941,428.62,2023-06-05 16:02:04,55,72,1,3473.24,2024-11-04 08:10:24,-44726900.0,0.12337086672193057,0,6,True,True,False,False,True,False,6,6,5,33,59
TX001942,361.22,2023-04-17 17:58:55,64,167,1,7061.73,2024-11-04 08:10:24,-48953489.0,0.0511445290985214,0,6,True,False,False,False,True,False,6,2,10,33,59
TX001943,837.29,2023-11-27 16:14:25,25,216,1,6012.67,2024-11-04 08:07:12,-29605967.0,0.1392311184351652,0,7,True,True,False,False,False,True,7,2,6,31,55
TX001944,117.25,2023-04-03 16:35:30,31,73,1,13694.68,2024-11-04 08:08:29,-50167979.0,0.008561093717142924,0,5,False,False,True,False,False,False,6,8,6,31,61
TX001945,135.27,2023-08-10 16:16:41,48,131,1,9410.51,2024-11-04 08:09:32,-39023571.0,0.0143728264646162,0,4,True,False,False,False,False,False,6,4,10,24,61
TX001946,185.1,2023-08-08 16:21:01,53,23,1,6115.63,2024-11-04 08:10:41,-39196180.0,0.03026176178712788,0,4,True,True,False,False,True,False,4,2,5,32,41
TX001947,113.54,2023-09-22 16:42:46,38,273,1,5581.21,2024-11-04 08:08:45,-35306759.0,0.0203396145970861,0,5,True,False,True,True,False,False,6,4,4,25,54
TX001948,354.96,2023-11-29 16:27:38,69,96,1,6712.94,2024-11-04 08:08:19,-29432441.0,0.05286910517520264,0,4,True,False,True,False,False,False,5,4,6,33,70
TX001949,224.22,2023-01-23 18:45:00,53,37,1,8400.87,2024-11-04 08:12:18,-56208438.0,0.026686916127005057,0,3,True,True,False,False,False,False,3,4,3,21,60
TX001950,737.1,2023-07-19 16:11:01,60,92,1,4644.19,2024-11-04 08:11:08,-40924807.0,0.15868026926778023,0,5,True,False,False,False,True,False,5,4,4,24,48
TX001951,223.22,2023-07-17 16:20:27,27,96,1,1734.22,2024-11-04 08:08:15,-41096868.0,0.1286407487235048,0,6,True,False,False,False,False,True,6,3,6,27,70
TX001952,557.26,2023-10-04 17:06:57,69,53,1,5237.12,2024-11-04 08:09:49,-34268572.0,0.10638549708674104,0,3,True,False,False,False,False,False,3,5,7,21,59
TX001953,1496.57,2023-02-27 16:18:28,33,95,1,969.06,2024-11-04 08:06:37,-53192889.0,1.542760241634538,0,2,True,False,True,True,False,False,2,4,7,22,63
TX001954,27.44,2023-11-06 17:23:43,62,164,1,5950.48,2024-11-04 08:08:43,-31416300.0,0.004610617863119762,0,7,True,False,False,False,True,False,9,9,3,27,61
TX001955,310.09,2023-11-24 16:49:29,36,166,1,9962.5,2024-11-04 08:10:52,-29863283.0,0.031122597480804936,0,3,True,True,False,False,False,False,5,4,6,32,63
TX001956,80.38,2023-03-06 16:25:52,52,116,1,9662.88,2024-11-04 08:09:54,-52587842.0,0.008317570168503749,0,4,True,False,True,False,False,False,5,6,3,29,61
TX001957,26.1,2023-12-01 17:45:05,66,115,1,5243.0,2024-11-04 08:10:24,-29255119.0,0.004977116704805492,0,4,False,True,False,False,False,False,7,4,3,24,63
TX001958,845.14,2023-01-09 16:21:35,73,183,1,1702.65,2024-11-04 08:11:10,-57426575.0,0.4960760719631379,0,6,False,True,False,False,True,False,6,3,5,45,68
TX001959,59.73,2023-05-22 16:38:39,27,56,1,800.93,2024-11-04 08:10:10,-45934291.0,0.07448281022034342,0,6,True,False,False,False,False,True,6,3,3,30,60
TX001960,758.77,2023-06-23 16:12:15,60,114,1,7231.47,2024-11-04 08:08:24,-43170969.0,0.10491160004811634,0,7,True,False,False,True,False,False,8,5,2,30,59
TX001961,301.51,2023-02-24 16:33:33,22,284,1,1052.31,2024-11-04 08:11:09,-53451456.0,0.2862500118673515,0,3,True,False,False,False,False,True,4,2,6,22,68
TX001962,418.03,2023-09-04 17:46:40,58,161,1,10721.29,2024-11-04 08:08:43,-36858123.0,0.038987007439642084,0,3,True,False,True,False,False,False,5,6,6,23,59
TX001963,118.06,2023-05-24 17:07:57,32,31,1,13560.63,2024-11-04 08:07:10,-45759553.0,0.008705443224745108,0,4,False,True,False,False,False,False,9,8,5,18,55
TX001964,483.92,2023-10-16 18:57:30,70,115,1,3138.0,2024-11-04 08:06:59,-33224969.0,0.15416374641605607,0,5,True,False,False,False,True,False,6,8,5,22,58
TX001965,78.93,2023-02-17 16:41:31,38,145,1,9916.24,2024-11-04 08:12:17,-54055846.0,0.00795886758815961,0,6,True,False,False,False,False,False,7,8,7,25,61
TX001966,36.63,2023-05-04 17:02:55,75,261,1,7941.73,2024-11-04 08:07:35,-47487880.0,0.004611764468891679,0,4,True,False,False,False,True,False,5,8,5,27,64
TX001967,87.85,2023-12-13 17:25:54,49,63,1,3753.24,2024-11-04 08:07:16,-28219282.0,0.023400208830548927,0,4,True,True,False,True,False,False,4,2,5,29,60
TX001968,1001.83,2023-07-17 17:46:06,31,55,1,9733.83,2024-11-04 08:11:43,-41091937.0,0.10291191525686633,0,5,True,False,True,False,False,False,6,4,6,23,67
TX001969,705.34,2023-09-12 18:52:56,59,124,1,5003.22,2024-11-04 08:12:18,-36163162.0,0.14094903901107464,0,5,True,False,True,False,False,False,6,1,5,45,48
TX001970,146.55,2023-08-03 18:35:54,54,124,5,4087.44,2024-11-04 08:07:38,-39619904.0,0.03584496776276526,1,4,True,False,True,False,True,False,5,3,6,31,55
TX001971,116.89,2023-11-20 16:31:15,71,226,1,4880.31,2024-11-04 08:06:37,-30209722.0,0.0239464406071321,0,7,True,False,True,False,True,False,9,3,4,29,54
TX001972,106.41,2023-01-16 16:37:34,57,87,1,1310.38,2024-11-04 08:07:01,-56820567.0,0.08114352819167593,0,3,True,True,False,False,True,False,5,3,4,21,69
TX001973,1087.9,2023-03-27 18:06:17,78,103,1,2513.51,2024-11-04 08:12:04,-50767547.0,0.43264890575102105,0,11,True,False,False,False,True,False,11,6,6,24,61
TX001974,584.41,2023-01-02 16:51:47,23,41,1,4475.22,2024-11-04 08:11:29,-58029582.0,0.13055881971842312,0,5,True,False,False,False,False,True,7,5,3,23,55
TX001975,584.98,2023-06-12 16:25:22,55,121,1,6521.05,2024-11-04 08:07:59,-44120557.0,0.0896926579833028,0,1,False,True,False,False,True,False,2,4,6,23,60
TX001976,79.21,2023-11-24 17:52:34,56,140,1,1615.04,2024-11-04 08:07:01,-29859267.0,0.04901487586940917,0,3,True,True,False,False,True,False,4,5,2,23,60
TX001977,173.13,2023-10-05 16:46:31,20,288,1,1490.34,2024-11-04 08:07:24,-34183253.0,0.11609022758056513,0,4,False,False,True,False,False,True,4,7,6,24,61
TX001978,335.7,2023-01-30 17:47:41,80,57,1,6601.44,2024-11-04 08:10:11,-55606950.0,0.05084483918066654,0,4,True,False,False,False,True,False,4,4,2,21,46
TX001979,1225.5,2023-11-27 16:02:08,50,109,1,8611.17,2024-11-04 08:11:41,-29606973.0,0.1422986308909369,0,5,False,False,True,False,False,False,6,4,4,34,55
TX001980,422.81,2023-11-20 16:07:20,28,193,1,1929.28,2024-11-04 08:10:28,-30211388.0,0.21904076092587604,0,7,True,True,False,False,False,True,8,5,5,25,69
TX001981,135.43,2023-10-06 16:14:51,57,92,1,5315.83,2024-11-04 08:08:57,-34098846.0,0.02547194474903279,0,6,True,False,False,False,True,False,8,8,7,19,59
TX001982,584.88,2023-12-19 17:19:47,26,121,1,548.45,2024-11-04 08:11:03,-27701476.0,1.0644826644826644,0,2,True,False,False,False,False,True,3,7,8,29,67
TX001983,308.94,2023-04-03 16:35:29,25,167,1,1931.66,2024-11-04 08:07:47,-50167938.0,0.15985222439539287,0,6,True,False,True,False,False,True,9,3,9,22,69
TX001984,295.93,2023-02-20 17:26:39,36,117,1,1050.63,2024-11-04 08:09:56,-53793797.0,0.2814012532925078,0,1,True,True,False,False,False,False,2,4,5,25,61
TX001985,1512.99,2023-08-08 17:15:50,19,50,1,9963.39,2024-11-04 08:09:45,-39192835.0,0.15183970117588735,0,5,True,False,True,False,False,True,6,7,6,27,67
TX001986,77.44,2023-06-26 16:28:59,58,268,1,1950.63,2024-11-04 08:10:59,-42910920.0,0.03967965239312779,0,4,True,True,False,False,True,False,6,5,6,26,48
TX001987,92.5,2023-09-25 16:22:10,40,70,1,6295.45,2024-11-04 08:08:25,-35048775.0,0.014690817841799745,0,5,False,False,True,True,False,False,5,1,7,19,61
TX001988,97.74,2023-09-04 16:46:29,41,137,1,4113.63,2024-11-04 08:07:15,-36861646.0,0.023754262230139767,0,7,False,False,True,True,False,False,11,7,6,26,69
TX001989,291.68,2023-08-07 18:07:57,21,90,1,1451.02,2024-11-04 08:11:59,-39276242.0,0.20087877577443838,0,3,True,False,False,False,False,True,3,2,4,27,54
TX001990,56.96,2023-06-26 17:38:30,22,135,1,1597.85,2024-11-04 08:07:18,-42906528.0,0.03562560590424368,0,5,True,False,False,False,False,True,6,4,6,26,41
TX001991,436.8,2023-07-03 16:15:11,27,92,1,1256.33,2024-11-04 08:10:00,-42306889.0,0.34740282980601755,0,2,True,False,True,False,False,True,2,4,4,18,61
TX001992,259.49,2023-06-09 16:31:56,72,292,1,7320.61,2024-11-04 08:07:31,-44379335.0,0.03544165832378398,0,8,True,False,True,False,True,False,9,2,4,21,59
TX001993,726.26,2023-02-13 17:13:49,57,147,1,2150.38,2024-11-04 08:06:49,-54399180.0,0.3375786704347907,0,7,True,False,True,False,True,False,7,5,3,22,65
TX001994,568.68,2023-04-25 18:47:16,72,101,1,2940.04,2024-11-04 08:08:39,-48259283.0,0.1933601719119767,0,5,True,False,False,False,True,False,5,4,4,19,63
TX001995,77.57,2023-12-13 17:02:21,49,225,1,12801.93,2024-11-04 08:07:54,-28220733.0,0.006058769359826226,0,7,True,False,True,False,False,False,7,8,4,31,61
TX001996,999.28,2023-05-22 17:45:50,29,40,1,4272.41,2024-11-04 08:12:15,-45930385.0,0.23383667843712633,0,9,True,False,True,True,False,False,12,7,6,24,61
TX001997,14.16,2023-01-09 16:49:07,74,290,1,5399.76,2024-11-04 08:10:20,-57424873.0,0.002621853220657833,0,7,False,True,False,False,True,False,9,3,2,21,68
TX001998,1142.83,2023-07-14 17:44:23,61,48,1,2467.39,2024-11-04 08:11:26,-41351223.0,0.4629859949197655,0,5,False,True,False,False,True,False,8,6,9,33,65
TX001999,61.33,2023-09-20 18:18:00,27,129,1,7537.4,2024-11-04 08:06:27,-35473707.0,0.008135678658601295,0,6,True,False,False,True,False,False,7,3,4,27,59
TX002000,27.64,2023-06-09 17:14:26,54,23,1,7498.51,2024-11-04 08:08:22,-44376836.0,0.003685574124176113,0,7,True,False,True,True,False,False,8,6,1,33,58
TX002001,3.85,2023-04-17 16:27:27,29,32,1,10506.41,2024-11-04 08:08:51,-48958884.0,0.00036640808724509654,0,10,True,False,False,False,False,False,11,6,7,31,59
TX002002,431.22,2023-04-21 16:25:49,73,129,1,6505.98,2024-11-04 08:07:30,-48613301.0,0.0662703742750093,0,7,False,True,False,False,True,False,8,4,8,23,59
TX002003,178.55,2023-12-15 16:16:30,55,67,1,7568.4,2024-11-04 08:12:21,-28050951.0,0.023588395381404077,0,5,True,True,False,True,False,False,6,4,5,21,63
TX002004,248.76,2023-05-24 16:12:18,18,56,1,546.46,2024-11-04 08:06:33,-45762855.0,0.454389361779856,0,1,True,False,False,False,False,True,2,7,6,31,62
TX002005,76.16,2023-11-21 16:45:29,23,99,1,1072.25,2024-11-04 08:12:04,-30122795.0,0.07096203121360353,0,1,True,False,False,False,False,True,1,4,2,30,57
TX002006,347.25,2023-01-30 18:49:52,69,250,1,7273.55,2024-11-04 08:08:01,-55603089.0,0.047734911437820896,0,2,True,False,False,False,False,False,4,4,4,29,58
TX002007,28.04,2023-02-15 16:37:09,57,146,5,11197.54,2024-11-04 08:12:17,-54228908.0,0.002503897829538493,1,4,True,False,False,False,False,False,5,6,2,21,69
TX002008,325.98,2023-07-20 16:58:39,19,277,1,782.35,2024-11-04 08:08:23,-40835384.0,0.41613582689730005,0,4,True,False,False,False,False,True,4,7,9,21,48
TX002009,249.56,2023-11-20 16:05:05,76,246,1,4444.95,2024-11-04 08:11:08,-30211563.0,0.05613198528998302,0,3,True,True,False,False,True,False,4,5,2,22,58
TX002010,17.43,2023-02-23 16:21:38,56,33,1,10658.88,2024-11-04 08:08:36,-53538418.0,0.001635102834178246,0,5,True,False,False,False,False,False,5,7,4,29,41
TX002011,198.01,2023-04-24 17:46:41,26,40,1,250.93,2024-11-04 08:10:09,-48349408.0,0.7859722938911602,0,4,False,True,False,False,False,True,5,4,6,32,59
TX002012,585.58,2023-09-04 16:13:40,23,55,1,1729.02,2024-11-04 08:09:16,-36863736.0,0.3384816360504503,0,5,True,True,False,False,False,True,7,1,5,31,59
TX002013,434.67,2023-12-05 18:33:02,27,124,1,1298.13,2024-11-04 08:10:09,-28906627.0,0.33458545334185186,0,7,False,False,True,False,False,True,9,2,4,20,55
TX002014,510.7,2023-06-07 16:35:27,27,294,1,5828.48,2024-11-04 08:07:57,-44551950.0,0.08760644174094431,0,6,False,False,True,False,False,True,8,3,5,26,55
TX002015,331.98,2023-08-28 16:40:01,74,12,1,7600.99,2024-11-04 08:09:26,-37466965.0,0.04367014426485697,0,1,True,False,False,False,True,False,2,4,5,28,62
TX002016,199.54,2023-10-10 17:24:33,56,268,1,9603.73,2024-11-04 08:10:49,-33749176.0,0.020775180562077226,0,6,True,False,True,True,False,False,6,6,5,32,42
TX002017,212.97,2023-11-14 16:56:34,59,178,1,4180.4,2024-11-04 08:10:42,-30726848.0,0.050932701965848766,0,2,True,False,True,True,False,False,2,1,5,26,61
TX002018,270.56,2023-02-17 16:57:32,23,139,1,1268.44,2024-11-04 08:08:05,-54054633.0,0.21313335013864382,0,8,True,False,True,False,False,True,9,9,5,31,67
TX002019,306.37,2023-06-27 18:26:08,26,120,1,9609.67,2024-11-04 08:07:43,-42817295.0,0.03187811047512817,0,6,True,False,False,True,False,False,7,7,3,32,60
TX002020,643.02,2023-10-02 17:47:19,38,85,1,11989.39,2024-11-04 08:07:01,-34438782.0,0.05362794704759395,0,4,False,False,False,False,False,False,4,4,5,33,63
TX002021,98.48,2023-02-16 17:14:41,47,12,1,9538.92,2024-11-04 08:11:29,-54140208.0,0.010322937718555292,0,7,True,True,False,True,False,False,7,4,3,24,64
TX002022,889.01,2023-08-29 17:55:07,36,169,1,4826.88,2024-11-04 08:11:23,-37376176.0,0.18414086514163566,0,8,True,False,True,True,False,False,9,4,5,26,55
TX002023,537.86,2023-09-19 16:44:21,27,134,1,293.06,2024-11-04 08:09:27,-35565906.0,1.8290825001700333,0,7,True,False,True,False,False,True,7,5,5,32,61
TX002024,241.18,2023-05-30 18:29:15,25,162,1,1445.53,2024-11-04 08:06:56,-45236261.0,0.16673003670853698,0,6,True,False,False,False,False,True,6,5,2,31,61
TX002025,130.54,2023-04-05 17:20:36,64,94,1,11204.62,2024-11-04 08:09:50,-49992554.0,0.011649511584365701,0,9,True,False,False,False,False,False,9,3,10,27,61
TX002026,800.29,2023-12-04 16:25:27,20,84,1,693.4,2024-11-04 08:11:42,-29000775.0,1.1524913594470045,0,6,False,True,False,False,False,True,6,3,1,27,59
TX002027,8.81,2023-05-22 16:57:30,57,165,1,13523.65,2024-11-04 08:09:40,-45933130.0,0.0006514031786404824,0,4,True,False,True,False,False,False,7,3,8,26,49
TX002028,28.52,2023-06-02 16:54:12,20,163,1,662.51,2024-11-04 08:08:28,-44982856.0,0.04298352700034664,0,8,True,False,False,False,False,True,9,5,5,25,63
TX002029,431.31,2023-05-01 16:18:16,23,99,1,342.73,2024-11-04 08:09:29,-47749873.0,1.2547930061385388,0,3,False,False,True,False,False,True,5,3,2,25,61
TX002030,885.33,2023-08-22 18:41:50,47,59,1,7764.16,2024-11-04 08:10:03,-37978093.0,0.11401310468811976,0,5,False,False,False,True,False,False,5,8,3,31,59
TX002031,199.23,2023-09-04 16:04:27,29,54,1,9834.0,2024-11-04 08:07:46,-36864199.0,0.020257244534824605,0,1,True,False,False,True,False,False,2,6,5,27,67
TX002032,42.26,2023-10-26 16:19:25,44,171,1,268.77,2024-11-04 08:09:35,-32370610.0,0.15665196278311155,0,5,True,False,False,False,False,False,6,8,4,19,59
TX002033,166.06,2023-07-14 16:06:06,30,172,1,5397.68,2024-11-04 08:07:04,-41356858.0,0.030759370809160757,0,8,True,False,False,True,False,False,8,7,3,22,58
TX002034,357.72,2023-08-07 17:29:48,53,25,1,7659.5,2024-11-04 08:11:19,-39278491.0,0.04669669081652634,0,2,True,False,False,False,True,False,2,7,2,18,64
TX002035,588.37,2023-01-05 17:48:29,28,284,1,1926.08,2024-11-04 08:07:39,-57766750.0,0.305316852439961,0,1,True,False,True,False,False,True,1,3,9,29,49
TX002036,72.82,2023-11-10 16:50:35,68,127,1,6911.62,2024-11-04 08:06:49,-31072574.0,0.010534356003946404,0,3,True,False,True,False,False,False,5,7,3,21,63
TX002037,162.36,2023-11-22 16:10:32,36,147,1,7527.04,2024-11-04 08:09:02,-30038310.0,0.021567366804639724,0,5,True,False,True,True,False,False,9,9,6,15,67
TX002038,584.82,2023-10-17 16:11:26,43,109,1,12071.1,2024-11-04 08:09:47,-33148701.0,0.048443932704334794,0,3,False,False,True,False,False,False,3,4,5,27,55
TX002039,38.15,2023-10-06 16:37:16,72,129,1,1425.47,2024-11-04 08:12:23,-34097707.0,0.02674434092550141,0,4,False,False,True,False,True,False,5,6,3,33,68
TX002040,477.54,2023-08-21 17:20:05,23,52,1,1598.63,2024-11-04 08:06:48,-38069203.0,0.29853153541756533,0,4,False,False,False,False,False,True,5,5,4,21,57
TX002041,639.57,2023-12-18 16:25:18,60,43,1,11726.47,2024-11-04 08:12:02,-27791204.0,0.05453605935466047,0,3,True,True,False,False,False,False,3,2,3,33,67
TX002042,58.23,2023-07-26 17:25:23,28,34,1,9189.76,2024-11-04 08:09:59,-40315476.0,0.006335711083740626,0,4,True,False,True,False,False,True,4,7,3,32,55
TX002043,776.21,2023-02-22 17:15:20,78,99,1,4895.87,2024-11-04 08:06:38,-53621478.0,0.15851145731865457,0,4,False,False,True,False,True,False,5,2,5,25,59
TX002044,248.76,2023-03-20 18:51:53,21,117,1,6178.77,2024-11-04 08:09:07,-51369434.0,0.040253925307899806,0,7,True,True,False,False,False,True,9,3,2,32,42
TX002045,188.61,2024-01-01 17:16:23,67,26,1,7167.57,2024-11-04 08:06:23,-26578200.0,0.026310686789694462,0,7,True,False,True,False,True,False,9,9,3,22,61
TX002046,675.37,2023-12-29 16:45:06,56,31,1,4704.91,2024-11-04 08:11:11,-26839565.0,0.14351528184771914,0,5,False,False,True,False,True,False,5,2,5,32,60
TX002047,94.82,2023-03-21 16:36:30,67,56,1,1267.72,2024-11-04 08:12:17,-51291347.0,0.07473674254366605,0,5,False,True,False,False,True,False,6,3,5,26,54
TX002048,425.18,2023-02-20 16:16:39,59,135,1,5790.55,2024-11-04 08:11:26,-53798087.0,0.07341385294092255,0,4,False,False,True,True,False,False,5,5,5,27,60
TX002049,50.28,2023-02-02 16:20:28,60,65,1,5729.1,2024-11-04 08:06:46,-55352778.0,0.008774715973543219,0,7,True,True,False,True,False,False,7,3,5,27,68
TX002050,864.72,2023-08-25 16:35:39,34,58,1,7379.38,2024-11-04 08:11:10,-37726531.0,0.11716469883664526,0,6,False,True,False,True,False,False,7,6,5,27,63
TX002051,70.68,2023-11-22 17:01:08,25,105,1,1478.41,2024-11-04 08:10:55,-30035387.0,0.04777580251586781,0,8,True,False,True,False,False,True,8,3,4,22,46
TX002052,261.77,2023-01-12 18:07:21,28,46,1,824.71,2024-11-04 08:11:48,-57161067.0,0.3170241368034782,0,5,True,False,True,False,False,True,5,2,6,31,60
TX002053,183.22,2023-10-05 18:40:15,27,63,1,1024.42,2024-11-04 08:07:27,-34176432.0,0.1786780051101012,0,6,True,False,False,False,False,True,6,6,8,25,55
TX002054,58.32,2023-07-31 16:21:15,29,275,4,6027.49,2024-11-04 08:06:58,-39887143.0,0.00967406431793036,1,6,False,True,False,True,False,False,7,3,5,26,51
TX002055,156.86,2023-01-30 16:37:53,51,102,1,14453.35,2024-11-04 08:10:27,-55611154.0,0.010852096427718992,0,2,True,False,False,False,False,False,4,4,6,25,68
TX002056,120.67,2023-12-25 18:16:39,42,233,1,5374.54,2024-11-04 08:12:08,-27179729.0,0.022447977319487902,0,6,True,False,False,False,False,False,7,5,4,26,60
TX002057,308.62,2023-10-06 18:59:06,59,101,1,9148.08,2024-11-04 08:06:47,-34088861.0,0.03373235341695559,0,3,False,True,False,True,False,False,5,3,5,28,53
TX002058,506.81,2023-12-20 16:17:24,59,41,1,2757.23,2024-11-04 08:08:00,-27618636.0,0.18374464783574973,0,1,True,False,False,True,False,False,1,3,2,31,55
TX002059,328.39,2023-11-09 16:47:01,41,108,1,2523.83,2024-11-04 08:11:57,-31159496.0,0.13006420234233593,0,3,True,False,False,True,False,False,3,2,5,33,58
TX002060,796.3,2023-03-22 16:03:01,67,64,1,1498.79,2024-11-04 08:08:32,-51206731.0,0.5309409984064436,0,8,True,True,False,False,True,False,10,5,5,29,59
TX002061,72.47,2023-10-17 18:02:43,29,72,1,1305.56,2024-11-04 08:11:10,-33142107.0,0.055466262552045065,0,4,True,False,True,False,False,False,4,4,6,22,61
TX002062,279.6,2023-05-31 16:28:06,25,131,1,1910.9,2024-11-04 08:06:53,-45157127.0,0.14624195826141534,0,7,True,False,False,False,False,True,7,4,7,26,70
TX002063,304.2,2023-06-08 16:06:13,25,102,1,423.64,2024-11-04 08:10:19,-44467446.0,0.7163715146948003,0,2,True,False,True,False,False,True,3,8,4,22,58
TX002064,351.38,2023-06-26 18:41:55,64,21,1,7606.63,2024-11-04 08:06:32,-42902677.0,0.04618784036552776,0,7,True,True,False,False,True,False,8,3,8,45,58
TX002065,86.07,2023-11-20 18:40:45,31,23,1,842.56,2024-11-04 08:12:19,-30202294.0,0.10203186495329318,0,6,True,True,False,False,False,False,9,1,1,25,49
TX002066,604.5,2023-08-08 18:39:24,28,80,1,709.42,2024-11-04 08:06:32,-39187628.0,0.8509050983925003,0,3,True,False,False,False,False,True,4,7,6,24,42
TX002067,258.7,2023-02-22 17:12:15,27,123,1,1358.37,2024-11-04 08:06:36,-53621661.0,0.19030874596320355,0,7,True,False,False,False,False,True,7,4,5,22,68
TX002068,994.63,2023-06-21 16:00:07,61,158,1,13538.14,2024-11-04 08:09:25,-43344558.0,0.07346330712290441,0,5,True,False,True,False,False,False,6,4,10,26,59
TX002069,11.46,2023-01-31 17:14:32,75,64,1,7258.33,2024-11-04 08:08:10,-55522418.0,0.0015786580855257993,0,10,False,True,False,False,True,False,12,7,6,19,59
TX002070,63.76,2023-06-27 17:44:24,69,100,1,4980.26,2024-11-04 08:10:22,-42819958.0,0.01279997430369023,0,5,True,False,False,False,True,False,6,7,8,31,59
TX002071,446.83,2023-06-26 18:51:31,55,143,1,1623.5,2024-11-04 08:09:33,-42902282.0,0.2750569405971068,0,6,False,True,False,False,True,False,7,3,5,23,64
TX002072,63.54,2023-05-22 18:23:18,26,136,1,4401.78,2024-11-04 08:07:31,-45927853.0,0.014431790823070879,0,4,True,False,False,True,False,False,6,7,3,21,49
TX002073,81.11,2023-10-16 18:07:26,48,110,1,2051.37,2024-11-04 08:07:46,-33228020.0,0.03952016449275716,0,4,True,False,True,True,False,False,5,4,5,24,68
TX002074,441.26,2023-02-27 16:07:46,58,87,5,13704.92,2024-11-04 08:11:41,-53193835.0,0.03219484719011931,1,5,False,True,False,False,False,False,8,3,4,27,67
TX002075,170.96,2023-12-28 16:46:46,64,69,1,13374.89,2024-11-04 08:06:53,-26925607.0,0.012781205587067478,0,4,True,True,False,False,False,False,7,3,3,22,48
TX002076,48.51,2023-01-09 17:22:18,22,69,1,3363.23,2024-11-04 08:10:53,-57422915.0,0.014419347071989726,0,7,True,True,False,False,False,True,9,7,4,30,59
TX002077,325.03,2023-01-11 17:04:19,60,106,1,13521.76,2024-11-04 08:10:08,-57251149.0,0.024035773762160977,0,4,True,True,False,False,False,False,6,2,8,22,60
TX002078,125.83,2023-05-29 17:14:03,57,138,1,6109.86,2024-11-04 08:11:30,-45327447.0,0.02059120974789146,0,7,True,False,False,False,True,False,8,5,7,32,69
TX002079,506.83,2023-04-24 17:27:12,37,45,1,9975.79,2024-11-04 08:07:31,-48350419.0,0.050800908909579126,0,3,True,True,False,True,False,False,3,5,6,29,58
TX002080,738.94,2023-10-09 18:54:21,41,173,1,13856.18,2024-11-04 08:08:51,-33830070.0,0.05332542407618289,0,6,True,True,False,False,False,False,9,5,4,25,67
TX002081,180.36,2023-05-30 16:12:10,33,55,1,9905.23,2024-11-04 08:06:40,-45244470.0,0.018206724455216566,0,5,False,False,True,True,False,False,5,9,7,25,68
TX002082,225.1,2023-12-11 17:28:44,28,35,1,1547.71,2024-11-04 08:07:08,-28391904.0,0.14534677247515673,0,8,True,False,False,False,False,True,8,4,2,18,61
TX002083,359.51,2023-11-30 18:08:39,79,157,1,7153.72,2024-11-04 08:12:11,-29340212.0,0.050247948207616785,0,8,True,False,True,False,True,False,9,3,6,19,68
TX002084,720.46,2023-12-07 16:10:40,54,44,1,3101.54,2024-11-04 08:08:35,-28742275.0,0.23221618415878603,0,6,True,True,False,False,True,False,7,8,6,32,67
TX002085,1116.57,2023-02-23 16:54:09,56,104,1,1393.14,2024-11-04 08:07:14,-53536385.0,0.8009023484011648,0,3,True,False,False,False,True,False,3,2,5,32,67
TX002086,291.46,2023-02-08 16:29:56,57,135,1,7142.53,2024-11-04 08:10:03,-54834007.0,0.040800556587569446,0,3,True,False,False,False,True,False,4,3,7,26,64
TX002087,1192.95,2023-12-04 18:30:00,23,73,1,325.15,2024-11-04 08:08:01,-28993081.0,3.6576728499156834,0,6,True,True,False,False,False,True,6,4,5,32,55
TX002088,98.24,2023-04-10 17:58:46,28,148,1,580.66,2024-11-04 08:08:58,-49558212.0,0.16889591857786335,0,5,True,False,True,False,False,True,5,6,6,19,61
TX002089,100.48,2023-02-17 16:53:25,18,104,1,6149.81,2024-11-04 08:12:12,-54055127.0,0.016336059803505554,0,6,False,True,False,False,False,True,6,4,8,29,55
TX002090,45.9,2023-07-04 18:55:57,56,264,1,5698.25,2024-11-04 08:07:45,-42210708.0,0.008053691275167784,0,6,True,True,False,True,False,False,7,3,7,31,54
TX002091,258.21,2023-11-27 17:19:31,39,225,1,9562.41,2024-11-04 08:10:11,-29602240.0,0.02699978355000988,0,9,True,False,True,False,False,False,9,5,6,33,59
TX002092,1079.11,2023-05-05 16:42:25,53,211,1,2038.31,2024-11-04 08:07:41,-47402716.0,0.529154468913505,0,6,True,False,True,True,False,False,8,9,3,29,55
TX002093,287.51,2023-05-22 16:57:31,22,255,1,187.65,2024-11-04 08:08:19,-45933048.0,1.5240392260800424,0,2,True,False,True,False,False,True,3,3,6,22,46
TX002094,501.3,2023-05-22 18:27:37,26,146,1,8520.08,2024-11-04 08:08:07,-45927630.0,0.05883057077271895,0,4,False,False,True,True,False,False,4,6,5,22,59
TX002095,26.1,2023-02-17 16:21:21,27,32,1,1435.72,2024-11-04 08:07:09,-54056748.0,0.01816637897433042,0,8,True,False,False,False,False,True,8,6,5,32,61
TX002096,436.77,2023-09-28 16:14:49,20,176,1,825.69,2024-11-04 08:09:11,-34790062.0,0.5283358937449346,0,2,True,False,False,False,False,True,3,7,4,19,60
TX002097,292.38,2023-05-15 16:49:14,68,224,1,5803.89,2024-11-04 08:09:42,-46538428.0,0.050367879494701874,0,3,True,False,False,False,False,False,3,4,3,32,51
TX002098,1026.46,2023-06-21 16:40:17,53,165,1,3134.47,2024-11-04 08:07:24,-43342027.0,0.3273703782845953,0,2,True,True,False,False,True,False,4,4,7,30,67
TX002099,25.29,2023-07-27 18:34:19,50,125,1,5374.69,2024-11-04 08:06:44,-40224745.0,0.004704512350972619,0,4,True,False,True,True,False,False,4,3,7,32,64
TX002100,123.35,2023-08-11 17:00:56,31,10,1,6852.16,2024-11-04 08:09:58,-38934542.0,0.017998996083558535,0,5,False,False,True,False,False,False,5,3,5,32,51
TX002101,139.52,2023-09-22 18:02:42,23,31,1,1570.22,2024-11-04 08:08:00,-35301918.0,0.08879724036099337,0,6,True,True,False,False,False,True,7,7,3,31,42
TX002102,51.2,2023-03-13 18:45:47,18,83,1,730.6,2024-11-04 08:06:44,-51974457.0,0.06998359759431383,0,5,True,False,True,False,False,True,6,5,5,34,67
TX002103,122.85,2023-11-29 17:38:53,47,127,3,13185.39,2024-11-04 08:07:00,-29428087.0,0.009316423979572878,1,7,False,False,True,False,False,False,9,2,5,15,61
TX002104,161.38,2023-11-09 16:06:17,24,101,1,3900.34,2024-11-04 08:10:55,-31161878.0,0.041365274495429774,0,4,False,False,True,False,False,True,4,6,5,30,60
TX002105,2.51,2023-04-17 16:04:21,63,32,1,4891.56,2024-11-04 08:11:22,-48960421.0,0.0005130238566312932,0,4,True,False,True,False,True,False,7,4,4,25,51
TX002106,22.62,2023-05-10 16:35:02,64,102,1,7682.0,2024-11-04 08:11:17,-46971375.0,0.0029441624365482235,0,5,True,False,False,False,False,False,7,7,5,19,55
TX002107,126.83,2023-02-20 16:40:25,57,39,1,6100.98,2024-11-04 08:10:31,-53796606.0,0.0207850566537419,0,3,True,True,False,False,True,False,4,4,3,29,59
TX002108,46.6,2023-08-30 17:54:55,55,68,1,1562.9,2024-11-04 08:06:23,-37289488.0,0.029797301617750495,0,4,True,False,True,False,False,False,5,6,6,30,63
TX002109,243.8,2023-01-03 16:42:41,57,48,1,13732.81,2024-11-04 08:10:09,-57943648.0,0.01775181104150997,0,5,True,True,False,False,False,False,7,3,8,22,57
TX002110,231.51,2023-08-28 17:22:16,60,96,1,5790.7,2024-11-04 08:12:09,-37464593.0,0.039972719581470036,0,4,False,True,False,False,True,False,4,6,5,21,68
TX002111,175.05,2023-01-02 17:05:16,39,34,1,1447.35,2024-11-04 08:08:09,-58028573.0,0.12086167017640766,0,6,True,False,True,True,False,False,7,4,3,32,57
TX002112,762.74,2023-05-02 17:24:54,64,244,1,207.1,2024-11-04 08:06:39,-47659305.0,3.665257087938491,0,6,True,False,False,False,False,False,8,4,2,24,69
TX002113,34.03,2023-05-22 17:09:30,57,38,1,3077.2,2024-11-04 08:09:59,-45932429.0,0.011055162107725294,0,4,True,True,False,True,False,False,5,7,9,22,69
TX002114,15.95,2023-03-14 17:10:00,25,52,1,1983.0,2024-11-04 08:11:39,-51894099.0,0.008039314516129032,0,6,True,True,False,False,False,True,6,6,5,26,59
TX002115,926.53,2023-11-24 17:24:24,57,107,1,3120.1,2024-11-04 08:06:24,-29860920.0,0.29686008138156417,0,8,True,False,False,True,False,False,9,4,5,29,55
TX002116,101.51,2023-03-23 16:17:51,46,199,1,3052.47,2024-11-04 08:11:54,-51119643.0,0.033244145185641255,0,5,False,False,True,True,False,False,7,2,7,29,67
TX002117,309.42,2023-10-18 16:51:31,27,42,1,8564.46,2024-11-04 08:10:21,-33059930.0,0.03612415445288403,0,3,True,True,False,True,False,False,4,4,4,22,60
TX002118,257.6,2023-12-18 16:30:46,59,293,1,7950.74,2024-11-04 08:09:57,-27790751.0,0.03239542540374812,0,2,False,False,True,False,True,False,2,2,4,31,70
TX002119,746.78,2023-11-27 16:29:16,21,64,1,1699.81,2024-11-04 08:07:44,-29605108.0,0.4390731475003087,0,6,False,True,False,False,False,True,7,4,1,32,61
TX002120,82.01,2023-12-25 17:27:57,23,156,1,287.46,2024-11-04 08:07:14,-27182357.0,0.284302849615198,0,5,False,True,False,False,False,True,7,2,5,26,53
TX002121,476.99,2023-01-10 16:00:32,23,187,1,1154.48,2024-11-04 08:10:10,-57341378.0,0.4128067989060823,0,7,True,False,True,False,False,True,7,4,7,17,59
TX002122,320.11,2023-08-31 16:26:37,23,130,1,4076.48,2024-11-04 08:07:38,-37208461.0,0.078506822841559,0,9,True,True,False,False,False,True,9,5,4,31,46
TX002123,333.39,2023-09-11 16:36:59,68,35,1,10628.59,2024-11-04 08:08:37,-36257498.0,0.03136433296110198,0,3,True,False,False,False,False,False,4,5,3,32,67
TX002124,10.3,2023-12-07 16:59:06,47,197,1,7801.32,2024-11-04 08:10:12,-28739466.0,0.0013201201693855162,0,8,True,False,False,True,False,False,9,5,6,17,60
TX002125,737.46,2023-01-03 16:28:03,53,75,4,634.16,2024-11-04 08:07:37,-57944374.0,1.16106177970905,1,7,False,True,False,False,False,False,7,7,3,23,41
TX002126,416.55,2023-05-05 17:31:53,33,73,1,922.96,2024-11-04 08:07:20,-47399727.0,0.4508312048140612,0,7,True,False,True,True,False,False,8,7,6,31,68
TX002127,84.91,2023-10-16 18:38:15,18,68,1,1671.86,2024-11-04 08:06:59,-33226124.0,0.05075738555527659,0,8,True,False,True,False,False,True,9,5,5,21,59
TX002128,98.95,2023-12-29 17:37:37,75,73,1,5670.82,2024-11-04 08:07:52,-26836215.0,0.017445899199904087,0,4,True,True,False,False,True,False,4,4,6,27,61
TX002129,18.14,2023-02-17 18:46:59,58,48,1,6020.85,2024-11-04 08:11:08,-54048249.0,0.003012363310278403,0,3,False,False,False,False,True,False,3,4,3,26,55
TX002130,1154.79,2023-08-02 17:52:47,51,108,1,6180.3,2024-11-04 08:11:47,-39709140.0,0.1868199246113277,0,10,True,False,False,False,False,False,11,3,4,16,54
TX002131,215.13,2023-01-05 16:02:42,46,114,1,3956.69,2024-11-04 08:08:16,-57773134.0,0.05435746609764787,0,4,True,False,True,True,False,False,5,5,5,22,68
TX002132,218.57,2023-10-16 16:30:38,62,102,1,13869.86,2024-11-04 08:08:19,-33233861.0,0.01575749448844556,0,3,False,True,False,False,False,False,3,5,5,31,63
TX002133,341.88,2023-06-14 16:34:43,43,89,1,4159.52,2024-11-04 08:11:00,-43947377.0,0.08217242075509791,0,5,True,False,False,True,False,False,5,7,3,24,59
TX002134,691.92,2023-07-10 16:37:18,19,61,1,1084.65,2024-11-04 08:12:13,-41700895.0,0.6373324736333071,0,6,True,False,True,False,False,True,6,6,4,19,61
TX002135,50.43,2023-07-10 16:06:28,32,51,1,9794.26,2024-11-04 08:09:10,-41702562.0,0.005148408515955677,0,2,True,True,False,False,False,False,4,4,4,27,59
TX002136,440.43,2023-09-21 17:41:34,78,23,1,5123.24,2024-11-04 08:07:52,-35389578.0,0.08595030677720014,0,8,True,True,False,False,True,False,9,5,8,32,60
TX002137,299.03,2023-01-19 17:27:01,39,52,1,1381.28,2024-11-04 08:10:02,-56558581.0,0.21633098937986514,0,5,True,True,False,True,False,False,5,6,5,27,54
TX002138,1.98,2023-12-25 17:41:33,66,170,1,11619.1,2024-11-04 08:10:47,-27181754.0,0.0001703944028020413,0,4,True,False,False,False,False,False,5,6,5,27,61
TX002139,173.45,2023-12-25 16:25:43,31,161,1,9077.62,2024-11-04 08:07:11,-27186088.0,0.01910532658047148,0,2,True,False,False,True,False,False,2,3,4,34,67
TX002140,438.76,2023-02-13 16:48:50,22,73,1,1824.19,2024-11-04 08:11:13,-54400943.0,0.2403914113051244,0,3,True,True,False,False,False,True,5,5,7,15,59
TX002141,519.62,2023-11-23 17:42:11,71,40,1,4159.33,2024-11-04 08:06:37,-29946266.0,0.12489874601293648,0,7,False,False,True,False,True,False,7,8,5,45,48
TX002142,738.68,2023-03-07 16:36:08,50,124,1,14352.33,2024-11-04 08:11:40,-52500932.0,0.051464015667444414,0,6,True,False,True,False,False,False,6,5,7,28,60
TX002143,151.14,2023-06-01 16:18:49,64,38,1,2156.54,2024-11-04 08:11:40,-45071571.0,0.07005200367084735,0,2,True,False,True,False,True,False,3,9,9,31,63
TX002144,75.77,2023-08-07 17:48:31,51,148,1,8361.7,2024-11-04 08:09:47,-39277276.0,0.009060470900546473,0,4,True,True,False,True,False,False,4,6,3,24,68
TX002145,444.52,2023-04-04 16:11:34,27,17,1,5424.6,2024-11-04 08:06:58,-50082924.0,0.08193010911235622,0,6,True,False,True,True,False,False,6,4,9,45,51
TX002146,5.29,2023-03-08 18:51:57,52,276,1,11263.89,2024-11-04 08:09:14,-52406237.0,0.0004696006796338003,0,4,True,False,True,False,False,False,6,4,5,29,58
TX002147,97.63,2023-05-15 16:05:06,48,127,1,12467.31,2024-11-04 08:11:10,-46541164.0,0.007830251252976546,0,4,False,False,True,False,False,False,5,5,9,18,55
TX002148,256.95,2023-05-04 16:37:21,26,71,1,2531.24,2024-11-04 08:08:10,-47489449.0,0.10147142450952516,0,2,True,True,False,True,False,False,3,4,3,28,59
TX002149,734.86,2023-12-08 16:36:30,48,290,1,6242.03,2024-11-04 08:08:49,-28654339.0,0.11770886893063144,0,8,False,True,False,True,False,False,8,5,6,19,61
TX002150,1250.94,2023-02-28 17:45:06,36,107,2,11565.97,2024-11-04 08:08:33,-53101407.0,0.10814759612932343,1,8,True,False,False,False,False,False,8,4,8,27,54
TX002151,84.28,2023-06-12 17:09:17,39,142,1,13586.06,2024-11-04 08:07:40,-44117903.0,0.006202960758250865,0,7,True,True,False,False,False,False,8,8,2,25,63
TX002152,927.45,2023-08-07 18:52:42,24,95,1,1161.84,2024-11-04 08:07:13,-39273271.0,0.7975731828970453,0,6,True,False,False,False,False,True,6,5,4,19,59
TX002153,202.49,2023-12-28 16:30:32,48,69,1,7447.1,2024-11-04 08:08:28,-26926676.0,0.027186799317946857,0,5,False,False,False,True,False,False,5,3,5,24,55
TX002154,154.99,2023-08-28 17:07:08,25,53,1,1419.31,2024-11-04 08:08:06,-37465258.0,0.10912406446479996,0,7,True,True,False,False,False,True,9,7,4,31,61
TX002155,481.53,2023-09-12 17:21:48,58,277,1,6142.54,2024-11-04 08:11:54,-36168606.0,0.0783798917236642,0,5,True,True,False,False,True,False,5,9,7,25,61
TX002156,172.92,2023-08-28 16:56:05,20,212,1,416.37,2024-11-04 08:08:14,-37465929.0,0.41430864700385744,0,8,True,False,True,False,False,True,8,3,9,27,64
TX002157,275.59,2023-10-10 16:49:03,53,238,1,6313.22,2024-11-04 08:10:12,-33751269.0,0.043645929346776004,0,3,False,True,False,False,True,False,3,4,3,21,67
TX002158,207.2,2024-01-01 16:12:32,60,133,1,8092.94,2024-11-04 08:06:23,-26582031.0,0.02559939905657813,0,4,True,False,True,True,False,False,6,4,4,33,54
TX002159,136.82,2023-08-25 18:24:06,31,14,1,6229.13,2024-11-04 08:08:03,-37719837.0,0.021961018469919567,0,3,True,True,False,True,False,False,3,1,11,31,60
TX002160,624.0,2023-02-16 17:34:34,26,132,5,4976.18,2024-11-04 08:11:42,-54139028.0,0.12537219871493496,1,4,True,True,False,True,False,False,5,3,7,26,63
TX002161,179.38,2023-08-10 18:31:00,30,28,1,8741.51,2024-11-04 08:08:34,-39015454.0,0.020518134952090417,0,8,True,False,True,True,False,False,10,6,5,27,60
TX002162,10.15,2023-02-23 16:51:34,59,58,5,7155.04,2024-11-04 08:11:00,-53536766.0,0.0014183822337493922,1,7,True,False,False,False,False,False,8,8,2,31,59
TX002163,26.3,2023-12-12 16:57:29,32,33,1,7473.73,2024-11-04 08:09:28,-28307519.0,0.003518521739246769,0,3,True,False,False,False,False,False,4,5,6,25,55
TX002164,319.5,2023-06-09 16:03:24,29,69,1,2366.3,2024-11-04 08:10:45,-44381241.0,0.1349638829045748,0,5,False,True,False,True,False,False,5,4,6,23,55
TX002165,182.42,2023-03-22 16:59:56,51,137,1,3051.29,2024-11-04 08:10:41,-51203445.0,0.059764963355382346,0,3,True,True,False,False,True,False,4,7,4,19,61
TX002166,716.62,2023-04-10 16:04:28,44,241,1,6987.4,2024-11-04 08:10:05,-49565137.0,0.10254421612958618,0,4,True,False,False,False,False,False,4,7,5,27,61
TX002167,222.96,2023-03-23 17:26:31,65,150,1,7370.41,2024-11-04 08:12:21,-51115550.0,0.030246587830550738,0,5,False,False,False,False,False,False,7,3,4,24,60
TX002168,79.77,2023-01-23 16:50:55,68,167,1,5010.31,2024-11-04 08:08:44,-56215069.0,0.015917993498705926,0,4,True,False,False,False,True,False,5,3,5,34,57
TX002169,431.08,2023-07-17 18:24:15,59,25,1,6760.22,2024-11-04 08:06:52,-41089357.0,0.06375772419770397,0,10,True,True,False,False,True,False,12,4,5,33,41
TX002170,592.24,2023-10-16 16:49:07,52,140,1,9817.05,2024-11-04 08:07:20,-33232693.0,0.06032155061341102,0,9,True,False,False,False,False,False,9,3,4,21,67
TX002171,200.19,2023-07-18 18:11:40,52,108,1,4389.96,2024-11-04 08:12:17,-41004037.0,0.04559139686993277,0,9,False,True,False,False,True,False,12,3,3,26,59
TX002172,297.5,2023-03-27 17:16:41,73,80,1,6768.14,2024-11-04 08:07:49,-50770268.0,0.04394945295857376,0,7,False,True,False,False,True,False,7,6,4,27,61
TX002173,345.86,2023-11-20 16:41:44,51,145,1,1504.64,2024-11-04 08:09:26,-30209262.0,0.22970962514279641,0,8,True,False,False,False,True,False,8,2,4,15,65
TX002174,343.88,2023-12-11 16:37:20,63,97,1,6486.18,2024-11-04 08:12:01,-28395281.0,0.05300916577002642,0,4,True,False,True,False,True,False,4,5,5,32,55
TX002175,16.52,2023-01-04 17:00:58,25,135,1,835.53,2024-11-04 08:07:28,-57855990.0,0.01974824572938209,0,4,False,False,True,False,False,True,5,6,5,23,61
TX002176,162.1,2023-12-06 17:34:01,41,151,1,8576.65,2024-11-04 08:08:09,-28823648.0,0.018897949904694178,0,9,True,True,False,True,False,False,10,3,6,25,55
TX002177,36.12,2023-11-29 17:55:07,22,234,1,1593.03,2024-11-04 08:08:11,-29427184.0,0.022659548440117187,0,3,True,False,True,False,False,True,3,4,7,25,63
TX002178,354.91,2023-12-18 16:33:07,74,191,1,3872.55,2024-11-04 08:09:08,-27790561.0,0.09162396251500561,0,8,True,False,False,False,True,False,8,3,5,21,61
TX002179,38.41,2023-04-11 16:06:20,40,117,1,9129.68,2024-11-04 08:07:27,-49478467.0,0.004206696543959485,0,6,True,False,False,False,False,False,6,5,4,32,62
TX002180,53.52,2023-03-31 16:18:37,49,55,1,2227.49,2024-11-04 08:08:36,-50428199.0,0.024016262132654852,0,4,True,True,False,True,False,False,5,3,2,34,59
TX002181,498.59,2023-10-23 18:41:35,57,138,1,2619.46,2024-11-04 08:11:11,-32621376.0,0.19026812086427572,0,2,True,False,True,False,True,False,2,5,9,30,67
TX002182,13.3,2023-06-06 16:36:30,23,63,1,213.0,2024-11-04 08:09:17,-44638367.0,0.06214953271028038,0,5,True,False,False,False,False,True,5,3,5,30,59
TX002183,189.65,2023-09-25 16:32:45,21,60,1,8457.09,2024-11-04 08:11:01,-35048296.0,0.022422319932750776,0,5,True,False,False,False,False,True,5,2,5,29,68
TX002184,255.32,2023-09-13 16:14:04,80,27,1,6290.62,2024-11-04 08:07:29,-36086005.0,0.040580963249528736,0,4,True,False,False,False,True,False,5,8,6,27,51
TX002185,230.51,2023-02-17 18:01:18,51,56,1,9522.37,2024-11-04 08:10:49,-54050971.0,0.02420466704538414,0,5,False,True,False,True,False,False,5,6,6,29,63
TX002186,237.74,2023-06-12 18:51:29,61,152,1,11795.12,2024-11-04 08:10:26,-44111937.0,0.020154084563398813,0,5,True,False,False,False,False,False,6,3,2,17,67
TX002187,512.76,2023-04-11 16:37:54,52,26,1,5121.36,2024-11-04 08:07:06,-49476552.0,0.10010229659766202,0,10,True,False,False,False,False,False,11,4,3,19,60
TX002188,151.37,2023-04-03 16:55:21,54,53,1,8356.08,2024-11-04 08:08:41,-50166800.0,0.01811278580556845,0,5,True,False,False,True,False,False,5,4,8,24,51
TX002189,85.01,2023-01-23 18:35:43,25,157,1,1299.4,2024-11-04 08:08:58,-56208795.0,0.0653721931713319,0,3,False,False,False,False,False,True,3,3,6,33,42
TX002190,444.47,2023-01-16 16:15:57,57,61,1,6062.94,2024-11-04 08:10:42,-56822085.0,0.07329722919422027,0,6,True,False,True,False,True,False,7,4,4,32,59
TX002191,184.19,2023-04-24 16:28:14,67,58,1,7588.67,2024-11-04 08:10:28,-48354134.0,0.024268512333210798,0,6,True,False,False,False,True,False,6,2,6,22,58
TX002192,879.25,2023-11-07 17:44:12,24,137,1,125.85,2024-11-04 08:08:02,-31328630.0,6.931415057154119,0,8,False,False,True,False,False,True,9,7,7,21,63
TX002193,55.98,2023-09-25 16:41:04,24,87,1,7047.04,2024-11-04 08:12:04,-35047860.0,0.00794263369674406,0,4,False,True,False,False,False,True,4,6,6,33,61
TX002194,54.91,2023-02-13 16:08:58,41,275,1,7927.27,2024-11-04 08:07:25,-54403107.0,0.006925848892633575,0,3,False,False,False,True,False,False,3,3,5,19,54
TX002195,1047.69,2023-10-16 16:32:31,20,139,1,1889.78,2024-11-04 08:10:42,-33233891.0,0.5541046552216546,0,6,True,False,True,False,False,True,6,6,5,23,59
TX002196,393.74,2023-12-04 18:11:56,26,90,1,1769.06,2024-11-04 08:06:52,-28994096.0,0.22244443691174312,0,5,True,False,True,False,False,True,7,5,7,25,68
TX002197,58.94,2023-01-16 16:16:42,30,26,1,4575.98,2024-11-04 08:08:38,-56821916.0,0.012877486901843574,0,3,True,False,True,True,False,False,3,6,4,26,64
TX002198,515.57,2023-01-02 17:26:34,27,56,1,9269.67,2024-11-04 08:06:54,-58027220.0,0.055613024732840244,0,5,True,False,False,True,False,False,5,4,6,19,54
TX002199,332.15,2023-10-16 17:12:32,59,105,1,9749.46,2024-11-04 08:07:16,-33231284.0,0.03406505949462897,0,9,True,False,False,False,False,False,9,4,3,26,49
TX002200,177.94,2023-09-26 16:08:25,19,173,1,123.24,2024-11-04 08:11:29,-34963384.0,1.4322279459111398,0,2,True,False,True,False,False,True,2,3,5,30,55
TX002201,68.68,2023-09-18 16:15:19,49,141,1,4718.51,2024-11-04 08:06:27,-35653868.0,0.014552358189727324,0,9,True,False,True,True,False,False,10,6,5,27,53
TX002202,1431.54,2023-12-11 16:23:59,20,84,1,1171.98,2024-11-04 08:08:41,-28395882.0,1.2204300158570478,0,6,True,False,True,False,False,True,7,3,6,19,42
TX002203,240.03,2023-02-27 17:25:09,33,31,1,7807.73,2024-11-04 08:09:41,-53189072.0,0.030738673254165533,0,7,True,False,True,True,False,False,7,2,7,13,61
TX002204,168.34,2023-06-27 18:14:30,64,240,1,7483.01,2024-11-04 08:11:10,-42818200.0,0.022493289025535775,0,4,True,False,False,False,True,False,6,6,3,32,55
TX002205,474.77,2023-10-06 18:26:45,46,284,1,8494.53,2024-11-04 08:06:24,-34090779.0,0.05588468288617661,0,8,True,False,True,True,False,False,8,5,2,31,61
TX002206,451.7,2023-03-01 16:56:01,29,103,1,8994.67,2024-11-04 08:10:51,-53018090.0,0.05021304694369624,0,3,True,False,True,True,False,False,3,5,4,23,60
TX002207,243.85,2023-12-20 16:41:44,39,43,1,4576.78,2024-11-04 08:08:53,-27617229.0,0.0532681780251563,0,6,True,True,False,True,False,False,8,3,6,18,65
TX002208,5.76,2023-08-28 17:13:52,38,164,1,5859.79,2024-11-04 08:09:21,-37464929.0,0.0009828026597096977,0,6,True,True,False,True,False,False,7,5,6,32,63
TX002209,435.08,2023-07-24 16:01:27,55,78,1,2103.41,2024-11-04 08:11:15,-40493388.0,0.20674678413427042,0,7,True,False,True,True,False,False,8,4,1,31,57
TX002210,127.78,2023-04-25 16:41:32,20,170,1,1046.66,2024-11-04 08:10:26,-48266934.0,0.12196705037893972,0,4,True,False,False,False,False,True,4,1,6,24,64
TX002211,23.14,2023-11-15 17:23:40,47,93,1,10536.54,2024-11-04 08:09:21,-30638741.0,0.0021959584495052924,0,5,False,False,True,False,False,False,6,2,1,29,61
TX002212,545.87,2023-01-02 16:31:28,27,41,1,4860.01,2024-11-04 08:09:44,-58030696.0,0.11229559289118927,0,7,True,True,False,True,False,False,7,3,3,45,64
TX002213,21.21,2023-12-04 16:20:16,55,37,1,9575.42,2024-11-04 08:07:18,-29000822.0,0.002214815139686856,0,7,True,False,True,True,False,False,8,2,6,21,55
TX002214,423.53,2023-08-10 17:08:52,50,81,1,5453.4,2024-11-04 08:07:23,-39020311.0,0.07764923731299501,0,5,False,True,False,False,False,False,5,4,7,31,61
TX002215,142.1,2023-06-08 17:08:06,18,109,1,1545.64,2024-11-04 08:11:56,-44463830.0,0.09187658407903583,0,4,False,False,True,False,False,True,4,5,4,22,57
TX002216,1413.24,2023-11-06 18:59:24,58,199,1,7272.01,2024-11-04 08:11:26,-31410722.0,0.19431294608422098,0,4,True,False,False,True,False,False,4,5,9,22,58
TX002217,114.15,2023-02-21 16:47:54,19,52,1,1612.4,2024-11-04 08:08:38,-53709644.0,0.07075120862774266,0,3,True,False,False,False,False,True,5,4,9,32,61
TX002218,275.98,2023-12-15 16:04:20,72,67,1,6151.05,2024-11-04 08:07:16,-28051376.0,0.04485984346681188,0,6,False,False,True,False,True,False,6,8,6,24,48
TX002219,590.68,2023-09-25 16:56:21,27,23,1,852.2,2024-11-04 08:09:15,-35046774.0,0.6923112986404125,0,7,True,True,False,False,False,True,7,3,6,23,48
TX002220,152.42,2023-10-23 16:45:37,42,176,1,9141.79,2024-11-04 08:12:18,-32628401.0,0.016671059928096345,0,5,True,False,False,False,False,False,7,5,2,27,59
TX002221,395.77,2023-02-27 16:24:11,43,118,1,6425.99,2024-11-04 08:08:17,-53192646.0,0.06157937074742609,0,6,False,True,False,False,False,False,8,7,3,21,46
TX002222,615.16,2023-02-06 16:40:27,26,140,1,214.61,2024-11-04 08:06:37,-55005970.0,2.853114419553824,0,8,True,False,True,False,False,True,11,4,7,19,61
TX002223,207.82,2023-02-28 16:34:45,19,30,1,229.02,2024-11-04 08:07:02,-53105537.0,0.9034866533344926,0,5,False,False,True,False,False,True,5,4,7,25,55
TX002224,220.52,2023-06-07 16:07:22,57,152,1,1793.09,2024-11-04 08:07:19,-44553597.0,0.12291468098032987,0,7,True,False,False,False,True,False,7,2,8,27,61
TX002225,281.47,2023-08-18 17:02:15,34,142,1,4437.48,2024-11-04 08:11:13,-38329738.0,0.06341585407617023,0,5,True,False,False,True,False,False,5,7,4,25,67
TX002226,57.91,2023-11-28 16:45:08,58,97,1,3641.06,2024-11-04 08:07:03,-29517715.0,0.015900342114078297,0,6,False,True,False,True,False,False,7,6,3,13,53
TX002227,30.48,2023-12-04 16:27:11,32,78,1,11481.85,2024-11-04 08:07:38,-29000427.0,0.0026543932908642018,0,4,False,True,False,False,False,False,4,4,9,24,61
TX002228,1152.58,2023-09-13 17:58:16,65,180,1,7567.17,2024-11-04 08:11:45,-36080009.0,0.15229309066788932,0,7,True,True,False,False,True,False,7,5,6,22,59
TX002229,453.09,2023-06-05 16:24:22,48,97,1,6708.65,2024-11-04 08:08:12,-44725430.0,0.06752811249469048,0,7,True,True,False,False,False,False,8,5,3,30,59
TX002230,424.47,2023-02-27 16:05:35,22,116,1,5491.55,2024-11-04 08:08:43,-53193788.0,0.0772810443236748,0,8,True,False,True,False,False,True,8,6,7,24,68
TX002231,228.4,2023-01-05 16:22:12,67,116,1,9598.43,2024-11-04 08:09:36,-57772044.0,0.023793079380754898,0,5,True,False,False,False,False,False,5,9,2,30,65
TX002232,67.17,2023-07-03 18:03:48,63,48,1,14410.44,2024-11-04 08:08:55,-42300307.0,0.004660880522695858,0,3,True,False,True,False,False,False,5,4,9,21,61
TX002233,284.89,2023-12-18 17:53:03,53,115,1,9738.6,2024-11-04 08:06:51,-27785628.0,0.02925068791326132,0,5,True,False,True,False,False,False,5,6,4,29,61
TX002234,118.69,2023-02-13 18:36:21,33,296,1,749.34,2024-11-04 08:10:00,-54394419.0,0.15818162433030358,0,3,True,False,True,False,False,False,3,5,9,25,65
TX002235,221.33,2023-10-18 18:17:05,27,276,1,1185.43,2024-11-04 08:09:51,-33054766.0,0.18655125038982492,0,7,True,False,False,False,False,True,8,6,9,32,51
TX002236,252.31,2023-03-29 16:10:33,26,172,1,1584.6,2024-11-04 08:12:07,-50601694.0,0.15912588294651867,0,4,False,False,False,False,False,True,4,6,6,23,61
TX002237,58.85,2023-05-15 17:15:25,71,115,1,1789.8,2024-11-04 08:06:34,-46536669.0,0.032862407862407864,0,5,False,False,True,False,True,False,5,4,7,20,55
TX002238,194.68,2023-04-24 16:32:48,32,165,1,14494.18,2024-11-04 08:11:54,-48353946.0,0.01343067143698802,0,5,True,False,True,False,False,False,5,4,2,31,63
TX002239,433.53,2023-10-19 17:06:57,38,231,1,6368.32,2024-11-04 08:09:08,-32972531.0,0.06806535077527899,0,3,True,True,False,False,False,False,4,8,10,22,67
TX002240,178.26,2023-10-16 16:55:59,59,59,1,1137.13,2024-11-04 08:08:51,-33232372.0,0.15662534156906502,0,6,True,False,False,False,True,False,7,4,1,26,68
TX002241,207.65,2023-09-11 16:52:21,34,98,1,5143.8,2024-11-04 08:09:29,-36256628.0,0.040361141346602396,0,3,True,False,True,True,False,False,5,3,7,34,57
TX002242,237.0,2023-02-10 16:50:10,49,115,1,14021.4,2024-11-04 08:08:13,-54659883.0,0.01690152898219991,0,7,True,False,True,False,False,False,7,5,2,21,67
TX002243,1169.59,2023-12-25 17:12:21,28,114,1,5946.45,2024-11-04 08:11:33,-27183552.0,0.19665402819695835,0,2,True,False,True,False,False,True,2,7,3,25,58
TX002244,347.63,2023-12-13 16:41:13,25,272,1,1400.04,2024-11-04 08:08:39,-28222046.0,0.24812282304573746,0,5,False,False,True,False,False,True,5,4,10,31,60
TX002245,517.68,2023-04-05 17:52:24,31,24,1,11305.81,2024-11-04 08:08:06,-49990542.0,0.045784796949802815,0,6,True,False,False,False,False,False,7,4,2,34,65
TX002246,36.25,2023-11-27 18:28:57,52,76,1,193.06,2024-11-04 08:10:09,-29598072.0,0.18679789755745646,0,9,True,True,False,False,False,False,9,4,6,27,67
TX002247,46.53,2023-06-22 17:27:50,42,34,1,4468.12,2024-11-04 08:07:22,-43252772.0,0.010411445653730488,0,5,True,False,False,True,False,False,6,6,5,18,57
TX002248,207.47,2023-10-02 18:57:19,53,12,1,1688.9,2024-11-04 08:07:01,-34434582.0,0.12277057814071837,0,3,True,False,False,False,False,False,5,5,6,21,64
TX002249,199.7,2023-04-03 18:41:57,43,285,1,7574.45,2024-11-04 08:08:58,-50160421.0,0.026361470275693192,0,3,True,False,False,True,False,False,3,5,3,27,58
TX002250,307.89,2023-07-10 16:34:43,62,90,1,2637.55,2024-11-04 08:11:34,-41701011.0,0.11668909059900323,0,4,False,False,True,False,True,False,4,2,4,24,55
TX002251,403.63,2023-06-08 16:56:16,31,167,3,3304.02,2024-11-04 08:07:58,-44464302.0,0.12212634114165724,1,4,True,True,False,True,False,False,5,8,4,29,55
TX002252,20.06,2023-04-19 16:41:27,27,144,1,445.21,2024-11-04 08:10:01,-48785314.0,0.04495641065865848,0,5,True,False,False,False,False,True,6,5,2,23,63
TX002253,236.57,2023-09-01 17:51:34,79,112,1,3488.77,2024-11-04 08:06:31,-37116897.0,0.06778956779386607,0,7,True,False,False,False,True,False,7,2,10,18,53
TX002254,0.32,2023-08-04 17:44:36,39,136,1,7158.58,2024-11-04 08:09:57,-39536721.0,4.4695359224982475e-05,0,5,True,False,False,True,False,False,6,8,10,27,61
TX002255,14.28,2023-09-15 17:03:44,23,81,1,1597.51,2024-11-04 08:07:23,-35910219.0,0.00893331915346166,0,6,True,False,False,False,False,True,6,3,13,27,55
TX002256,232.35,2023-05-12 16:14:22,33,153,1,4186.25,2024-11-04 08:08:22,-46799640.0,0.05548987999283539,0,6,False,True,False,True,False,False,6,4,6,26,61
TX002257,317.53,2023-02-24 18:25:34,44,104,1,6237.68,2024-11-04 08:06:39,-53444465.0,0.05089698461854109,0,4,True,False,True,True,False,False,4,5,5,32,64
TX002258,74.67,2023-05-15 17:37:32,43,283,1,3449.35,2024-11-04 08:11:01,-46535609.0,0.0216412827684148,0,5,True,False,False,True,False,False,6,5,4,27,58
TX002259,65.01,2023-10-24 17:28:18,29,67,1,10235.19,2024-11-04 08:09:26,-32539268.0,0.00635099582950297,0,5,False,False,True,False,False,False,5,9,2,31,59
TX002260,0.45,2023-07-26 17:29:24,34,172,1,8670.23,2024-11-04 08:10:09,-40315245.0,5.189575181375653e-05,0,5,True,True,False,True,False,False,5,7,6,25,61
TX002261,364.13,2023-02-03 16:06:00,63,61,1,8198.0,2024-11-04 08:10:23,-55267463.0,0.04441151359921942,0,7,True,False,False,False,False,False,8,2,4,32,70
TX002262,340.13,2023-02-06 17:23:52,24,32,3,1149.74,2024-11-04 08:11:48,-55003676.0,0.2955750212906478,1,7,True,True,False,False,False,True,7,9,5,25,61
TX002263,15.81,2023-03-02 18:36:55,69,11,4,8384.85,2024-11-04 08:12:06,-52925711.0,0.0018853187214176261,1,7,True,True,False,False,False,False,9,5,3,27,68
TX002264,222.66,2023-06-28 16:05:19,39,88,1,14466.38,2024-11-04 08:10:50,-42739531.0,0.015390485353947986,0,7,True,False,True,False,False,False,7,3,8,31,63
TX002265,638.24,2023-03-09 18:04:32,48,64,1,5695.78,2024-11-04 08:11:49,-52322837.0,0.11203521989615187,0,6,True,True,False,True,False,False,6,5,4,28,55
TX002266,241.21,2023-09-25 16:37:04,31,108,1,1220.86,2024-11-04 08:09:16,-35047932.0,0.1974121421439445,0,4,True,False,False,True,False,False,5,7,4,23,65
TX002267,171.16,2023-09-28 16:33:08,51,42,1,6126.5,2024-11-04 08:11:02,-34789074.0,0.027933088535291715,0,9,True,False,True,False,True,False,9,1,10,27,58
TX002268,1360.67,2023-04-19 16:38:41,29,118,1,2861.65,2024-11-04 08:06:27,-48785266.0,0.47531832393062373,0,5,True,True,False,True,False,False,5,4,6,22,59
TX002269,37.65,2023-09-25 17:29:01,27,109,1,411.78,2024-11-04 08:11:02,-35044921.0,0.09121081447744561,0,6,False,False,True,False,False,True,6,7,3,29,59
TX002270,25.77,2023-10-02 16:32:31,68,18,1,4331.54,2024-11-04 08:06:40,-34443249.0,0.005948012020662244,0,4,True,False,True,False,True,False,4,6,3,27,63
TX002271,789.8,2023-07-10 16:04:39,40,94,1,13948.09,2024-11-04 08:07:32,-41702573.0,0.056620180958040986,0,7,True,False,False,False,False,False,8,5,3,31,60
TX002272,308.85,2023-11-29 18:03:46,20,33,2,333.19,2024-11-04 08:08:15,-29426669.0,0.9241748705826028,1,6,False,True,False,False,False,True,6,2,6,26,69
TX002273,1454.52,2023-09-22 16:13:06,27,20,1,1189.03,2024-11-04 08:07:18,-35308452.0,1.2222549011369461,0,4,True,False,False,False,False,True,4,3,4,30,64
TX002274,806.97,2023-03-07 17:48:05,25,11,1,102.2,2024-11-04 08:08:53,-52496448.0,7.819476744186047,0,6,True,False,True,False,False,True,6,2,5,33,61
TX002275,364.81,2023-06-26 17:34:00,25,53,1,1145.23,2024-11-04 08:07:19,-42906799.0,0.3182694572642489,0,5,True,False,True,False,False,True,5,6,4,19,68
TX002276,490.82,2023-06-01 18:04:35,26,114,1,8704.27,2024-11-04 08:09:41,-45065106.0,0.05638193875663822,0,7,True,False,False,True,False,False,7,8,4,25,61
TX002277,1021.38,2023-01-27 18:59:43,61,125,1,6223.26,2024-11-04 08:08:46,-55861743.0,0.16409661550128046,0,9,True,True,False,False,False,False,9,5,7,33,63
TX002278,311.28,2023-05-22 16:41:12,49,198,1,135.96,2024-11-04 08:09:13,-45934081.0,2.2727803738317753,0,8,True,True,False,False,False,False,9,7,6,21,61
TX002279,85.03,2023-04-10 16:52:51,51,48,1,4597.57,2024-11-04 08:06:59,-49562048.0,0.018490530751951152,0,3,True,False,False,False,True,False,4,3,4,22,59
TX002280,307.75,2023-04-12 17:54:47,64,63,1,1061.58,2024-11-04 08:10:03,-49385716.0,0.28962525174575093,0,5,True,True,False,False,False,False,6,2,6,25,63
TX002281,333.67,2023-07-06 18:09:06,36,68,1,9238.08,2024-11-04 08:08:44,-42040778.0,0.036115067734016806,0,3,True,False,True,True,False,False,3,4,2,23,70
TX002282,589.89,2023-10-20 16:29:44,56,213,3,9404.63,2024-11-04 08:12:03,-32888539.0,0.06271669202381978,1,9,True,True,False,True,False,False,11,1,4,33,60
TX002283,372.08,2023-03-06 16:37:23,66,63,1,13330.74,2024-11-04 08:12:15,-52587292.0,0.027909335165552284,0,2,True,True,False,False,False,False,3,4,1,24,63
TX002284,502.9,2023-09-18 17:13:32,26,141,1,341.24,2024-11-04 08:08:40,-35650508.0,1.469436652641421,0,8,False,False,True,False,False,True,9,6,5,32,60
TX002285,103.81,2023-09-27 16:39:38,36,34,1,7044.63,2024-11-04 08:11:54,-34875136.0,0.014733955657620397,0,5,True,False,False,False,False,False,5,4,4,22,68
TX002286,69.43,2023-02-06 17:38:53,30,162,1,9281.85,2024-11-04 08:08:31,-55002578.0,0.007479384025380137,0,5,True,False,False,True,False,False,6,3,3,26,55
TX002287,110.4,2023-09-21 16:52:18,56,62,1,8639.36,2024-11-04 08:08:33,-35392575.0,0.012777245392553089,0,9,False,False,False,False,False,False,9,4,3,27,59
TX002288,275.65,2023-08-14 16:52:32,28,14,1,4957.57,2024-11-04 08:08:18,-38675746.0,0.055590623909715906,0,6,False,True,False,True,False,False,6,4,7,33,61
TX002289,336.01,2023-11-09 18:45:10,63,121,4,9938.2,2024-11-04 08:08:51,-31152221.0,0.033806543786220215,1,6,True,False,True,False,False,False,6,5,5,24,60
TX002290,251.8,2023-04-03 16:14:34,62,102,1,11796.66,2024-11-04 08:10:15,-50169341.0,0.021343215519009702,0,6,True,False,False,False,False,False,6,4,4,22,61
TX002291,334.07,2023-08-11 17:27:16,59,200,1,7306.79,2024-11-04 08:10:28,-38932992.0,0.04571423097817534,0,5,True,True,False,True,False,False,5,4,6,27,58
TX002292,52.44,2023-09-06 18:56:24,27,87,1,3157.75,2024-11-04 08:09:31,-36681187.0,0.016601503759398496,0,8,True,False,True,False,False,True,9,3,9,26,59
TX002293,1030.85,2023-09-04 17:22:24,25,39,1,1941.8,2024-11-04 08:11:01,-36859717.0,0.5306001647107268,0,2,True,False,False,False,False,True,2,6,8,30,59
TX002294,141.37,2023-07-21 16:54:10,46,77,1,1019.77,2024-11-04 08:11:41,-40749451.0,0.13849349020837212,0,6,True,False,True,True,False,False,9,5,2,45,62
TX002295,211.7,2023-11-13 16:58:19,50,205,1,12272.78,2024-11-04 08:07:08,-30812929.0,0.017248150121641416,0,6,False,False,True,False,False,False,7,2,5,29,60
TX002296,61.4,2023-01-30 16:45:11,41,20,2,7892.87,2024-11-04 08:08:27,-55610596.0,0.007778187378307471,1,2,True,True,False,True,False,False,2,6,5,24,59
TX002297,308.23,2023-04-17 16:12:22,60,23,1,4150.63,2024-11-04 08:11:35,-48959953.0,0.07424312860250071,0,2,True,False,False,False,True,False,2,6,5,27,55
TX002298,111.41,2023-12-27 17:18:17,21,181,1,1204.11,2024-11-04 08:10:44,-27010347.0,0.09244799229945815,0,10,True,True,False,False,False,True,10,5,6,13,60
TX002299,675.49,2023-03-15 16:16:53,61,159,1,1893.0,2024-11-04 08:10:47,-51810834.0,0.35664730728616684,0,9,True,False,False,False,True,False,9,4,8,33,68
TX002300,29.72,2023-07-19 17:16:18,26,38,1,1059.62,2024-11-04 08:07:50,-40920692.0,0.02802134600516679,0,5,True,False,False,False,False,True,5,3,5,27,59
TX002301,301.73,2023-06-27 16:40:58,67,163,1,990.74,2024-11-04 08:07:10,-42823572.0,0.3042430475729526,0,1,True,False,True,False,False,False,1,4,2,24,67
TX002302,294.61,2023-09-28 18:53:02,60,74,1,7375.59,2024-11-04 08:07:33,-34780471.0,0.03993850817247536,0,3,True,True,False,False,True,False,3,8,6,26,65
TX002303,106.43,2023-04-17 17:32:12,52,164,1,9403.12,2024-11-04 08:10:35,-48955103.0,0.011317380041939065,0,7,False,False,False,True,False,False,7,5,8,21,55
TX002304,381.52,2023-11-20 16:42:12,36,79,1,5798.92,2024-11-04 08:11:07,-30209335.0,0.06578021765817459,0,5,True,False,True,False,False,False,6,1,5,27,61
TX002305,1142.76,2023-03-15 17:10:12,25,71,1,1498.93,2024-11-04 08:10:03,-51807591.0,0.761875554192529,0,3,False,False,True,False,False,True,4,3,6,27,63
TX002306,5.66,2023-12-04 18:43:37,40,33,1,5434.64,2024-11-04 08:11:43,-28992486.0,0.0010412757283410968,0,10,True,True,False,True,False,False,12,6,10,25,60
TX002307,209.09,2023-11-07 18:44:46,48,203,1,9100.81,2024-11-04 08:06:31,-31324905.0,0.02297235385049787,0,3,True,False,False,False,False,False,3,6,5,31,55
TX002308,521.81,2023-11-16 17:26:37,47,34,1,4750.96,2024-11-04 08:07:27,-30552050.0,0.1098094260052694,0,5,True,False,False,True,False,False,6,2,5,27,55
TX002309,588.36,2023-01-09 16:08:44,33,134,1,8434.99,2024-11-04 08:10:22,-57427298.0,0.06974403715509384,0,3,True,False,True,True,False,False,3,5,4,32,68
TX002310,146.67,2023-10-31 16:05:00,20,273,1,1569.75,2024-11-04 08:11:06,-31939566.0,0.09337577590323093,0,7,True,False,True,False,False,True,7,4,7,31,41
TX002311,176.52,2023-03-14 17:06:18,73,94,5,7132.08,2024-11-04 08:08:41,-51894143.0,0.02474667324633959,1,4,False,False,True,False,True,False,4,4,5,17,59
TX002312,57.34,2023-10-23 16:03:49,27,81,1,1100.64,2024-11-04 08:10:22,-32630793.0,0.05204967139900512,0,4,True,False,True,False,False,True,4,1,2,22,61
TX002313,294.77,2023-10-10 17:16:59,77,101,1,2272.17,2024-11-04 08:10:02,-33749583.0,0.129673539594487,0,6,True,False,True,False,True,False,6,9,5,25,67
TX002314,881.32,2023-08-31 17:29:03,31,59,1,2287.93,2024-11-04 08:06:52,-37204669.0,0.3850358027549991,0,3,True,False,True,True,False,False,3,4,2,32,46
TX002315,162.59,2023-02-22 16:18:32,64,19,1,7104.83,2024-11-04 08:08:46,-53625014.0,0.022881211624820746,0,9,True,True,False,False,True,False,9,3,6,22,58
TX002316,56.15,2023-12-28 18:53:29,31,77,1,13265.92,2024-11-04 08:09:03,-26918134.0,0.0042323312419159835,0,3,True,True,False,False,False,False,3,2,3,22,55
TX002317,524.55,2023-09-19 16:32:00,39,175,1,8292.75,2024-11-04 08:07:00,-35566500.0,0.06324642049736247,0,3,True,False,False,False,False,False,4,3,6,25,46
TX002318,535.4,2023-05-12 18:38:11,23,110,1,651.84,2024-11-04 08:08:50,-46791039.0,0.8201090619447337,0,3,True,True,False,False,False,True,3,7,9,18,59
TX002319,56.84,2023-08-14 17:29:30,45,185,1,7977.78,2024-11-04 08:09:53,-38673623.0,0.007123896134496753,0,10,True,False,False,True,False,False,11,2,6,30,59
TX002320,135.94,2023-01-18 16:48:32,71,258,1,4710.21,2024-11-04 08:10:02,-56647290.0,0.02885458300521522,0,4,True,True,False,False,True,False,5,5,4,22,63
TX002321,47.1,2023-07-03 17:26:49,42,178,1,6308.07,2024-11-04 08:09:40,-42302571.0,0.007465442608815563,0,11,False,True,False,False,False,False,12,5,6,25,48
TX002322,124.05,2023-10-25 16:50:02,61,220,1,7009.54,2024-11-04 08:12:09,-32455327.0,0.01769478528044915,0,6,False,True,False,False,False,False,6,8,7,19,41
TX002323,802.89,2023-08-28 18:32:00,19,175,1,1973.63,2024-11-04 08:11:17,-37460357.0,0.40660275595934425,0,7,True,False,False,False,False,True,9,5,9,23,60
TX002324,193.16,2023-04-06 16:41:31,64,109,1,2304.56,2024-11-04 08:07:13,-49908342.0,0.0837800794600878,0,5,True,False,False,False,True,False,5,7,3,29,68
TX002325,541.52,2023-06-28 17:47:15,48,161,1,6087.24,2024-11-04 08:08:36,-42733281.0,0.08894524525971381,0,8,False,True,False,True,False,False,8,2,4,27,58
TX002326,20.17,2023-01-02 16:45:05,77,86,1,3869.37,2024-11-04 08:08:39,-58029814.0,0.005211388058506035,0,4,True,False,False,False,True,False,5,6,6,30,59
TX002327,35.98,2023-08-17 16:14:47,40,133,1,11147.34,2024-11-04 08:06:59,-38418732.0,0.003227386319398224,0,2,False,True,False,False,False,False,2,1,2,31,55
TX002328,273.24,2023-12-12 16:56:18,51,173,1,2202.21,2024-11-04 08:10:05,-28307627.0,0.1240190449389754,0,7,True,True,False,False,True,False,9,8,7,26,60
TX002329,663.45,2023-12-12 17:20:46,67,147,1,5897.29,2024-11-04 08:11:40,-28306254.0,0.11248175318609292,0,7,True,False,False,False,True,False,8,4,4,21,41
TX002330,343.86,2023-02-13 16:44:51,57,70,1,3278.65,2024-11-04 08:09:48,-54401097.0,0.10484655374811337,0,5,True,True,False,True,False,False,5,3,6,27,68
TX002331,69.38,2023-01-11 16:09:36,69,280,2,12072.11,2024-11-04 08:11:12,-57254496.0,0.005746655170043178,1,3,True,True,False,False,False,False,3,5,2,29,63
TX002332,75.43,2023-08-14 16:01:57,77,266,1,1441.86,2024-11-04 08:11:19,-38678962.0,0.05227811430076377,0,4,True,False,False,False,True,False,5,8,6,28,60
TX002333,414.64,2023-04-03 16:27:24,32,74,1,7253.22,2024-11-04 08:09:17,-50168513.0,0.0571584539757548,0,9,True,True,False,False,False,False,10,3,4,30,61
TX002334,86.79,2023-01-23 16:31:30,33,166,1,8795.37,2024-11-04 08:07:48,-56216178.0,0.009866569960108545,0,11,True,True,False,False,False,False,11,4,3,29,70
TX002335,1105.88,2023-03-06 17:37:32,34,36,1,2636.32,2024-11-04 08:11:22,-52583630.0,0.4193196123337327,0,6,True,False,False,True,False,False,6,5,7,28,65
TX002336,14.1,2023-12-25 17:13:46,45,73,1,6949.21,2024-11-04 08:08:16,-27183270.0,0.0020287156790945882,0,3,True,True,False,True,False,False,3,5,6,19,51
TX002337,63.33,2023-12-26 17:10:01,23,124,1,792.33,2024-11-04 08:12:02,-27097321.0,0.0798280665044811,0,2,False,True,False,False,False,True,2,7,3,33,51
TX002338,606.27,2023-06-22 17:05:42,29,42,1,9668.78,2024-11-04 08:09:33,-43254231.0,0.0626973933222886,0,4,True,True,False,False,False,False,4,5,1,27,51
TX002339,4.47,2023-08-14 16:20:49,27,132,1,1381.75,2024-11-04 08:10:24,-38677775.0,0.003232688483095281,0,3,True,True,False,False,False,True,3,4,6,27,51
TX002340,289.01,2023-08-28 16:41:21,66,96,1,4226.26,2024-11-04 08:08:12,-37466811.0,0.06836816282887732,0,8,True,False,True,False,True,False,8,7,4,24,64
TX002341,338.69,2023-10-23 18:46:51,18,169,1,1137.89,2024-11-04 08:06:32,-32620781.0,0.2973860513306816,0,7,True,True,False,False,False,True,7,4,6,45,55
TX002342,97.73,2023-05-29 17:55:23,69,156,1,7885.21,2024-11-04 08:08:27,-45324784.0,0.012392518079026554,0,8,True,True,False,False,False,False,8,7,4,27,53
TX002343,1021.16,2023-10-16 17:32:16,20,104,1,9427.06,2024-11-04 08:07:50,-33230134.0,0.10831072352106372,0,4,True,False,False,False,False,True,4,4,5,26,41
TX002344,27.61,2023-03-10 16:28:07,54,26,1,3679.64,2024-11-04 08:09:16,-52242069.0,0.0075014127977743005,0,7,False,False,False,False,True,False,7,3,6,32,70
TX002345,284.17,2023-05-24 16:02:39,51,189,1,3479.56,2024-11-04 08:08:05,-45763526.0,0.08164490771599973,0,11,True,False,False,False,True,False,12,1,6,27,63
TX002346,76.21,2023-01-10 16:41:42,22,69,1,664.93,2024-11-04 08:10:44,-57338942.0,0.11444145781088103,0,8,True,True,False,False,False,True,8,3,3,23,69
TX002347,334.79,2023-11-20 17:51:05,69,292,1,624.09,2024-11-04 08:08:26,-30205041.0,0.5355868754899294,0,11,False,True,False,False,False,False,11,6,7,26,62
TX002348,584.51,2023-08-25 17:47:07,74,76,1,3254.56,2024-11-04 08:08:49,-37722102.0,0.17954207571047684,0,12,True,False,False,False,True,False,12,9,3,19,62
TX002349,432.18,2023-05-19 16:31:11,18,162,1,678.83,2024-11-04 08:08:30,-46193839.0,0.6357177529676536,0,5,True,True,False,False,False,True,5,3,5,21,55
TX002350,134.55,2023-10-09 16:44:50,59,165,1,14852.42,2024-11-04 08:08:25,-33837815.0,0.009058519856033157,0,3,True,False,True,False,False,False,4,4,5,45,59
TX002351,61.66,2023-02-10 16:34:00,26,86,1,5705.4,2024-11-04 08:06:48,-54660768.0,0.010805411467825599,0,7,True,False,False,False,False,True,7,2,3,25,53
TX002352,12.35,2023-02-06 18:39:50,25,22,1,1846.85,2024-11-04 08:11:12,-54999082.0,0.006683442920150445,0,9,True,True,False,False,False,True,10,3,5,22,60
TX002353,213.25,2023-02-23 17:30:07,25,63,1,677.79,2024-11-04 08:08:03,-53534276.0,0.31416196467243185,0,3,True,True,False,False,False,True,3,8,5,21,57
TX002354,34.93,2023-10-16 16:11:52,31,72,1,2810.37,2024-11-04 08:11:12,-33235160.0,0.012424547462624985,0,3,True,True,False,True,False,False,3,6,5,22,54
TX002355,959.48,2023-01-10 16:28:02,67,36,1,10631.43,2024-11-04 08:07:57,-57339595.0,0.09024089507290431,0,6,True,True,False,False,False,False,6,2,7,31,64
TX002356,335.68,2023-11-06 17:20:40,24,142,1,1188.95,2024-11-04 08:11:20,-31416640.0,0.28209588638178074,0,1,True,False,True,False,False,True,1,3,4,29,67
TX002357,423.96,2023-01-30 18:50:14,43,75,1,8374.38,2024-11-04 08:08:41,-55603107.0,0.05061979277358162,0,8,True,False,False,False,False,False,9,6,2,21,59
TX002358,361.38,2023-03-02 17:02:57,72,71,3,4972.92,2024-11-04 08:12:17,-52931360.0,0.07265496831472963,1,4,False,False,True,False,True,False,5,7,7,21,55
TX002359,220.82,2023-12-29 16:30:53,42,31,1,4298.13,2024-11-04 08:08:24,-26840251.0,0.05136388059909795,0,4,True,True,False,True,False,False,4,4,4,22,51
TX002360,717.36,2023-01-02 17:00:33,22,138,1,514.88,2024-11-04 08:09:39,-58028946.0,1.3905559432426147,0,8,False,False,True,False,False,True,8,5,5,22,59
TX002361,406.12,2023-08-03 17:32:39,42,106,1,10501.53,2024-11-04 08:11:29,-39623930.0,0.03866877790399075,0,3,True,False,False,False,False,False,3,3,4,31,63
TX002362,427.83,2023-05-10 17:02:51,47,29,1,3293.06,2024-11-04 08:09:49,-46969618.0,0.1298792371723648,0,7,True,False,False,True,False,False,7,2,6,34,55
TX002363,416.62,2023-03-06 17:26:59,26,67,1,9700.9,2024-11-04 08:11:23,-52584264.0,0.04294210412393449,0,5,False,False,True,False,False,True,5,2,4,31,51
TX002364,21.9,2023-04-10 17:04:28,28,30,1,1052.27,2024-11-04 08:11:15,-49561607.0,0.020792389415819304,0,6,True,False,False,False,False,True,6,5,8,27,55
TX002365,717.74,2023-12-08 16:51:28,42,168,1,8375.16,2024-11-04 08:10:43,-28653555.0,0.08568843002043897,0,11,False,False,True,True,False,False,12,3,5,22,53
TX002366,393.68,2023-09-18 16:40:55,55,141,1,10135.88,2024-11-04 08:07:00,-35652365.0,0.03883640725745989,0,2,True,False,False,False,False,False,2,5,5,25,59
TX002367,281.91,2023-01-12 17:10:03,25,269,1,225.53,2024-11-04 08:07:24,-57164241.0,1.2444709310025164,0,7,True,True,False,False,False,True,7,4,5,15,62
TX002368,239.85,2023-01-26 16:17:52,70,50,1,1477.63,2024-11-04 08:07:51,-55957799.0,0.1622109655559538,0,8,True,False,False,False,True,False,9,4,8,28,67
TX002369,237.84,2023-09-22 17:40:23,26,16,1,8932.39,2024-11-04 08:09:29,-35303346.0,0.02662371171526151,0,11,True,True,False,False,False,True,12,3,5,28,55
TX002370,459.29,2023-01-26 18:07:00,64,109,1,1006.12,2024-11-04 08:11:08,-55951448.0,0.4560429740249424,0,5,False,False,True,False,True,False,5,2,3,22,61
TX002371,196.49,2023-12-22 17:31:59,41,65,1,7516.56,2024-11-04 08:09:30,-27441451.0,0.02613747013658687,0,7,True,True,False,True,False,False,7,2,9,22,68
TX002372,21.23,2023-09-11 16:35:15,23,103,4,319.18,2024-11-04 08:09:59,-36257684.0,0.06630645262040102,1,8,True,False,False,False,False,True,8,3,5,27,55
TX002373,95.23,2023-10-16 18:47:17,20,60,3,966.88,2024-11-04 08:11:38,-33225861.0,0.09839029631772535,1,4,True,False,True,False,False,True,4,6,5,16,62
TX002374,344.87,2023-08-28 17:59:32,58,25,1,7447.44,2024-11-04 08:11:21,-37462309.0,0.046300970404541085,0,9,True,True,False,False,True,False,9,5,5,24,63
TX002375,129.62,2023-07-06 16:47:00,23,124,1,620.28,2024-11-04 08:06:51,-42045591.0,0.2086337883080093,0,4,False,False,False,False,False,True,4,4,4,32,59
TX002376,16.53,2023-07-24 17:07:27,21,220,1,707.95,2024-11-04 08:08:29,-40489262.0,0.023316171803371182,0,7,True,False,False,False,False,True,7,5,7,23,63
TX002377,277.02,2023-11-13 16:16:48,46,227,1,8586.38,2024-11-04 08:09:56,-30815588.0,0.03225896606415461,0,3,False,False,False,False,False,False,3,4,2,29,62
TX002378,13.02,2023-06-14 16:24:08,51,42,1,6076.45,2024-11-04 08:11:43,-43948055.0,0.002142345885198562,0,7,True,True,False,False,False,False,8,3,8,33,68
TX002379,199.02,2023-01-30 17:36:54,22,185,1,793.63,2024-11-04 08:08:22,-55607488.0,0.2504561871562866,0,5,True,False,False,False,False,True,7,4,5,23,63
TX002380,684.5,2023-07-31 18:52:14,29,76,1,6258.63,2024-11-04 08:10:14,-39878280.0,0.10935151119155605,0,4,True,True,False,False,False,False,4,4,4,22,70
TX002381,1173.74,2023-09-25 16:44:52,61,61,1,10456.24,2024-11-04 08:07:31,-35047359.0,0.1122418534909785,0,5,False,False,True,False,False,False,5,3,6,21,55
TX002382,45.92,2023-06-19 17:25:35,26,23,1,544.56,2024-11-04 08:06:32,-43512057.0,0.08417039372388006,0,6,True,False,False,False,False,True,7,6,7,25,55
TX002383,761.73,2023-09-11 17:15:04,19,27,1,151.28,2024-11-04 08:09:23,-36255259.0,5.002167060677699,0,6,True,False,False,False,False,True,6,5,5,19,54
TX002384,331.38,2023-05-30 17:13:38,42,122,1,844.55,2024-11-04 08:08:38,-45240900.0,0.3919105907397552,0,3,True,False,False,True,False,False,3,5,6,23,64
TX002385,602.8,2023-03-20 17:25:15,60,173,1,7417.69,2024-11-04 08:10:57,-51374742.0,0.08125423760798739,0,5,True,True,False,False,True,False,5,4,6,26,51
TX002386,64.12,2023-08-10 17:12:55,57,222,1,1029.09,2024-11-04 08:09:39,-39020204.0,0.062246988127251025,0,5,False,True,False,False,False,False,5,5,6,26,58
TX002387,57.38,2023-02-13 18:27:34,28,86,1,899.52,2024-11-04 08:08:31,-54394857.0,0.06371874028339182,0,3,True,False,True,False,False,True,3,4,3,29,61
TX002388,94.64,2023-05-15 18:30:55,28,144,1,586.76,2024-11-04 08:08:50,-46532275.0,0.16101810262692257,0,5,False,False,False,False,False,True,5,1,6,25,58
TX002389,155.56,2023-04-24 16:07:53,19,64,1,129.79,2024-11-04 08:07:46,-48355193.0,1.18938756785687,0,6,False,True,False,False,False,True,6,4,7,33,59
TX002390,301.39,2023-07-04 16:21:12,47,104,1,10548.58,2024-11-04 08:07:22,-42219970.0,0.02856890985233535,0,4,False,False,True,False,False,False,5,2,6,24,62
TX002391,136.31,2023-10-30 16:38:14,74,65,1,4384.95,2024-11-04 08:08:41,-32023827.0,0.031078785667871273,0,8,True,False,True,False,True,False,9,4,4,23,55
TX002392,4.39,2023-06-12 16:03:42,26,63,1,1429.61,2024-11-04 08:11:48,-44122086.0,0.0030686210777220906,0,10,True,False,False,False,False,True,10,8,5,27,67
TX002393,429.25,2023-06-12 16:26:36,29,107,1,5019.68,2024-11-04 08:08:36,-44120520.0,0.08549638694360126,0,9,True,False,True,True,False,False,9,4,4,24,61
TX002394,138.54,2023-01-03 17:56:37,60,93,1,8274.77,2024-11-04 08:09:05,-57939148.0,0.016740436237353138,0,9,False,True,False,True,False,False,9,4,6,33,59
TX002395,33.03,2023-08-10 16:58:10,21,28,1,935.88,2024-11-04 08:09:57,-39021107.0,0.03525531551532747,0,6,True,True,False,False,False,True,6,6,5,30,48
TX002396,76.39,2023-02-27 16:28:23,30,80,1,11584.32,2024-11-04 08:10:59,-53192556.0,0.006593689255022736,0,3,True,False,True,False,False,False,3,3,5,32,53
TX002397,25.32,2023-03-07 17:49:13,19,25,1,1642.34,2024-11-04 08:09:29,-52496416.0,0.015407645405089635,0,9,True,False,False,False,False,True,9,7,10,24,68
TX002398,330.91,2023-03-06 17:25:20,36,28,1,6481.35,2024-11-04 08:11:10,-52584350.0,0.051047845303015114,0,1,True,False,False,True,False,False,2,6,7,20,61
TX002399,153.55,2023-11-08 17:53:52,37,16,1,5619.91,2024-11-04 08:07:38,-31241626.0,0.02731764073788764,0,2,True,False,True,False,False,False,2,4,4,25,62
TX002400,217.61,2023-02-28 17:34:08,27,120,1,1661.1,2024-11-04 08:11:11,-53102223.0,0.13092473377053127,0,2,True,False,True,False,False,True,2,2,4,25,65
TX002401,131.69,2023-10-16 16:22:32,53,59,1,2958.43,2024-11-04 08:07:03,-33234271.0,0.044498433820026155,0,7,False,True,False,True,False,False,7,6,4,25,62
TX002402,953.17,2023-10-12 17:39:08,60,84,1,3506.11,2024-11-04 08:08:48,-33575380.0,0.27178217962938145,0,5,True,False,True,False,True,False,5,2,2,20,59
TX002403,68.49,2023-10-25 17:37:30,67,49,1,6683.31,2024-11-04 08:10:51,-32452401.0,0.010246382947529362,0,7,True,False,True,False,True,False,7,3,8,23,55
TX002404,1493.0,2023-06-07 17:05:41,69,151,1,1619.16,2024-11-04 08:07:07,-44550086.0,0.9215139245506616,0,7,True,False,False,False,True,False,7,4,4,28,60
TX002405,470.62,2023-02-27 17:52:43,57,127,1,12470.62,2024-11-04 08:06:42,-53187239.0,0.03773527416646755,0,6,True,True,False,False,False,False,7,4,6,31,67
TX002406,385.35,2023-10-03 17:14:49,38,269,1,5184.13,2024-11-04 08:12:12,-34354643.0,0.07431829095895379,0,5,True,True,False,False,False,False,5,5,3,21,64
TX002407,74.72,2023-07-25 18:58:19,26,132,1,165.75,2024-11-04 08:10:19,-40396320.0,0.448095952023988,0,8,True,False,True,False,False,True,8,3,7,19,55
TX002408,352.03,2023-06-08 16:49:20,27,219,1,4846.68,2024-11-04 08:11:14,-44464914.0,0.07261824212819327,0,5,False,False,True,False,False,True,5,6,3,32,55
TX002409,275.87,2023-08-28 18:27:59,25,112,1,1697.58,2024-11-04 08:07:09,-37460350.0,0.16241213248713632,0,11,True,False,False,False,False,True,11,4,4,28,61
TX002410,90.94,2023-11-24 17:55:11,63,56,1,3896.08,2024-11-04 08:12:21,-29859430.0,0.023335420366017632,0,10,False,False,False,False,True,False,10,4,5,27,60
TX002411,206.25,2023-10-03 16:22:49,74,56,1,3651.07,2024-11-04 08:07:59,-34357510.0,0.05647482112883926,0,4,True,False,False,False,True,False,4,5,6,27,51
TX002412,116.76,2023-01-16 16:55:13,51,212,1,4480.43,2024-11-04 08:07:09,-56819516.0,0.026054183597646285,0,12,True,False,False,True,False,False,12,4,5,25,67
TX002413,91.5,2023-03-27 16:26:42,47,77,1,667.66,2024-11-04 08:07:56,-50773274.0,0.1368408458708462,0,6,True,False,False,False,False,False,6,5,1,27,65
TX002414,489.31,2023-04-03 16:34:10,43,36,1,5595.22,2024-11-04 08:12:22,-50168292.0,0.08743580488258146,0,4,True,True,False,True,False,False,4,3,2,22,51
TX002415,1664.33,2023-09-25 17:11:19,18,65,1,1588.31,2024-11-04 08:07:07,-35045748.0,1.0472028742032706,0,3,True,True,False,False,False,True,3,6,5,29,59
TX002416,414.49,2023-02-13 16:03:33,58,108,1,12709.58,2024-11-04 08:09:08,-54403535.0,0.0326098415650584,0,7,False,False,True,False,False,False,7,6,5,23,55
TX002417,315.13,2023-12-05 16:04:34,30,143,1,6570.94,2024-11-04 08:07:21,-28915367.0,0.04795083339166213,0,6,True,True,False,True,False,False,7,3,3,21,65
TX002418,28.38,2023-10-03 16:39:18,45,260,1,8892.62,2024-11-04 08:09:52,-34356634.0,0.0031910515628056964,0,2,True,True,False,False,False,False,3,7,3,29,67
TX002419,456.05,2023-03-17 17:03:03,68,20,1,11729.51,2024-11-04 08:10:37,-51635254.0,0.038877252566171465,0,7,True,True,False,False,False,False,7,4,7,24,63
TX002420,277.22,2023-08-17 17:10:25,35,41,1,12104.51,2024-11-04 08:07:27,-38415422.0,0.022900315641389748,0,11,True,True,False,False,False,False,11,7,2,22,61
TX002421,54.84,2023-05-08 16:48:31,52,124,1,3495.51,2024-11-04 08:11:44,-47143393.0,0.015684210827367862,0,5,True,False,True,False,True,False,5,4,7,31,61
TX002422,29.92,2024-01-01 16:25:13,68,63,1,7855.01,2024-11-04 08:10:15,-26581502.0,0.0038085491235372664,0,4,False,False,True,False,False,False,4,4,4,19,62
TX002423,133.06,2023-02-03 17:00:39,35,143,1,8843.44,2024-11-04 08:09:53,-55264154.0,0.015044479921849206,0,5,True,False,True,True,False,False,6,5,8,15,55
TX002424,332.06,2023-06-21 16:38:54,29,221,4,11826.52,2024-11-04 08:06:23,-43342049.0,0.028075200887421877,1,3,True,False,False,False,False,False,3,3,4,21,61
TX002425,14.34,2023-10-17 17:51:19,67,24,1,7932.51,2024-11-04 08:07:06,-33142547.0,0.0018075227736525194,0,5,False,False,True,False,True,False,6,2,4,31,63
TX002426,468.32,2023-06-08 16:20:29,69,152,1,4710.04,2024-11-04 08:06:47,-44466378.0,0.09940904768373862,0,6,True,False,True,False,True,False,6,2,4,21,60
TX002427,582.17,2023-12-07 16:02:47,57,135,1,7310.83,2024-11-04 08:08:05,-28742718.0,0.07962028657668463,0,9,True,True,False,True,False,False,9,7,8,23,67
TX002428,245.62,2023-12-15 17:01:58,23,127,1,1879.82,2024-11-04 08:08:30,-28047992.0,0.13059197584032498,0,6,True,True,False,False,False,True,6,5,5,25,59
TX002429,981.9,2023-11-28 16:17:46,43,112,1,9018.33,2024-11-04 08:06:53,-29519347.0,0.10886617963862061,0,6,False,False,True,False,False,False,6,6,4,25,51
TX002430,83.6,2023-12-29 18:29:23,47,192,1,13899.24,2024-11-04 08:09:19,-26833196.0,0.00601428464544497,0,7,True,False,False,False,False,False,8,5,6,24,59
TX002431,331.22,2023-05-25 16:27:17,61,161,1,12613.25,2024-11-04 08:12:21,-45675904.0,0.02625760548585925,0,6,False,True,False,False,False,False,6,7,9,22,68
TX002432,57.49,2023-11-16 18:09:35,24,177,1,765.15,2024-11-04 08:11:34,-30549719.0,0.07503752528878158,0,9,False,False,True,False,False,True,9,2,4,33,63
TX002433,85.58,2023-11-23 17:17:59,55,60,1,7794.84,2024-11-04 08:07:49,-29947790.0,0.010977649618257942,0,8,True,False,False,True,False,False,8,4,8,25,70
TX002434,157.56,2023-04-11 17:06:47,43,159,1,7541.16,2024-11-04 08:07:45,-49474858.0,0.0208905671584798,0,6,True,True,False,False,False,False,6,3,3,22,58
TX002435,230.3,2023-02-24 16:57:24,46,24,1,8356.88,2024-11-04 08:08:21,-53449857.0,0.02755483447955702,0,5,True,False,True,True,False,False,5,6,1,24,60
TX002436,305.92,2023-12-06 16:42:18,72,88,1,1445.47,2024-11-04 08:08:28,-28826770.0,0.21149418930223235,0,6,True,False,False,False,True,False,6,6,8,27,46
TX002437,942.7,2023-11-06 16:24:45,35,29,1,5141.32,2024-11-04 08:11:10,-31419985.0,0.18332192473436115,0,3,True,False,True,True,False,False,3,3,8,26,61
TX002438,116.33,2023-02-17 16:37:06,27,144,1,1696.15,2024-11-04 08:08:42,-54055896.0,0.06854432430839937,0,7,True,True,False,False,False,True,7,6,10,24,60
TX002439,537.71,2023-04-04 16:07:04,19,175,1,1806.08,2024-11-04 08:07:22,-50083218.0,0.29755738539522325,0,6,False,False,True,False,False,True,7,7,8,25,61
TX002440,538.17,2023-09-26 17:27:17,27,252,1,5908.04,2024-11-04 08:10:25,-34958588.0,0.09107570772917428,0,8,False,True,False,True,False,False,9,7,5,23,48
TX002441,219.44,2023-07-20 18:13:07,42,23,1,4207.27,2024-11-04 08:09:38,-40830991.0,0.05214494317142198,0,6,True,False,True,True,False,False,7,4,7,26,48
TX002442,61.62,2023-10-09 16:01:25,57,19,1,8365.37,2024-11-04 08:12:02,-33840637.0,0.007365201395587333,0,9,True,False,True,False,False,False,9,3,4,34,64
TX002443,58.77,2023-07-13 16:35:37,27,191,1,7261.7,2024-11-04 08:06:39,-41441462.0,0.008092031888966913,0,5,True,False,True,True,False,False,5,4,3,25,63
TX002444,538.13,2023-09-07 17:44:26,62,165,1,5008.59,2024-11-04 08:12:13,-36599267.0,0.1074199685004162,0,8,True,False,False,False,True,False,8,5,6,21,68
TX002445,177.05,2023-08-29 16:22:40,24,235,1,4287.82,2024-11-04 08:06:55,-37381455.0,0.041281751157661084,0,3,True,True,False,False,False,True,3,4,4,30,67
TX002446,403.01,2023-09-04 17:32:35,63,286,3,10513.52,2024-11-04 08:09:32,-36859017.0,0.03832890136687171,1,9,True,False,True,False,False,False,9,4,5,25,48
TX002447,719.76,2023-03-30 17:50:23,19,190,1,690.52,2024-11-04 08:11:25,-50509262.0,1.0408375751966683,0,9,True,True,False,False,False,True,9,9,5,31,57
TX002448,163.22,2023-04-06 18:06:12,26,217,1,1788.27,2024-11-04 08:07:56,-49903304.0,0.09122155963046383,0,7,True,False,True,False,False,True,7,6,7,25,64
TX002449,242.85,2023-10-23 16:19:39,42,93,1,4672.8,2024-11-04 08:10:22,-32629843.0,0.05195986135478625,0,12,True,False,True,True,False,False,12,2,5,25,59
TX002450,291.22,2023-11-03 16:45:25,41,100,1,3677.63,2024-11-04 08:09:36,-31677851.0,0.07916534144504885,0,4,False,False,True,True,False,False,4,2,6,21,51
TX002451,56.52,2023-12-04 16:08:59,42,152,1,6911.2,2024-11-04 08:08:50,-29001591.0,0.008176846734758833,0,5,True,False,False,True,False,False,5,3,4,16,65
TX002452,195.8,2023-02-28 17:37:48,39,186,1,12027.68,2024-11-04 08:06:59,-53101751.0,0.0162777628135423,0,7,True,False,True,False,False,False,7,3,6,27,59
TX002453,66.76,2023-04-24 18:29:26,36,44,1,184.72,2024-11-04 08:10:58,-48346892.0,0.35946586258884344,0,9,False,True,False,False,False,False,9,8,4,31,59
TX002454,190.9,2023-10-09 16:17:07,28,40,1,101.25,2024-11-04 08:10:27,-33839600.0,1.8669926650366748,0,4,True,False,True,False,False,True,4,3,5,31,60
TX002455,106.99,2023-11-24 17:00:27,38,152,1,5771.4,2024-11-04 08:10:43,-29862616.0,0.018534751576467327,0,7,True,True,False,True,False,False,7,4,6,25,65
TX002456,655.81,2023-05-05 16:52:44,55,164,2,4539.99,2024-11-04 08:12:08,-47402364.0,0.14442004937249367,1,4,True,False,False,False,True,False,4,3,4,24,65
TX002457,107.1,2023-06-16 16:41:13,25,175,1,193.8,2024-11-04 08:11:33,-43774220.0,0.549794661190965,0,4,False,False,True,False,False,True,4,7,6,27,67
TX002458,79.92,2023-02-06 17:32:11,44,274,2,9138.76,2024-11-04 08:09:14,-55003023.0,0.008744212101849502,1,5,True,False,False,True,False,False,5,6,4,26,64
TX002459,430.83,2023-08-14 16:09:21,18,292,1,941.49,2024-11-04 08:07:49,-38678308.0,0.4571189084234315,0,4,True,True,False,False,False,True,4,7,5,13,69
TX002460,235.34,2023-10-16 16:13:57,26,68,1,566.83,2024-11-04 08:12:01,-33235084.0,0.41445503055491956,0,4,True,True,False,False,False,True,4,6,5,25,48
TX002461,86.35,2023-09-04 17:17:40,52,24,1,1550.48,2024-11-04 08:10:10,-36859950.0,0.055656534405857626,0,7,False,True,False,False,True,False,7,8,8,45,58
TX002462,337.99,2023-03-02 16:41:57,70,115,1,9038.63,2024-11-04 08:06:36,-52932279.0,0.03738980467120889,0,5,True,False,False,False,False,False,5,4,6,15,60
TX002463,577.13,2023-09-27 16:50:01,40,66,1,6640.51,2024-11-04 08:08:42,-34874321.0,0.08689740736669824,0,8,False,True,False,True,False,False,8,4,6,33,59
TX002464,213.33,2023-08-28 16:41:57,52,161,1,5400.44,2024-11-04 08:12:15,-37467018.0,0.039495023549275754,0,4,True,False,False,False,True,False,5,3,3,30,65
TX002465,54.52,2023-03-02 17:32:19,32,164,1,6980.98,2024-11-04 08:09:06,-52929407.0,0.00780867318439755,0,8,True,True,False,False,False,False,9,7,4,28,58
TX002466,100.13,2023-12-11 16:40:52,57,168,1,5209.16,2024-11-04 08:11:08,-28395016.0,0.01921821978595667,0,5,True,True,False,False,False,False,5,5,5,32,62
TX002467,883.92,2023-11-03 16:08:00,53,129,1,2342.64,2024-11-04 08:11:08,-31680188.0,0.37715690123056445,0,4,False,False,True,False,True,False,4,6,4,16,67
TX002468,69.8,2023-05-02 16:01:04,27,138,1,136.77,2024-11-04 08:09:01,-47664477.0,0.5066415039558684,0,4,False,True,False,False,False,True,4,3,5,31,58
TX002469,768.94,2023-10-11 17:36:16,64,53,1,6860.18,2024-11-04 08:07:37,-33661881.0,0.11207110147234149,0,8,True,True,False,False,True,False,8,7,8,23,58
TX002470,179.62,2023-11-15 16:00:38,24,119,1,409.26,2024-11-04 08:11:42,-30643864.0,0.4378199190757081,0,9,True,False,True,False,False,True,9,7,5,18,67
TX002471,425.91,2023-03-24 16:34:27,23,47,1,383.58,2024-11-04 08:07:14,-51031967.0,1.1074678870456083,0,7,True,False,False,False,False,True,7,3,6,31,60
TX002472,263.34,2023-03-08 17:43:41,64,55,1,2411.02,2024-11-04 08:11:16,-52410455.0,0.10917819918574471,0,6,True,False,False,False,True,False,6,2,3,27,62
TX002473,113.03,2023-03-15 17:53:09,36,12,1,6756.13,2024-11-04 08:08:48,-51804939.0,0.016727515972017704,0,8,False,False,True,False,False,False,9,3,3,32,67
TX002474,11.02,2023-07-31 17:49:23,42,42,1,7879.66,2024-11-04 08:07:22,-39881879.0,0.001398360035834562,0,6,True,False,True,False,False,False,6,4,8,32,59
TX002475,865.17,2023-12-07 17:13:16,24,161,1,9297.5,2024-11-04 08:10:13,-28738617.0,0.09304403936118728,0,4,True,True,False,False,False,True,4,4,7,30,63
TX002476,152.0,2023-12-18 18:11:24,51,63,1,7531.43,2024-11-04 08:07:25,-27784561.0,0.020179410893961178,0,6,True,False,False,True,False,False,7,2,4,30,41
TX002477,270.39,2023-06-12 17:30:53,25,104,1,899.15,2024-11-04 08:07:39,-44116606.0,0.3003832694550908,0,7,True,False,False,False,False,True,7,8,8,16,60
TX002478,246.41,2023-05-26 17:10:40,54,23,1,1431.6,2024-11-04 08:12:12,-45586892.0,0.17200195448834288,0,5,True,False,False,False,True,False,5,7,5,27,63
TX002479,336.84,2023-03-07 17:24:45,22,100,1,4500.26,2024-11-04 08:09:58,-52497913.0,0.07483238026685861,0,5,True,False,False,False,False,True,5,3,4,24,48
TX002480,261.45,2023-10-27 17:02:06,50,96,1,6735.74,2024-11-04 08:09:11,-32281625.0,0.03880957258258445,0,9,False,False,True,True,False,False,9,6,3,27,68
TX002481,99.98,2023-03-30 16:52:05,73,152,1,3037.97,2024-11-04 08:07:59,-50512554.0,0.03289930469863145,0,8,False,False,True,False,True,False,8,6,2,23,48
TX002482,400.69,2023-04-03 16:19:59,32,26,1,9040.33,2024-11-04 08:07:57,-50168878.0,0.04431759486712685,0,7,True,False,True,True,False,False,7,2,6,34,55
TX002483,411.47,2023-12-25 16:25:42,26,120,1,796.63,2024-11-04 08:11:11,-27186329.0,0.5158657522911626,0,3,True,False,False,False,False,True,3,7,4,19,70
TX002484,204.63,2023-06-21 17:48:16,52,92,1,9199.52,2024-11-04 08:09:54,-43338098.0,0.02224113419676279,0,6,True,False,True,True,False,False,6,2,6,24,55
TX002485,421.56,2023-07-18 17:56:55,53,144,1,8037.87,2024-11-04 08:10:58,-41004843.0,0.05244020614837658,0,5,True,False,True,True,False,False,5,5,7,28,59
TX002486,193.38,2023-07-20 16:05:11,18,285,1,1081.79,2024-11-04 08:10:56,-40838745.0,0.17859418723852272,0,4,True,False,False,False,False,True,4,2,8,15,63
TX002487,377.04,2023-03-16 16:52:04,34,64,1,3812.87,2024-11-04 08:09:54,-51722270.0,0.09886021285465944,0,12,True,False,False,True,False,False,12,3,2,27,60
TX002488,54.1,2023-05-19 17:47:41,28,17,1,940.91,2024-11-04 08:06:59,-46189158.0,0.057436485439160856,0,6,False,True,False,True,False,False,6,4,5,25,61
TX002489,18.1,2023-04-14 16:33:13,57,66,1,6474.34,2024-11-04 08:06:41,-49217608.0,0.0027952200193348924,0,6,True,False,False,False,True,False,6,4,10,22,51
TX002490,408.62,2023-05-22 17:41:48,48,159,1,2498.48,2024-11-04 08:07:08,-45930320.0,0.16348200425688544,0,6,False,False,True,True,False,False,6,4,4,25,70
TX002491,162.1,2023-12-04 16:14:07,64,221,1,9578.74,2024-11-04 08:11:35,-29001448.0,0.016921127295730365,0,9,True,True,False,False,False,False,9,3,6,27,51
TX002492,165.31,2023-04-03 16:05:30,49,28,1,7346.66,2024-11-04 08:10:12,-50169882.0,0.02249831919277702,0,5,True,False,False,False,False,False,5,6,7,27,61
TX002493,267.48,2023-01-30 17:05:46,21,159,2,811.86,2024-11-04 08:09:32,-55609426.0,0.329060354796644,1,5,True,False,False,False,False,True,5,2,6,31,41
TX002494,856.9,2023-03-17 16:10:35,36,150,1,8579.69,2024-11-04 08:09:52,-51638357.0,0.09986376386980533,0,9,True,True,False,True,False,False,9,6,3,30,58
TX002495,433.9,2023-03-10 17:38:58,65,37,1,9013.1,2024-11-04 08:07:44,-52237726.0,0.04813569851676817,0,8,True,False,True,False,False,False,9,7,8,33,41
TX002496,271.22,2023-04-03 16:07:53,45,87,1,6863.02,2024-11-04 08:06:52,-50169539.0,0.03951328813144484,0,8,False,False,False,False,False,False,8,4,4,22,51
TX002497,307.68,2023-01-18 17:21:27,75,162,1,2052.84,2024-11-04 08:12:03,-56645436.0,0.14980719043352939,0,7,False,False,True,False,True,False,7,9,4,32,63
TX002498,348.17,2023-05-10 17:56:31,21,181,1,1887.84,2024-11-04 08:11:06,-46966475.0,0.18433006501344743,0,9,True,False,False,False,False,True,9,6,4,15,46
TX002499,43.1,2023-10-04 18:25:44,25,102,1,6944.9,2024-11-04 08:07:24,-34263700.0,0.0062050994111634205,0,7,True,True,False,False,False,True,7,3,2,22,62
TX002500,557.78,2023-05-30 16:55:04,26,102,1,1289.48,2024-11-04 08:11:13,-45242169.0,0.4322267683342632,0,5,False,True,False,False,False,True,5,7,3,15,55
TX002501,325.6,2023-09-26 16:15:36,69,88,1,13777.1,2024-11-04 08:10:49,-34962913.0,0.02363170538753529,0,3,True,False,False,False,False,False,3,4,5,45,49
TX002502,235.83,2023-09-01 16:26:50,53,169,1,4120.75,2024-11-04 08:08:53,-37122123.0,0.057215988354461095,0,5,False,False,True,True,False,False,5,4,6,21,63
TX002503,603.54,2023-04-21 16:22:38,44,26,1,10517.47,2024-11-04 08:08:08,-48613530.0,0.05737906748795214,0,7,True,False,True,False,False,False,7,7,6,25,41
TX002504,270.25,2023-11-06 16:56:41,31,42,1,5414.97,2024-11-04 08:10:48,-31418047.0,0.04989872543607147,0,9,True,False,False,True,False,False,9,3,8,33,67
TX002505,123.38,2024-01-01 17:21:56,59,40,1,13542.41,2024-11-04 08:10:53,-26578137.0,0.009109965658574908,0,4,True,False,True,False,False,False,4,4,6,24,53
TX002506,577.12,2023-01-27 17:38:07,39,69,1,5265.88,2024-11-04 08:10:50,-55866763.0,0.10957530834194058,0,4,True,False,False,True,False,False,4,7,3,19,55
TX002507,92.24,2023-04-13 17:45:33,60,93,1,6937.48,2024-11-04 08:09:06,-49299813.0,0.013293977931766036,0,7,True,True,False,True,False,False,7,8,3,21,67
TX002508,856.21,2023-04-26 17:09:36,33,109,1,12690.79,2024-11-04 08:11:29,-48178913.0,0.06746172131748161,0,10,False,True,False,False,False,False,10,3,1,15,60
TX002509,251.54,2023-03-22 17:36:48,48,177,1,254.75,2024-11-04 08:11:42,-51201294.0,0.9835386119257087,0,9,True,True,False,False,False,False,9,5,5,25,67
TX002510,28.63,2023-08-21 17:08:50,56,146,1,3382.91,2024-11-04 08:08:39,-38069989.0,0.008460626907926039,0,8,True,True,False,False,True,False,8,5,4,25,59
TX002511,185.97,2023-02-24 16:24:46,23,19,1,1776.91,2024-11-04 08:12:22,-53452056.0,0.10460034534931464,0,4,True,False,True,False,False,True,4,2,6,20,62
TX002512,243.08,2023-02-14 16:21:23,24,93,1,131.25,2024-11-04 08:07:49,-54315986.0,1.8380340264650286,0,5,False,False,True,False,False,True,5,6,5,20,60
