TransactionID,TransactionAmount,TransactionDate,CustomerAge,TransactionDuration,LoginAttempts,AccountBalance,PreviousTransactionDate,TimeSincePrev,AmountBalanceRatio,LoginRisk,TransactionCount,TransactionType_Debit,Channel_Branch,Channel_Online,CustomerOccupation_Engineer,CustomerOccupation_Retired,CustomerOccupation_Student,AccountID_freq,DeviceID_freq,IP Address_freq,MerchantID_freq,Location_freq
TX000001,-0.9712754695068417,2023-04-11 16:29:14,1.4237182648914386,-0.5524432626288956,-0.2067936485059295,-0.000536635052410607,2024-11-04 08:08:08,-0.8007620300162908,-0.38649269206616377,-0.2259336741271706,-1.1759165516991759,True,False,False,False,False,False,0.3949500495407011,0.7808342855964149,-1.0590212998330302,1.1416656400881946,-0.028446402356390392
TX000002,0.2694396064236744,2023-06-27 16:44:19,1.3112870641052805,0.30531436617680696,-0.2067936485059295,2.2164715868484435,2024-11-04 08:09:35,-0.07670647939509177,-0.3381877672093915,-0.2259336741271706,-1.1759165516991759,True,False,False,False,False,False,0.3949500495407011,0.23568261093877343,-0.5683791926436955,0.16898076425671127,0.5983725688651194
TX000003,-0.5868816229808057,2023-07-10 18:16:08,-1.443277355155591,-0.9098422746312717,-0.2067936485059295,-1.0235341282270716,2024-11-04 08:07:04,0.04613756558528531,-0.1710401830863914,-0.2259336741271706,-1.1759165516991759,True,False,True,False,False,True,-0.9361517274444162,0.23568261093877343,0.9035471289243083,0.7525916897556012,0.2849630832543645
TX000004,-0.38745590278222686,2023-05-05 16:32:11,-1.0497681524040379,-1.353017049514218,-0.2067936485059295,0.8857974429054191,2024-11-04 08:09:06,-0.5750971733355131,-0.34961148628791944,-0.2259336741271706,-1.1759165516991759,True,False,True,False,False,True,0.8386506418690736,0.7808342855964149,1.394189236113643,0.9471286649218978,-0.028446402356390392
TX000005,-0.9734680903782914,2023-10-16 17:51:24,-1.0497681524040379,1.1201841135422244,-0.2067936485059295,0.5935893646592064,2024-11-04 08:06:39,0.9673907486161506,-0.3883501798249092,-0.2259336741271706,-1.1759165516991759,False,False,True,False,False,True,-0.04875054278767131,-0.8546207383765094,-0.5683791926436955,0.9471286649218978,0.2849630832543645
TX000006,-0.7038442425922038,2023-04-03 17:15:01,-1.49949295554867,0.7484891410597533,-0.2067936485059295,-1.1108816933044958,2024-11-04 08:06:36,-0.8756703885786787,-0.16060060164506787,-0.2259336741271706,-1.1759165516991759,True,False,False,False,False,True,0.8386506418690736,-0.30946906371886795,-0.5683791926436955,0.16898076425671127,1.3818962828920065
TX000007,-0.9952915199894398,2023-02-15 16:36:48,-0.4313965480801688,0.2767224452166169,-0.2067936485059295,2.103091796208713,2024-11-04 08:10:09,-1.3178447459241744,-0.3908619445745479,-0.2259336741271706,-1.1759165516991759,False,False,False,False,False,False,-2.2672535044295334,-0.30946906371886795,-0.5683791926436955,0.7525916897556012,0.2849630832543645
TX000008,-0.43226759184248137,2023-05-08 17:47:59,1.2550714637122016,2.449708438191063,-0.2067936485059295,-0.5943498275623533,2024-11-04 08:10:55,-0.5464076270901137,-0.2715117405929378,-0.2259336741271706,-1.1759165516991759,False,True,False,False,True,False,0.3949500495407011,-1.399772413034151,0.9035471289243083,-0.803704111574772,-0.18515114516176784
TX000009,-0.6556065834203091,2023-03-21 16:59:46,0.35562185742293734,-0.4809634602284204,-0.2067936485059295,1.0206840106570008,2024-11-04 08:11:14,-0.9980283286842908,-0.3689625705116077,-0.2259336741271706,-1.1759165516991759,False,True,False,True,False,False,-1.823552912101161,0.7808342855964149,-0.07773708545436095,-0.803704111574772,0.5983725688651194
TX000010,1.7759071839141245,2023-03-31 16:06:57,0.5804842589952534,0.005099196094811046,-0.2067936485059295,-1.049294570483005,2024-11-04 08:06:32,-0.9043208679671182,1.1752760407390879,-0.2259336741271706,-1.1759165516991759,True,False,False,False,False,False,0.3949500495407011,-0.30946906371886795,0.4129050217349737,0.5580547145893046,-0.6552653735779002
TX000011,-0.958633639794889,2023-03-14 16:46:10,0.41183745781601633,-0.8669543931909865,-0.2067936485059295,0.6372080213386072,2024-11-04 08:06:45,-1.0639029934759712,-0.38731054539075194,-0.2259336741271706,-1.1759165516991759,False,False,True,True,False,False,0.3949500495407011,-0.8546207383765094,-0.07773708545436095,-0.41463016124217866,-2.8491317728531844
TX000012,-0.3685445477659726,2023-02-06 17:30:00,-1.330846154369433,0.7627851015398482,-0.2067936485059295,-0.9193180502003306,2024-11-04 08:07:12,-1.4020975919716934,-0.14787976443187473,-0.2259336741271706,-1.1759165516991759,True,False,True,False,False,True,0.3949500495407011,1.3259859602540562,-0.5683791926436955,-0.025556210909585365,0.5983725688651194
TX000013,0.674663351228483,2023-06-07 17:21:28,-1.162199353190196,-0.12356444822604433,-0.2067936485059295,-0.895931865884976,2024-11-04 08:08:38,-0.26450096962352265,0.20743030226631026,-0.2259336741271706,-1.1759165516991759,False,True,False,False,False,True,-1.3798523197727885,1.3259859602540562,-0.07773708545436095,0.16898076425671127,0.2849630832543645
TX000014,1.658739006096028,2023-11-20 16:39:15,-1.0497681524040379,0.04798707753509617,-0.2067936485059295,-1.2626675419268705,2024-11-04 08:07:06,1.2959924205335946,7.662265519474358,-0.2259336741271706,-1.1759165516991759,True,False,False,False,False,True,-0.04875054278767131,-0.30946906371886795,-0.07773708545436095,0.9471286649218978,0.5983725688651194
TX000015,-0.4474446394370476,2023-02-13 16:53:57,-1.49949295554867,0.20524264281614163,-0.2067936485059295,-1.2344020780640845,2024-11-04 08:10:09,-1.3365370943556223,0.6982789899727909,-0.2259336741271706,-1.1759165516991759,True,False,True,False,False,True,-0.04875054278767131,1.3259859602540562,-0.07773708545436095,-0.6091671364084753,-1.28208434479941
TX000016,0.575070400083101,2023-12-12 16:23:31,-0.4876121484732478,0.13376284041566644,-0.2067936485059295,-0.4227417455289484,2024-11-04 08:12:19,1.5027032134876903,-0.12812010422930098,-0.2259336741271706,-1.1759165516991759,True,False,False,True,False,False,-1.823552912101161,-0.30946906371886795,0.9035471289243083,0.9471286649218978,0.4416678260597419
TX000017,0.8846067996697973,2023-10-30 16:52:49,-1.443277355155591,0.5483456943384226,-0.2067936485059295,-1.021249610057465,2024-11-04 08:07:35,1.0986324267016876,0.5724726266836982,-0.2259336741271706,-1.1759165516991759,False,True,False,False,False,True,0.3949500495407011,0.7808342855964149,0.9035471289243083,-0.025556210909585365,-0.028446402356390392
TX000018,0.669216058750975,2023-12-14 18:32:14,-0.31896534729401077,1.6348386908256458,-0.2067936485059295,-0.0011109695866326143,2024-11-04 08:11:51,1.5223510131840672,-0.2024290308813193,-0.2259336741271706,-1.1759165516991759,True,False,True,True,False,False,-0.04875054278767131,-0.30946906371886795,-1.5496634070223647,0.16898076425671127,-0.8119701163832775
TX000019,-0.9555502666944129,2023-02-21 16:56:50,0.8053466605675694,-0.19504425062651956,-0.2067936485059295,0.7266529330633243,2024-11-04 08:12:01,-1.2613131539403535,-0.38728980283986186,-0.2259336741271706,-1.1759165516991759,False,True,False,False,True,False,1.282351234197446,0.23568261093877343,-0.5683791926436955,0.16898076425671127,-2.8491317728531844
TX000020,-0.7746590447998077,2023-06-08 18:18:50,-1.49949295554867,0.7056012596194681,-0.2067936485059295,0.3728782439432717,2024-11-04 08:09:20,-0.2547288143170738,-0.370530609991197,-0.2259336741271706,-1.1759165516991759,False,False,True,False,False,True,0.3949500495407011,0.7808342855964149,0.9035471289243083,-0.22009318607588202,-0.8119701163832775
TX000021,-0.8163188413573532,2023-02-28 16:36:58,1.4799338652845175,-1.1671695632729824,-0.2067936485059295,0.1632204990176552,2024-11-04 08:09:24,-1.195610644490486,-0.37164513780164526,-0.2259336741271706,-1.1759165516991759,True,True,False,False,True,False,0.3949500495407011,-1.9449240876917921,-0.07773708545436095,-0.025556210909585365,1.5386010256973839
TX000022,-0.7257019319044686,2023-08-11 18:31:31,-0.3751809476870898,-0.38089173686775507,-0.2067936485059295,1.0337731972516602,2024-11-04 08:08:13,0.3470997082567945,-0.3734849550703162,-0.2259336741271706,-1.1759165516991759,True,True,False,False,False,False,1.282351234197446,0.23568261093877343,-0.5683791926436955,1.3362026152544912,-0.6552653735779002
TX000023,-0.8407117485522317,2023-06-06 18:54:15,-0.31896534729401077,0.005099196094811046,-0.2067936485059295,0.9898622453182356,2024-11-04 08:07:01,-0.2732867684077259,-0.3804811054717647,-0.2259336741271706,-1.1759165516991759,True,False,True,True,False,False,0.8386506418690736,2.416289309569339,1.8848313433029775,-1.7763889874062553,0.2849630832543645
TX000024,0.16529011502981078,2023-05-02 18:25:46,-1.274630553976354,0.319610326656902,3.1124756489183207,-0.9517038515474685,2024-11-04 08:07:04,-0.602548768146991,0.09219707102377417,4.426077714458506,-1.1759165516991759,True,False,True,False,False,True,1.282351234197446,0.23568261093877343,-1.0590212998330302,-0.803704111574772,1.6953057685027615
TX000025,-0.5209316983317309,2023-03-02 16:43:56,-1.330846154369433,-0.33800385542746997,-0.2067936485059295,-0.8162070533532758,2024-11-04 08:07:09,-1.176746140717225,-0.24390709216090206,-0.2259336741271706,-1.1759165516991759,True,False,True,False,False,True,1.282351234197446,-1.399772413034151,-2.0403055142116995,1.3362026152544912,-0.028446402356390392
TX000026,-0.9938868722436672,2023-10-20 17:53:13,1.1426402629260435,2.2352690309896377,-0.2067936485059295,-0.37937692420172625,2024-11-04 08:09:44,1.0049911293522913,-0.38785900560756653,-0.2259336741271706,-1.1759165516991759,False,False,True,False,True,False,0.3949500495407011,0.7808342855964149,0.9035471289243083,-0.41463016124217866,0.5983725688651194
TX000027,-0.1735725887125261,2023-04-17 16:37:01,-1.218414953583275,0.5483456943384226,6.431744946342571,-1.138657434417119,2024-11-04 08:11:38,-0.7443210861991766,0.3274827409086162,4.426077714458506,-1.1759165516991759,True,False,False,False,False,True,-0.04875054278767131,1.8711376349116977,-0.07773708545436095,-0.22009318607588202,0.7550773116704967
TX000028,-0.8814122734785179,2023-03-29 16:42:38,-0.4313965480801688,-0.35229981590756504,-0.2067936485059295,-0.6224819637654089,2024-11-04 08:11:59,-0.9229277916556311,-0.3624320273391506,-0.2259336741271706,-1.1759165516991759,True,True,False,True,False,False,-0.4924511351160437,1.3259859602540562,-0.5683791926436955,-0.9982410867410686,-0.6552653735779002
TX000029,-0.5829074976513031,2023-01-24 16:18:32,-0.03788734532861574,1.1058881530621294,-0.2067936485059295,-0.8569489093746535,2024-11-04 08:11:22,-1.5248195394214041,-0.25068781509679544,-0.2259336741271706,-1.1759165516991759,True,False,True,False,False,False,0.3949500495407011,1.3259859602540562,0.9035471289243083,-0.803704111574772,-0.6552653735779002
TX000030,-0.82711064720902,2023-09-20 16:55:42,-0.9935525520109589,2.335340754350303,-0.2067936485059295,-0.9647315022991751,2024-11-04 08:08:30,0.7225587560473321,-0.3103267851139617,-0.2259336741271706,-1.1759165516991759,True,True,False,False,False,True,-1.3798523197727885,-0.30946906371886795,-0.5683791926436955,-0.41463016124217866,0.5983725688651194
TX000031,-0.9225581745193173,2023-07-17 17:49:22,0.8053466605675694,-1.4244968519146932,-0.2067936485059295,0.8256487204129397,2024-11-04 08:09:17,0.11176346481983272,-0.3852339267595478,-0.2259336741271706,-1.1759165516991759,False,False,True,False,False,False,0.3949500495407011,-0.8546207383765094,1.394189236113643,0.9471286649218978,0.7550773116704967
TX000032,-0.8170040353796812,2023-02-06 16:24:24,-0.8811213512248008,1.963645781867832,-0.2067936485059295,1.2074709339519887,2024-11-04 08:06:58,-1.4025243892223827,-0.38008431425691674,-0.2259336741271706,-1.1759165516991759,True,False,False,False,False,False,0.3949500495407011,-0.30946906371886795,-0.07773708545436095,-0.41463016124217866,-1.28208434479941
TX000033,0.33867846237992383,2023-09-25 16:26:00,0.2431906566367793,0.6913052991393731,3.1124756489183207,1.1732441853031925,2024-11-04 08:11:13,0.7693579125096358,-0.31153739067455527,4.426077714458506,-1.1759165516991759,True,False,False,True,False,False,-0.9361517274444162,0.23568261093877343,-0.07773708545436095,0.5580547145893046,-0.18515114516176784
TX000034,1.9878034353190734,2023-03-13 17:23:24,-1.274630553976354,0.4339780104976623,-0.2067936485059295,-1.2090005948920401,2024-11-04 08:07:50,-1.0730691228035603,3.9194696307462724,-0.2259336741271706,-0.7156637661167,True,False,True,False,False,True,-0.04875054278767131,-0.8546207383765094,0.4129050217349737,0.16898076425671127,1.5386010256973839
TX000035,-0.1450342576825629,2023-10-27 16:42:49,0.018328255064463266,-0.995618037511842,-0.2067936485059295,2.487475439210654,2024-11-04 08:10:51,1.0703393165563035,-0.35806081722317584,-0.2259336741271706,-1.1759165516991759,False,True,False,False,False,False,-0.4924511351160437,-0.8546207383765094,0.9035471289243083,0.9471286649218978,-0.3418558879671453
TX000036,-0.5921233572516154,2023-10-16 16:32:56,0.2431906566367793,-1.0670978399123172,-0.2067936485059295,0.16676650196778517,2024-11-04 08:06:23,0.966880158942455,-0.34939577872828204,-0.2259336741271706,-1.1759165516991759,True,True,False,True,False,False,1.7260518265258185,0.7808342855964149,-1.5496634070223647,0.9471286649218978,0.2849630832543645
TX000037,-0.7518763435574001,2023-11-21 16:58:44,-1.0497681524040379,0.3624982080971871,-0.2067936485059295,-1.0803881191281433,2024-11-04 08:12:18,1.3054878432014654,-0.2216613323087151,-0.2259336741271706,-1.1759165516991759,True,True,False,False,False,True,-0.9361517274444162,0.23568261093877343,-0.5683791926436955,1.3362026152544912,-0.6552653735779002
TX000038,1.204866485705928,2023-03-02 17:53:32,1.7047962668568335,0.24813052425642676,-0.2067936485059295,-0.0611366203932074,2024-11-04 08:11:15,-1.1763184728959073,-0.13034891801324458,-0.2259336741271706,-1.1759165516991759,True,False,False,False,True,False,2.613453011182563,-1.399772413034151,-0.07773708545436095,0.16898076425671127,-0.028446402356390392
TX000039,1.7051609011087532,2023-10-12 17:07:40,1.1988558633191224,-0.42377961830804023,1.4528410002061958,0.7180661189780133,2024-11-04 08:11:17,0.9294662979634998,-0.19452207255277054,4.426077714458506,-1.1759165516991759,True,False,False,False,False,False,0.3949500495407011,-0.30946906371886795,1.8848313433029775,-0.025556210909585365,0.2849630832543645
TX000040,0.1303109601899639,2023-01-24 17:17:20,0.5804842589952534,1.3775114021839352,-0.2067936485059295,-1.0499330048536357,2024-11-04 08:07:32,-1.524410588868602,0.254298079545506,-0.2259336741271706,-1.1759165516991759,True,False,True,False,True,False,-0.04875054278767131,1.3259859602540562,1.8848313433029775,-0.025556210909585365,1.3818962828920065
TX000041,0.10578101419061983,2023-07-31 18:39:50,1.0302090621398854,-0.009196764385283997,-0.2067936485059295,-0.2027203390527713,2024-11-04 08:07:31,0.24373478991349593,-0.2426890975435646,-0.2259336741271706,-1.1759165516991759,True,False,False,False,True,False,-1.3798523197727885,-1.9449240876917921,-0.5683791926436955,1.3362026152544912,-0.028446402356390392
TX000042,-0.9029958851818515,2023-01-09 16:13:21,-0.3751809476870898,-1.4387928123947882,-0.2067936485059295,2.3332794367393115,2024-11-04 08:11:45,-1.6658883275843226,-0.3872047471887107,-0.2259336741271706,-1.1759165516991759,True,False,True,False,False,False,2.169752418854191,0.7808342855964149,-1.0590212998330302,-0.025556210909585365,1.2251915400866291
TX000043,-0.19244968402766394,2023-04-20 18:57:43,0.6929154597814113,-0.052084645825569126,-0.2067936485059295,2.113427253831254,2024-11-04 08:09:03,-0.7151790608695432,-0.35639998354181457,-0.2259336741271706,-1.1759165516991759,False,False,True,False,False,False,-0.04875054278767131,0.23568261093877343,0.9035471289243083,-0.41463016124217866,1.3818962828920065
TX000044,-0.8300227218039142,2023-04-12 16:03:37,-1.443277355155591,-0.03778868534547408,-0.2067936485059295,-1.2493091360192947,2024-11-04 08:08:03,-0.7915265815023965,0.055731417077694294,-0.2259336741271706,-1.1759165516991759,True,False,False,False,False,True,-2.2672535044295334,-1.399772413034151,2.3754734504923123,0.7525916897556012,1.2251915400866291
TX000045,0.023009576293391343,2023-07-26 16:52:28,-0.9935525520109589,-1.2386493656734576,-0.2067936485059295,-1.0885928981884585,2024-11-04 08:09:53,0.1960074963397368,0.29558470403923337,-0.2259336741271706,-1.1759165516991759,True,True,False,False,False,True,0.3949500495407011,-0.30946906371886795,1.394189236113643,1.1416656400881946,-1.28208434479941
TX000046,0.47167462211379824,2023-10-04 17:49:29,1.6485806664637546,-0.42377961830804023,-0.2067936485059295,-0.11307799983191522,2024-11-04 08:11:12,0.8545225724693234,-0.20896186488778912,-0.2259336741271706,-1.1759165516991759,True,True,False,False,True,False,-0.04875054278767131,-0.30946906371886795,0.4129050217349737,-0.6091671364084753,0.12825834044898704
TX000047,-0.4560095647161482,2023-12-13 16:01:38,-1.0497681524040379,-0.6382190255094659,-0.2067936485059295,-0.9243280934140357,2024-11-04 08:10:33,1.5119740289333727,-0.17793273499934695,-0.2259336741271706,-1.1759165516991759,True,True,False,False,False,True,-0.04875054278767131,0.23568261093877343,0.4129050217349737,1.1416656400881946,-1.28208434479941
TX000048,0.7285196013834677,2023-10-09 16:29:40,-1.443277355155591,-0.20934021110661458,-0.2067936485059295,-1.1108765653175832,2024-11-04 08:11:35,0.9010097381825892,0.888814640723533,-0.2259336741271706,-1.1759165516991759,True,False,True,False,False,True,1.282351234197446,-0.8546207383765094,0.9035471289243083,-0.41463016124217866,1.3818962828920065
TX000049,1.128193274607419,2023-11-27 16:45:57,-1.0497681524040379,0.2624264847365218,-0.2067936485059295,-1.243227343540836,2024-11-04 08:07:24,1.3618493474487166,4.229350697735582,-0.2259336741271706,-1.1759165516991759,True,False,True,False,False,True,-0.9361517274444162,-0.30946906371886795,-0.07773708545436095,-1.5818520122399586,0.4416678260597419
TX000050,-0.9441417862226509,2023-03-27 16:45:18,-0.20653414650785276,0.7913770225000384,-0.2067936485059295,-0.9689877314367137,2024-11-04 08:06:31,-0.9416790124258407,-0.3595425599272473,-0.2259336741271706,-1.1759165516991759,False,False,True,True,False,False,-0.04875054278767131,0.23568261093877343,-0.07773708545436095,-0.6091671364084753,-0.968674859188655
TX000051,0.43765473890521056,2023-02-13 16:59:39,1.3675026644983594,0.019395156574906088,-0.2067936485059295,-0.30941323475834487,2024-11-04 08:07:07,-1.3364800719794465,-0.178111625360984,-0.2259336741271706,-1.1759165516991759,False,False,True,False,True,False,-0.4924511351160437,-0.30946906371886795,1.8848313433029775,-0.025556210909585365,0.2849630832543645
TX000052,0.43498248221813124,2023-02-21 17:45:55,0.35562185742293734,2.0637175052284973,-0.2067936485059295,0.017831814068870102,2024-11-04 08:09:02,-1.2609731961098707,-0.23103519458361868,-0.2259336741271706,-1.1759165516991759,True,False,True,True,False,False,-0.04875054278767131,-0.8546207383765094,0.4129050217349737,1.1416656400881946,0.9117820544758742
TX000053,-0.7268667617424263,2023-06-07 16:45:34,1.2550714637122016,0.3624982080971871,-0.2067936485059295,2.5103026729525246,2024-11-04 08:06:45,-0.26472307395515365,-0.3806466544587347,-0.2259336741271706,-1.1759165516991759,True,True,False,False,False,False,-1.3798523197727885,0.23568261093877343,-1.0590212998330302,-0.22009318607588202,-0.6552653735779002
TX000054,-0.4388454544568306,2023-09-07 16:51:27,-0.9373369516178799,0.319610326656902,-0.2067936485059295,-1.0757037030833945,2024-11-04 08:08:58,0.6002998433507276,-0.029901936939609047,-0.2259336741271706,-1.1759165516991759,True,True,False,False,False,True,-0.4924511351160437,0.23568261093877343,0.4129050217349737,-0.22009318607588202,-0.028446402356390392
TX000055,-0.6610881355989335,2023-03-29 17:47:16,0.9739934617468065,-0.42377961830804023,-0.2067936485059295,-0.1632040719035283,2024-11-04 08:10:42,-0.9224974033010988,-0.346010688239269,-0.2259336741271706,-1.1759165516991759,True,False,False,False,True,False,-1.3798523197727885,-0.30946906371886795,0.9035471289243083,-0.9982410867410686,0.9117820544758742
TX000056,0.06631383850452403,2023-08-04 17:53:40,-1.105983752797117,-0.5238513416687055,-0.2067936485059295,-0.9718235081994352,2024-11-04 08:09:15,0.28103068857227087,0.07803146183290599,-0.2259336741271706,-1.1759165516991759,True,True,False,False,False,True,-0.04875054278767131,0.23568261093877343,-0.07773708545436095,0.16898076425671127,0.2849630832543645
TX000057,-0.8121391578211521,2023-12-14 17:52:37,0.6929154597814113,-0.9670261165516518,-0.2067936485059295,-0.40495019493534623,2024-11-04 08:09:57,1.5221047505174914,-0.3582696163414495,-0.2259336741271706,-1.1759165516991759,False,True,False,False,True,False,-0.4924511351160437,-0.8546207383765094,1.394189236113643,-0.9982410867410686,-0.8119701163832775
TX000058,-0.017245572518381578,2023-03-03 17:37:41,1.3112870641052805,-0.8383624722307964,-0.2067936485059295,-0.12202890098802778,2024-11-04 08:07:49,-1.1669973819964208,-0.26801778538654797,-0.2259336741271706,-1.1759165516991759,False,True,False,False,True,False,2.169752418854191,0.7808342855964149,-0.07773708545436095,-1.387315037073662,-1.5954938304101647
TX000059,0.3046585791713361,2023-06-09 16:18:15,0.1869750562437003,-1.3101291680739329,-0.2067936485059295,0.13238078572469533,2024-11-04 08:07:09,-0.24609971824602514,-0.25706760865048994,-0.2259336741271706,-1.1759165516991759,True,True,False,True,False,False,-0.4924511351160437,-0.30946906371886795,0.9035471289243083,0.5580547145893046,-0.18515114516176784
TX000060,-0.6355989179683301,2023-10-02 16:35:22,-1.218414953583275,-0.9813220770317469,-0.2067936485059295,-1.0727756225562444,2024-11-04 08:11:37,0.835231597909359,-0.15549131487412926,-0.2259336741271706,-1.1759165516991759,True,True,False,False,False,True,1.282351234197446,-1.399772413034151,-0.07773708545436095,0.5580547145893046,0.2849630832543645
TX000061,0.9281851394898614,2023-10-06 18:44:37,0.07454385545754227,0.4625699314578524,-0.2067936485059295,0.09886939125022053,2024-11-04 08:06:25,0.8737181107241234,-0.1888640500470157,-0.2259336741271706,-1.1759165516991759,True,False,False,True,False,False,0.8386506418690736,-1.399772413034151,-1.5496634070223647,0.16898076425671127,-0.18515114516176784
TX000062,-0.11512553860794346,2023-05-16 16:07:30,1.9296586684291497,1.5347669674649806,1.4528410002061958,-0.2408315377879352,2024-11-04 08:11:03,-0.47184727913652325,-0.26771247152096084,4.426077714458506,-0.7156637661167,True,True,False,False,True,False,0.3949500495407011,-0.30946906371886795,-0.07773708545436095,-0.22009318607588202,-1.5954938304101647
TX000063,0.17830880145404376,2023-11-07 16:48:23,0.1869750562437003,1.5204710069848855,-0.2067936485059295,0.3941670816113332,2024-11-04 08:08:09,1.173817082617339,-0.2886531164046424,-0.2259336741271706,-1.1759165516991759,True,False,True,True,False,False,0.3949500495407011,-0.30946906371886795,2.3754734504923123,-0.025556210909585365,-0.6552653735779002
TX000064,1.0408310367605926,2023-05-30 17:43:25,0.6366998593883324,-0.22363617158670962,-0.2067936485059295,0.8573960873894472,2024-11-04 08:08:01,-0.3395709278588514,-0.2522358128671049,-0.2259336741271706,-1.1759165516991759,False,True,False,True,False,False,-0.4924511351160437,2.416289309569339,-0.07773708545436095,1.1416656400881946,1.2251915400866291
TX000065,-0.9997795408356885,2023-11-02 16:01:40,0.2994062570298583,0.062283038015191215,-0.2067936485059295,2.2752408808614075,2024-11-04 08:11:32,1.126479151757238,-0.39109604604718023,-0.2259336741271706,-1.1759165516991759,True,False,True,False,False,False,0.3949500495407011,-0.30946906371886795,-1.5496634070223647,0.16898076425671127,1.3818962828920065
TX000066,-0.3297968258033214,2023-03-29 17:00:31,-0.15031854611477377,0.9486325877810838,-0.2067936485059295,-0.6484936773800644,2024-11-04 08:11:41,-0.9228090675861508,-0.2389584505194429,-0.2259336741271706,-0.7156637661167,False,True,False,True,False,False,1.282351234197446,0.23568261093877343,0.4129050217349737,-0.025556210909585365,-0.6552653735779002
TX000067,0.002830612335830326,2023-04-25 16:11:24,0.6366998593883324,1.5061750465047905,-0.2067936485059295,-0.5383240065476822,2024-11-04 08:10:12,-0.6692616836327201,-0.19750113822165857,-0.2259336741271706,-1.1759165516991759,True,True,False,False,True,False,-0.4924511351160437,-0.8546207383765094,0.9035471289243083,1.1416656400881946,-0.18515114516176784
TX000068,0.765588597991415,2023-04-18 18:40:47,-1.105983752797117,0.11946687993557138,-0.2067936485059295,-0.8109611227415868,2024-11-04 08:12:10,-0.7341142985063808,0.13240569533025942,-0.2259336741271706,-1.1759165516991759,True,True,False,False,False,True,2.613453011182563,-0.8546207383765094,0.9035471289243083,-0.9982410867410686,-2.8491317728531844
TX000069,-0.6177496136866844,2023-02-09 16:34:53,0.8615622609606484,-1.4816806938350733,-0.2067936485059295,-0.3714029045524825,2024-11-04 08:07:11,-1.374250866916143,-0.3290693431299176,-0.2259336741271706,-1.1759165516991759,False,False,True,True,False,False,-1.3798523197727885,0.7808342855964149,-0.5683791926436955,0.16898076425671127,-0.028446402356390392
TX000070,-0.3716279208664489,2023-11-13 16:42:28,-0.7124745500455638,-0.23793213206680466,-0.2067936485059295,-1.0607992091216405,2024-11-04 08:08:42,1.2301878366775194,-0.01200616587539865,-0.2259336741271706,-1.1759165516991759,False,True,False,True,False,False,-1.3798523197727885,-0.30946906371886795,0.4129050217349737,-0.025556210909585365,-0.18515114516176784
TX000071,-0.5620090799702975,2023-07-18 16:12:00,-0.03788734532861574,1.4346952441043153,-0.2067936485059295,-0.3251202586719357,2024-11-04 08:10:18,0.12052325530650548,-0.32370934335275975,-0.2259336741271706,-1.1759165516991759,True,False,False,True,False,False,-0.04875054278767131,-0.8546207383765094,-1.0590212998330302,0.9471286649218978,0.2849630832543645
TX000072,-0.5289142086918527,2023-01-13 17:00:16,-0.5438277488663268,0.21953860329623667,-0.2067936485059295,0.3231957427396068,2024-11-04 08:09:26,-1.6279582182225858,-0.34777853446055773,-0.2259336741271706,-1.1759165516991759,True,False,True,True,False,False,0.3949500495407011,0.23568261093877343,-0.5683791926436955,1.5307395904207879,-1.5954938304101647
TX000073,-0.9346861087145238,2023-07-04 18:20:33,0.9739934617468065,-0.9241382351113667,-0.2067936485059295,0.19273719168713907,2024-11-04 08:12:15,-0.010280416931498506,-0.38361198214221376,-0.2259336741271706,-0.7156637661167,True,False,False,False,True,False,-0.04875054278767131,-0.30946906371886795,2.3754734504923123,1.1416656400881946,0.2849630832543645
TX000074,-0.2181444598649658,2023-10-20 16:54:28,-1.0497681524040379,2.292452872910018,-0.2067936485059295,0.3649375562089603,2024-11-04 08:08:45,1.0046139546274344,-0.32162234896724207,-0.2259336741271706,-1.1759165516991759,False,False,True,False,False,True,0.8386506418690736,1.3259859602540562,1.8848313433029775,-0.025556210909585365,0.12825834044898704
TX000075,3.134475631685065,2023-10-04 16:36:29,-1.387061754762512,-1.367313009994313,-0.2067936485059295,-1.155938750312908,2024-11-04 08:06:51,0.854074337416904,3.53280551500645,-0.2259336741271706,-1.1759165516991759,True,True,False,False,False,True,1.282351234197446,-0.8546207383765094,-0.07773708545436095,-0.22009318607588202,-0.18515114516176784
TX000076,-0.2243112060659182,2023-12-28 17:31:03,-0.4313965480801688,-0.9813220770317469,-0.2067936485059295,0.40397435658186615,2024-11-04 08:09:17,1.6535985676213474,-0.32375017880095075,-0.2259336741271706,-1.1759165516991759,True,False,False,True,False,False,-0.4924511351160437,1.3259859602540562,-0.07773708545436095,1.5307395904207879,0.9117820544758742
TX000077,-0.4623818691237991,2023-06-12 17:53:52,-1.274630553976354,-0.09497252726585426,-0.2067936485059295,-1.1487031607790925,2024-11-04 08:08:22,-0.21727686587311565,0.1111145517117722,-0.2259336741271706,-1.1759165516991759,True,False,True,False,False,True,-0.4924511351160437,-0.30946906371886795,-0.07773708545436095,0.7525916897556012,0.2849630832543645
TX000078,-0.7059683440614207,2023-03-13 16:32:12,-0.03788734532861574,-0.7239947883900362,-0.2067936485059295,2.4516256827039893,2024-11-04 08:11:36,-1.0734280155452158,-0.37965456949037063,-0.2259336741271706,-1.1759165516991759,True,True,False,False,False,False,-0.9361517274444162,-0.8546207383765094,-0.5683791926436955,-0.9982410867410686,-0.6552653735779002
TX000079,-0.6074374436506471,2023-12-18 18:46:27,-1.443277355155591,-0.6096271045492758,-0.2067936485059295,-0.9619880293008822,2024-11-04 08:06:50,1.560085244154361,-0.21857196326566192,-0.2259336741271706,-1.1759165516991759,True,True,False,False,False,True,0.8386506418690736,-0.30946906371886795,-1.0590212998330302,-0.9982410867410686,0.7550773116704967
TX000080,-0.4225720964265394,2023-07-17 18:54:31,0.2994062570298583,-0.7525867093502262,-0.2067936485059295,1.3881555528208673,2024-11-04 08:10:29,0.11218101225759268,-0.3593941255038624,-0.2259336741271706,-0.7156637661167,True,False,True,False,False,False,1.282351234197446,-1.399772413034151,-0.5683791926436955,-0.41463016124217866,0.2849630832543645
TX000081,-0.3901624191704226,2023-06-19 18:22:10,-0.3751809476870898,-0.2522280925468997,-0.2067936485059295,-1.169638167350178,2024-11-04 08:09:51,-0.1512866328304837,0.2601345395526559,-0.2259336741271706,-1.1759165516991759,True,False,False,True,False,False,-2.2672535044295334,-0.8546207383765094,-0.5683791926436955,0.16898076425671127,0.4416678260597419
TX000082,0.16374842847957272,2023-10-23 17:13:57,0.7491310601744904,-0.5667392231089906,-0.2067936485059295,0.34297438826187915,2024-11-04 08:08:16,1.0329508109469072,-0.28675228767002403,-0.2259336741271706,-1.1759165516991759,False,False,True,True,False,False,-0.4924511351160437,0.23568261093877343,0.9035471289243083,-0.6091671364084753,-0.6552653735779002
TX000083,2.1410813381138585,2023-01-23 16:32:48,1.0302090621398854,-0.46666749974832533,-0.2067936485059295,-0.10216564368169591,2024-11-04 08:11:07,-1.5341269188334896,-0.0076561440377659416,-0.2259336741271706,-1.1759165516991759,True,False,False,False,True,False,-0.04875054278767131,-0.8546207383765094,-0.07773708545436095,0.9471286649218978,0.5983725688651194
TX000084,-0.12910349666343562,2023-11-06 16:34:10,0.2431906566367793,0.7198972200995631,-0.2067936485059295,0.5288382739125815,2024-11-04 08:09:38,1.164312410136539,-0.32076809181484794,-0.2259336741271706,-1.1759165516991759,True,False,True,False,False,False,-0.04875054278767131,0.23568261093877343,-0.5683791926436955,1.3362026152544912,0.4416678260597419
TX000085,-0.48951555240798983,2023-07-03 16:40:24,-0.6000433492594058,0.5340497338583277,-0.2067936485059295,-0.920623122869612,2024-11-04 08:09:42,-0.020319837420938888,-0.19256214984697156,-0.2259336741271706,-1.1759165516991759,True,False,True,False,False,False,0.3949500495407011,0.23568261093877343,-0.07773708545436095,-0.025556210909585365,-0.028446402356390392
TX000086,3.571903495539292,2023-09-29 17:22:10,0.5242686586021743,-1.2815372471137427,-0.2067936485059295,0.9076477951404213,2024-11-04 08:06:53,0.8073615850894925,-0.0877053869987416,-0.2259336741271706,-1.1759165516991759,False,False,True,True,False,False,-0.4924511351160437,1.3259859602540562,-0.07773708545436095,-0.9982410867410686,-0.028446402356390392
TX000087,-0.9354055624379682,2023-10-20 17:27:35,1.0864246625329645,-0.7239947883900362,-0.2067936485059295,1.219339659661426,2024-11-04 08:12:05,1.0048084183416062,-0.38701821117534196,-0.2259336741271706,-1.1759165516991759,True,True,False,False,False,False,-0.04875054278767131,0.7808342855964149,-0.5683791926436955,0.16898076425671127,0.2849630832543645
TX000088,0.9266434529396235,2023-08-28 17:03:53,0.1869750562437003,-0.06638060630566417,-0.2067936485059295,1.3954552421910913,2024-11-04 08:07:32,0.5063687548033239,-0.28619946337272834,-0.2259336741271706,-1.1759165516991759,True,False,False,False,False,False,1.282351234197446,-0.8546207383765094,-1.0590212998330302,0.16898076425671127,-1.7521985732155423
TX000089,-0.9866238156069899,2023-06-22 18:37:29,0.7491310601744904,0.8485608644204186,-0.2067936485059295,1.99212215941795,2024-11-04 08:09:10,-0.12297567598721271,-0.3904411049194836,-0.2259336741271706,-0.7156637661167,False,False,True,False,False,False,0.8386506418690736,1.3259859602540562,-1.0590212998330302,-0.41463016124217866,-0.028446402356390392
TX000090,0.3267218266902993,2023-11-20 16:28:09,-1.162199353190196,-0.2808200135070898,-0.2067936485059295,-1.1083253918285165,2024-11-04 08:08:38,1.2959099339665312,0.5820561552156455,-0.2259336741271706,-1.1759165516991759,True,False,True,False,False,True,-0.9361517274444162,0.23568261093877343,0.9035471289243083,-1.7763889874062553,0.2849630832543645
TX000091,1.4366333637583906,2023-09-14 16:49:33,0.8615622609606484,-1.2243534051933627,-0.2067936485059295,-0.2692918651534036,2024-11-04 08:08:12,0.6661075830253316,-0.04541738734853982,-0.2259336741271706,-1.1759165516991759,False,False,True,False,True,False,-0.04875054278767131,-0.8546207383765094,1.8848313433029775,0.16898076425671127,-0.6552653735779002
TX000092,-0.2526439788891831,2023-10-02 16:36:10,0.4680530582090954,-0.9241382351113667,4.772110297630446,-0.5600769270313429,2024-11-04 08:08:01,0.835260326740104,-0.24185845250552218,4.426077714458506,-1.1759165516991759,True,False,False,True,False,False,0.3949500495407011,-0.30946906371886795,-1.0590212998330302,0.7525916897556012,0.2849630832543645
TX000093,-0.229313122428913,2023-03-27 18:16:04,-1.330846154369433,0.21953860329623667,-0.2067936485059295,-1.1528363182307262,2024-11-04 08:10:44,-0.9411139032665268,0.3401119076603664,-0.2259336741271706,-1.1759165516991759,True,True,False,False,False,True,-0.04875054278767131,-0.30946906371886795,-1.0590212998330302,-0.41463016124217866,0.5983725688651194
TX000094,0.49514251737853404,2023-12-21 16:37:03,-1.443277355155591,2.006533663308117,-0.2067936485059295,-0.9585497140759189,2024-11-04 08:08:21,1.5874369409862026,0.2389705927960207,-0.2259336741271706,-0.7156637661167,True,False,True,False,False,True,1.282351234197446,0.7808342855964149,-1.5496634070223647,0.3635177394230079,1.5386010256973839
TX000095,1.1873597784354462,2023-03-02 16:05:09,-0.8811213512248008,-0.681106906949751,-0.2067936485059295,-1.0181061540799818,2024-11-04 08:08:04,-1.1770053531219016,0.713832241466571,-0.2259336741271706,-0.7156637661167,True,False,False,True,False,False,0.3949500495407011,-1.9449240876917921,-1.5496634070223647,-0.6091671364084753,-0.028446402356390392
TX000096,0.723175088009309,2023-06-26 16:16:50,0.35562185742293734,0.10517091945547634,-0.2067936485059295,0.6651273460847859,2024-11-04 08:09:32,-0.08628776209121201,-0.2622783539549932,-0.2259336741271706,-1.1759165516991759,False,True,False,True,False,False,0.3949500495407011,0.7808342855964149,-0.07773708545436095,-0.025556210909585365,0.2849630832543645
TX000097,1.9220933285778141,2023-04-18 17:27:23,-0.9935525520109589,0.9343366273009888,-0.2067936485059295,-0.8310782154000972,2024-11-04 08:10:47,-0.7345845154671733,0.5082565256662727,-0.2259336741271706,-1.1759165516991759,False,True,False,False,False,True,-0.9361517274444162,-0.30946906371886795,-0.07773708545436095,0.9471286649218978,-0.3418558879671453
TX000098,-0.932664786348656,2023-07-17 17:08:24,0.6929154597814113,-0.5953311440691808,-0.2067936485059295,-1.2597574093539148,2024-11-04 08:11:05,0.11148422929069744,-0.1453096759321034,-0.2259336741271706,-0.7156637661167,True,False,False,True,False,False,0.3949500495407011,-1.9449240876917921,0.9035471289243083,0.5580547145893046,-1.28208434479941
TX000099,-0.5138056804995192,2023-09-01 17:26:02,1.4799338652845175,0.19094668233604659,-0.2067936485059295,-0.7688141983061302,2024-11-04 08:07:22,0.5441231177194048,-0.25490000962567116,-0.2259336741271706,-0.7156637661167,True,True,False,False,True,False,1.282351234197446,-1.399772413034151,0.9035471289243083,1.3362026152544912,1.3818962828920065
TX000100,-0.6254923061389914,2023-09-11 16:19:04,-0.4313965480801688,0.7913770225000384,-0.2067936485059295,0.6485254884549293,2024-11-04 08:08:38,0.6376992310929818,-0.36234731821568444,-0.2259336741271706,-1.1759165516991759,True,True,False,False,False,False,-0.4924511351160437,-0.8546207383765094,1.394189236113643,0.9471286649218978,-0.028446402356390392
TX000101,0.2938667733196694,2023-01-24 17:23:56,-0.8249057508317219,-1.367313009994313,-0.2067936485059295,0.9711450930868917,2024-11-04 08:11:07,-1.524390892208129,-0.30730828864512605,-0.2259336741271706,-0.7156637661167,True,True,False,True,False,False,1.282351234197446,1.3259859602540562,0.4129050217349737,1.5307395904207879,1.6953057685027615
TX000102,-0.6819522935788226,2023-08-11 16:18:46,-1.387061754762512,0.677009338659278,-0.2067936485059295,1.0946013780100716,2024-11-04 08:10:02,0.3462210848498427,-0.37127728603545473,-0.2259336741271706,-1.1759165516991759,False,False,True,False,False,True,-1.3798523197727885,-0.8546207383765094,-0.07773708545436095,-0.9982410867410686,-2.0656080588262973
TX000103,-0.7343696362869184,2023-10-16 18:35:11,0.5804842589952534,0.6341214572189929,-0.2067936485059295,-1.008416822808441,2024-11-04 08:10:52,0.9676490904501985,-0.25358920976920785,-0.2259336741271706,-1.1759165516991759,False,True,False,False,False,False,-0.4924511351160437,-1.9449240876917921,-0.5683791926436955,0.7525916897556012,1.6953057685027615
TX000104,-0.34750909128050156,2023-02-24 16:29:23,-0.9935525520109589,0.37679416857728215,-0.2067936485059295,1.1036856068259144,2024-11-04 08:08:32,-1.2332631506430163,-0.3509952536427706,-0.2259336741271706,-0.7156637661167,True,True,False,True,False,False,0.8386506418690736,0.23568261093877343,-1.5496634070223647,-0.22009318607588202,-0.6552653735779002
TX000105,-0.5743768320733188,2023-01-02 16:36:02,-0.7124745500455638,1.649134651305741,-0.2067936485059295,0.7283323487772326,2024-11-04 08:06:35,-1.7315216266692135,-0.3598194693696031,-0.2259336741271706,-1.1759165516991759,True,False,False,True,False,False,0.3949500495407011,0.23568261093877343,1.394189236113643,-0.9982410867410686,-0.6552653735779002
TX000106,0.0318828388825395,2023-11-30 16:31:03,0.07454385545754227,-0.9813220770317469,-0.2067936485059295,1.1034856153363193,2024-11-04 08:10:48,1.3899363499977706,-0.3278940240334234,-0.2259336741271706,-1.1759165516991759,True,False,True,True,False,False,0.3949500495407011,0.23568261093877343,-0.07773708545436095,0.3635177394230079,0.12825834044898704
TX000107,-0.6256293449434569,2023-11-01 16:52:01,0.8053466605675694,-0.5667392231089906,-0.2067936485059295,0.2641879973352026,2024-11-04 08:09:24,1.1174196673316568,-0.3551504174465815,-0.2259336741271706,-1.1759165516991759,True,False,True,False,True,False,0.8386506418690736,-0.30946906371886795,-2.0403055142116995,-0.41463016124217866,0.2849630832543645
TX000108,1.572507338386043,2023-03-06 16:47:02,-0.9935525520109589,-1.4673847333549783,-0.2067936485059295,-1.2034495490590456,2024-11-04 08:11:40,-1.1391467393730415,3.1332944242281,-0.2259336741271706,-1.1759165516991759,True,True,False,False,False,True,0.3949500495407011,-0.30946906371886795,0.4129050217349737,-0.9982410867410686,-0.968674859188655
TX000109,0.7063193150600389,2023-11-27 18:32:49,-1.274630553976354,-1.2100574447132675,-0.2067936485059295,-1.1964831788381467,2024-11-04 08:09:22,1.3625342688907964,1.8131863005875712,-0.2259336741271706,-1.1759165516991759,True,False,True,False,False,True,-0.04875054278767131,-0.8546207383765094,-0.07773708545436095,-0.803704111574772,1.5386010256973839
TX000110,-0.529530883311948,2023-07-31 16:37:46,1.0302090621398854,0.39109012905737717,-0.2067936485059295,0.7351346234169251,2024-11-04 08:10:42,0.24291699762922017,-0.356704458172358,-0.2259336741271706,-1.1759165516991759,True,False,False,False,True,False,-0.4924511351160437,1.3259859602540562,0.4129050217349737,-0.6091671364084753,-0.028446402356390392
TX000111,2.561345091708768,2023-11-22 16:13:39,0.4680530582090954,-0.666810946469656,-0.2067936485059295,-0.8421187712231337,2024-11-04 08:07:35,1.3146264407329238,0.7296431469384413,-0.2259336741271706,-1.1759165516991759,True,False,False,False,True,False,-0.9361517274444162,-0.8546207383765094,1.8848313433029775,-1.970925962572552,-0.8119701163832775
TX000112,-0.1783346871677061,2023-03-21 16:29:31,-1.105983752797117,0.8628568249005136,-0.2067936485059295,-1.0587351943892802,2024-11-04 08:10:26,-0.9982206159718909,0.09730244487337451,-0.2259336741271706,-1.1759165516991759,True,False,False,False,False,True,-0.4924511351160437,-0.30946906371886795,0.4129050217349737,-0.803704111574772,-0.18515114516176784
TX000113,-0.14808337108192265,2023-04-20 18:26:50,0.35562185742293734,0.7770810620199433,-0.2067936485059295,0.9576405395523041,2024-11-04 08:06:56,-0.7153668864826715,-0.335440607400685,-0.2259336741271706,-1.1759165516991759,False,False,True,True,False,False,0.8386506418690736,-0.8546207383765094,1.8848313433029775,-0.9982410867410686,-1.5954938304101647
TX000114,-0.28721201731563323,2023-03-01 17:52:14,1.8734430680360705,2.321044793870208,-0.2067936485059295,-0.40654243487173863,2024-11-04 08:09:36,-1.1857183504372852,-0.2729297742750826,-0.2259336741271706,-1.1759165516991759,False,False,False,False,True,False,-1.823552912101161,1.3259859602540562,-1.0590212998330302,0.7525916897556012,-1.5954938304101647
TX000115,0.10369117242251924,2023-02-10 16:52:48,-0.2627497469009318,-0.22363617158670962,-0.2067936485059295,-1.1881912240003156,2024-11-04 08:06:30,-1.36472725952417,0.9467659536220813,-0.2259336741271706,-1.1759165516991759,True,False,True,True,False,False,-0.9361517274444162,-0.30946906371886795,-0.07773708545436095,-0.6091671364084753,0.12825834044898704
TX000116,-1.010982463100752,2023-07-21 16:43:11,0.1307594558506213,-0.18074829014642452,-0.2067936485059295,1.8027353467582248,2024-11-04 08:09:53,0.148936068913327,-0.3915020099700161,-0.2259336741271706,-1.1759165516991759,True,False,True,False,False,False,-0.9361517274444162,0.7808342855964149,-0.07773708545436095,0.5580547145893046,-0.028446402356390392
TX000117,0.00851772272115303,2023-10-09 17:02:43,1.3112870641052805,-1.038505918952127,-0.2067936485059295,2.1620739016785535,2024-11-04 08:12:18,0.9012208515600337,-0.3483907469982595,-0.2259336741271706,-0.2554109805342242,False,False,True,False,False,False,-0.04875054278767131,-0.30946906371886795,-0.5683791926436955,-0.025556210909585365,-0.028446402356390392
TX000118,-0.8243356114185914,2024-01-01 16:34:10,-0.09410294572169475,0.03369111705500113,1.4528410002061958,0.1471904119285643,2024-11-04 08:07:42,1.690846149610233,-0.3722305179957143,4.426077714458506,-1.1759165516991759,False,False,False,True,False,False,0.8386506418690736,0.23568261093877343,1.8848313433029775,-0.9982410867410686,1.3818962828920065
TX000119,0.37704932763029453,2023-07-07 16:11:38,-1.0497681524040379,-0.8240665117507014,-0.2067936485059295,0.8287691004493158,2024-11-04 08:06:30,0.017121881818132765,-0.29596650897500243,-0.2259336741271706,-0.7156637661167,True,False,True,True,False,False,-0.04875054278767131,-0.8546207383765094,-0.07773708545436095,-1.1927780619073654,0.2849630832543645
TX000120,-0.6227172703485628,2023-05-22 17:09:52,-0.31896534729401077,0.677009338659278,-0.2067936485059295,0.3504304812329405,2024-11-04 08:10:02,-0.41502045488826583,-0.3568001016205074,-0.2259336741271706,-1.1759165516991759,True,True,False,True,False,False,0.8386506418690736,2.416289309569339,-0.07773708545436095,-0.9982410867410686,0.12825834044898704
TX000121,-0.8360181694992846,2023-08-16 16:17:12,1.3675026644983594,0.019395156574906088,-0.2067936485059295,-0.8879040023731489,2024-11-04 08:08:43,0.393230266476305,-0.32821212426292323,-0.2259336741271706,-1.1759165516991759,True,False,False,False,True,False,-0.04875054278767131,0.23568261093877343,0.9035471289243083,0.9471286649218978,0.5983725688651194
TX000122,-0.8025464415085594,2023-11-17 16:02:02,0.07454385545754227,0.648417417699088,-0.2067936485059295,1.553943369708361,2024-11-04 08:10:13,1.2675225845505973,-0.38077190866074034,-0.2259336741271706,-1.1759165516991759,False,False,True,False,False,False,0.8386506418690736,0.7808342855964149,-0.5683791926436955,1.3362026152544912,0.5983725688651194
TX000123,0.06946573100723312,2023-05-22 17:29:35,-0.9935525520109589,-0.40948365782794516,-0.2067936485059295,-1.2739978290104745,2024-11-04 08:11:32,-0.41490151317612833,3.8708183198312134,-0.2259336741271706,-1.1759165516991759,True,False,True,False,False,True,-0.04875054278767131,-0.8546207383765094,0.4129050217349737,-0.9982410867410686,0.5983725688651194
TX000124,0.11667559914563566,2023-08-25 17:26:07,-0.20653414650785276,-0.8383624722307964,-0.2067936485059295,-0.24145971618474077,2024-11-04 08:11:00,0.47828479925147,-0.23579028335009508,-0.2259336741271706,-1.1759165516991759,True,False,True,True,False,False,-0.9361517274444162,1.8711376349116977,-1.0590212998330302,-1.970925962572552,-2.692427030047807
TX000125,-1.0022804990171859,2023-11-27 16:38:34,0.6366998593883324,-1.1242816818326973,-0.2067936485059295,0.11385593300257744,2024-11-04 08:10:48,1.3617789400491254,-0.3901253034520804,-0.2259336741271706,-1.1759165516991759,True,False,False,False,True,False,-1.3798523197727885,-1.399772413034151,-0.07773708545436095,1.1416656400881946,-1.7521985732155423
TX000126,-0.2845397606285538,2023-08-04 17:46:44,1.4237182648914386,1.8206861770668814,-0.2067936485059295,1.5479410610270494,2024-11-04 08:11:56,0.28096789866568045,-0.35411347172440116,-0.2259336741271706,-1.1759165516991759,False,False,True,False,False,False,0.8386506418690736,0.7808342855964149,-0.07773708545436095,3.6706463172500507,0.5983725688651194
TX000127,1.0319577741714443,2023-09-04 16:48:35,0.6929154597814113,0.5483456943384226,-0.2067936485059295,-0.9483655320673028,2024-11-04 08:10:13,0.5720664761147339,0.4385975738691729,-0.2259336741271706,-1.1759165516991759,True,True,False,False,False,False,-0.9361517274444162,0.7808342855964149,0.9035471289243083,-0.6091671364084753,1.2251915400866291
TX000128,1.8626527471408554,2023-08-09 17:34:26,-1.0497681524040379,-0.5667392231089906,-0.2067936485059295,-1.0283313599838995,2024-11-04 08:09:58,0.3279112433883521,1.1043126304139719,-0.2259336741271706,-1.1759165516991759,True,False,True,False,False,True,0.8386506418690736,-0.8546207383765094,1.8848313433029775,-0.803704111574772,1.2251915400866291
TX000129,-0.8888466286207773,2023-09-07 16:07:40,-1.0497681524040379,-0.16645232966632947,-0.2067936485059295,-1.2334405805179538,2024-11-04 08:07:42,0.6000222401415211,-0.1459115534421425,-0.2259336741271706,-0.7156637661167,True,False,True,False,False,True,0.3949500495407011,-0.30946906371886795,0.9035471289243083,1.1416656400881946,0.2849630832543645
TX000130,2.5320187875531275,2023-07-11 16:39:53,0.7491310601744904,0.34820224761709206,-0.2067936485059295,0.10955098798936833,2024-11-04 08:09:24,0.05489605021601512,-0.024454452854503875,-0.2259336741271706,-1.1759165516991759,True,True,False,False,False,False,-0.4924511351160437,-0.30946906371886795,0.9035471289243083,0.5580547145893046,-0.028446402356390392
TX000131,-0.5922603960560809,2023-07-03 17:14:07,-0.6562589496524849,-0.20934021110661458,-0.2067936485059295,0.30652465728642897,2024-11-04 08:07:25,-0.020084783351206933,-0.3530799803282361,-0.2259336741271706,-1.1759165516991759,True,True,False,True,False,False,-0.04875054278767131,-1.399772413034151,0.4129050217349737,0.9471286649218978,1.3818962828920065
TX000132,0.016637271885740434,2023-09-25 17:13:36,1.8734430680360705,-1.1385776423127922,-0.2067936485059295,0.004950310944175081,2024-11-04 08:11:55,0.7696641357282588,-0.27618289153043046,-0.2259336741271706,-1.1759165516991759,False,True,False,False,True,False,0.3949500495407011,-0.30946906371886795,-0.07773708545436095,0.16898076425671127,-0.028446402356390392
TX000133,-0.30680856635421544,2023-11-20 17:10:02,0.1307594558506213,2.1923811495493526,-0.2067936485059295,1.0847428231704115,2024-11-04 08:08:45,1.2961826402159518,-0.34817457271304236,-0.2259336741271706,-1.1759165516991759,True,False,True,True,False,False,-0.04875054278767131,-0.30946906371886795,-1.0590212998330302,-0.6091671364084753,-1.28208434479941
TX000134,-0.9997795408356885,2023-11-17 17:27:07,-1.218414953583275,1.9207579004275468,-0.2067936485059295,-1.0246571573609522,2024-11-04 08:10:53,1.268073764579853,-0.38177583062201126,-0.2259336741271706,-0.7156637661167,False,True,False,False,False,True,0.8386506418690736,0.23568261093877343,-0.5683791926436955,-0.803704111574772,1.5386010256973839
TX000135,0.2868777942919232,2023-08-21 16:46:05,0.6366998593883324,-0.6382190255094659,-0.2067936485059295,1.7232720615590722,2024-11-04 08:09:32,0.440424335540024,-0.32861295694910875,-0.2259336741271706,-1.1759165516991759,True,False,False,False,False,False,-0.04875054278767131,-0.30946906371886795,-1.0590212998330302,-0.9982410867410686,-2.8491317728531844
TX000136,-0.9641837113757462,2023-10-16 16:59:36,0.2994062570298583,0.062283038015191215,-0.2067936485059295,2.381146630575882,2024-11-04 08:11:59,0.9670177091017796,-0.38970198211247775,-0.2259336741271706,-1.1759165516991759,True,False,False,False,False,False,1.282351234197446,-1.399772413034151,0.4129050217349737,1.3362026152544912,-0.6552653735779002
TX000137,0.6457481634862393,2023-06-20 17:21:50,-1.49949295554867,-0.7382907488701311,-0.2067936485059295,-0.8629409620821399,2024-11-04 08:07:03,-0.14226012126746232,0.1538791469145467,-0.2259336741271706,-0.7156637661167,True,False,True,False,False,True,0.8386506418690736,-0.8546207383765094,-0.5683791926436955,0.7525916897556012,1.3818962828920065
TX000138,0.13291469747481047,2023-01-16 16:53:38,-1.330846154369433,-1.4530887728748834,-0.2067936485059295,-1.0547866444665035,2024-11-04 08:09:57,-1.5997984142047117,0.2680038196907498,-0.2259336741271706,-1.1759165516991759,True,True,False,False,False,True,0.8386506418690736,-0.8546207383765094,-0.07773708545436095,-0.025556210909585365,-0.028446402356390392
TX000139,2.3976179800734805,2023-11-22 16:07:19,1.3675026644983594,-0.02349272486537904,-0.2067936485059295,0.43478842994026246,2024-11-04 08:08:25,1.3145796475616347,-0.10420381437109037,-0.2259336741271706,-0.7156637661167,True,False,True,False,False,False,-0.04875054278767131,-0.30946906371886795,0.4129050217349737,-0.22009318607588202,0.2849630832543645
TX000140,-0.21591757929239963,2023-09-01 16:09:08,-1.218414953583275,0.005099196094811046,-0.2067936485059295,-1.2436196345396575,2024-11-04 08:08:47,0.5436117662964092,1.3472344100477207,-0.2259336741271706,-0.7156637661167,True,False,True,False,False,True,0.3949500495407011,0.23568261093877343,-0.07773708545436095,-0.9982410867410686,0.12825834044898704
TX000141,-0.9989915677100112,2023-10-23 18:38:15,-0.8249057508317219,1.8063902165867864,-0.2067936485059295,0.08421616864718898,2024-11-04 08:09:43,1.0334917617712764,-0.3897410262098564,-0.2259336741271706,-1.1759165516991759,True,False,True,False,False,False,0.8386506418690736,-0.8546207383765094,0.4129050217349737,-0.41463016124217866,0.12825834044898704
TX000142,2.577447151233477,2023-10-23 16:50:33,1.9858742688222286,-1.4102008914345983,-0.2067936485059295,-0.7888005272983668,2024-11-04 08:10:34,1.0327830084582375,0.6197809320825702,-0.2259336741271706,-1.1759165516991759,True,False,False,False,True,False,0.3949500495407011,-0.8546207383765094,1.394189236113643,0.16898076425671127,0.5983725688651194
TX000143,-0.2413725372218867,2023-07-03 17:42:08,-1.49949295554867,2.4925963196313483,-0.2067936485059295,-1.2236307415539647,2024-11-04 08:11:34,-0.019928951208680934,0.9093139726831432,-0.2259336741271706,-1.1759165516991759,True,False,False,False,False,True,-1.823552912101161,-0.8546207383765094,0.4129050217349737,0.16898076425671127,1.3818962828920065
TX000144,-0.218761134485061,2023-10-24 16:41:00,1.1988558633191224,-1.4673847333549783,-0.2067936485059295,-1.0378309557396708,2024-11-04 08:11:17,1.0421181373091106,0.03822776213795653,-0.2259336741271706,-1.1759165516991759,False,False,True,False,True,False,-0.04875054278767131,-0.8546207383765094,-0.07773708545436095,-0.025556210909585365,1.3818962828920065
TX000145,-0.6323442463622719,2023-09-25 16:54:22,1.3675026644983594,0.662713378179183,-0.2067936485059295,0.2470810329944454,2024-11-04 08:07:21,0.7695683729591087,-0.35538043532301783,-0.2259336741271706,-0.7156637661167,False,True,False,False,True,False,0.3949500495407011,0.23568261093877343,-1.5496634070223647,0.7525916897556012,0.12825834044898704
TX000146,-0.8624666587611474,2023-02-16 17:57:10,-1.387061754762512,-0.39518769734785014,-0.2067936485059295,-0.8858989594902843,2024-11-04 08:07:24,-1.3078998911692696,-0.3376479245905092,-0.2259336741271706,-0.7156637661167,True,False,False,False,False,True,0.3949500495407011,-0.30946906371886795,0.4129050217349737,-0.22009318607588202,1.5386010256973839
TX000147,2.315257658589649,2023-08-30 17:23:20,1.8172274676429916,2.5211882405915387,-0.2067936485059295,-0.7876800621579424,2024-11-04 08:11:44,0.5252726518975307,0.5440317045789979,-0.2259336741271706,-0.2554109805342242,True,True,False,False,True,False,0.3949500495407011,-0.30946906371886795,-1.0590212998330302,3.6706463172500507,-0.968674859188655
TX000148,0.7446559206092934,2023-04-13 18:37:48,-0.20653414650785276,0.319610326656902,6.431744946342571,-1.2031213578966329,2024-11-04 08:10:01,-0.7811305535192008,2.0001529038060646,4.426077714458506,-1.1759165516991759,True,False,True,False,False,False,-0.9361517274444162,-0.8546207383765094,-0.07773708545436095,-0.803704111574772,-0.18515114516176784
TX000149,0.4039431930066706,2023-07-28 16:29:23,1.1988558633191224,0.30531436617680696,-0.2067936485059295,1.2818318721730078,2024-11-04 08:10:23,0.21465783973835306,-0.3112023653039921,-0.2259336741271706,-1.1759165516991759,True,False,False,False,False,False,-1.3798523197727885,-0.8546207383765094,-0.5683791926436955,-1.970925962572552,0.5983725688651194
TX000150,-0.10906157151034028,2023-02-06 17:48:55,0.5242686586021743,-0.39518769734785014,-0.2067936485059295,-0.17130885521904582,2024-11-04 08:12:18,-1.402007379090301,-0.2745028179227654,-0.2259336741271706,-1.1759165516991759,True,False,True,False,True,False,1.282351234197446,-0.30946906371886795,-2.0403055142116995,-0.41463016124217866,1.2251915400866291
TX000151,-0.7817850626320194,2023-07-24 18:08:43,1.9858742688222286,-0.09497252726585426,-0.2067936485059295,0.34318207173184345,2024-11-04 08:09:04,0.17770636058453254,-0.37078017552787873,-0.2259336741271706,-1.1759165516991759,True,False,True,False,True,False,-0.9361517274444162,1.8711376349116977,-0.07773708545436095,-0.41463016124217866,-0.6552653735779002
TX000152,0.12106084088853528,2023-11-20 16:29:48,-0.5438277488663268,2.4783003591512536,-0.2067936485059295,-0.5964112783012575,2024-11-04 08:08:14,1.2959233189899464,-0.1574032449764754,-0.2259336741271706,-0.2554109805342242,False,True,False,True,False,False,1.282351234197446,2.416289309569339,0.4129050217349737,-0.22009318607588202,-2.8491317728531844
TX000153,-0.10172999547143019,2023-10-09 16:52:47,-1.387061754762512,0.5769376152986128,-0.2067936485059295,-1.158448899906673,2024-11-04 08:08:34,0.9011803700258021,0.4894618156195897,-0.2259336741271706,-0.7156637661167,True,False,True,False,False,True,-0.04875054278767131,-0.8546207383765094,0.4129050217349737,-0.22009318607588202,-0.028446402356390392
TX000154,0.6798365660970597,2023-11-03 16:45:52,0.9177778613537274,2.078013465708592,-0.2067936485059295,1.997442445839873,2024-11-04 08:09:41,1.1361819878773816,-0.3163966136241731,-0.2259336741271706,-1.1759165516991759,True,True,False,False,False,False,1.282351234197446,-0.30946906371886795,-0.5683791926436955,0.7525916897556012,-0.3418558879671453
TX000155,0.2695081258259072,2023-02-15 16:41:11,-0.4313965480801688,1.7920942561066913,-0.2067936485059295,1.012289496080916,2024-11-04 08:09:58,-1.3178149288801435,-0.31034730272807975,-0.2259336741271706,-1.1759165516991759,True,False,False,True,False,False,1.282351234197446,-0.30946906371886795,-0.5683791926436955,-0.6091671364084753,1.2251915400866291
TX000156,-0.7351233497114793,2023-09-04 17:59:51,-0.4876121484732478,0.7341931805796582,-0.2067936485059295,0.9987413546575703,2024-11-04 08:11:01,0.5725265726919685,-0.3738052178304278,-0.2259336741271706,-1.1759165516991759,False,False,True,True,False,False,-0.9361517274444162,-0.8546207383765094,-1.0590212998330302,0.16898076425671127,0.2849630832543645
TX000157,-0.7000414157682832,2023-07-27 16:22:52,-1.387061754762512,-0.681106906949751,-0.2067936485059295,-1.0158806077598714,2024-11-04 08:12:04,0.2052021368554137,-0.23302750294835756,-0.2259336741271706,-0.7156637661167,False,False,True,False,False,True,-1.3798523197727885,-0.30946906371886795,-1.0590212998330302,-0.803704111574772,-0.18515114516176784
TX000158,1.7327742202085739,2023-04-17 16:08:34,1.3112870641052805,0.13376284041566644,-0.2067936485059295,1.80865817164239,2024-11-04 08:08:40,-0.7444874740105748,-0.26221147893228325,-0.2259336741271706,-1.1759165516991759,False,True,False,False,False,False,0.3949500495407011,0.23568261093877343,-0.5683791926436955,-0.025556210909585365,0.5983725688651194
TX000159,-0.8970346971875974,2023-09-19 17:38:18,-1.218414953583275,0.03369111705500113,-0.2067936485059295,-1.154423430180206,2024-11-04 08:11:40,0.7134140645214734,-0.27727286117096445,-0.2259336741271706,-1.1759165516991759,True,True,False,False,False,True,1.282351234197446,-0.30946906371886795,-0.5683791926436955,0.16898076425671127,1.3818962828920065
TX000160,-0.9218044610947563,2023-05-31 16:37:39,0.9739934617468065,-0.29511597398718487,-0.2067936485059295,0.9118142845069875,2024-11-04 08:06:30,-0.3305882712912476,-0.3854426707038671,-0.2259336741271706,-1.1759165516991759,True,False,True,False,False,False,-0.4924511351160437,1.3259859602540562,0.9035471289243083,-0.803704111574772,-1.7521985732155423
TX000161,-0.5415217787026888,2023-10-09 17:20:09,0.4680530582090954,0.8199689434602284,-0.2067936485059295,1.2780371618576123,2024-11-04 08:07:31,0.9013659103910303,-0.36476526375720786,-0.2259336741271706,-1.1759165516991759,False,False,True,False,False,False,-0.04875054278767131,-1.9449240876917921,-0.07773708545436095,0.9471286649218978,-1.28208434479941
TX000162,0.034178238857338526,2023-01-09 16:12:01,-0.6562589496524849,2.363932675310493,-0.2067936485059295,0.04959712899957147,2024-11-04 08:06:33,-1.6658630810360922,-0.27808393576154194,-0.2259336741271706,-1.1759165516991759,True,True,False,False,False,False,-0.4924511351160437,-0.30946906371886795,-1.5496634070223647,-0.41463016124217866,0.5983725688651194
TX000163,-0.8117623011088716,2023-05-26 18:15:08,0.6366998593883324,-0.9527301560715568,-0.2067936485059295,-1.04278202710388,2024-11-04 08:09:22,-0.3769813065552921,-0.2782408199927157,-0.2259336741271706,-1.1759165516991759,False,True,False,False,True,False,2.169752418854191,-0.30946906371886795,-1.0590212998330302,-0.22009318607588202,1.2251915400866291
TX000164,-0.7630792658224637,2023-08-14 17:43:17,1.4237182648914386,0.07657899849528625,-0.2067936485059295,0.46335900902435356,2024-11-04 08:07:39,0.3749949676248914,-0.3706610439633167,-0.2259336741271706,-1.1759165516991759,True,True,False,False,False,False,-1.3798523197727885,-0.8546207383765094,-0.07773708545436095,1.3362026152544912,-0.6552653735779002
TX000165,-0.6153856943096526,2023-11-24 18:51:32,0.35562185742293734,0.24813052425642676,-0.2067936485059295,-0.9329969552899499,2024-11-04 08:09:21,1.3344500956962855,-0.23493326441904674,-0.2259336741271706,-1.1759165516991759,True,True,False,False,True,False,-0.9361517274444162,1.3259859602540562,-0.07773708545436095,0.5580547145893046,0.2849630832543645
TX000166,-0.22503065978936268,2023-01-31 18:31:22,-0.6000433492594058,0.648417417699088,-0.2067936485059295,-1.2823923435865594,2024-11-04 08:12:15,-1.458142861438092,3.613118891223305,-0.2259336741271706,-1.1759165516991759,True,False,False,True,False,False,0.8386506418690736,-0.30946906371886795,-0.07773708545436095,-0.41463016124217866,0.5983725688651194
TX000167,-0.587155700589737,2023-02-14 16:07:01,1.7047962668568335,2.120901347148877,-0.2067936485059295,0.14239318017173624,2024-11-04 08:08:42,-1.3274319049720378,-0.34818079930182727,-0.2259336741271706,-0.7156637661167,True,True,False,False,True,False,0.3949500495407011,-0.30946906371886795,0.4129050217349737,1.1416656400881946,-1.28208434479941
TX000168,0.7149527597413723,2023-05-02 17:03:29,0.4680530582090954,0.6055295362588028,1.4528410002061958,-0.9754336109859739,2024-11-04 08:09:09,-0.603099621712261,0.3668109685857102,4.426077714458506,-1.1759165516991759,False,False,True,False,True,False,0.8386506418690736,0.23568261093877343,-0.07773708545436095,-1.387315037073662,0.12825834044898704
TX000169,0.023146615097857023,2023-12-04 17:07:34,-0.7686901504386429,-1.1957614842331725,-0.2067936485059295,-0.2710661486251968,2024-11-04 08:08:45,1.4277968137092165,-0.2445645882367392,-0.2259336741271706,-0.7156637661167,True,True,False,True,False,False,2.613453011182563,1.3259859602540562,-1.5496634070223647,0.5580547145893046,0.5983725688651194
TX000170,-0.05393771241404857,2023-05-16 17:26:37,-1.274630553976354,-0.15215636918623443,-0.2067936485059295,-0.9046596996103863,2024-11-04 08:07:38,-0.47130839591739704,-0.04298951577562482,-0.2259336741271706,-1.1759165516991759,True,False,False,False,False,True,0.3949500495407011,-1.9449240876917921,-0.5683791926436955,1.3362026152544912,0.5983725688651194
TX000171,1.645446242062864,2023-03-20 16:58:12,-0.7686901504386429,-1.4673847333549783,-0.2067936485059295,0.4387626197976026,2024-11-04 08:09:15,-1.0074277709403545,-0.1680411171349814,-0.2259336741271706,-1.1759165516991759,True,True,False,True,False,False,-1.3798523197727885,-0.30946906371886795,1.8848313433029775,0.16898076425671127,0.5983725688651194
TX000172,-0.6112402704745679,2023-08-25 18:01:38,0.6366998593883324,-0.33800385542746997,-0.2067936485059295,0.10312305639430272,2024-11-04 08:07:34,0.4785391146963605,-0.34947018181892076,-0.2259336741271706,-1.1759165516991759,True,True,False,False,True,False,-0.9361517274444162,1.3259859602540562,-0.07773708545436095,-0.6091671364084753,1.5386010256973839
TX000173,-0.4124997442983171,2023-05-15 17:25:28,1.7610118672499127,-1.0956897608725071,-0.2067936485059295,0.058714689730346825,2024-11-04 08:06:30,-0.4807106675280038,-0.32676997473923647,-0.2259336741271706,-1.1759165516991759,True,False,True,False,True,False,0.3949500495407011,-1.399772413034151,-0.5683791926436955,0.7525916897556012,0.12825834044898704
TX000174,-0.12578030565514467,2023-05-29 16:50:10,-1.274630553976354,-1.1957614842331725,-0.2067936485059295,-1.079762504724794,2024-11-04 08:06:52,-0.34931326612126945,0.17501613818433198,-0.2259336741271706,-1.1759165516991759,True,True,False,False,False,True,0.3949500495407011,-0.30946906371886795,-0.5683791926436955,0.16898076425671127,0.4416678260597419
TX000175,-0.4389482335601798,2023-03-22 16:10:14,-1.162199353190196,-1.4387928123947882,-0.2067936485059295,-0.8482056916885051,2024-11-04 08:07:37,-0.9889259686552494,-0.20767160593579165,-0.2259336741271706,-0.7156637661167,True,False,True,False,False,True,-0.04875054278767131,-0.8546207383765094,0.9035471289243083,-0.025556210909585365,0.12825834044898704
TX000176,-0.7686635971044372,2023-05-19 16:52:53,-1.0497681524040379,-1.5102726147952634,-0.2067936485059295,-1.1093279132699487,2024-11-04 08:11:12,-0.4433454496829236,-0.20950397927630376,-0.2259336741271706,-1.1759165516991759,True,True,False,False,False,True,1.282351234197446,0.23568261093877343,0.4129050217349737,-1.7763889874062553,-2.692427030047807
TX000177,3.6485081872355676,2023-02-10 18:07:07,-0.8811213512248008,-0.19504425062651956,-0.2067936485059295,-0.6883355716982638,2024-11-04 08:11:05,-1.364271951085393,0.7093793972915081,-0.2259336741271706,-1.1759165516991759,True,False,False,True,False,False,2.613453011182563,-0.8546207383765094,-0.07773708545436095,1.1416656400881946,-2.0656080588262973
TX000178,1.6957737430028592,2023-05-22 16:22:36,-1.443277355155591,0.6341214572189929,-0.2067936485059295,-1.113781569903626,2024-11-04 08:10:39,-0.41533309856527506,1.6266935513924299,-0.2259336741271706,-1.1759165516991759,True,False,False,False,False,True,-0.9361517274444162,-0.8546207383765094,-1.0590212998330302,0.16898076425671127,-1.28208434479941
TX000179,-0.20738691371441537,2023-12-18 16:47:17,1.4799338652845175,-1.052801879432222,-0.2067936485059295,-1.008042479763814,2024-11-04 08:07:50,1.5593006423753017,0.0015225799761967994,-0.2259336741271706,-1.1759165516991759,True,False,True,False,True,False,-0.4924511351160437,-0.8546207383765094,-0.07773708545436095,-0.41463016124217866,-0.6552653735779002
TX000180,-0.9024819896651054,2023-11-21 16:57:43,0.5242686586021743,-0.9384341955914618,-0.2067936485059295,-1.1250169892293451,2024-11-04 08:06:29,1.3055191837440965,-0.29963701540174137,-0.2259336741271706,-0.7156637661167,False,False,True,True,False,False,0.3949500495407011,-1.399772413034151,0.4129050217349737,0.9471286649218978,1.2251915400866291
TX000181,1.5165269867618414,2023-07-19 17:03:58,-0.20653414650785276,0.04798707753509617,-0.2067936485059295,2.3973331212658096,2024-11-04 08:08:27,0.13027680216576723,-0.2913692774492269,-0.2259336741271706,-1.1759165516991759,True,False,True,False,False,False,-0.4924511351160437,-0.8546207383765094,1.394189236113643,-1.387315037073662,1.2251915400866291
TX000182,0.5342670960534657,2023-04-19 16:36:03,0.7491310601744904,-0.5381473021488006,-0.2067936485059295,1.7773595035207435,2024-11-04 08:12:06,-0.7255261192548781,-0.31794563557554384,-0.2259336741271706,-0.7156637661167,True,False,False,False,False,False,-0.04875054278767131,0.7808342855964149,-0.07773708545436095,-0.6091671364084753,-2.8491317728531844
TX000183,0.009853851064692875,2023-11-13 16:11:52,1.5923650660706756,-0.2808200135070898,-0.2067936485059295,0.7105690021116504,2024-11-04 08:08:00,1.2299926112140476,-0.31705763847939117,-0.2259336741271706,-1.1759165516991759,True,True,False,False,True,False,2.169752418854191,-0.8546207383765094,-0.07773708545436095,1.3362026152544912,0.12825834044898704
TX000184,-0.6395045238956,2023-04-07 16:38:15,-1.443277355155591,1.1630719949825095,-0.2067936485059295,-0.8107226713501464,2024-11-04 08:10:53,-0.8383297643538576,-0.28033717529059793,-0.2259336741271706,-1.1759165516991759,False,True,False,False,False,True,-0.04875054278767131,2.416289309569339,1.8848313433029775,-0.22009318607588202,-0.6552653735779002
TX000185,-0.328563476563131,2023-01-03 16:46:36,0.8053466605675694,2.564076122031824,-0.2067936485059295,0.567723798671563,2024-11-04 08:10:16,-1.7220745206712318,-0.33784535843725655,-0.2259336741271706,-1.1759165516991759,True,False,False,False,False,False,-2.2672535044295334,1.8711376349116977,-0.07773708545436095,0.7525916897556012,-0.6552653735779002
TX000186,0.34813413988805086,2023-01-30 16:15:49,0.8053466605675694,-0.15215636918623443,-0.2067936485059295,-0.4881620385676803,2024-11-04 08:08:21,-1.4684046039018206,-0.14768496717670554,-0.2259336741271706,-1.1759165516991759,True,False,False,True,False,False,-1.823552912101161,-0.30946906371886795,-0.5683791926436955,0.5580547145893046,-2.692427030047807
TX000187,2.5499023515358896,2023-09-06 16:44:02,1.8734430680360705,-0.8955463141511766,-0.2067936485059295,0.15688999917393065,2024-11-04 08:06:44,0.5908638371282612,-0.034509524651191184,-0.2259336741271706,-1.1759165516991759,True,False,True,False,True,False,-0.9361517274444162,-0.8546207383765094,-0.5683791926436955,-0.41463016124217866,0.12825834044898704
TX000188,1.1400471311936944,2023-03-02 16:11:53,0.9739934617468065,-0.9670261165516518,-0.2067936485059295,-0.9616649661253823,2024-11-04 08:12:15,-1.176988703458629,0.5155854792073791,-0.2259336741271706,-1.1759165516991759,True,False,False,False,True,False,0.3949500495407011,-0.8546207383765094,-1.0590212998330302,0.16898076425671127,0.2849630832543645
TX000189,-0.9820672753585085,2023-10-23 17:24:07,0.8615622609606484,1.7920942561066913,-0.2067936485059295,-0.9928585105153183,2024-11-04 08:11:53,1.032993577729039,-0.37461517708847847,-0.2259336741271706,-1.1759165516991759,False,False,False,True,False,False,-0.9361517274444162,0.7808342855964149,-0.07773708545436095,-0.803704111574772,1.2251915400866291
TX000190,-0.279880441276723,2023-01-04 16:02:09,-0.3751809476870898,1.649134651305741,-0.2067936485059295,0.7073999061996035,2024-11-04 08:10:23,-1.7129633461145757,-0.3380400726043164,-0.2259336741271706,-1.1759165516991759,True,False,False,False,False,False,-0.9361517274444162,-0.30946906371886795,2.3754734504923123,-0.803704111574772,1.5386010256973839
TX000191,3.8540663939339828,2023-07-10 17:49:18,1.9296586684291497,0.648417417699088,-0.2067936485059295,0.14358800112239462,2024-11-04 08:06:50,0.04596388674487226,0.10053275402305045,-0.2259336741271706,-0.7156637661167,True,True,False,False,True,False,0.8386506418690736,-0.8546207383765094,-0.07773708545436095,-2.1654629377388486,-1.7521985732155423
TX000192,-0.24401053420784963,2023-09-18 17:07:08,0.2431906566367793,0.30531436617680696,-0.2067936485059295,1.2116758832204007,2024-11-04 08:09:56,0.7038197232659236,-0.3467152397255666,-0.2259336741271706,-0.7156637661167,False,True,False,False,False,False,-0.9361517274444162,0.7808342855964149,-2.0403055142116995,-1.1927780619073654,-1.28208434479941
TX000193,0.5046324545877774,2023-09-11 16:27:39,-0.09410294572169475,-0.2665240530269948,-0.2067936485059295,1.3368474797658774,2024-11-04 08:11:50,0.637734380382113,-0.3072888985579184,-0.2259336741271706,-0.2554109805342242,False,True,False,False,False,False,1.282351234197446,-1.9449240876917921,-0.07773708545436095,0.7525916897556012,-0.6552653735779002
TX000194,-0.05832295415694819,2023-01-27 17:35:05,-1.105983752797117,-1.367313009994313,-0.2067936485059295,-1.2361173896863817,2024-11-04 08:10:24,-1.4961069230543458,1.4814262132413747,-0.2259336741271706,-1.1759165516991759,False,False,True,False,False,True,-0.9361517274444162,-1.399772413034151,0.4129050217349737,-0.6091671364084753,-0.6552653735779002
TX000195,0.6541760499608744,2023-07-03 17:47:49,0.41183745781601633,0.17665072185595154,-0.2067936485059295,0.608263099209889,2024-11-04 08:07:26,-0.019864855446147543,-0.26372317075261964,-0.2259336741271706,-1.1759165516991759,True,True,False,True,False,False,1.282351234197446,-0.30946906371886795,-0.07773708545436095,-0.22009318607588202,0.12825834044898704
TX000196,-1.00824168701144,2023-03-27 16:42:16,0.2994062570298583,0.1623547613758565,-0.2067936485059295,1.6078974840103026,2024-11-04 08:10:11,-0.9417227585999297,-0.3913369915646767,-0.2259336741271706,-0.7156637661167,False,True,False,False,False,False,2.613453011182563,0.7808342855964149,-0.07773708545436095,-0.22009318607588202,1.5386010256973839
TX000197,-0.3364432078199036,2023-08-21 16:16:22,1.3675026644983594,0.648417417699088,-0.2067936485059295,0.5513834683742539,2024-11-04 08:09:06,0.4402331364657096,-0.3379930759267428,-0.2259336741271706,-1.1759165516991759,True,True,False,False,True,False,-0.04875054278767131,0.23568261093877343,0.4129050217349737,-1.5818520122399586,0.12825834044898704
TX000198,-0.9497946369068572,2023-07-24 17:02:18,0.9739934617468065,-0.6382190255094659,-0.2067936485059295,-0.6030058694709858,2024-11-04 08:11:15,0.17725845199609885,-0.3774320990736719,-0.2259336741271706,-1.1759165516991759,True,True,False,False,True,False,-0.4924511351160437,0.7808342855964149,-0.07773708545436095,-2.1654629377388486,1.2251915400866291
TX000199,-0.6302201448930549,2023-10-24 17:09:41,0.9739934617468065,-1.2529453261535526,-0.2067936485059295,0.400169390292645,2024-11-04 08:07:55,1.0423274007239693,-0.35846467651466857,-0.2259336741271706,-1.1759165516991759,True,False,True,False,True,False,-0.4924511351160437,-0.30946906371886795,0.4129050217349737,0.9471286649218978,0.5983725688651194
TX000200,0.6698327333710703,2023-07-31 16:25:26,0.4680530582090954,1.663430611785836,-0.2067936485059295,0.5945098383100356,2024-11-04 08:08:01,0.24285399007997258,-0.2615905347922377,-0.2259336741271706,-0.7156637661167,True,True,False,False,True,False,0.8386506418690736,1.3259859602540562,-1.0590212998330302,-1.7763889874062553,0.12825834044898704
TX000201,0.03363008363947619,2023-06-12 17:32:52,-1.443277355155591,-1.5102726147952634,-0.2067936485059295,-1.040289825464309,2024-11-04 08:09:48,-0.2174233393813838,0.17892481088216083,-0.2259336741271706,-0.7156637661167,True,False,False,False,False,True,-0.9361517274444162,0.23568261093877343,-1.5496634070223647,0.5580547145893046,1.5386010256973839
TX000202,-0.9812450425317147,2023-11-30 16:52:42,-0.09410294572169475,0.5912335757787078,-0.2067936485059295,0.2160387642184342,2024-11-04 08:10:20,1.3900807559007957,-0.388219785208885,-0.2259336741271706,-0.2554109805342242,True,False,True,False,False,False,0.3949500495407011,1.8711376349116977,-0.5683791926436955,-0.6091671364084753,0.2849630832543645
TX000203,0.05559055205509008,2023-11-15 18:57:38,0.8053466605675694,0.44827397097775734,-0.2067936485059295,0.5505629904682224,2024-11-04 08:08:42,1.2498747032308564,-0.307014824894393,-0.2259336741271706,-1.1759165516991759,True,True,False,True,False,False,0.3949500495407011,-0.8546207383765094,0.4129050217349737,-0.025556210909585365,1.2251915400866291
TX000204,-0.8448229126862,2023-01-30 16:00:38,1.0864246625329645,-0.18074829014642452,-0.2067936485059295,-0.043880944431981976,2024-11-04 08:08:23,-1.4685039577748138,-0.37164107441228666,-0.2259336741271706,-0.7156637661167,True,True,False,False,True,False,-0.04875054278767131,-0.30946906371886795,0.9035471289243083,-0.9982410867410686,0.2849630832543645
TX000205,-0.5365541220408105,2023-05-25 16:34:22,0.8615622609606484,-0.2808200135070898,-0.2067936485059295,0.7725766198599822,2024-11-04 08:12:13,-0.38706001154434977,-0.3578323415091684,-0.2259336741271706,-1.1759165516991759,True,True,False,True,False,False,0.3949500495407011,-0.30946906371886795,-0.07773708545436095,0.16898076425671127,0.5983725688651194
TX000206,-0.03273095742299544,2023-08-24 16:47:21,1.3112870641052805,-0.8097705512706064,-0.2067936485059295,-0.8631127496437153,2024-11-04 08:10:00,0.4686360473316304,-0.06836234130827194,-0.2259336741271706,-1.1759165516991759,True,False,False,False,True,False,1.282351234197446,1.3259859602540562,-0.07773708545436095,-0.803704111574772,0.4416678260597419
TX000207,1.723112984493748,2023-05-04 16:21:31,-0.7686901504386429,-0.16645232966632947,-0.2067936485059295,1.1655701528883415,2024-11-04 08:06:49,-0.5845540732530669,-0.22911482413765474,-0.2259336741271706,-1.1759165516991759,True,False,False,True,False,False,-0.4924511351160437,-0.30946906371886795,-0.07773708545436095,0.5580547145893046,1.3818962828920065
TX000208,0.6438981396259537,2023-02-06 17:46:59,0.07454385545754227,0.333906287136997,-0.2067936485059295,0.32234706090555554,2024-11-04 08:11:46,-1.4020165200819015,-0.24221738467021087,-0.2259336741271706,-1.1759165516991759,True,False,False,True,False,False,0.3949500495407011,1.3259859602540562,-0.5683791926436955,-0.41463016124217866,0.5983725688651194
TX000209,0.7658969353014627,2023-02-17 18:16:05,0.5242686586021743,1.348919481223745,-0.2067936485059295,1.109739195376353,2024-11-04 08:07:31,-1.2983749779213536,-0.28348709746339956,-0.2259336741271706,-0.2554109805342242,True,False,False,False,False,False,1.282351234197446,0.23568261093877343,-1.0590212998330302,0.16898076425671127,0.2849630832543645
TX000210,0.08289553384486295,2023-08-07 17:30:33,1.0302090621398854,-0.8383624722307964,-0.2067936485059295,0.2166310467068506,2024-11-04 08:10:01,0.30908123597625087,-0.28583771492762505,-0.2259336741271706,-1.1759165516991759,False,False,False,False,True,False,1.282351234197446,-0.8546207383765094,-0.5683791926436955,-0.803704111574772,-0.028446402356390392
TX000211,0.025133677762608313,2023-02-24 16:23:22,1.1426402629260435,0.5483456943384226,-0.2067936485059295,2.1580920198408444,2024-11-04 08:08:15,-1.2333005851800476,-0.34763668486905513,-0.2259336741271706,-1.1759165516991759,True,False,False,False,False,False,-0.4924511351160437,0.23568261093877343,0.4129050217349737,-0.803704111574772,-2.692427030047807
TX000212,0.4607457774576659,2023-07-31 16:04:55,-0.2627497469009318,0.3624982080971871,-0.2067936485059295,1.637447508594719,2024-11-04 08:11:46,0.24269554622556067,-0.318102269118812,-0.2259336741271706,-1.1759165516991759,True,False,False,False,False,False,-0.9361517274444162,1.3259859602540562,0.4129050217349737,-0.41463016124217866,-2.0656080588262973
TX000213,1.358761063120808,2023-12-07 16:20:08,0.9177778613537274,-0.681106906949751,-0.2067936485059295,-0.9550703749556541,2024-11-04 08:07:23,1.4557025199248572,0.5890045893306163,-0.2259336741271706,-1.1759165516991759,True,False,False,False,True,False,-0.04875054278767131,-0.30946906371886795,-1.5496634070223647,-0.803704111574772,-0.6552653735779002
TX000214,-0.6191885211335733,2023-03-20 18:28:48,0.5804842589952534,0.7341931805796582,-0.2067936485059295,0.4082536616605119,2024-11-04 08:12:15,-1.00685580603734,-0.3576787553799884,-0.2259336741271706,-0.2554109805342242,True,False,False,True,False,False,-0.04875054278767131,1.8711376349116977,-0.07773708545436095,0.7525916897556012,-1.28208434479941
TX000215,0.3056521105037119,2023-03-03 18:02:52,0.6929154597814113,0.41968205001756725,-0.2067936485059295,0.5284357269399349,2024-11-04 08:10:50,-1.1668526496294098,-0.2860119529213474,-0.2259336741271706,-1.1759165516991759,False,False,True,False,False,False,1.282351234197446,0.23568261093877343,-0.5683791926436955,-0.22009318607588202,0.5983725688651194
TX000216,-0.7630107464202309,2023-05-24 16:25:50,-1.105983752797117,1.1773679554626044,-0.2067936485059295,-1.203444421072133,2024-11-04 08:07:46,-0.39648883555912995,-0.04303245848488108,-0.2259336741271706,-1.1759165516991759,True,False,False,False,False,True,-0.9361517274444162,-0.30946906371886795,-0.07773708545436095,3.6706463172500507,0.2849630832543645
TX000217,-0.34887947932515767,2023-05-22 16:17:19,1.7047962668568335,-0.29511597398718487,-0.2067936485059295,0.5664443659368449,2024-11-04 08:09:48,-0.41536204503867724,-0.33939908904814525,-0.2259336741271706,-1.1759165516991759,True,True,False,False,True,False,-1.3798523197727885,-0.30946906371886795,-0.07773708545436095,-0.803704111574772,1.2251915400866291
TX000218,-0.5580692143419113,2023-08-21 16:03:18,0.2994062570298583,-0.19504425062651956,-0.2067936485059295,0.841386512248007,2024-11-04 08:11:07,0.4401346531633451,-0.3603907021997483,-0.2259336741271706,-0.7156637661167,True,False,False,False,False,False,-0.04875054278767131,-0.30946906371886795,-0.5683791926436955,0.16898076425671127,1.6953057685027615
TX000219,2.030388243806762,2023-07-07 18:03:43,-0.6562589496524849,0.5912335757787078,-0.2067936485059295,0.006827154154222338,2024-11-04 08:07:32,0.017846958330458698,-0.05176746715872622,-0.2259336741271706,-0.7156637661167,False,False,True,True,False,False,0.8386506418690736,-1.399772413034151,0.9035471289243083,-0.22009318607588202,-0.6552653735779002
TX000220,0.21815283385241985,2023-01-06 17:01:53,1.0302090621398854,0.8628568249005136,-0.2067936485059295,0.7259350148955468,2024-11-04 08:10:07,-1.6937672637531327,-0.30259072596202874,-0.2259336741271706,-1.1759165516991759,True,False,False,False,False,False,-0.4924511351160437,-0.8546207383765094,-1.5496634070223647,0.7525916897556012,0.9117820544758742
TX000221,-0.5688267604924616,2023-10-19 16:42:37,-0.03788734532861574,-1.1099857213526023,-0.2067936485059295,0.1946678787597694,2024-11-04 08:07:12,0.995144540257094,-0.3479091406594474,-0.2259336741271706,-1.1759165516991759,True,True,False,False,False,False,-1.3798523197727885,2.416289309569339,-0.07773708545436095,1.3362026152544912,1.3818962828920065
TX000222,0.6437953605226043,2023-11-28 16:49:27,1.7610118672499127,-1.1814655237530776,-0.2067936485059295,-0.5230169656132818,2024-11-04 08:08:02,1.3712702275065103,-0.08176130807137855,-0.2259336741271706,-1.1759165516991759,False,False,True,False,True,False,-1.3798523197727885,-1.399772413034151,1.394189236113643,-0.025556210909585365,-0.6552653735779002
TX000223,0.8574388566844903,2023-07-10 17:15:27,1.0864246625329645,0.1623547613758565,-0.2067936485059295,0.2670289020848367,2024-11-04 08:10:31,0.04571882111291098,-0.2170825306802697,-0.2259336741271706,-1.1759165516991759,True,False,False,False,True,False,1.282351234197446,0.7808342855964149,0.4129050217349737,0.5580547145893046,-0.8119701163832775
TX000224,0.547148743673233,2023-06-26 18:25:21,-0.9373369516178799,-1.4959766543151685,-0.2067936485059295,0.8215001790005682,2024-11-04 08:07:53,-0.08543786751500526,-0.2839146919381106,-0.2259336741271706,-0.7156637661167,True,False,True,True,False,False,-0.9361517274444162,1.8711376349116977,0.9035471289243083,0.5580547145893046,-0.6552653735779002
TX000225,0.7148157209369068,2023-01-13 16:44:26,0.7491310601744904,-0.7954745907905113,-0.2067936485059295,-1.2523090083632225,2024-11-04 08:11:40,-1.628076180542766,3.9118796659386788,-0.2259336741271706,-1.1759165516991759,True,False,False,True,False,False,-1.823552912101161,2.416289309569339,-0.5683791926436955,-1.970925962572552,0.12825834044898704
TX000226,0.6474954082431758,2023-12-19 16:55:17,0.6929154597814113,-0.009196764385283997,-0.2067936485059295,-0.6668287945864125,2024-11-04 08:10:02,1.5687406749869257,-0.011737510671151115,-0.2259336741271706,-1.1759165516991759,True,True,False,False,True,False,-0.9361517274444162,0.7808342855964149,-1.0590212998330302,-0.6091671364084753,-0.18515114516176784
TX000227,-0.4587846005065768,2023-09-28 16:20:57,-0.20653414650785276,2.4640043986711584,-0.2067936485059295,1.2757782836225688,2024-11-04 08:11:01,0.7975327338708537,-0.3600398548727073,-0.2259336741271706,-1.1759165516991759,True,True,False,False,False,False,-1.3798523197727885,-0.30946906371886795,1.394189236113643,-0.22009318607588202,-0.028446402356390392
TX000228,0.9731681270556978,2023-01-09 16:54:58,-1.274630553976354,0.8056729829801335,-0.2067936485059295,-1.1881835320199468,2024-11-04 08:09:39,-1.6656028892394583,1.982857899690892,-0.2259336741271706,-0.7156637661167,True,False,False,False,False,True,-1.3798523197727885,-1.399772413034151,-0.5683791926436955,0.7525916897556012,0.2849630832543645
TX000229,-0.8413626828734434,2023-11-07 16:46:04,0.1869750562437003,-0.4952594207085154,-0.2067936485059295,-1.0239110352651548,2024-11-04 08:11:27,1.1737804098296079,-0.30082788524187043,-0.2259336741271706,-0.7156637661167,True,False,False,False,False,False,-0.4924511351160437,1.8711376349116977,-1.0590212998330302,0.7525916897556012,0.2849630832543645
TX000230,1.1396360147802975,2023-11-29 18:10:30,-1.330846154369433,-0.8240665117507014,-0.2067936485059295,-1.2162284924454863,2024-11-04 08:11:52,1.3811765595110979,2.938216551008759,-0.2259336741271706,-0.7156637661167,True,False,False,False,False,True,1.282351234197446,2.416289309569339,-1.0590212998330302,0.16898076425671127,0.2849630832543645
TX000231,0.7747701978906111,2023-11-02 16:36:37,-0.09410294572169475,0.5626416548185177,-0.2067936485059295,2.1497154532189535,2024-11-04 08:06:52,1.1267378200552716,-0.3156858693129088,-0.2259336741271706,-0.7156637661167,True,False,False,False,False,False,-0.04875054278767131,0.7808342855964149,-0.07773708545436095,-0.22009318607588202,1.3818962828920065
TX000232,1.3978171223935068,2023-02-20 18:41:43,-0.2627497469009318,0.062283038015191215,3.1124756489183207,2.484611458519913,2024-11-04 08:09:04,-1.2700112427337216,-0.2982785360530017,4.426077714458506,-1.1759165516991759,True,True,False,False,False,False,0.3949500495407011,0.23568261093877343,1.394189236113643,0.16898076425671127,-0.6552653735779002
TX000233,-0.2743988890980987,2023-10-23 18:54:48,0.07454385545754227,-1.2100574447132675,-0.2067936485059295,-0.5273885744563559,2024-11-04 08:06:58,1.0336177768697716,-0.252192239706203,-0.2259336741271706,-1.1759165516991759,False,True,False,True,False,False,-0.9361517274444162,1.3259859602540562,1.8848313433029775,-0.41463016124217866,0.4416678260597419
TX000234,-0.7061396425670027,2023-01-23 16:50:31,0.35562185742293734,0.30531436617680696,-0.2067936485059295,2.520015080165173,2024-11-04 08:09:17,-1.5339992714150656,-0.3798798240161342,-0.2259336741271706,-1.1759165516991759,True,False,False,False,False,False,1.282351234197446,1.3259859602540562,-1.5496634070223647,-0.6091671364084753,1.6953057685027615
TX000235,-1.0015610452937413,2023-11-13 18:26:24,-0.31896534729401077,-1.009913997991937,-0.2067936485059295,2.315034059303936,2024-11-04 08:12:22,1.2308425057902543,-0.39117716396422686,-0.2259336741271706,-0.7156637661167,True,False,False,False,False,False,0.3949500495407011,-1.9449240876917921,-1.0590212998330302,-1.387315037073662,-0.028446402356390392
TX000236,-0.83444222324793,2023-09-19 17:16:46,0.6366998593883324,0.5912335757787078,-0.2067936485059295,0.41587897819969233,2024-11-04 08:07:36,0.7133000197691219,-0.37615115476409067,-0.2259336741271706,-1.1759165516991759,False,False,False,False,True,False,0.3949500495407011,-0.8546207383765094,-0.07773708545436095,-0.22009318607588202,-0.6552653735779002
TX000237,1.5044675719688676,2023-11-27 16:05:27,0.1869750562437003,-1.5674564567156437,-0.2067936485059295,-0.46183495375789385,2024-11-04 08:10:54,1.3615620591412663,0.04483269622159582,-0.2259336741271706,-0.7156637661167,True,True,False,True,False,False,1.282351234197446,-0.8546207383765094,-0.07773708545436095,-0.6091671364084753,0.5983725688651194
TX000238,0.24432724550535148,2023-03-10 17:49:57,0.5242686586021743,-1.5102726147952634,-0.2067936485059295,-1.098566832733654,2024-11-04 08:10:28,-1.101119452564883,0.48055529757909116,-0.2259336741271706,-0.7156637661167,True,True,False,False,False,False,2.169752418854191,0.7808342855964149,0.4129050217349737,-1.5818520122399586,-0.6552653735779002
TX000239,-0.9062848164890261,2023-01-17 16:03:41,0.4680530582090954,0.7198972200995631,-0.2067936485059295,-0.9162258740919744,2024-11-04 08:06:43,-1.5907012775994422,-0.3497822910771817,-0.2259336741271706,-1.1759165516991759,False,False,True,False,True,False,0.3949500495407011,-0.30946906371886795,-0.07773708545436095,-0.9982410867410686,1.6953057685027615
TX000240,-0.7917203759557762,2023-05-04 16:44:56,-0.7124745500455638,0.34820224761709206,-0.2067936485059295,0.4373985752788251,2024-11-04 08:08:06,-0.5844095585287131,-0.3727534837105182,-0.2259336741271706,-1.1759165516991759,False,False,True,True,False,False,-0.04875054278767131,0.7808342855964149,-0.5683791926436955,-0.803704111574772,-1.28208434479941
TX000241,-0.4128766010105975,2023-01-06 17:16:44,-0.5438277488663268,-0.4952594207085154,-0.2067936485059295,2.143713144537642,2024-11-04 08:12:21,-1.6936848860073979,-0.366090943728877,-0.2259336741271706,-1.1759165516991759,True,False,True,False,False,False,0.3949500495407011,-0.30946906371886795,-0.5683791926436955,1.3362026152544912,-0.6552653735779002
TX000242,0.996773061124899,2023-02-06 17:57:28,-0.7124745500455638,0.14805880089576146,-0.2067936485059295,-1.1281194213115269,2024-11-04 08:10:37,-1.401940562794553,1.224207894144322,-0.2259336741271706,-1.1759165516991759,True,True,False,True,False,False,-0.4924511351160437,-0.30946906371886795,-0.07773708545436095,-1.387315037073662,-2.692427030047807
TX000243,-0.4251415740102696,2023-10-23 17:16:20,-1.330846154369433,2.321044793870208,-0.2067936485059295,-0.9762130649967038,2024-11-04 08:11:52,1.032942866989921,-0.13129282734387046,-0.2259336741271706,-0.2554109805342242,True,False,False,False,False,True,2.613453011182563,0.23568261093877343,-0.5683791926436955,0.16898076425671127,-0.6552653735779002
TX000244,-0.7511911495350722,2023-07-31 16:13:12,0.6366998593883324,0.9915204692213689,-0.2067936485059295,0.5489579305645482,2024-11-04 08:08:18,0.24277226526220927,-0.3706990207554886,-0.2259336741271706,-1.1759165516991759,False,False,True,True,False,False,-0.4924511351160437,0.23568261093877343,-0.5683791926436955,-2.1654629377388486,0.5983725688651194
TX000245,-0.8802474436405602,2024-01-01 16:08:49,0.8053466605675694,0.5197537733782326,-0.2067936485059295,-1.01546011283303,2024-11-04 08:11:28,1.6906560387492044,-0.3227358725231054,-0.2259336741271706,-0.7156637661167,True,True,False,False,True,False,1.282351234197446,1.8711376349116977,-1.0590212998330302,-0.41463016124217866,-1.28208434479941
TX000246,-0.6864745741261877,2023-02-20 17:30:19,1.8172274676429916,-0.9241382351113667,-0.2067936485059295,0.3931696881568135,2024-11-04 08:11:17,-1.2704919065420577,-0.3631792407798395,-0.2259336741271706,-1.1759165516991759,False,True,False,False,True,False,-0.9361517274444162,-0.30946906371886795,0.4129050217349737,-0.9982410867410686,0.2849630832543645
TX000247,-0.9028245866762695,2023-11-06 17:22:58,-1.274630553976354,-0.5524432626288956,-0.2067936485059295,0.9218753948296989,2024-11-04 08:07:21,1.1646459475086355,-0.384222310269869,-0.2259336741271706,-1.1759165516991759,True,True,False,False,False,True,-1.3798523197727885,-0.30946906371886795,-0.5683791926436955,-1.387315037073662,1.2251915400866291
TX000248,0.666235464753848,2023-10-19 16:14:15,-1.218414953583275,-0.6525149859895609,-0.2067936485059295,-1.0913389351802076,2024-11-04 08:09:56,0.9949414796579644,0.7336074334825164,-0.2259336741271706,-1.1759165516991759,True,False,True,False,False,True,0.8386506418690736,-0.30946906371886795,-0.5683791926436955,-0.9982410867410686,0.12825834044898704
TX000249,1.8651537053223528,2023-09-12 16:43:27,0.4680530582090954,0.9343366273009888,-0.2067936485059295,-1.180681287166671,2024-11-04 08:08:33,0.6472611435926149,2.848797951696078,-0.2259336741271706,-1.1759165516991759,False,False,True,False,False,False,-0.04875054278767131,-1.399772413034151,0.9035471289243083,1.1416656400881946,-0.6552653735779002
TX000250,-0.7675672866687124,2023-01-09 16:09:48,0.35562185742293734,0.5483456943384226,-0.2067936485059295,-0.5902935899144099,2024-11-04 08:11:21,-1.6659088948154241,-0.34053998340571257,-0.2259336741271706,-1.1759165516991759,True,False,False,True,False,False,0.3949500495407011,0.23568261093877343,-0.5683791926436955,-0.9982410867410686,0.2849630832543645
TX000251,1.5860056606259054,2023-09-04 18:13:25,0.6929154597814113,-0.02349272486537904,-0.2067936485059295,0.27322094628191823,2024-11-04 08:09:35,0.5726245118876901,-0.15017150602145302,-0.2259336741271706,-1.1759165516991759,True,False,True,True,False,False,2.169752418854191,-0.8546207383765094,0.4129050217349737,1.1416656400881946,-0.6552653735779002
TX000252,-0.08398347029313369,2023-01-30 16:09:08,-1.0497681524040379,0.20524264281614163,-0.2067936485059295,0.38331626130406643,2024-11-04 08:07:57,-1.468445629542695,-0.31074599016234566,-0.2259336741271706,-1.1759165516991759,False,True,False,True,False,False,-0.9361517274444162,-0.30946906371886795,0.4129050217349737,0.5580547145893046,0.5983725688651194
TX000253,0.2538514424157113,2023-12-22 16:27:49,1.2550714637122016,0.333906287136997,-0.2067936485059295,-0.41792656581792587,2024-11-04 08:09:59,1.5967681522692467,-0.18239211453055018,-0.2259336741271706,-0.7156637661167,True,True,False,False,True,False,0.3949500495407011,-0.30946906371886795,-1.0590212998330302,-0.803704111574772,-0.3418558879671453
TX000254,-0.2693969727351039,2023-08-30 16:11:47,-1.49949295554867,-1.5245685752753584,-0.2067936485059295,-1.1179249833290852,2024-11-04 08:10:35,0.5248129906056104,0.1776968254837832,-0.2259336741271706,-0.7156637661167,True,False,False,False,False,True,1.282351234197446,-0.8546207383765094,-1.5496634070223647,-0.22009318607588202,0.2849630832543645
TX000255,-0.24051604469397664,2023-12-25 16:58:19,-1.49949295554867,-0.7811786303104162,-0.2067936485059295,-1.1187249492874658,2024-11-04 08:11:36,1.6251632279995099,0.2020805917981256,-0.2259336741271706,-0.2554109805342242,True,False,True,False,False,True,0.3949500495407011,-0.8546207383765094,-0.07773708545436095,-1.387315037073662,0.2849630832543645
TX000256,-0.2042007615105899,2023-05-08 16:45:11,-0.31896534729401077,-0.4809634602284204,-0.2067936485059295,0.8706775734933322,2024-11-04 08:11:36,-0.5468221275306734,-0.3369714036851782,-0.2259336741271706,-0.7156637661167,False,True,False,False,False,False,0.3949500495407011,-0.30946906371886795,-0.5683791926436955,-0.41463016124217866,0.2849630832543645
TX000257,-0.38026136554778234,2023-07-04 16:27:23,0.7491310601744904,-1.5245685752753584,-0.2067936485059295,-0.9244691130541347,2024-11-04 08:06:24,-0.010981117466222606,-0.14908293880314075,-0.2259336741271706,-1.1759165516991759,True,False,True,False,False,False,-0.4924511351160437,0.23568261093877343,0.9035471289243083,-0.6091671364084753,-1.7521985732155423
TX000258,0.149222315206218,2023-02-13 17:18:15,-1.49949295554867,0.40538608953747224,-0.2067936485059295,-1.180189000423052,2024-11-04 08:10:09,-1.3363784328585533,0.9161818922551667,-0.2259336741271706,0.2048418050482517,True,False,True,False,False,True,0.3949500495407011,1.3259859602540562,0.9035471289243083,0.5580547145893046,-0.028446402356390392
TX000259,0.46931070273676645,2023-09-06 16:28:38,0.8053466605675694,1.36321544170384,-0.2067936485059295,1.9317170375798356,2024-11-04 08:08:15,0.5907533834797529,-0.3244103913902131,-0.2259336741271706,-0.2554109805342242,True,False,False,False,False,False,2.613453011182563,-0.8546207383765094,-0.5683791926436955,0.9471286649218978,0.5983725688651194
TX000260,0.05237014015014825,2023-05-26 18:12:50,0.5242686586021743,-1.0813938003924122,-0.2067936485059295,-1.2515090424048418,2024-11-04 08:07:23,-0.3769833741605351,2.2326006322536167,-0.2259336741271706,-1.1759165516991759,False,True,False,True,False,False,-1.3798523197727885,0.7808342855964149,-0.07773708545436095,-0.025556210909585365,-2.692427030047807
TX000261,-0.762085734490088,2023-09-18 17:31:23,-1.218414953583275,0.4911618524180425,-0.2067936485059295,-1.0310799609691053,2024-11-04 08:11:00,0.7039710937339778,-0.2569421101605273,-0.2259336741271706,-0.2554109805342242,True,False,False,False,False,True,-0.04875054278767131,0.23568261093877343,-0.5683791926436955,0.16898076425671127,0.2849630832543645
TX000262,-0.9397222847786348,2023-08-14 18:13:38,0.8053466605675694,0.5912335757787078,-0.2067936485059295,0.4094305346569757,2024-11-04 08:08:06,0.3751901930883632,-0.38508660539173417,-0.2259336741271706,-1.1759165516991759,True,False,False,True,False,False,0.3949500495407011,-1.399772413034151,1.394189236113643,-0.41463016124217866,1.5386010256973839
TX000263,-0.8572249244903377,2023-02-08 18:18:07,-1.105983752797117,-0.8383624722307964,-0.2067936485059295,-1.1935217663960642,2024-11-04 08:07:05,-1.3829783374682276,-0.1897146342978865,-0.2259336741271706,-1.1759165516991759,False,False,True,False,False,True,-0.4924511351160437,0.23568261093877343,0.4129050217349737,-0.41463016124217866,0.2849630832543645
TX000264,0.737324344570383,2023-07-19 16:57:01,1.9296586684291497,-1.2815372471137427,-0.2067936485059295,0.48204026534730887,2024-11-04 08:11:58,0.13020846237141925,-0.2478863013647044,-0.2259336741271706,-0.7156637661167,True,True,False,False,True,False,-0.4924511351160437,-1.399772413034151,0.4129050217349737,0.9471286649218978,-0.968674859188655
TX000265,0.6528399216173346,2023-07-31 16:01:00,-0.09410294572169475,0.6913052991393731,-0.2067936485059295,0.5017189151247836,2024-11-04 08:11:13,0.24267356431718756,-0.25629975672879385,-0.2259336741271706,-1.1759165516991759,True,True,False,True,False,False,0.8386506418690736,-1.399772413034151,-0.07773708545436095,-0.803704111574772,-1.28208434479941
TX000266,-0.9756264515486247,2023-04-05 18:37:10,-0.03788734532861574,0.5197537733782326,-0.2067936485059295,1.0078768633425403,2024-11-04 08:08:25,-0.8563415441963687,-0.3891221915092909,-0.2259336741271706,-1.1759165516991759,True,False,False,True,False,False,0.3949500495407011,-0.8546207383765094,0.9035471289243083,-0.6091671364084753,1.6953057685027615
TX000267,-0.7903499879111201,2023-04-17 16:50:45,1.9296586684291497,0.13376284041566644,4.772110297630446,0.031897882170397865,2024-11-04 08:10:39,-0.7442249969660408,-0.36682252165950957,4.426077714458506,-0.7156637661167,False,False,True,False,True,False,-0.4924511351160437,0.7808342855964149,-0.5683791926436955,-0.22009318607588202,1.3818962828920065
TX000268,0.8164642541492728,2023-07-07 16:38:12,-0.09410294572169475,-1.395904930954503,-0.2067936485059295,1.160929324732351,2024-11-04 08:10:49,0.01726715829178654,-0.28272472289600603,-0.2259336741271706,-1.1759165516991759,True,False,True,True,False,False,-0.4924511351160437,-1.399772413034151,-1.0590212998330302,-0.025556210909585365,-0.6552653735779002
TX000269,-0.09206875975660452,2023-07-03 18:01:00,-1.0497681524040379,-0.9527301560715568,-0.2067936485059295,0.2947713112825274,2024-11-04 08:11:05,-0.01980260964620001,-0.30701229388608464,-0.2259336741271706,-1.1759165516991759,False,False,True,True,False,False,-1.3798523197727885,-1.399772413034151,-1.0590212998330302,0.16898076425671127,-1.7521985732155423
TX000270,-0.6838708368413411,2023-02-06 16:09:48,1.5361494656775965,-1.4530887728748834,-0.2067936485059295,0.6015197964196923,2024-11-04 08:08:43,-1.4026311429457192,-0.36610774926019013,-0.2259336741271706,-1.1759165516991759,True,True,False,False,True,False,-0.4924511351160437,-0.30946906371886795,-0.5683791926436955,0.16898076425671127,0.4416678260597419
TX000271,-0.3477831688894327,2023-08-25 16:52:28,0.9177778613537274,-0.3094119344672799,-0.2067936485059295,-0.2257552562646062,2024-11-04 08:06:31,0.47809436192645566,-0.30094150242992734,-0.2259336741271706,-1.1759165516991759,True,False,True,False,True,False,-0.04875054278767131,-1.399772413034151,-0.07773708545436095,0.7525916897556012,-0.3418558879671453
TX000272,-0.15901221573805505,2023-06-01 16:51:11,-0.15031854611477377,1.8063902165867864,-0.2067936485059295,0.8178105924168824,2024-11-04 08:07:55,-0.32110699539609205,-0.3324872812056014,-0.2259336741271706,-1.1759165516991759,True,False,False,True,False,False,-0.4924511351160437,0.23568261093877343,1.394189236113643,0.16898076425671127,-0.028446402356390392
TX000273,-0.8670231990096288,2023-03-28 18:30:25,-0.9373369516178799,1.2202558369028897,-0.2067936485059295,-1.2307227474542246,2024-11-04 08:10:28,-0.9316163041720843,-0.11448871569314113,-0.2259336741271706,-0.7156637661167,True,False,True,False,False,True,-0.04875054278767131,0.23568261093877343,-1.5496634070223647,-0.6091671364084753,-2.0656080588262973
TX000274,-0.4067441145107614,2023-05-23 16:03:54,-0.5438277488663268,0.8628568249005136,-0.2067936485059295,0.03254400852139756,2024-11-04 08:10:16,-0.40605053041610584,-0.3248721164618374,-0.2259336741271706,-0.7156637661167,True,False,True,False,False,False,0.3949500495407011,2.416289309569339,-1.0590212998330302,1.1416656400881946,-1.28208434479941
TX000275,3.0103527345403385,2023-12-20 16:08:02,0.5242686586021743,0.7770810620199433,6.431744946342571,-1.2283100296118006,2024-11-04 08:11:44,1.5778232295341656,6.72542468569134,4.426077714458506,-1.1759165516991759,False,False,False,True,False,False,-0.9361517274444162,-0.30946906371886795,-0.5683791926436955,0.16898076425671127,0.2849630832543645
TX000276,0.30520673438919865,2023-10-31 16:48:01,0.07454385545754227,0.11946687993557138,-0.2067936485059295,0.4483801592523659,2024-11-04 08:06:28,1.1080105399773497,-0.2812322720399556,-0.2259336741271706,-0.2554109805342242,True,True,False,False,False,False,-0.4924511351160437,1.3259859602540562,1.394189236113643,0.7525916897556012,-0.18515114516176784
TX000277,-0.44693074392030163,2023-04-24 18:33:29,1.7610118672499127,-1.4244968519146932,-0.2067936485059295,-0.31705649925171975,2024-11-04 08:06:26,-0.6777115509755981,-0.30724872248799245,-0.2259336741271706,-0.7156637661167,True,False,True,False,True,False,0.8386506418690736,-0.8546207383765094,0.4129050217349737,-0.41463016124217866,0.4416678260597419
TX000278,0.16316601356059401,2023-09-05 16:55:47,1.3675026644983594,1.9064619399474516,-0.2067936485059295,-0.2737634697412754,2024-11-04 08:07:36,0.5815327346665454,-0.224344243091859,-0.2259336741271706,-0.7156637661167,True,True,False,False,True,False,-0.04875054278767131,0.23568261093877343,0.4129050217349737,0.9471286649218978,0.12825834044898704
TX000279,-0.7631135255235801,2023-12-25 17:19:08,1.5361494656775965,-0.03778868534547408,-0.2067936485059295,-0.6934507386436789,2024-11-04 08:11:49,1.6252977311616343,-0.33090795197860795,-0.2259336741271706,-1.1759165516991759,True,False,False,False,True,False,-0.4924511351160437,-0.30946906371886795,-1.0590212998330302,0.9471286649218978,-0.028446402356390392
TX000280,1.2817795147122515,2023-10-16 16:15:54,0.7491310601744904,-0.9384341955914618,-0.2067936485059295,0.02501868772701487,2024-11-04 08:12:04,0.966731835471601,-0.1387479491894957,-0.2259336741271706,-0.7156637661167,True,True,False,True,False,False,-0.4924511351160437,-0.30946906371886795,-0.07773708545436095,0.16898076425671127,-1.7521985732155423
TX000281,-0.14578797110712374,2023-11-23 16:15:59,0.018328255064463266,0.4625699314578524,-0.2067936485059295,0.28295130144876074,2024-11-04 08:11:38,1.3240173949253584,-0.3113364623037225,-0.2259336741271706,-1.1759165516991759,True,False,False,True,False,False,0.3949500495407011,-0.8546207383765094,0.4129050217349737,0.16898076425671127,0.2849630832543645
TX000282,-0.8627407363700785,2023-02-09 17:50:23,-1.105983752797117,-0.15215636918623443,-0.2067936485059295,0.22148212232626197,2024-11-04 08:08:01,-1.3737633473641064,-0.3768673721690843,-0.2259336741271706,-1.1759165516991759,True,False,True,False,False,True,2.613453011182563,1.3259859602540562,-1.0590212998330302,1.5307395904207879,1.2251915400866291
TX000283,0.10996069772682084,2023-01-09 16:54:30,-1.0497681524040379,-0.7668826698303213,-0.2067936485059295,-0.8826914036763924,2024-11-04 08:09:49,-1.6656070244499444,-0.00467238418616319,-0.2259336741271706,-0.7156637661167,False,False,True,False,False,True,-0.04875054278767131,-1.399772413034151,1.394189236113643,0.7525916897556012,-0.028446402356390392
TX000284,0.22079083083838297,2023-07-10 16:37:11,0.7491310601744904,1.1201841135422244,1.4528410002061958,0.8480605872148819,2024-11-04 08:08:47,0.04548028476066448,-0.30746188523398343,4.426077714458506,-1.1759165516991759,False,True,False,False,False,False,-1.3798523197727885,-0.30946906371886795,0.9035471289243083,0.16898076425671127,1.2251915400866291
TX000285,-0.978709824649101,2023-10-09 17:48:55,0.4680530582090954,-0.9670261165516518,-0.2067936485059295,2.4351776646815138,2024-11-04 08:11:22,0.9015285982772568,-0.3903038105681592,-0.2259336741271706,-1.1759165516991759,True,True,False,False,False,False,-0.4924511351160437,-0.30946906371886795,-0.07773708545436095,-0.9982410867410686,-0.028446402356390392
TX000286,-0.8570878856858721,2023-12-19 16:46:08,1.0864246625329645,-1.3101291680739329,-0.2067936485059295,0.8048931933837988,2024-11-04 08:08:56,1.5686881142852218,-0.3806202427722362,-0.2259336741271706,-1.1759165516991759,True,False,False,False,False,False,-0.04875054278767131,-0.8546207383765094,-0.5683791926436955,-0.9982410867410686,-0.028446402356390392
TX000287,-0.8962467240619202,2023-01-19 16:14:12,1.0302090621398854,0.13376284041566644,-0.2067936485059295,-0.1601247157624537,2024-11-04 08:09:17,-1.5718450442471534,-0.3761616711291522,-0.2259336741271706,-0.7156637661167,True,True,False,False,True,False,1.282351234197446,0.23568261093877343,-1.0590212998330302,-1.5818520122399586,0.7550773116704967
TX000288,-0.5015749672009635,2023-05-05 16:04:36,-0.4313965480801688,-0.33800385542746997,-0.2067936485059295,1.7408277247546902,2024-11-04 08:11:16,-0.5752914194070278,-0.3669560837325171,-0.2259336741271706,-0.7156637661167,False,True,False,False,False,False,-0.4924511351160437,-0.30946906371886795,0.4129050217349737,-0.41463016124217866,-0.18515114516176784
TX000289,-0.1883385198936956,2023-07-10 16:40:15,-1.274630553976354,1.6348386908256458,-0.2067936485059295,-1.1874579218717998,2024-11-04 08:07:09,0.04551097237532393,0.5928723535026211,-0.2259336741271706,-0.2554109805342242,False,False,True,False,False,True,1.282351234197446,0.23568261093877343,-0.5683791926436955,0.16898076425671127,-0.3418558879671453
TX000290,-0.8526341245407398,2023-09-29 18:54:28,-1.330846154369433,-1.4673847333549783,-0.2067936485059295,-1.102061555814657,2024-11-04 08:07:27,0.8079605376819947,-0.2747629086437274,-0.2259336741271706,-1.1759165516991759,True,True,False,False,False,True,1.282351234197446,-0.8546207383765094,-0.5683791926436955,-0.9982410867410686,-0.6552653735779002
TX000291,-0.8706547273279674,2023-07-21 17:02:42,-1.105983752797117,-0.5667392231089906,-0.2067936485059295,-1.163089728062664,2024-11-04 08:10:45,0.14905783998000757,-0.2444574784788144,-0.2259336741271706,-0.2554109805342242,True,False,False,False,False,True,1.282351234197446,-0.8546207383765094,0.4129050217349737,-0.803704111574772,0.2849630832543645
TX000292,2.530477101002889,2023-07-21 18:54:14,-1.105983752797117,0.0908749589753813,-0.2067936485059295,-1.1889245261288313,2024-11-04 08:12:22,0.1497755166419901,3.8643008636129497,-0.2259336741271706,-0.2554109805342242,True,False,True,False,False,True,0.8386506418690736,1.8711376349116977,-0.5683791926436955,-0.22009318607588202,0.9117820544758742
TX000293,0.5008638874649732,2023-10-09 18:28:04,0.4680530582090954,-0.46666749974832533,-0.2067936485059295,-0.5077868444825717,2024-11-04 08:11:16,0.9017848725060618,-0.1137838803314945,-0.2259336741271706,-1.1759165516991759,True,False,False,False,True,False,-0.4924511351160437,0.23568261093877343,-0.07773708545436095,-0.22009318607588202,-0.6552653735779002
TX000294,0.2314113381844676,2023-12-01 18:46:28,1.3112870641052805,-0.8955463141511766,-0.2067936485059295,0.19993688531256562,2024-11-04 08:07:25,1.4002447768114599,-0.2702193306147023,-0.2259336741271706,-1.1759165516991759,True,False,True,False,True,False,0.8386506418690736,0.23568261093877343,-0.07773708545436095,0.9471286649218978,-1.5954938304101647
TX000295,1.575316633877588,2023-05-05 16:31:53,-1.274630553976354,-1.1814655237530776,-0.2067936485059295,1.132802316516208,2024-11-04 08:09:03,-0.5750988056554418,-0.23582262926539488,-0.2259336741271706,-1.1759165516991759,True,False,False,False,False,True,-0.4924511351160437,0.7808342855964149,0.4129050217349737,-0.025556210909585365,1.5386010256973839
TX000296,-0.949177962286762,2023-08-21 18:09:24,0.35562185742293734,-0.681106906949751,-0.2067936485059295,0.05454307237686771,2024-11-04 08:07:28,0.44098182720633733,-0.38433265567593894,-0.2259336741271706,-0.7156637661167,True,True,False,True,False,False,0.8386506418690736,-0.8546207383765094,-1.0590212998330302,-0.6091671364084753,1.6953057685027615
TX000297,0.609021763889456,2023-10-02 16:03:09,-0.6000433492594058,-0.20934021110661458,-0.2067936485059295,-0.798351402923265,2024-11-04 08:06:59,0.8350514986105597,0.07466781492905218,-0.2259336741271706,-1.1759165516991759,True,False,False,True,False,False,-1.3798523197727885,-0.30946906371886795,-1.0590212998330302,0.16898076425671127,-0.6552653735779002
TX000298,-0.9005291867014704,2023-06-26 16:40:21,0.6366998593883324,-1.367313009994313,-0.2067936485059295,0.4392805464757849,2024-11-04 08:11:03,-0.08614411793748693,-0.38191154383554143,-0.2259336741271706,-0.7156637661167,True,False,False,False,True,False,0.8386506418690736,0.7808342855964149,-0.5683791926436955,-2.1654629377388486,-0.3418558879671453
TX000299,1.3427960424005643,2023-03-06 16:46:57,-0.9935525520109589,-0.38089173686775507,-0.2067936485059295,-0.8924089388759531,2024-11-04 08:08:53,-1.1391291103178116,0.4367621242613405,-0.2259336741271706,-0.7156637661167,True,True,False,False,False,True,0.8386506418690736,-0.30946906371886795,-0.07773708545436095,0.9471286649218978,1.3818962828920065
TX000300,-0.29605102020366497,2023-10-16 16:09:47,1.5923650660706756,-0.42377961830804023,-0.2067936485059295,-0.26797140852338414,2024-11-04 08:11:50,0.9666934215426124,-0.28997318661819604,-0.2259336741271706,-0.7156637661167,True,False,False,False,True,False,1.282351234197446,0.7808342855964149,-1.0590212998330302,0.16898076425671127,-1.7521985732155423
TX000301,-0.29543434558356974,2023-11-21 16:23:41,0.35562185742293734,2.378228635790588,-0.2067936485059295,0.7253965762697137,2024-11-04 08:11:10,1.305266391797806,-0.3396386921356591,-0.2259336741271706,-1.1759165516991759,False,True,False,True,False,False,-0.04875054278767131,0.23568261093877343,-0.07773708545436095,-1.1927780619073654,1.6953057685027615
TX000302,1.5307790224262647,2023-07-31 16:35:59,-0.31896534729401077,-0.18074829014642452,-0.2067936485059295,0.9558995879954433,2024-11-04 08:11:27,0.24290045678727606,-0.22653327707394008,-0.2259336741271706,-1.1759165516991759,False,False,True,True,False,False,-0.9361517274444162,-0.8546207383765094,-1.0590212998330302,-0.9982410867410686,0.5983725688651194
TX000303,-0.8090900444217922,2023-06-29 16:16:37,-1.162199353190196,0.7198972200995631,-0.2067936485059295,-0.8285629378194193,2024-11-04 08:08:18,-0.05807463562233407,-0.32784031532916286,-0.2259336741271706,-1.1759165516991759,True,False,True,False,False,True,-0.9361517274444162,-0.8546207383765094,-0.5683791926436955,-0.803704111574772,-0.6552653735779002
TX000304,-0.4459029528868095,2023-09-25 16:11:18,-0.4313965480801688,-0.5381473021488006,-0.2067936485059295,1.9005363131571815,2024-11-04 08:10:49,0.7692645438097144,-0.3656482985109279,-0.2259336741271706,-1.1759165516991759,True,True,False,False,False,False,-1.3798523197727885,-0.30946906371886795,-1.0590212998330302,-0.22009318607588202,0.2849630832543645
TX000305,0.21880376817363148,2023-04-07 17:23:05,-1.330846154369433,-0.5238513416687055,-0.2067936485059295,-0.09652485807772922,2024-11-04 08:10:42,-0.8380358379453641,-0.24205402108806412,-0.2259336741271706,-1.1759165516991759,True,False,True,False,False,True,-0.04875054278767131,-1.399772413034151,-1.0590212998330302,-0.6091671364084753,-0.6552653735779002
TX000306,0.27838138841505555,2023-06-16 17:21:15,1.8734430680360705,0.0908749589753813,-0.2067936485059295,-0.7214495471870045,2024-11-04 08:09:07,-0.17988607501581927,-0.06851679641164025,-0.2259336741271706,-1.1759165516991759,True,True,False,False,True,False,0.3949500495407011,-0.30946906371886795,-0.07773708545436095,-0.803704111574772,-0.6552653735779002
TX000307,-0.19351173476227232,2023-06-16 16:41:23,-0.8249057508317219,-0.9241382351113667,-0.2067936485059295,1.8642147818545487,2024-11-04 08:10:49,-0.1801574754092968,-0.35366286246223694,-0.2259336741271706,-1.1759165516991759,True,True,False,False,False,False,-0.04875054278767131,1.3259859602540562,0.4129050217349737,-0.9982410867410686,-0.8119701163832775
TX000308,-0.5675591515511547,2023-09-11 17:31:10,-0.7686901504386429,-1.5245685752753584,-0.2067936485059295,-0.14544072523794577,2024-11-04 08:06:50,0.6381817448639038,-0.3349171497777515,-0.2259336741271706,-1.1759165516991759,False,True,False,True,False,False,-1.3798523197727885,-0.30946906371886795,0.4129050217349737,-0.41463016124217866,1.6953057685027615
TX000309,-0.9500687145157883,2023-07-19 17:42:38,-0.4876121484732478,1.33462352074365,-0.2067936485059295,-0.7862416618289311,2024-11-04 08:10:02,0.13051892962185688,-0.3724600554757826,-0.2259336741271706,-1.1759165516991759,True,False,True,True,False,False,0.3949500495407011,-0.8546207383765094,0.4129050217349737,0.3635177394230079,1.3818962828920065
TX000310,0.40524506164909385,2023-04-27 17:30:16,1.4237182648914386,0.7198972200995631,-0.2067936485059295,1.254825329097289,2024-11-04 08:08:01,-0.6499281599332811,-0.31027851692055824,-0.2259336741271706,-1.1759165516991759,True,True,False,False,False,False,-0.4924511351160437,-0.8546207383765094,1.8848313433029775,1.1416656400881946,-0.028446402356390392
TX000311,-0.8482831424989566,2023-02-09 17:53:59,0.9739934617468065,0.2767224452166169,-0.2067936485059295,-0.7216777426046196,2024-11-04 08:08:15,-1.3737413654557333,-0.34921797780357533,-0.2259336741271706,-1.1759165516991759,True,False,False,False,True,False,0.8386506418690736,0.23568261093877343,0.4129050217349737,0.5580547145893046,0.9117820544758742
TX000312,3.165788998505457,2023-09-27 16:55:35,-0.9935525520109589,0.47686589193794743,-0.2067936485059295,-1.2487630054130925,2024-11-04 08:10:41,0.7883588782289356,9.407458217611742,-0.2259336741271706,-0.7156637661167,True,False,True,False,False,True,0.3949500495407011,0.23568261093877343,-0.07773708545436095,0.9471286649218978,0.4416678260597419
TX000313,-0.6746892369421453,2023-06-16 18:58:50,0.2994062570298583,0.34820224761709206,-0.2067936485059295,2.3996484073568927,2024-11-04 08:11:54,-0.17926709929885845,-0.3782437591447297,-0.2259336741271706,-1.1759165516991759,True,True,False,False,False,False,1.7260518265258185,-0.8546207383765094,0.9035471289243083,-1.1927780619073654,-1.5954938304101647
TX000314,0.6438981396259537,2023-12-08 16:47:48,-1.443277355155591,0.40538608953747224,-0.2067936485059295,-0.9181616891515175,2024-11-04 08:11:09,1.4652607324993185,0.22979873384928257,-0.2259336741271706,-0.2554109805342242,True,False,True,False,False,True,-0.4924511351160437,-1.399772413034151,1.394189236113643,-1.387315037073662,-1.28208434479941
TX000315,0.08070291297341305,2023-02-10 17:06:40,0.07454385545754227,0.8485608644204186,-0.2067936485059295,0.4847863023390581,2024-11-04 08:06:33,-1.3646370466427775,-0.30185091131887193,-0.2259336741271706,-1.1759165516991759,True,True,False,False,False,False,-1.823552912101161,-0.8546207383765094,-0.07773708545436095,-0.6091671364084753,1.5386010256973839
TX000316,1.417345152029856,2023-06-26 18:57:37,-1.330846154369433,-0.9813220770317469,-0.2067936485059295,-1.0663399989808098,2024-11-04 08:09:32,-0.08523796273440452,1.0692227885270245,-0.2259336741271706,-1.1759165516991759,True,True,False,False,False,True,-0.04875054278767131,-1.399772413034151,-0.07773708545436095,-0.9982410867410686,-0.028446402356390392
TX000317,-0.9776477739144924,2023-10-12 16:02:13,-0.15031854611477377,0.2767224452166169,-0.2067936485059295,0.7001181647835738,2024-11-04 08:07:29,0.9290637678690838,-0.38884398629468664,-0.2259336741271706,-1.1759165516991759,True,False,False,True,False,False,0.3949500495407011,-1.399772413034151,-0.07773708545436095,1.3362026152544912,0.5983725688651194
TX000318,0.18276256259917611,2023-10-30 17:17:51,-1.387061754762512,-0.7954745907905113,-0.2067936485059295,-1.2544960947814876,2024-11-04 08:10:35,1.0987762884980696,2.7059489159958665,-0.2259336741271706,-0.7156637661167,True,False,False,False,False,True,0.3949500495407011,-0.8546207383765094,-0.07773708545436095,1.3362026152544912,0.12825834044898704
TX000319,0.014581689818756401,2023-04-18 17:43:50,0.5242686586021743,-1.353017049514218,-0.2067936485059295,0.37739087242644487,2024-11-04 08:10:05,-0.7344725383200649,-0.30188070492320135,-0.2259336741271706,-0.2554109805342242,True,False,True,True,False,False,-0.04875054278767131,-1.399772413034151,-0.07773708545436095,0.5580547145893046,-0.8119701163832775
TX000320,-0.919029425304328,2023-03-09 17:37:08,1.1426402629260435,-1.2815372471137427,-0.2067936485059295,-0.2998546671530776,2024-11-04 08:11:42,-1.1106133517341539,-0.37729812343827246,-0.2259336741271706,-1.1759165516991759,True,False,True,False,True,False,-0.9361517274444162,0.7808342855964149,-1.0590212998330302,-0.22009318607588202,-1.28208434479941
TX000321,-0.22571585381169068,2023-04-24 17:01:08,-0.9935525520109589,0.40538608953747224,-0.2067936485059295,-1.0220905999111474,2024-11-04 08:07:02,-0.6783184475250866,0.011306041744966638,-0.2259336741271706,-0.7156637661167,True,True,False,False,False,True,-0.04875054278767131,2.416289309569339,-0.5683791926436955,0.7525916897556012,-0.028446402356390392
TX000322,-0.40482557124824287,2023-08-11 18:20:48,0.7491310601744904,1.7777982956265963,-0.2067936485059295,-0.63783772057548,2024-11-04 08:10:00,0.3470180922603598,-0.2577515748720244,-0.2259336741271706,-0.7156637661167,True,False,False,False,True,False,-0.4924511351160437,-0.30946906371886795,-0.5683791926436955,0.9471286649218978,1.3818962828920065
TX000323,-0.8937800255815392,2023-01-30 17:11:53,0.1869750562437003,-0.9241382351113667,-0.2067936485059295,0.34487687140648976,2024-11-04 08:11:44,-1.4680606196821804,-0.3807428402242155,-0.2259336741271706,-0.7156637661167,True,True,False,False,False,False,-0.4924511351160437,0.7808342855964149,-1.0590212998330302,-0.9982410867410686,0.12825834044898704
TX000324,-0.5463523965601016,2023-04-11 17:18:50,0.4680530582090954,2.3067488333901127,-0.2067936485059295,-0.88832449729999,2024-11-04 08:11:23,-0.8004593979015109,-0.22751977245258573,-0.2259336741271706,-1.1759165516991759,False,True,False,False,False,False,0.3949500495407011,-0.30946906371886795,-0.07773708545436095,-0.22009318607588202,1.5386010256973839
TX000325,-0.2204741195408811,2023-04-17 16:56:06,-0.6562589496524849,-0.681106906949751,-0.2067936485059295,0.46791009740937217,2024-11-04 08:07:39,-0.7441704774804224,-0.3258819627039732,-0.2259336741271706,-1.1759165516991759,True,False,False,True,False,False,-0.04875054278767131,-0.8546207383765094,-0.07773708545436095,1.1416656400881946,-1.28208434479941
TX000326,1.0673480454246882,2023-11-23 16:09:39,-0.31896534729401077,0.8199689434602284,-0.2067936485059295,1.0049744227499537,2024-11-04 08:11:33,1.323976586927141,-0.25945069637361434,-0.2259336741271706,-1.1759165516991759,True,False,False,True,False,False,-1.823552912101161,-0.8546207383765094,0.4129050217349737,-0.9982410867410686,1.2251915400866291
TX000327,0.4763682011667454,2023-12-25 17:46:24,-0.7686901504386429,-0.12356444822604433,-0.2067936485059295,2.371918818126484,2024-11-04 08:08:23,1.625498180048878,-0.33219492876534756,-0.2259336741271706,-0.7156637661167,True,True,False,False,False,False,-0.04875054278767131,-1.9449240876917921,1.394189236113643,0.16898076425671127,1.5386010256973839
TX000328,1.962519775895169,2023-05-31 16:54:20,-0.8811213512248008,-0.9241382351113667,-0.2067936485059295,1.282221599178373,2024-11-04 08:07:52,-0.33048826449028296,-0.22286513377438083,-0.2259336741271706,-0.2554109805342242,True,True,False,False,False,False,0.3949500495407011,-0.8546207383765094,-1.0590212998330302,-0.6091671364084753,1.5386010256973839
TX000329,0.1946164191854513,2023-11-06 17:23:08,1.6485806664637546,0.11946687993557138,-0.2067936485059295,0.5754491109555409,2024-11-04 08:10:00,1.1646297331306772,-0.2973018467425312,-0.2259336741271706,-0.7156637661167,True,False,False,False,True,False,-0.04875054278767131,-0.30946906371886795,-1.0590212998330302,-0.025556210909585365,0.12825834044898704
TX000330,-0.942017684753434,2023-02-20 17:28:15,0.4680530582090954,-0.1092684877459493,-0.2067936485059295,-0.1733959458925136,2024-11-04 08:10:56,-1.2705031151389015,-0.3818908922409939,-0.2259336741271706,-1.1759165516991759,True,False,True,True,False,False,-0.04875054278767131,-0.8546207383765094,-0.07773708545436095,0.16898076425671127,0.2849630832543645
TX000331,-0.39536989374011583,2023-06-19 16:36:25,-1.0497681524040379,-0.9527301560715568,-0.2067936485059295,-1.0097526633991984,2024-11-04 08:06:27,-0.1519549046092911,-0.08782729315065398,-0.2259336741271706,-0.2554109805342242,True,True,False,False,False,True,1.282351234197446,0.7808342855964149,-1.0590212998330302,0.5580547145893046,0.2849630832543645
TX000332,-0.5851001185227528,2023-10-30 16:58:01,-1.0497681524040379,2.435412477710968,-0.2067936485059295,0.08042658631870572,2024-11-04 08:12:22,1.098635147234902,-0.3460171589476745,-0.2259336741271706,-0.7156637661167,True,True,False,True,False,False,0.3949500495407011,-0.30946906371886795,-0.5683791926436955,-0.22009318607588202,1.2251915400866291
TX000333,-0.03228558130848222,2023-09-08 16:48:51,-0.4313965480801688,-0.995618037511842,-0.2067936485059295,-0.3746489202682196,2024-11-04 08:10:16,0.6096765419491182,-0.23697387801436745,-0.2259336741271706,-1.1759165516991759,True,False,True,True,False,False,-0.04875054278767131,-0.30946906371886795,1.8848313433029775,-0.9982410867410686,-0.6552653735779002
TX000334,-0.6126449182203405,2023-10-02 17:44:05,0.5804842589952534,0.04798707753509617,-0.2067936485059295,-0.7716294631212008,2024-11-04 08:10:29,0.8356876680974361,-0.28110098614300544,-0.2259336741271706,-1.1759165516991759,True,True,False,True,False,False,-0.4924511351160437,1.3259859602540562,-1.0590212998330302,1.5307395904207879,0.2849630832543645
TX000335,1.2135684497894943,2023-04-14 17:59:43,-1.330846154369433,0.662713378179183,-0.2067936485059295,-0.8490748854702073,2024-11-04 08:07:02,-0.7719575684479112,0.3180340245595795,-0.2259336741271706,-0.7156637661167,True,False,False,False,False,True,-0.04875054278767131,1.8711376349116977,-1.5496634070223647,0.16898076425671127,-0.18515114516176784
TX000336,-0.7912064804390301,2023-10-17 16:58:59,-0.4313965480801688,-1.2386493656734576,-0.2067936485059295,-0.3985325193141059,2024-11-04 08:11:00,0.9764222659602866,-0.3551351211783523,-0.2259336741271706,-1.1759165516991759,True,False,False,True,False,False,-0.4924511351160437,-0.8546207383765094,0.9035471289243083,0.5580547145893046,0.5983725688651194
TX000337,-0.6819865532799391,2023-01-16 16:31:48,1.3675026644983594,0.662713378179183,-0.2067936485059295,-0.39729154648123316,2024-11-04 08:11:19,-1.5999498934940946,-0.33762049550756285,-0.2259336741271706,-0.7156637661167,True,True,False,False,True,False,0.8386506418690736,-0.30946906371886795,-0.07773708545436095,-0.22009318607588202,0.4416678260597419
TX000338,-0.5435088413674403,2023-06-02 16:48:43,1.4799338652845175,-1.2815372471137427,-0.2067936485059295,0.42014033532414347,2024-11-04 08:08:37,-0.311725508659244,-0.35148807732862564,-0.2259336741271706,-0.7156637661167,True,False,True,False,True,False,1.282351234197446,-1.9449240876917921,1.394189236113643,-0.41463016124217866,-1.7521985732155423
TX000339,-0.9034412612963647,2023-11-10 16:10:34,-1.0497681524040379,0.8199689434602284,-0.2067936485059295,-0.9408709791943961,2024-11-04 08:11:36,1.2017541293756107,-0.3458538183436401,-0.2259336741271706,0.2048418050482517,True,True,False,False,False,True,-0.4924511351160437,-0.8546207383765094,-2.0403055142116995,-2.554536888071442,-0.6552653735779002
TX000340,-0.9383176370328625,2023-09-18 16:04:52,0.7491310601744904,0.6341214572189929,-0.2067936485059295,1.4549604023260272,2024-11-04 08:09:16,0.7034175196354933,-0.38758929584536367,-0.2259336741271706,-0.7156637661167,True,True,False,False,False,False,-0.9361517274444162,-0.30946906371886795,-2.0403055142116995,1.1416656400881946,0.2849630832543645
TX000341,5.249977915921802,2023-03-01 16:31:58,0.5804842589952534,1.692022532746026,-0.2067936485059295,-0.7380719167645119,2024-11-04 08:11:59,-1.1862579954057115,1.2154742157267575,-0.2259336741271706,-0.7156637661167,True,False,True,True,False,False,-0.4924511351160437,-0.30946906371886795,0.9035471289243083,-1.5818520122399586,-0.028446402356390392
TX000342,-0.9302666072705078,2023-12-21 17:01:24,1.1426402629260435,2.335340754350303,-0.2067936485059295,1.9946143610575204,2024-11-04 08:12:00,1.5875720970762983,-0.3879359133042037,-0.2259336741271706,-0.7156637661167,True,False,False,False,False,False,-0.4924511351160437,-1.399772413034151,-0.5683791926436955,0.3635177394230079,-0.028446402356390392
TX000343,-0.9610660785741537,2023-05-01 17:17:12,-0.9935525520109589,-1.0813938003924122,-0.2067936485059295,-0.5938601048121906,2024-11-04 08:11:25,-0.6124270242488049,-0.3799256594969663,-0.2259336741271706,-1.1759165516991759,True,True,False,True,False,False,-0.4924511351160437,-0.8546207383765094,1.394189236113643,-1.5818520122399586,1.5386010256973839
TX000344,1.391958713502602,2023-09-22 16:42:15,0.07454385545754227,-0.8240665117507014,-0.2067936485059295,-0.3924532908291036,2024-11-04 08:06:44,0.7412867978745542,-0.006134126051244833,-0.2259336741271706,-1.1759165516991759,True,False,True,True,False,False,-0.4924511351160437,-0.8546207383765094,-1.0590212998330302,0.16898076425671127,-0.028446402356390392
TX000345,3.3379439966153797,2023-08-28 16:43:15,0.1307594558506213,0.5054578128981375,-0.2067936485059295,-0.767532201577956,2024-11-04 08:09:27,0.5062215195457557,0.7857643796144649,-0.2259336741271706,-0.7156637661167,True,False,False,True,False,False,-0.4924511351160437,-0.30946906371886795,-0.07773708545436095,-0.41463016124217866,0.5983725688651194
TX000346,-0.9285878819158041,2023-09-20 17:25:26,1.8172274676429916,1.5490629279450756,-0.2067936485059295,-0.5202145207654928,2024-11-04 08:07:23,0.722760184326533,-0.3750062263585653,-0.2259336741271706,-0.2554109805342242,True,False,False,False,True,False,1.282351234197446,0.7808342855964149,1.394189236113643,-0.22009318607588202,0.5983725688651194
TX000347,-0.51455939392408,2023-06-09 16:10:51,-0.15031854611477377,1.992237702828022,-0.2067936485059295,0.4316244620151284,2024-11-04 08:07:18,-0.2461490143078717,-0.3493125791192152,-0.2259336741271706,-1.1759165516991759,True,True,False,True,False,False,-1.3798523197727885,-0.30946906371886795,0.9035471289243083,-0.22009318607588202,-0.028446402356390392
TX000348,-0.32712456911624205,2023-03-30 16:09:26,-0.9935525520109589,-1.4530887728748834,-0.2067936485059295,-1.1199095142642987,2024-11-04 08:10:01,-0.9137295600361112,0.1393074923583079,-0.2259336741271706,-1.1759165516991759,True,False,False,False,False,True,-0.9361517274444162,0.7808342855964149,-0.5683791926436955,1.1416656400881946,0.5983725688651194
TX000349,0.03709031345223281,2023-05-02 16:14:22,1.7047962668568335,-1.1528736027928874,-0.2067936485059295,0.08038299842994802,2024-11-04 08:06:34,-0.6034034508616553,-0.28029376543507706,-0.2259336741271706,-1.1759165516991759,True,True,False,False,True,False,-1.3798523197727885,-0.8546207383765094,0.4129050217349737,-1.970925962572552,-0.6552653735779002
TX000350,-0.9812450425317147,2023-02-27 16:39:28,0.4680530582090954,0.34820224761709206,-0.2067936485059295,0.6033068998587674,2024-11-04 08:10:57,-1.205006604464035,-0.38896537128289194,-0.2259336741271706,-1.1759165516991759,True,False,False,True,False,False,-0.04875054278767131,-0.30946906371886795,-0.5683791926436955,-0.803704111574772,0.7550773116704967
TX000351,-0.011798280040873669,2023-02-02 16:19:31,-0.3751809476870898,0.23383456377633172,-0.2067936485059295,0.3199497270238696,2024-11-04 08:07:20,-1.440167319097998,-0.3010884903854248,-0.2259336741271706,-1.1759165516991759,True,False,True,True,False,False,-0.4924511351160437,1.3259859602540562,0.4129050217349737,-0.803704111574772,0.12825834044898704
TX000352,-0.9182071924775342,2023-10-30 17:54:19,0.5242686586021743,0.019395156574906088,-0.2067936485059295,0.8284152693523399,2024-11-04 08:11:01,1.0990115602104589,-0.3849436106959083,-0.2259336741271706,-0.7156637661167,True,True,False,True,False,False,-0.04875054278767131,-1.399772413034151,-0.5683791926436955,1.5307395904207879,0.12825834044898704
TX000353,-0.5417958563116201,2023-07-10 16:43:05,-0.9935525520109589,-1.2672412866336478,-0.2067936485059295,-0.9765079242441838,2024-11-04 08:10:08,0.04550999298336671,-0.182254835329357,-0.2259336741271706,-0.7156637661167,True,False,True,False,False,True,-0.4924511351160437,-0.30946906371886795,1.8848313433029775,0.9471286649218978,0.2849630832543645
TX000354,0.462630061019068,2023-06-30 17:10:38,-0.8811213512248008,0.24813052425642676,-0.2067936485059295,2.188126639188511,2024-11-04 08:10:24,-0.0483334943945304,-0.3296362527650079,-0.2259336741271706,-0.7156637661167,True,False,False,False,False,False,-1.3798523197727885,1.3259859602540562,-0.5683791926436955,-1.1927780619073654,0.12825834044898704
TX000355,-0.5692721366069748,2023-02-01 18:47:20,-0.09410294572169475,-0.7811786303104162,-0.2067936485059295,-0.9683698090137337,2024-11-04 08:12:12,-1.4486361213520489,-0.19899781357597987,-0.2259336741271706,-0.7156637661167,True,False,True,False,False,False,-0.04875054278767131,0.7808342855964149,1.8848313433029775,-0.41463016124217866,1.3818962828920065
TX000356,0.7507198877068967,2023-10-09 18:43:04,-0.15031854611477377,0.11946687993557138,-0.2067936485059295,-0.794482336797635,2024-11-04 08:11:35,0.9018807440965404,0.11146845420815794,-0.2259336741271706,-0.7156637661167,True,False,False,True,False,False,-0.04875054278767131,0.23568261093877343,-0.07773708545436095,0.9471286649218978,0.2849630832543645
TX000357,-0.6021957093798377,2023-02-07 17:20:24,1.3675026644983594,0.04798707753509617,3.1124756489183207,0.8307946552798314,2024-11-04 08:08:07,-1.392764095440749,-0.36326331212606483,4.426077714458506,-1.1759165516991759,True,False,True,False,False,False,0.8386506418690736,0.23568261093877343,0.9035471289243083,0.16898076425671127,0.12825834044898704
TX000358,0.2634784184294204,2023-07-24 16:45:31,-1.0497681524040379,0.8342649039403235,-0.2067936485059295,-0.8827298635782376,2024-11-04 08:08:37,0.17716606268813478,0.04799818878470895,-0.2259336741271706,-0.7156637661167,False,True,False,False,False,True,0.3949500495407011,0.23568261093877343,2.3754734504923123,0.9471286649218978,-0.3418558879671453
TX000359,-0.45039097373305825,2023-09-06 17:01:50,1.3112870641052805,1.5347669674649806,-0.2067936485059295,1.7199850219480335,2024-11-04 08:12:08,0.5909448001967244,-0.36430210340041475,-0.2259336741271706,-0.7156637661167,True,False,False,False,False,False,0.3949500495407011,-0.8546207383765094,-0.5683791926436955,1.3362026152544912,0.9117820544758742
TX000360,1.128193274607419,2023-10-10 16:42:09,-1.218414953583275,0.37679416857728215,-0.2067936485059295,-1.1607693139846686,2024-11-04 08:11:30,0.9104939522536165,1.7022787651906817,-0.2259336741271706,-1.1759165516991759,True,False,False,False,False,True,-0.04875054278767131,0.7808342855964149,-1.0590212998330302,-0.6091671364084753,0.12825834044898704
TX000361,0.5798667582393974,2023-07-17 16:57:14,0.6366998593883324,0.648417417699088,-0.2067936485059295,0.07902920988499584,2024-11-04 08:09:35,0.11142111292012127,-0.2227958309558504,-0.2259336741271706,-0.2554109805342242,True,True,False,False,True,False,0.3949500495407011,-0.8546207383765094,-0.5683791926436955,0.5580547145893046,-0.028446402356390392
TX000362,1.6829948744864411,2023-05-17 17:00:34,0.7491310601744904,1.5919508093853607,-0.2067936485059295,-0.8206248140785644,2024-11-04 08:09:42,-0.4620898147094326,0.4174816054052713,-0.2259336741271706,-1.1759165516991759,True,False,True,False,True,False,-0.9361517274444162,-0.30946906371886795,-0.5683791926436955,-0.6091671364084753,-0.6552653735779002
TX000363,1.9735513996546505,2023-03-23 16:38:40,-0.4313965480801688,-0.8669543931909865,-0.2067936485059295,1.8013405343179711,2024-11-04 08:09:57,-0.9793533916654156,-0.25053402601681213,-0.2259336741271706,-1.1759165516991759,False,False,True,False,False,False,1.7260518265258185,-0.30946906371886795,-0.5683791926436955,-0.41463016124217866,1.3818962828920065
TX000364,0.780046191862537,2023-04-03 16:37:24,1.3675026644983594,0.20524264281614163,-0.2067936485059295,-0.1078679651286149,2024-11-04 08:09:39,-0.875935912620413,-0.17208615374209638,-0.2259336741271706,-0.2554109805342242,True,False,False,False,True,False,0.3949500495407011,-0.30946906371886795,0.4129050217349737,-0.025556210909585365,0.12825834044898704
TX000365,-0.6421082611804465,2023-09-07 16:08:12,-0.8249057508317219,0.24813052425642676,-0.2067936485059295,-1.1922833575566478,2024-11-04 08:12:11,0.5999964494866477,0.07335715562061158,-0.2259336741271706,-0.2554109805342242,True,False,False,True,False,False,0.8386506418690736,1.8711376349116977,-1.5496634070223647,0.16898076425671127,-0.028446402356390392
TX000366,1.1480296415538163,2023-09-12 16:28:38,1.9858742688222286,-0.6239230650293708,-0.2067936485059295,-0.19244385327972655,2024-11-04 08:09:26,0.6471586339010929,-0.1071273748799524,-0.2259336741271706,-0.7156637661167,True,False,False,False,True,False,0.8386506418690736,-0.8546207383765094,-0.07773708545436095,0.3635177394230079,0.4416678260597419
TX000367,-0.5935280049973878,2023-12-08 16:39:15,1.5361494656775965,-0.42377961830804023,-0.2067936485059295,-0.4601196421355967,2024-11-04 08:11:35,1.465202077803214,-0.3183392685989371,-0.2259336741271706,-0.2554109805342242,True,False,False,False,True,False,0.8386506418690736,0.7808342855964149,1.8848313433029775,1.1416656400881946,1.3818962828920065
TX000368,-0.8693185989844279,2023-03-13 16:25:34,0.9739934617468065,0.03369111705500113,-0.2067936485059295,-0.1941771128562182,2024-11-04 08:07:18,-1.0734432505312168,-0.37213851048165386,-0.2259336741271706,0.2048418050482517,True,False,False,False,True,False,1.282351234197446,-0.30946906371886795,-0.5683791926436955,1.3362026152544912,0.12825834044898704
TX000369,-0.047222810995233754,2023-03-09 16:31:54,-0.9373369516178799,-1.295833207593838,-0.2067936485059295,-0.9217435880100363,2024-11-04 08:10:46,-1.111033184419814,-0.02516535874198619,-0.2259336741271706,-1.1759165516991759,True,True,False,False,False,True,-0.04875054278767131,-0.8546207383765094,-0.5683791926436955,-0.025556210909585365,-0.028446402356390392
TX000370,-0.44216864546512163,2023-06-14 16:30:42,1.4799338652845175,-0.1092684877459493,-0.2067936485059295,0.2174976764950964,2024-11-04 08:12:09,-0.1990402611657591,-0.33638687488917024,-0.2259336741271706,-1.1759165516991759,True,False,False,False,True,False,-1.3798523197727885,1.8711376349116977,-1.0590212998330302,0.5580547145893046,-0.3418558879671453
TX000371,-0.2706645816764108,2023-11-27 16:43:28,-0.2627497469009318,0.04798707753509617,-0.2067936485059295,0.40637425445700825,2024-11-04 08:07:12,1.361834438926701,-0.3278125848885046,-0.2259336741271706,0.2048418050482517,False,True,False,True,False,False,1.282351234197446,-0.30946906371886795,0.9035471289243083,0.7525916897556012,0.4416678260597419
TX000372,-0.564441518749562,2023-08-21 16:28:17,-1.330846154369433,0.333906287136997,-0.2067936485059295,-1.1003565001661852,2024-11-04 08:08:40,0.4403137730701871,-0.07508144116325262,-0.2259336741271706,-1.1759165516991759,True,False,False,False,False,True,1.282351234197446,0.23568261093877343,1.394189236113643,0.7525916897556012,1.3818962828920065
TX000373,-0.4804024719110268,2023-11-15 16:54:44,-0.15031854611477377,2.4211165172308733,-0.2067936485059295,2.2691360124418414,2024-11-04 08:10:30,1.2490605020504237,-0.36976794835494114,-0.2259336741271706,-0.7156637661167,False,True,False,False,False,False,0.3949500495407011,-0.30946906371886795,-1.5496634070223647,1.3362026152544912,-1.5954938304101647
TX000374,-0.5235696953176939,2023-07-17 16:48:23,-1.387061754762512,0.5626416548185177,-0.2067936485059295,-1.0889236533443274,2024-11-04 08:10:54,0.11135473190968771,-0.06435898801928348,-0.2259336741271706,-0.2554109805342242,True,False,True,False,False,True,-0.04875054278767131,-1.399772413034151,-0.07773708545436095,0.5580547145893046,-2.8491317728531844
TX000375,1.1841051068293882,2023-05-03 17:04:32,1.0864246625329645,-0.38089173686775507,-0.2067936485059295,-1.0457101076310298,2024-11-04 08:07:46,-0.5936815710090101,0.8268440695409325,-0.2259336741271706,-0.2554109805342242,True,False,False,False,False,False,1.282351234197446,0.23568261093877343,-0.07773708545436095,-0.41463016124217866,0.2849630832543645
TX000376,3.751253030883659,2023-11-20 16:51:14,-0.20653414650785276,2.5354842010716334,-0.2067936485059295,2.111035047936481,2024-11-04 08:09:15,1.2960566251174566,-0.18695803675761757,-0.2259336741271706,-0.7156637661167,True,True,False,False,False,False,-0.04875054278767131,0.23568261093877343,-0.07773708545436095,1.3362026152544912,-2.0656080588262973
TX000377,-0.3067057872508662,2023-07-10 16:51:12,-0.7124745500455638,-1.1957614842331725,-0.2067936485059295,0.8626804779029811,2024-11-04 08:11:43,0.045552650944169916,-0.3437011500820913,-0.2259336741271706,-1.1759165516991759,True,False,True,False,False,False,1.282351234197446,-0.8546207383765094,-1.0590212998330302,0.5580547145893046,1.3818962828920065
TX000378,-0.6964784068521772,2023-12-25 17:53:56,0.6929154597814113,-0.8955463141511766,-0.2067936485059295,1.5318955899772204,2024-11-04 08:08:14,1.6255483466813532,-0.37520095111459467,-0.2259336741271706,-0.7156637661167,True,True,False,False,False,False,-0.4924511351160437,-0.8546207383765094,-0.07773708545436095,0.5580547145893046,-0.6552653735779002
TX000379,-0.007173220390159255,2023-11-23 18:00:00,0.8053466605675694,-1.1957614842331725,-0.2067936485059295,0.29905318035462936,2024-11-04 08:07:08,1.3247259305957402,-0.2994879779400023,-0.2259336741271706,-1.1759165516991759,True,False,False,False,True,False,-0.4924511351160437,0.7808342855964149,-1.0590212998330302,-0.9982410867410686,0.2849630832543645
TX000380,-0.915980311904968,2023-11-06 17:53:25,-0.03788734532861574,-0.29511597398718487,-0.2067936485059295,-1.18794251663505,2024-11-04 08:12:06,1.1648137499973052,-0.2687237760556173,-0.2259336741271706,-0.7156637661167,True,False,False,False,False,False,-0.9361517274444162,-0.30946906371886795,-1.0590212998330302,-0.41463016124217866,-0.028446402356390392
TX000381,-0.6356674373705629,2023-10-26 16:16:12,-1.0497681524040379,0.5626416548185177,-0.2067936485059295,-1.0233982365738852,2024-11-04 08:08:31,1.0607786010912847,-0.19603666151689167,-0.2259336741271706,-1.1759165516991759,False,False,False,False,False,True,1.282351234197446,-0.8546207383765094,-0.07773708545436095,-0.22009318607588202,-0.6552653735779002
TX000382,-0.4020505354578143,2023-07-03 17:03:48,0.7491310601744904,0.34820224761709206,-0.2067936485059295,0.8504579210965678,2024-11-04 08:09:17,-0.020164331742398626,-0.34991267770445617,-0.2259336741271706,-1.1759165516991759,True,True,False,True,False,False,0.8386506418690736,-0.8546207383765094,-0.5683791926436955,-0.803704111574772,-0.6552653735779002
TX000383,-0.972577338149265,2023-05-30 17:54:22,-0.3751809476870898,0.40538608953747224,-0.2067936485059295,0.8277819629686219,2024-11-04 08:11:17,-0.3395207612263762,-0.38867825551871665,-0.2259336741271706,-1.1759165516991759,False,False,True,True,False,False,-0.4924511351160437,-0.30946906371886795,0.4129050217349737,0.16898076425671127,0.4416678260597419
TX000384,-0.6888042338021031,2023-03-13 17:26:17,0.7491310601744904,-0.35229981590756504,-0.2067936485059295,0.5302125744051844,2024-11-04 08:10:31,-1.0730678169476173,-0.3655027526835204,-0.2259336741271706,-1.1759165516991759,True,True,False,False,True,False,-0.4924511351160437,-0.8546207383765094,-2.0403055142116995,-0.803704111574772,-0.18515114516176784
TX000385,-0.747696660021199,2023-05-29 17:02:32,1.2550714637122016,-0.7096988279099411,-0.2067936485059295,-0.8774377810843342,2024-11-04 08:09:48,-0.3492516732492934,-0.29983452515730447,-0.2259336741271706,-1.1759165516991759,True,False,True,False,True,False,1.282351234197446,0.23568261093877343,-0.07773708545436095,-0.6091671364084753,1.5386010256973839
TX000386,-0.6733873682997219,2023-07-10 18:16:07,-0.9935525520109589,0.5769376152986128,-0.2067936485059295,-0.8765608953222632,2024-11-04 08:06:43,0.04613974201185691,-0.2749033942542596,-0.2259336741271706,-0.7156637661167,True,False,False,False,False,True,2.169752418854191,-1.399772413034151,1.8848313433029775,-0.22009318607588202,-0.028446402356390392
TX000387,-0.7645866926715854,2023-11-23 17:23:16,0.2431906566367793,-0.7382907488701311,-0.2067936485059295,0.29483541111893613,2024-11-04 08:11:23,1.324458338948763,-0.36857021355445546,-0.2259336741271706,-0.7156637661167,True,False,True,True,False,False,1.282351234197446,0.23568261093877343,-0.07773708545436095,-0.025556210909585365,-2.0656080588262973
TX000388,-0.8836734137522004,2023-05-18 16:16:53,0.41183745781601633,0.7056012596194681,-0.2067936485059295,0.8674084818364878,2024-11-04 08:07:20,-0.45295741999370326,-0.38273796501016627,-0.2259336741271706,-0.7156637661167,True,True,False,True,False,False,-1.823552912101161,-0.8546207383765094,3.847399772060316,-0.9982410867410686,-0.6552653735779002
TX000389,-0.6791429980872776,2023-05-09 16:55:54,-0.2627497469009318,-1.052801879432222,-0.2067936485059295,-0.9851331982313402,2024-11-04 08:09:15,-0.5373346488197888,-0.23857973708624935,-0.2259336741271706,-0.7156637661167,True,False,False,False,False,False,1.282351234197446,-0.30946906371886795,-1.5496634070223647,0.9471286649218978,0.2849630832543645
TX000390,-0.595240990053208,2023-08-25 18:47:28,0.6366998593883324,1.7777982956265963,-0.2067936485059295,-0.29605995683768194,2024-11-04 08:06:36,0.4788446849870121,-0.3304724575433634,-0.2259336741271706,-1.1759165516991759,True,False,True,True,False,False,-0.9361517274444162,0.23568261093877343,-1.5496634070223647,0.3635177394230079,-0.6552653735779002
TX000391,0.44310203138271864,2023-12-25 17:05:00,-1.443277355155591,1.8349821375469764,-0.2067936485059295,-1.189209129402486,2024-11-04 08:09:12,1.6252225356235857,1.3657772519169935,-0.2259336741271706,-1.1759165516991759,True,False,False,False,False,True,-0.9361517274444162,1.8711376349116977,-1.5496634070223647,0.16898076425671127,0.9117820544758742
TX000392,-0.5613924053502023,2023-05-16 16:21:42,-1.105983752797117,0.04798707753509617,-0.2067936485059295,-0.8312679509158669,2024-11-04 08:09:22,-0.4717435724103869,-0.25165231898333335,-0.2259336741271706,-1.1759165516991759,False,False,True,False,False,True,-0.04875054278767131,-1.399772413034151,0.4129050217349737,1.1416656400881946,-0.028446402356390392
TX000393,-0.2576458952521779,2023-08-23 16:32:59,0.2431906566367793,-0.666810946469656,-0.2067936485059295,-0.5120071777117213,2024-11-04 08:10:52,0.45913442184803044,-0.25179925799140873,-0.2259336741271706,-0.7156637661167,True,False,True,True,False,False,1.282351234197446,0.7808342855964149,0.4129050217349737,0.7525916897556012,-0.6552653735779002
TX000394,-0.27974340247225743,2023-06-05 16:06:43,-1.274630553976354,0.2910184056967119,-0.2067936485059295,-0.8390958229380989,2024-11-04 08:10:45,-0.28380717916948817,-0.1616794103876069,-0.2259336741271706,0.2048418050482517,False,False,True,False,False,True,1.282351234197446,1.8711376349116977,0.9035471289243083,-0.22009318607588202,-0.6552653735779002
TX000395,-0.9979637766765191,2023-12-14 18:52:54,1.9858742688222286,2.335340754350303,6.431744946342571,0.6623761811061241,2024-11-04 08:12:13,1.522483557562277,-0.39029869378716264,4.426077714458506,-1.1759165516991759,True,True,False,False,True,False,-0.4924511351160437,-0.30946906371886795,-0.5683791926436955,-0.6091671364084753,-0.8119701163832775
TX000396,1.8110918969606697,2023-05-31 16:25:19,-0.8811213512248008,1.2774396788232698,-0.2067936485059295,0.6323543817257394,2024-11-04 08:07:32,-0.33067554599676846,-0.1778066867489204,-0.2259336741271706,-0.7156637661167,True,False,False,False,False,False,-0.04875054278767131,0.23568261093877343,-1.5496634070223647,0.5580547145893046,0.12825834044898704
TX000397,0.4069237870037976,2023-10-11 16:14:28,-0.5438277488663268,-0.7525867093502262,-0.2067936485059295,0.7237145965623489,2024-11-04 08:08:50,0.9197327742286967,-0.28885622411340717,-0.2259336741271706,-1.1759165516991759,True,False,True,True,False,False,0.3949500495407011,0.7808342855964149,-0.07773708545436095,1.1416656400881946,-0.8119701163832775
TX000398,-0.5691693575036256,2023-05-15 16:37:12,1.2550714637122016,1.9779417423479269,-0.2067936485059295,0.3917851316903854,2024-11-04 08:11:30,-0.48105846049414425,-0.3530302310651184,-0.2259336741271706,-1.1759165516991759,True,True,False,False,True,False,-0.9361517274444162,0.7808342855964149,1.394189236113643,-1.970925962572552,1.3818962828920065
TX000399,-0.32455509153251183,2023-05-22 17:24:46,0.9177778613537274,0.41968205001756725,-0.2067936485059295,0.6481639653775843,2024-11-04 08:08:54,-0.4149157687701722,-0.33976364894103034,-0.2259336741271706,-0.7156637661167,False,True,False,False,False,False,-0.04875054278767131,1.3259859602540562,-0.5683791926436955,0.7525916897556012,0.5983725688651194
TX000400,-0.10005127011672645,2023-06-26 18:25:14,-1.0497681524040379,0.7341931805796582,-0.2067936485059295,-1.2762438872782358,2024-11-04 08:06:40,-0.08543068530731901,3.436179039131425,-0.2259336741271706,-0.2554109805342242,True,False,False,False,False,True,0.3949500495407011,-0.30946906371886795,-0.5683791926436955,-0.6091671364084753,0.7550773116704967
TX000401,-0.3519971121267503,2023-09-12 16:50:21,-1.218414953583275,0.14805880089576146,4.772110297630446,-1.2292971670924948,2024-11-04 08:08:01,0.6473096779051614,0.8012222643631776,4.426077714458506,-1.1759165516991759,True,False,True,False,False,True,-0.4924511351160437,-1.399772413034151,-1.0590212998330302,0.3635177394230079,0.12825834044898704
TX000402,-0.5489903935460646,2023-03-29 18:12:17,-0.2627497469009318,1.4346952441043153,-0.2067936485059295,1.9353938041962395,2024-11-04 08:10:23,-0.9223319948816577,-0.3705982708326195,-0.2259336741271706,-0.7156637661167,False,False,True,False,False,False,0.3949500495407011,0.23568261093877343,-1.0590212998330302,1.3362026152544912,-0.968674859188655
TX000403,1.4223128086917345,2023-05-26 17:07:56,-0.03788734532861574,-1.353017049514218,-0.2067936485059295,0.7722125327891809,2024-11-04 08:09:52,-0.3774233387919825,-0.21960881380390357,-0.2259336741271706,-1.1759165516991759,True,True,False,False,False,False,0.3949500495407011,1.8711376349116977,-0.07773708545436095,0.16898076425671127,1.2251915400866291
TX000404,0.1926293565207,2023-04-10 17:57:59,-0.15031854611477377,0.333906287136997,-0.2067936485059295,-1.13035009561855,2024-11-04 08:06:40,-0.8095751429539675,0.5916334029658038,-0.2259336741271706,-0.7156637661167,True,False,False,False,False,False,1.282351234197446,-0.30946906371886795,-0.5683791926436955,-0.803704111574772,-0.6552653735779002
TX000405,0.7182759507496634,2023-10-30 17:21:38,1.5923650660706756,0.333906287136997,-0.2067936485059295,0.05570712540604991,2024-11-04 08:11:10,1.098797182193157,-0.2050272204369774,-0.2259336741271706,-1.1759165516991759,True,True,False,False,True,False,-0.4924511351160437,-0.30946906371886795,0.4129050217349737,-0.9982410867410686,-1.7521985732155423
TX000406,-0.2907065068295062,2023-12-14 18:53:34,-0.9935525520109589,0.11946687993557138,-0.2067936485059295,0.6489895712705285,2024-11-04 08:07:49,1.5225166392461653,-0.33724714089158486,-0.2259336741271706,-0.2554109805342242,True,True,False,True,False,False,0.3949500495407011,1.3259859602540562,-1.0590212998330302,-0.41463016124217866,0.2849630832543645
TX000407,0.22894463970408674,2023-10-10 17:07:27,0.35562185742293734,0.37679416857728215,-0.2067936485059295,0.7705895249313122,2024-11-04 08:09:16,0.91067372508843,-0.3037441574581963,-0.2259336741271706,-0.2554109805342242,True,False,False,True,False,False,-0.04875054278767131,1.3259859602540562,-1.0590212998330302,-0.22009318607588202,0.12825834044898704
TX000408,-0.3510721001966074,2023-07-25 17:42:45,0.07454385545754227,0.34820224761709206,-0.2067936485059295,0.25302693381971747,2024-11-04 08:10:40,0.18692853289634007,-0.3290869027951031,-0.2259336741271706,-0.7156637661167,True,False,False,False,False,False,-0.9361517274444162,-0.30946906371886795,0.9035471289243083,-0.41463016124217866,-1.28208434479941
TX000409,-0.22948442093449495,2023-09-04 16:41:19,1.9858742688222286,1.2059598764227946,-0.2067936485059295,-0.6545575219043286,2024-11-04 08:09:46,0.5720219681913449,-0.21509785427563047,-0.2259336741271706,0.6650945906307275,True,True,False,False,True,False,1.282351234197446,0.23568261093877343,-0.5683791926436955,-0.9982410867410686,-0.028446402356390392
TX000410,1.5132037957535502,2023-06-19 16:46:11,0.7491310601744904,-1.038505918952127,-0.2067936485059295,1.7412943715637454,2024-11-04 08:11:13,-0.1519222582107172,-0.26992455585655867,-0.2259336741271706,-1.1759165516991759,False,True,False,False,False,False,0.8386506418690736,-1.399772413034151,-0.07773708545436095,3.6706463172500507,1.2251915400866291
TX000411,0.3177800446989184,2023-09-26 18:36:46,1.0864246625329645,-0.8383624722307964,-0.2067936485059295,0.5080750549030715,2024-11-04 08:10:01,0.7796217225786073,-0.2838470889760836,-0.2259336741271706,-0.7156637661167,False,False,False,False,False,False,-0.04875054278767131,0.23568261093877343,1.8848313433029775,0.7525916897556012,0.9117820544758742
TX000412,-0.19035984225956334,2023-03-13 16:08:41,0.7491310601744904,0.062283038015191215,-0.2067936485059295,-0.1875748297061208,2024-11-04 08:07:12,-1.0735528336090965,-0.2834385891078046,-0.2259336741271706,-0.7156637661167,True,False,True,True,False,False,-0.9361517274444162,-0.8546207383765094,1.8848313433029775,1.3362026152544912,-1.5954938304101647
TX000413,-0.1891264930193729,2023-11-20 16:29:28,-1.49949295554867,2.1637892285891622,-0.2067936485059295,-0.9706184312749513,2024-11-04 08:06:48,1.2959305011976328,-0.033788003756442586,-0.2259336741271706,-0.2554109805342242,False,False,False,False,False,True,-1.3798523197727885,2.416289309569339,-0.5683791926436955,-0.9982410867410686,-0.028446402356390392
TX000414,-0.55693864420507,2023-02-24 17:00:26,-1.218414953583275,0.8628568249005136,-0.2067936485059295,-0.9836255700790073,2024-11-04 08:08:18,-1.2330588930092723,-0.1844937953290494,-0.2259336741271706,-0.7156637661167,True,False,False,False,False,True,-0.4924511351160437,0.7808342855964149,-0.5683791926436955,-0.025556210909585365,-0.3418558879671453
TX000415,-0.733478884057892,2023-05-15 18:47:35,0.9177778613537274,-0.40948365782794516,6.431744946342571,-0.8626589228019416,2024-11-04 08:07:22,-0.4801801635511782,-0.29820892089406326,4.426077714458506,-0.2554109805342242,True,True,False,False,True,False,0.8386506418690736,-0.8546207383765094,-1.0590212998330302,0.5580547145893046,-1.5954938304101647
TX000416,-0.35648513297299905,2023-10-24 16:43:03,1.9858742688222286,2.1066053866687824,-0.2067936485059295,-0.5601794867695967,2024-11-04 08:08:26,1.0421501307797132,-0.2621577093553421,-0.2259336741271706,-0.7156637661167,True,True,False,False,True,False,-0.04875054278767131,0.7808342855964149,-0.07773708545436095,0.7525916897556012,1.3818962828920065
TX000417,1.0955095197423712,2023-11-21 17:05:17,-0.8811213512248008,-0.8383624722307964,-0.2067936485059295,0.9774140570876635,2024-11-04 08:09:23,1.3055496537160987,-0.25604692970974574,-0.2259336741271706,0.2048418050482517,True,True,False,True,False,False,0.3949500495407011,0.7808342855964149,0.4129050217349737,-0.803704111574772,0.2849630832543645
TX000418,1.6363674212670172,2023-08-07 16:40:02,0.8053466605675694,-1.1671695632729824,-0.2067936485059295,0.22134623067307557,2024-11-04 08:07:01,0.30877098636847045,-0.1371604950425223,-0.2259336741271706,-1.1759165516991759,False,False,True,False,False,False,-0.4924511351160437,-0.30946906371886795,-1.0590212998330302,-0.22009318607588202,-2.8491317728531844
TX000419,-0.10628653571991167,2023-09-26 17:07:06,1.5361494656775965,-0.2808200135070898,-0.2067936485059295,0.6570533306907445,2024-11-04 08:09:17,0.7790410519693065,-0.3236971580675597,-0.2259336741271706,-0.2554109805342242,True,False,False,False,True,False,-0.4924511351160437,-1.399772413034151,1.394189236113643,-1.387315037073662,-2.0656080588262973
TX000420,-0.49400357325423855,2023-03-31 17:36:57,0.018328255064463266,0.34820224761709206,-0.2067936485059295,-0.11707270163690615,2024-11-04 08:08:08,-0.903743679640332,-0.32721654800122063,-0.2259336741271706,-0.7156637661167,True,False,False,True,False,False,2.169752418854191,0.7808342855964149,-0.5683791926436955,0.16898076425671127,0.2849630832543645
TX000421,2.224640749136764,2023-12-11 17:19:07,0.4680530582090954,1.8778700189872617,-0.2067936485059295,0.11917621942450057,2024-11-04 08:07:11,1.493697595619756,-0.05851445444495466,-0.2259336741271706,-0.7156637661167,True,True,False,False,True,False,-0.4924511351160437,-0.30946906371886795,-1.0590212998330302,0.16898076425671127,1.3818962828920065
TX000422,-1.0020064214082547,2023-10-13 16:08:26,-0.6000433492594058,-0.42377961830804023,-0.2067936485059295,-0.46697832463132893,2024-11-04 08:10:31,0.9384867155321207,-0.38885271579724906,-0.2259336741271706,-0.7156637661167,True,True,False,True,False,False,0.3949500495407011,-0.30946906371886795,0.4129050217349737,0.9471286649218978,-0.18515114516176784
TX000423,-0.6114800883823827,2023-06-30 16:31:46,0.6929154597814113,0.1623547613758565,-0.2067936485059295,0.7394421324235907,2024-11-04 08:09:48,-0.04858334816494918,-0.3626531104898281,-0.2259336741271706,-0.7156637661167,True,False,False,True,False,False,-1.3798523197727885,0.23568261093877343,1.394189236113643,1.1416656400881946,0.5983725688651194
TX000424,2.7377140330560077,2023-03-27 16:51:20,-1.162199353190196,0.39109012905737717,-0.2067936485059295,-1.0308312536038393,2024-11-04 08:11:28,-0.941671939039483,1.575946937097793,-0.2259336741271706,-1.1759165516991759,True,False,True,False,False,True,-0.4924511351160437,-1.399772413034151,-0.07773708545436095,1.1416656400881946,0.12825834044898704
TX000425,-0.6093902466142822,2023-02-03 18:15:15,-0.8249057508317219,0.04798707753509617,-0.2067936485059295,-0.4304850057671208,2024-11-04 08:10:20,-1.4300290888422074,-0.32346070878017086,-0.2259336741271706,-0.7156637661167,True,True,False,True,False,False,1.7260518265258185,0.7808342855964149,0.4129050217349737,-0.025556210909585365,1.2251915400866291
TX000426,-0.65159819838969,2023-06-22 16:47:47,0.7491310601744904,-1.2529453261535526,-0.2067936485059295,-1.2230846109477624,2024-11-04 08:08:03,-0.12368464694290886,0.2195598113693157,-0.2259336741271706,-1.1759165516991759,True,False,True,False,False,False,-0.4924511351160437,0.23568261093877343,1.394189236113643,-2.554536888071442,-0.6552653735779002
TX000427,-0.6224089330385151,2023-01-17 18:42:28,0.4680530582090954,-0.8955463141511766,-0.2067936485059295,-0.31207209597257823,2024-11-04 08:09:02,-1.589679662966737,-0.3334848387297335,-0.2259336741271706,-0.7156637661167,True,False,False,False,True,False,-0.4924511351160437,0.23568261093877343,-1.5496634070223647,0.16898076425671127,-0.028446402356390392
TX000428,0.48116455932304186,2023-08-24 18:54:06,1.2550714637122016,1.8206861770668814,-0.2067936485059295,0.06272733948953213,2024-11-04 08:06:33,0.46948615955049433,-0.23134968644052786,-0.2259336741271706,-1.1759165516991759,True,False,False,False,True,False,-0.04875054278767131,-1.9449240876917921,-0.5683791926436955,0.9471286649218978,1.2251915400866291
TX000429,1.300827908532971,2023-05-01 18:28:00,-0.9935525520109589,2.392524596270683,-0.2067936485059295,-1.1503389886042428,2024-11-04 08:07:16,-0.6119376547341825,1.724233666566419,-0.2259336741271706,-0.7156637661167,True,False,True,True,False,False,0.8386506418690736,-0.8546207383765094,-1.0590212998330302,1.1416656400881946,0.5983725688651194
TX000430,-0.00546023533433913,2023-05-15 16:25:29,-0.5438277488663268,1.8349821375469764,-0.2067936485059295,0.5908766595823898,2024-11-04 08:06:54,-0.4811049272014477,-0.31353206779762544,-0.2259336741271706,-1.1759165516991759,True,True,False,False,False,False,-0.04875054278767131,-1.399772413034151,0.9035471289243083,-0.22009318607588202,-0.6552653735779002
TX000431,0.005126012310629153,2023-01-16 16:14:45,-0.4876121484732478,-0.5095553811886104,-0.2067936485059295,0.12844505576920054,2024-11-04 08:08:01,-1.6000396710901728,-0.2872826785707665,-0.2259336741271706,-1.1759165516991759,False,True,False,True,False,False,-0.9361517274444162,-0.30946906371886795,0.4129050217349737,-0.9982410867410686,0.2849630832543645
TX000432,0.5616063375443547,2023-05-15 16:40:24,-1.162199353190196,-1.0813938003924122,-0.2067936485059295,-0.7997410873766058,2024-11-04 08:08:53,-0.4810204818504699,0.06231356392370789,-0.2259336741271706,-0.7156637661167,False,True,False,False,False,True,0.3949500495407011,1.8711376349116977,-0.07773708545436095,1.1416656400881946,0.4416678260597419
TX000433,-0.675168872757775,2023-01-30 17:28:00,0.2994062570298583,-0.1378604087061394,-0.2067936485059295,-1.1950550344829605,2024-11-04 08:11:28,-1.4679536483161866,0.04270299323306041,-0.2259336741271706,0.2048418050482517,True,False,False,True,False,False,0.3949500495407011,-0.30946906371886795,0.4129050217349737,0.9471286649218978,-0.6552653735779002
TX000434,-0.7271408393513575,2023-07-05 16:08:25,1.1988558633191224,0.662713378179183,-0.2067936485059295,-0.7539532922331343,2024-11-04 08:06:25,-0.001702902170196588,-0.3148040343269999,-0.2259336741271706,-1.1759165516991759,True,False,False,False,True,False,0.8386506418690736,-0.30946906371886795,0.4129050217349737,0.16898076425671127,-1.7521985732155423
TX000435,-0.7462920122754265,2023-02-06 16:26:29,-0.31896534729401077,0.7198972200995631,-0.2067936485059295,0.3430205401440935,2024-11-04 08:09:34,-1.4025277626835686,-0.36762409599907275,-0.2259336741271706,-0.7156637661167,True,True,False,True,False,False,-0.04875054278767131,0.23568261093877343,-1.0590212998330302,-0.6091671364084753,-0.028446402356390392
TX000436,1.6475360838309645,2023-07-03 16:48:21,1.7047962668568335,-0.18074829014642452,-0.2067936485059295,0.6664760066428252,2024-11-04 08:09:21,-0.020265644399306244,-0.19365735249957466,-0.2259336741271706,-0.7156637661167,False,False,True,False,True,False,0.3949500495407011,0.23568261093877343,-0.07773708545436095,0.16898076425671127,0.9117820544758742
TX000437,0.3041789433557065,2023-01-24 16:00:14,-0.15031854611477377,0.21953860329623667,-0.2067936485059295,0.10616395263353195,2024-11-04 08:10:06,-1.5249307548192126,-0.25462388659719437,-0.2259336741271706,-0.7156637661167,True,False,True,True,False,False,-0.04875054278767131,-0.30946906371886795,-1.0590212998330302,0.16898076425671127,-0.6552653735779002
TX000438,-0.45340582743130164,2023-11-24 17:11:27,-0.5438277488663268,-0.19504425062651956,-0.2067936485059295,1.237290177849322,2024-11-04 08:11:35,1.3337820415601351,-0.35924838908607015,-0.2259336741271706,-1.1759165516991759,True,False,True,False,False,False,-0.04875054278767131,-0.8546207383765094,0.4129050217349737,0.9471286649218978,-0.968674859188655
TX000439,-0.9705902754845135,2023-02-28 16:28:25,-0.6000433492594058,0.4339780104976623,-0.2067936485059295,0.4878477105259381,2024-11-04 08:08:52,-1.1956629875495328,-0.38790605284860413,-0.2259336741271706,-0.7156637661167,True,False,False,True,False,False,-0.4924511351160437,0.23568261093877343,0.9035471289243083,1.1416656400881946,1.5386010256973839
TX000440,-0.22201580609111926,2023-09-20 17:36:06,0.5804842589952534,0.3624982080971871,-0.2067936485059295,-0.6289483552623197,2024-11-04 08:11:40,0.722801862895379,-0.22012237999943754,-0.2259336741271706,-1.1759165516991759,False,True,False,False,True,False,-0.9361517274444162,-0.30946906371886795,-0.5683791926436955,0.7525916897556012,-0.18515114516176784
TX000441,3.2202961829816528,2023-11-13 17:49:04,0.8615622609606484,0.5626416548185177,-0.2067936485059295,1.1014574965123476,2024-11-04 08:11:45,1.2306027724033934,-0.13356259200958256,-0.2259336741271706,-0.7156637661167,False,True,False,True,False,False,-0.4924511351160437,-0.30946906371886795,-2.0403055142116995,0.7525916897556012,-0.028446402356390392
TX000442,-0.7033646067765741,2023-02-15 16:17:59,0.5242686586021743,-0.06638060630566417,-0.2067936485059295,-0.7917568117535367,2024-11-04 08:11:25,-1.3179758756251128,-0.30247133327314,-0.2259336741271706,-1.1759165516991759,True,True,False,True,False,False,-1.823552912101161,1.3259859602540562,-0.07773708545436095,1.1416656400881946,-2.8491317728531844
TX000443,-0.012414954660968742,2023-11-13 17:34:15,1.3112870641052805,0.47686589193794743,-0.2067936485059295,0.578833582317921,2024-11-04 08:08:57,1.2305243122254876,-0.3135736945927698,-0.2259336741271706,-0.2554109805342242,True,True,False,False,True,False,0.8386506418690736,1.3259859602540562,-0.07773708545436095,0.3635177394230079,-0.6552653735779002
TX000444,-0.5525191427610541,2023-10-11 18:50:24,-1.443277355155591,-0.09497252726585426,-0.2067936485059295,-1.243401695095868,2024-11-04 08:09:24,0.9207472066537158,0.6155609141873063,-0.2259336741271706,-0.7156637661167,True,False,True,False,False,True,-0.9361517274444162,2.416289309569339,0.4129050217349737,0.7525916897556012,0.7550773116704967
TX000445,-0.1594233321514519,2023-12-06 17:27:14,-0.4876121484732478,-1.2243534051933627,-0.2067936485059295,1.2531151454619047,2024-11-04 08:10:13,1.446719972178582,-0.342596103412629,-0.2259336741271706,-1.1759165516991759,True,False,True,False,False,False,-0.4924511351160437,-0.30946906371886795,0.4129050217349737,-0.025556210909585365,0.12825834044898704
TX000446,-0.8476664678788614,2023-09-18 16:57:44,1.8172274676429916,-1.2100574447132675,-0.2067936485059295,0.6763396894693979,2024-11-04 08:10:59,0.7037514922929041,-0.379193555556854,-0.2259336741271706,-0.2554109805342242,False,False,False,False,True,False,2.169752418854191,0.7808342855964149,-1.0590212998330302,-0.22009318607588202,-0.968674859188655
TX000447,-0.9462316279907514,2023-12-26 16:07:28,-0.6000433492594058,1.9779417423479269,-0.2067936485059295,1.148619592148422,2024-11-04 08:11:40,1.6342329416299775,-0.38752470880802825,-0.2259336741271706,-1.1759165516991759,True,True,False,True,False,False,-0.04875054278767131,-0.8546207383765094,-0.07773708545436095,-1.387315037073662,0.12825834044898704
TX000448,-0.7684922985988553,2023-03-10 17:33:12,-1.330846154369433,-1.4102008914345983,-0.2067936485059295,-0.9704440797199196,2024-11-04 08:10:57,-1.1012319738186342,-0.2836943978965626,-0.2259336741271706,-0.7156637661167,True,True,False,False,False,True,-0.9361517274444162,0.7808342855964149,-1.5496634070223647,0.3635177394230079,0.2849630832543645
TX000449,-0.778941507439358,2023-09-13 16:18:07,-0.3751809476870898,2.006533663308117,-0.2067936485059295,1.6693205112505871,2024-11-04 08:07:16,0.6565062772047526,-0.38003857083376813,-0.2259336741271706,-0.7156637661167,True,False,False,False,False,False,1.282351234197446,-0.8546207383765094,-1.5496634070223647,1.5307395904207879,0.5983725688651194
TX000450,1.341939549872654,2023-01-06 17:30:07,-1.274630553976354,-0.2808200135070898,-0.2067936485059295,-1.268013468283357,2024-11-04 08:07:49,-1.6935679030791748,7.581380029277063,-0.2259336741271706,-1.1759165516991759,True,False,False,False,False,True,0.3949500495407011,-0.30946906371886795,1.8848313433029775,-0.9982410867410686,-2.0656080588262973
TX000451,1.5329031238954816,2023-08-03 17:42:02,-0.9373369516178799,1.5919508093853607,-0.2067936485059295,-1.2701338908717572,2024-11-04 08:09:15,0.27155256849564413,8.66726349877787,-0.2259336741271706,0.2048418050482517,True,False,True,False,False,True,0.8386506418690736,-0.30946906371886795,-1.0590212998330302,-1.387315037073662,1.6953057685027615
TX000452,-0.8324551605831787,2023-12-04 16:10:04,0.7491310601744904,0.5769376152986128,-0.2067936485059295,0.5182694928855132,2024-11-04 08:07:19,1.4274307387598748,-0.37687309365994437,-0.2259336741271706,-0.7156637661167,True,False,False,True,False,False,-0.04875054278767131,0.7808342855964149,-0.5683791926436955,-0.41463016124217866,-0.6552653735779002
TX000453,-0.8343737038456972,2023-04-25 16:53:22,-0.9935525520109589,0.37679416857728215,-0.2067936485059295,-1.1910167447892117,2024-11-04 08:11:34,-0.6689965948763001,-0.16604401330658547,-0.2259336741271706,-0.7156637661167,True,True,False,False,False,True,-0.4924511351160437,-0.8546207383765094,-0.07773708545436095,-0.9982410867410686,-1.28208434479941
TX000454,-0.6513583804818752,2023-04-12 17:39:29,1.2550714637122016,0.34820224761709206,-0.2067936485059295,0.6161781470096368,2024-11-04 08:12:09,-0.7909274112672372,-0.3638241555459622,-0.2259336741271706,-0.2554109805342242,True,False,True,False,True,False,0.3949500495407011,0.23568261093877343,-0.5683791926436955,-0.6091671364084753,-0.028446402356390392
TX000455,1.0740972065446197,2023-10-18 18:32:31,-1.387061754762512,2.321044793870208,4.772110297630446,-1.075457559711585,2024-11-04 08:11:12,0.9864338281896106,0.9118924406957295,4.426077714458506,0.2048418050482517,True,False,False,False,False,True,-0.04875054278767131,0.7808342855964149,-0.07773708545436095,-0.9982410867410686,0.5983725688651194
TX000456,-0.26710157276030494,2023-11-10 16:06:27,0.1869750562437003,-1.0813938003924122,-0.2067936485059295,0.7433855543594547,2024-11-04 08:07:29,1.2017541293756107,-0.33806903921575454,-0.2259336741271706,-0.7156637661167,True,False,False,False,False,False,-1.3798523197727885,-0.30946906371886795,-1.5496634070223647,0.9471286649218978,1.3818962828920065
TX000457,-0.3730668283133379,2023-02-10 16:01:04,0.5242686586021743,0.04798707753509617,-0.2067936485059295,-0.009549072051475477,2024-11-04 08:09:59,-1.3650877845857543,-0.31890190605652136,-0.2259336741271706,0.6650945906307275,True,True,False,False,True,False,0.3949500495407011,1.3259859602540562,-1.5496634070223647,-0.22009318607588202,-0.18515114516176784
TX000458,-0.6991506635392567,2023-08-14 17:41:24,0.35562185742293734,-0.32370789494737495,-0.2067936485059295,-0.595642080264353,2024-11-04 08:08:04,0.3749799502815474,-0.32610524526677953,-0.2259336741271706,-1.1759165516991759,True,False,True,True,False,False,-0.9361517274444162,1.3259859602540562,-0.5683791926436955,-0.025556210909585365,1.2251915400866291
TX000459,-0.07425371517607526,2023-09-18 18:47:52,0.9739934617468065,-0.18074829014642452,-0.2067936485059295,-0.855584864855876,2024-11-04 08:07:39,0.7044923478978741,-0.08709302435660353,-0.2259336741271706,-0.7156637661167,False,True,False,False,True,False,0.8386506418690736,2.416289309569339,0.4129050217349737,0.5580547145893046,-0.6552653735779002
TX000460,0.2713238899850766,2023-01-30 17:47:18,1.3112870641052805,2.078013465708592,-0.2067936485059295,0.6755704914324934,2024-11-04 08:08:44,-1.4678097865198043,-0.29639277973933414,-0.2259336741271706,-0.2554109805342242,True,True,False,False,True,False,0.3949500495407011,-0.30946906371886795,1.8848313433029775,-0.22009318607588202,-0.6552653735779002
TX000461,-0.9887821767773233,2023-08-21 16:07:13,1.1988558633191224,-0.9098422746312717,-0.2067936485059295,-0.15320962541068175,2024-11-04 08:10:53,0.4401617496741614,-0.3880013064050522,-0.2259336741271706,-0.7156637661167,True,False,True,False,True,False,-0.4924511351160437,-1.399772413034151,-0.07773708545436095,-0.9982410867410686,0.5983725688651194
TX000462,1.3694500898691255,2023-05-11 16:30:04,1.3112870641052805,-0.40948365782794516,-0.2067936485059295,-0.7943977250135755,2024-11-04 08:11:18,-0.5187123813239461,0.287293011954316,-0.2259336741271706,-0.7156637661167,True,False,True,False,True,False,0.3949500495407011,0.23568261093877343,-0.5683791926436955,-1.387315037073662,0.2849630832543645
TX000463,-0.9597642099317304,2023-09-13 16:41:19,-1.49949295554867,-0.4523715392682303,-0.2067936485059295,-0.8088842880419446,2024-11-04 08:09:39,0.6566421950441487,-0.3744200096391803,-0.2259336741271706,-1.1759165516991759,True,False,False,False,False,True,-1.3798523197727885,-0.30946906371886795,0.9035471289243083,0.16898076425671127,0.9117820544758742
TX000464,0.01564374055336489,2023-10-18 17:47:52,1.9858742688222286,0.2624264847365218,6.431744946342571,-0.3173436665188307,2024-11-04 08:07:38,0.9861655836146619,-0.23881588407722412,4.426077714458506,-0.7156637661167,True,False,True,False,True,False,-0.4924511351160437,-0.8546207383765094,-0.5683791926436955,1.3362026152544912,0.2849630832543645
TX000465,0.497266618847751,2023-10-16 17:47:41,-1.218414953583275,0.23383456377633172,-0.2067936485059295,-0.8522798772906429,2024-11-04 08:09:45,0.9673462406927615,0.09367618103408422,-0.2259336741271706,-0.2554109805342242,True,True,False,False,False,True,0.8386506418690736,-0.30946906371886795,1.8848313433029775,0.7525916897556012,-0.028446402356390392
TX000466,1.1179153642724984,2023-08-08 17:44:21,-0.9935525520109589,1.8492780980270715,-0.2067936485059295,-1.1288834913615184,2024-11-04 08:10:15,0.3185719793269929,1.3284711935521234,-0.2259336741271706,1.1253473762132034,True,False,False,False,False,True,1.282351234197446,0.23568261093877343,-1.5496634070223647,1.1416656400881946,-0.028446402356390392
TX000467,0.5064139590458305,2023-11-20 16:27:31,-0.5438277488663268,1.649134651305741,3.1124756489183207,1.805142936613736,2024-11-04 08:08:08,1.2959090633959025,-0.319918924460502,4.426077714458506,-0.7156637661167,True,False,False,False,False,False,1.7260518265258185,0.7808342855964149,-1.5496634070223647,1.1416656400881946,0.12825834044898704
TX000468,-0.8023066236007446,2023-11-24 17:29:06,-1.0497681524040379,-1.1957614842331725,-0.2067936485059295,-0.9148541375928279,2024-11-04 08:07:15,1.3339255768925318,-0.3113905854771792,-0.2259336741271706,-0.2554109805342242,True,False,False,False,False,True,-0.4924511351160437,-0.30946906371886795,1.8848313433029775,-0.803704111574772,1.6953057685027615
TX000469,0.1687503448425676,2023-11-03 18:33:50,-0.03788734532861574,-0.4523715392682303,-0.2067936485059295,0.5368610094374959,2024-11-04 08:10:25,1.1368821443054626,-0.29738435169731736,-0.2259336741271706,-1.1759165516991759,True,False,False,False,False,False,0.3949500495407011,0.7808342855964149,-0.5683791926436955,0.9471286649218978,0.2849630832543645
TX000470,-0.7730488388473369,2023-02-13 16:39:52,0.8053466605675694,-0.9527301560715568,-0.2067936485059295,1.0648308499884092,2024-11-04 08:06:23,-1.3366044547580131,-0.3766551342647516,-0.2259336741271706,-0.7156637661167,False,False,True,True,False,False,-0.4924511351160437,0.23568261093877343,-0.5683791926436955,0.5580547145893046,0.9117820544758742
TX000471,-0.9938526125425509,2023-02-17 16:08:54,1.0302090621398854,-1.1957614842331725,-0.2067936485059295,0.3516458141312497,2024-11-04 08:11:28,-1.299231184134618,-0.38963490154576996,-0.2259336741271706,-0.7156637661167,True,False,True,False,True,False,-1.823552912101161,-0.30946906371886795,-1.0590212998330302,0.16898076425671127,-1.5954938304101647
TX000472,-0.312221599130607,2023-11-27 18:26:02,1.1426402629260435,2.278156912429923,-0.2067936485059295,-0.289711509039763,2024-11-04 08:06:44,1.3625071723799802,-0.29013127023008073,-0.2259336741271706,-1.1759165516991759,True,False,False,False,True,False,0.3949500495407011,-1.399772413034151,-0.07773708545436095,1.3362026152544912,-0.6552653735779002
TX000473,0.4300148255562529,2023-07-25 18:41:02,0.8615622609606484,-1.038505918952127,-0.2067936485059295,-1.205467411909192,2024-11-04 08:10:58,0.18730712229846852,1.6169975271760613,-0.2259336741271706,-1.1759165516991759,True,False,False,True,False,False,-0.04875054278767131,0.23568261093877343,-0.5683791926436955,-0.6091671364084753,-0.8119701163832775
TX000474,-0.8967606195786663,2023-03-28 17:23:54,0.5242686586021743,0.7484891410597533,-0.2067936485059295,-0.08170241190657869,2024-11-04 08:10:57,-0.9320537659129743,-0.3772270741986112,-0.2259336741271706,-0.2554109805342242,False,False,True,False,True,False,0.8386506418690736,1.3259859602540562,-1.0590212998330302,1.3362026152544912,0.12825834044898704
TX000475,-0.7160064364885267,2023-02-14 17:01:44,-0.9373369516178799,-0.20934021110661458,-0.2067936485059295,-1.2480835471471603,2024-11-04 08:08:47,-1.3270751886569538,0.31118387180009377,-0.2259336741271706,-0.7156637661167,False,True,False,False,False,True,1.7260518265258185,-1.399772413034151,-1.0590212998330302,0.16898076425671127,-0.028446402356390392
TX000476,3.884043632410835,2023-09-04 18:46:40,-1.49949295554867,0.6913052991393731,-0.2067936485059295,-1.0400000942037415,2024-11-04 08:11:20,0.5728301841987056,2.2630462100551907,-0.2259336741271706,0.2048418050482517,True,False,False,False,False,True,0.8386506418690736,-0.30946906371886795,-0.07773708545436095,-1.5818520122399586,1.3818962828920065
TX000477,-0.8351959366724909,2023-10-16 16:55:44,0.5804842589952534,-1.1814655237530776,1.4528410002061958,-0.6537370439982971,2024-11-04 08:12:05,0.9669918096255777,-0.35070174312663677,4.426077714458506,0.2048418050482517,False,False,False,True,False,False,1.282351234197446,2.416289309569339,0.4129050217349737,-2.554536888071442,-0.028446402356390392
TX000478,-0.9426000996724128,2023-05-17 16:03:51,0.5242686586021743,-0.5953311440691808,-0.2067936485059295,0.38900832677716,2024-11-04 08:07:46,-0.4624475104164738,-0.38525352195433515,-0.2259336741271706,-1.1759165516991759,True,False,True,False,True,False,1.282351234197446,1.8711376349116977,2.3754734504923123,-0.22009318607588202,-0.18515114516176784
TX000479,0.1277757423073501,2023-07-20 18:23:13,-1.330846154369433,2.006533663308117,-0.2067936485059295,-0.885250269145828,2024-11-04 08:08:44,0.14019456040985562,0.0037961991260424418,-0.2259336741271706,-0.7156637661167,True,False,True,False,False,True,-1.3798523197727885,2.416289309569339,-0.5683791926436955,-0.025556210909585365,1.6953057685027615
TX000480,0.07426208916352939,2023-07-20 16:58:05,0.5242686586021743,-0.8669543931909865,-0.2067936485059295,0.0999206285673235,2024-11-04 08:06:35,0.13965273901485775,-0.2779665962746864,-0.2259336741271706,-1.1759165516991759,False,False,True,False,True,False,-1.823552912101161,-1.399772413034151,1.8848313433029775,1.1416656400881946,0.9117820544758742
TX000481,-0.5251799012701648,2023-12-08 17:24:44,-1.49949295554867,-0.4523715392682303,-0.2067936485059295,-1.2312586220866015,2024-11-04 08:10:39,1.4655051452033083,0.5132712547479057,-0.2259336741271706,-0.2554109805342242,True,False,False,False,False,True,-0.04875054278767131,0.23568261093877343,-1.0590212998330302,-0.41463016124217866,1.3818962828920065
TX000482,0.17508838954910194,2023-05-02 17:13:45,1.3675026644983594,0.41968205001756725,-0.2067936485059295,-0.6842588221026696,2024-11-04 08:06:58,-0.603018332179812,-0.11190001530922017,-0.2259336741271706,-0.2554109805342242,False,True,False,False,True,False,-0.4924511351160437,-0.30946906371886795,-1.0590212998330302,-0.22009318607588202,0.12825834044898704
TX000483,0.23507712620392265,2023-01-12 17:57:06,0.9739934617468065,0.8771527853806086,-0.2067936485059295,1.4739595938375696,2024-11-04 08:11:36,-1.6370034470541228,-0.3256822518440596,-0.2259336741271706,-0.2554109805342242,True,False,False,False,False,False,-0.4924511351160437,-0.30946906371886795,-0.5683791926436955,0.16898076425671127,1.3818962828920065
TX000484,-0.6799994906151876,2023-05-01 16:58:41,0.5804842589952534,-1.5388645357554536,-0.2067936485059295,0.07706519089743294,2024-11-04 08:09:35,-0.6125359543987131,-0.35595424500284045,-0.2259336741271706,-1.1759165516991759,True,False,True,False,True,False,-0.04875054278767131,1.3259859602540562,0.4129050217349737,1.1416656400881946,1.2251915400866291
TX000485,0.8282495913333154,2023-05-22 17:34:50,0.5804842589952534,0.10517091945547634,-0.2067936485059295,-0.3063620825452901,2024-11-04 08:11:49,-0.4148690844202116,-0.12162803633259366,-0.2259336741271706,-0.7156637661167,True,False,False,False,True,False,1.282351234197446,0.23568261093877343,0.4129050217349737,0.9471286649218978,-0.6552653735779002
TX000486,-0.3720732969809621,2023-06-08 16:43:06,0.7491310601744904,-0.39518769734785014,-0.2067936485059295,0.5643444552960956,2024-11-04 08:07:32,-0.2553421313249485,-0.3411582124542935,-0.2259336741271706,-0.2554109805342242,True,True,False,True,False,False,-0.4924511351160437,0.7808342855964149,3.847399772060316,1.3362026152544912,1.3818962828920065
TX000487,3.8339902090797713,2023-01-16 17:00:11,0.07454385545754227,-0.8812503536710816,-0.2067936485059295,-0.35218320960369415,2024-11-04 08:11:35,-1.5997663119127807,0.3519305793276168,-0.2259336741271706,0.2048418050482517,True,False,False,True,False,False,-0.4924511351160437,-0.8546207383765094,1.8848313433029775,1.1416656400881946,-0.6552653735779002
TX000488,1.4133710267003534,2023-03-08 16:20:43,-1.0497681524040379,1.5347669674649806,-0.2067936485059295,-1.19191670649239,2024-11-04 08:12:20,-1.1205185955254555,2.5979249453863806,-0.2259336741271706,-0.2554109805342242,True,False,False,False,False,True,0.3949500495407011,0.23568261093877343,-0.07773708545436095,0.16898076425671127,-2.0656080588262973
TX000489,0.037981065681259245,2023-02-27 17:14:10,0.4680530582090954,0.7198972200995631,-0.2067936485059295,1.2507306315475009,2024-11-04 08:10:16,-1.2047755767834607,-0.33122263567293364,-0.2259336741271706,-1.1759165516991759,True,False,True,False,False,False,-0.9361517274444162,0.7808342855964149,0.9035471289243083,0.5580547145893046,-0.6552653735779002
TX000490,-0.44850669017165606,2023-03-27 18:47:56,0.6929154597814113,0.2767224452166169,-0.2067936485059295,0.006893817984087222,2024-11-04 08:12:19,-0.9409161749124976,-0.328225247052673,-0.2259336741271706,-1.1759165516991759,True,False,False,False,True,False,-1.3798523197727885,-1.9449240876917921,0.4129050217349737,-0.9982410867410686,0.2849630832543645
TX000491,-1.0161556779693288,2023-09-13 16:55:14,0.018328255064463266,0.19094668233604659,-0.2067936485059295,-0.20421001925090965,2024-11-04 08:09:12,0.6567359990293843,-0.3914560319451708,-0.2259336741271706,-1.1759165516991759,True,False,False,True,False,False,-0.04875054278767131,0.7808342855964149,-0.07773708545436095,-0.22009318607588202,1.5386010256973839
TX000492,0.7112184523196845,2023-03-14 16:25:04,-0.8249057508317219,0.11946687993557138,6.431744946342571,0.05445333260589565,2024-11-04 08:10:19,-1.064064049042269,-0.20561532790248746,4.426077714458506,-0.2554109805342242,True,False,False,False,False,False,-0.4924511351160437,-0.30946906371886795,0.9035471289243083,-1.5818520122399586,0.2849630832543645
TX000493,-0.791446298346845,2023-12-04 17:06:43,-1.218414953583275,-0.5810351835890857,-0.2067936485059295,-0.8917525565511281,2024-11-04 08:08:48,1.4277909373574733,-0.31201763024053053,-0.2259336741271706,-0.7156637661167,True,True,False,False,False,True,-0.04875054278767131,0.7808342855964149,-0.07773708545436095,-0.025556210909585365,-0.028446402356390392
TX000494,-0.25408288633607196,2023-02-08 17:59:42,1.8172274676429916,0.8342649039403235,-0.2067936485059295,0.7225607995069921,2024-11-04 08:09:38,-1.3831152346995808,-0.3365768474050126,-0.2259336741271706,-0.7156637661167,True,True,False,False,True,False,-0.4924511351160437,0.23568261093877343,-0.07773708545436095,0.9471286649218978,-1.5954938304101647
TX000495,1.2414215867971294,2023-09-20 16:59:45,0.8615622609606484,-0.08067656678575921,-0.2067936485059295,-0.30424678794380267,2024-11-04 08:06:26,0.7225986934749209,-0.0618876054006545,-0.2259336741271706,-0.2554109805342242,True,False,True,True,False,False,0.8386506418690736,-0.8546207383765094,-1.5496634070223647,-0.41463016124217866,0.5983725688651194
TX000496,1.1554639966960756,2023-08-10 16:28:55,-0.9935525520109589,-1.0670978399123172,-0.2067936485059295,-1.160412918894236,2024-11-04 08:08:00,0.3368984704517562,1.7238688294334814,-0.2259336741271706,-0.7156637661167,True,False,False,False,False,True,0.3949500495407011,-0.8546207383765094,-1.0590212998330302,0.7525916897556012,0.12825834044898704
TX000497,-0.038006951394921495,2023-10-23 16:58:04,-0.8249057508317219,-0.8526584327108915,-0.2067936485059295,0.8726928723500222,2024-11-04 08:09:17,1.0328404661197277,-0.3258349107386453,-0.2259336741271706,-0.7156637661167,False,True,False,True,False,False,0.3949500495407011,1.8711376349116977,0.4129050217349737,-0.025556210909585365,0.2849630832543645
TX000498,0.0869039188754819,2023-11-27 16:21:20,1.7610118672499127,0.6913052991393731,-0.2067936485059295,-0.6955378293171466,2024-11-04 08:11:24,1.3616625012275452,-0.12782094533022412,-0.2259336741271706,-0.7156637661167,False,True,False,False,True,False,-0.4924511351160437,-0.8546207383765094,-0.5683791926436955,0.16898076425671127,1.2251915400866291
TX000499,1.2226815302864573,2023-08-07 16:37:06,-1.443277355155591,-0.08067656678575921,-0.2067936485059295,0.42616315595310605,2024-11-04 08:10:17,0.3087305048342388,-0.20218861399837704,-0.2259336741271706,-1.1759165516991759,True,True,False,False,False,True,-1.3798523197727885,0.23568261093877343,-0.5683791926436955,0.3635177394230079,-0.8119701163832775
TX000500,-0.47834688984404267,2023-06-21 16:00:51,0.1869750562437003,0.2910184056967119,-0.2067936485059295,0.10656393561272243,2024-11-04 08:10:06,-0.1334066356168825,-0.3357947795776571,-0.2259336741271706,-0.7156637661167,True,True,False,False,False,False,-0.4924511351160437,-0.30946906371886795,-0.07773708545436095,0.7525916897556012,1.2251915400866291
TX000501,-0.6053476018825467,2023-07-12 16:17:27,-0.2627497469009318,-0.9670261165516518,-0.2067936485059295,0.9987054587491816,2024-11-04 08:08:19,0.06415881288338283,-0.3655456924620636,-0.2259336741271706,-1.1759165516991759,True,True,False,False,False,False,-1.3798523197727885,1.3259859602540562,3.847399772060316,0.16898076425671127,1.2251915400866291
TX000502,-0.14671298303726654,2023-01-18 16:47:29,0.6929154597814113,-0.8955463141511766,-0.2067936485059295,0.2257768113656457,2024-11-04 08:07:07,-1.5810157440705428,-0.30842848713169124,-0.2259336741271706,0.2048418050482517,True,True,False,True,False,False,0.8386506418690736,0.23568261093877343,0.4129050217349737,-1.387315037073662,0.4416678260597419
TX000503,1.7073877816813197,2023-09-28 17:53:43,1.1426402629260435,-0.009196764385283997,-0.2067936485059295,0.09083639975148071,2024-11-04 08:08:26,0.7981553006916576,-0.1060073767114599,-0.2259336741271706,-1.1759165516991759,True,False,True,False,True,False,-0.4924511351160437,-0.30946906371886795,0.4129050217349737,1.3362026152544912,-0.028446402356390392
TX000504,-0.5082213492175456,2023-04-10 16:38:45,-0.31896534729401077,0.319610326656902,-0.2067936485059295,0.14440847902842632,2024-11-04 08:07:41,-0.8100991176510783,-0.3402701414259937,-0.2259336741271706,-0.7156637661167,True,False,False,True,False,False,-0.04875054278767131,-0.30946906371886795,-0.5683791926436955,-0.22009318607588202,0.9117820544758742
TX000505,-1.007830570598043,2023-09-25 16:14:35,-0.09410294572169475,0.5483456943384226,-0.2067936485059295,2.3244926311644054,2024-11-04 08:08:48,0.7692991489922028,-0.39143258143006254,-0.2259336741271706,-1.1759165516991759,False,False,True,False,False,False,-1.3798523197727885,1.3259859602540562,0.9035471289243083,-0.803704111574772,-0.028446402356390392
TX000506,-0.7859304864671042,2023-03-14 16:07:32,-0.2627497469009318,0.9915204692213689,-0.2067936485059295,1.2257932311910553,2024-11-04 08:07:50,-1.0641623147019763,-0.37836907613325477,-0.2259336741271706,-0.7156637661167,False,False,True,False,False,False,0.8386506418690736,1.3259859602540562,0.4129050217349737,3.6706463172500507,0.12825834044898704
TX000507,0.6708947841056788,2023-06-14 17:21:32,-0.31896534729401077,-0.12356444822604433,-0.2067936485059295,-0.7388052188930274,2024-11-04 08:10:01,-0.1986944269835331,0.04204398631744946,-0.2259336741271706,-0.7156637661167,True,True,False,True,False,False,-0.04875054278767131,-0.30946906371886795,0.9035471289243083,-0.22009318607588202,-1.28208434479941
TX000508,-0.8908336912855286,2023-04-26 18:35:50,0.6929154597814113,-1.1099857213526023,-0.2067936485059295,0.6731090577143988,2024-11-04 08:09:21,-0.6589109253222135,-0.38237083368941904,-0.2259336741271706,-1.1759165516991759,True,False,False,False,True,False,-2.2672535044295334,1.3259859602540562,2.3754734504923123,-0.025556210909585365,-2.0656080588262973
TX000509,-0.5844491842015411,2023-09-15 17:09:41,-1.443277355155591,-0.7382907488701311,6.431744946342571,-1.2007547919364234,2024-11-04 08:10:12,0.6756281434201044,0.18543744648554797,4.426077714458506,-1.1759165516991759,False,True,False,False,False,True,-0.4924511351160437,-0.30946906371886795,-0.5683791926436955,1.1416656400881946,-0.6552653735779002
TX000510,-0.6876051442630291,2023-03-16 16:02:01,0.8053466605675694,-0.9527301560715568,-0.2067936485059295,0.23861216260812637,2024-11-04 08:11:06,-1.0454153379635813,-0.36042227931445764,-0.2259336741271706,-1.1759165516991759,True,False,False,False,True,False,-0.9361517274444162,1.3259859602540562,-1.0590212998330302,1.1416656400881946,-0.968674859188655
TX000511,0.5164177917718199,2023-05-01 16:11:56,-1.105983752797117,0.5912335757787078,-0.2067936485059295,-1.074855021249343,2024-11-04 08:09:44,-0.6128421776173362,0.5621676609753256,-0.2259336741271706,-1.1759165516991759,True,False,False,False,False,True,-0.4924511351160437,-0.30946906371886795,-0.5683791926436955,-1.387315037073662,0.2849630832543645
TX000512,2.805479721864252,2023-09-18 17:44:50,0.35562185742293734,-0.9241382351113667,-0.2067936485059295,-1.1965575346483808,2024-11-04 08:11:35,0.7040551037996412,4.4983859355780105,-0.2259336741271706,-1.1759165516991759,True,False,False,True,False,False,0.3949500495407011,-0.8546207383765094,0.4129050217349737,0.16898076425671127,-0.028446402356390392
TX000513,-0.9899127469141646,2023-06-05 17:08:37,0.1869750562437003,2.1923811495493526,-0.2067936485059295,1.4522579532230362,2024-11-04 08:09:03,-0.2833919169796284,-0.3903298560506661,-0.2259336741271706,-1.1759165516991759,True,False,True,False,False,False,-0.04875054278767131,1.3259859602540562,3.847399772060316,-0.6091671364084753,-0.6552653735779002
TX000514,-0.7949065281596016,2023-04-06 17:24:16,-0.20653414650785276,-0.5381473021488006,-0.2067936485059295,0.6152269054373315,2024-11-04 08:06:26,-0.8474024161601967,-0.3747642866350521,-0.2259336741271706,-1.1759165516991759,True,False,True,True,False,False,-2.2672535044295334,1.8711376349116977,1.394189236113643,-0.22009318607588202,0.7550773116704967
TX000515,0.8298255375846697,2023-02-21 16:14:16,0.07454385545754227,0.8199689434602284,-0.2067936485059295,-0.7853647760668598,2024-11-04 08:09:05,-1.2615719310597158,0.1248502222026409,-0.2259336741271706,-1.1759165516991759,True,False,True,True,False,False,-1.823552912101161,-0.8546207383765094,-0.07773708545436095,0.5580547145893046,-0.3418558879671453
TX000516,0.22589552630472676,2023-01-18 17:03:54,1.0302090621398854,0.319610326656902,-0.2067936485059295,-1.0449280896268436,2024-11-04 08:10:57,-1.5809335839674652,0.29487715277401555,-0.2259336741271706,0.2048418050482517,True,False,False,False,True,False,2.169752418854191,-1.9449240876917921,0.4129050217349737,1.1416656400881946,0.2849630832543645
TX000517,-0.7972019281344006,2023-02-14 16:23:39,0.35562185742293734,-0.681106906949751,-0.2067936485059295,0.4462135847817512,2024-11-04 08:10:18,-1.3273337481336591,-0.37330804344382096,-0.2259336741271706,-0.2554109805342242,False,True,False,False,True,False,0.8386506418690736,0.23568261093877343,-2.0403055142116995,-0.41463016124217866,0.5983725688651194
TX000518,0.20756658620745155,2023-04-10 16:44:52,-1.49949295554867,0.5340497338583277,-0.2067936485059295,-1.1523722354151273,2024-11-04 08:07:58,-0.8100610301860754,0.7414931324634939,-0.2259336741271706,-0.7156637661167,True,False,False,False,False,True,-0.04875054278767131,-0.8546207383765094,-0.5683791926436955,1.3362026152544912,0.2849630832543645
TX000519,-0.4467251857136032,2023-01-18 17:53:37,-0.8249057508317219,-0.5095553811886104,-0.2067936485059295,1.5913494702430293,2024-11-04 08:06:52,-1.5805823087188102,-0.36289321539642816,-0.2259336741271706,-0.7156637661167,True,True,False,False,False,False,0.3949500495407011,0.23568261093877343,-2.0403055142116995,-0.22009318607588202,-0.028446402356390392
TX000520,-0.60188737206979,2023-06-26 18:39:52,0.8615622609606484,0.19094668233604659,-0.2067936485059295,2.4092556908378304,2024-11-04 08:08:59,-0.08535026634549868,-0.37540221434265014,-0.2259336741271706,0.2048418050482517,True,True,False,False,False,False,1.282351234197446,1.3259859602540562,-0.5683791926436955,1.1416656400881946,0.12825834044898704
TX000521,-0.5482366801215037,2023-12-11 17:26:22,0.5242686586021743,-0.7096988279099411,-0.2067936485059295,-0.0027262854641322133,2024-11-04 08:11:22,1.4937176187442147,-0.33896058387433625,-0.2259336741271706,-0.7156637661167,True,False,True,True,False,False,-0.4924511351160437,0.23568261093877343,-0.07773708545436095,-0.22009318607588202,-1.28208434479941
TX000522,0.812044752705257,2023-12-05 17:51:28,0.5804842589952534,-1.0670978399123172,-0.2067936485059295,2.225348132194322,2024-11-04 08:06:35,1.4374997586506888,-0.3157662356624156,-0.2259336741271706,-0.7156637661167,True,False,True,False,False,False,1.282351234197446,-0.30946906371886795,-1.0590212998330302,0.5580547145893046,1.3818962828920065
TX000523,0.5698286658122915,2023-03-13 16:41:12,0.2994062570298583,1.1344800740223193,-0.2067936485059295,-0.695076310495004,2024-11-04 08:09:14,-1.0733537993991245,-0.012841493077003698,-0.2259336741271706,-1.1759165516991759,True,False,True,True,False,False,-0.04875054278767131,-1.399772413034151,0.9035471289243083,-1.387315037073662,0.2849630832543645
TX000524,0.07724268316065643,2023-01-31 16:58:42,0.8615622609606484,-0.33800385542746997,-0.2067936485059295,-0.5226272386079168,2024-11-04 08:07:40,-1.4587179821596352,-0.18750112388439968,-0.2259336741271706,-1.1759165516991759,True,False,True,False,True,False,-0.9361517274444162,0.23568261093877343,-1.0590212998330302,-0.22009318607588202,-0.6552653735779002
TX000525,-0.28320363228501405,2023-05-15 17:02:15,-0.9373369516178799,-0.9670261165516518,-0.2067936485059295,0.6976874989869554,2024-11-04 08:08:51,-0.4808775994460449,-0.33802287234572526,-0.2259336741271706,-0.7156637661167,True,False,True,False,False,True,-0.04875054278767131,1.3259859602540562,-0.07773708545436095,0.9471286649218978,-2.8491317728531844
TX000526,1.2416614047049441,2023-10-12 16:57:36,-1.387061754762512,-0.5095553811886104,-0.2067936485059295,-1.2050443529888943,2024-11-04 08:08:35,0.9294181989362675,2.729387124702514,-0.2259336741271706,-0.7156637661167,True,True,False,False,False,True,-1.3798523197727885,-0.8546207383765094,1.8848313433029775,-0.41463016124217866,-0.6552653735779002
TX000527,0.16518733592646165,2023-06-26 16:10:57,-0.2627497469009318,0.21953860329623667,-0.2067936485059295,0.257039583578903,2024-11-04 08:12:14,-0.0863438050754305,-0.28085660983073435,-0.2259336741271706,-1.1759165516991759,True,True,False,True,False,False,-0.9361517274444162,-0.30946906371886795,-1.0590212998330302,-0.22009318607588202,-0.028446402356390392
TX000528,-0.5277836385550114,2023-10-16 16:06:05,1.4799338652845175,-0.5667392231089906,-0.2067936485059295,0.244429863760581,2024-11-04 08:08:22,0.9666918980440123,-0.3454379047755063,-0.2259336741271706,-1.1759165516991759,True,False,False,False,True,False,-2.2672535044295334,-0.30946906371886795,-0.07773708545436095,0.3635177394230079,1.2251915400866291
TX000529,-0.87377236012956,2023-03-31 18:57:11,0.4680530582090954,-1.295833207593838,-0.2067936485059295,0.5710339142237089,2024-11-04 08:10:32,-0.9032354840358652,-0.38052131934761824,-0.2259336741271706,-0.7156637661167,True,True,False,True,False,False,1.282351234197446,0.23568261093877343,0.4129050217349737,1.3362026152544912,0.2849630832543645
TX000530,2.623115332821641,2023-01-17 16:48:10,-1.330846154369433,0.11946687993557138,-0.2067936485059295,-0.9931867016777308,2024-11-04 08:07:39,-1.5904169274678637,1.2903437939108588,-0.2259336741271706,0.6650945906307275,False,False,True,False,False,True,1.282351234197446,0.7808342855964149,-0.07773708545436095,1.1416656400881946,0.9117820544758742
TX000531,0.8366089584057175,2023-08-11 16:43:45,-1.274630553976354,0.07657899849528625,-0.2067936485059295,-0.9384787732996229,2024-11-04 08:11:29,0.3463747405657971,0.33960230147875053,-0.2259336741271706,-1.1759165516991759,True,False,False,False,False,True,-0.04875054278767131,-0.8546207383765094,-0.5683791926436955,-0.803704111574772,0.2849630832543645
TX000532,-0.8805557809506078,2023-02-13 17:02:27,-1.0497681524040379,-0.8097705512706064,-0.2067936485059295,-0.9326251762387794,2024-11-04 08:06:37,-1.3364585253563879,-0.3379761296367148,-0.2259336741271706,-0.7156637661167,True,True,False,False,False,True,-0.04875054278767131,0.7808342855964149,-0.5683791926436955,0.3635177394230079,-0.8119701163832775
TX000533,-0.6076087421562292,2023-08-28 16:52:22,-1.49949295554867,0.1623547613758565,1.4528410002061958,-0.8130866733168998,2024-11-04 08:08:20,0.5062883358415036,-0.27040000765021377,4.426077714458506,-0.2554109805342242,True,True,False,False,False,True,-0.04875054278767131,-1.9449240876917921,1.8848313433029775,-0.22009318607588202,-0.6552653735779002
TX000534,0.6888811271917901,2023-12-05 16:19:23,-0.9373369516178799,1.7777982956265963,-0.2067936485059295,-0.8703047512887727,2024-11-04 08:08:24,1.4368866592854714,0.17735970967335524,-0.2259336741271706,-0.7156637661167,True,False,True,False,False,True,-0.9361517274444162,0.7808342855964149,-0.07773708545436095,-0.22009318607588202,0.7550773116704967
TX000535,-0.24109845961295542,2023-03-27 18:52:04,0.4680530582090954,1.4346952441043153,-0.2067936485059295,-1.0977694307687296,2024-11-04 08:11:56,-0.9408866843324526,0.1434581821010956,-0.2259336741271706,-1.1759165516991759,True,False,False,False,False,False,-0.9361517274444162,-0.8546207383765094,-0.07773708545436095,0.16898076425671127,-2.0656080588262973
TX000536,3.032895617874931,2023-12-11 16:06:51,-0.8249057508317219,-1.2243534051933627,-0.2067936485059295,0.661986454100759,2024-11-04 08:08:58,1.493214102456877,-0.08999588665064691,-0.2259336741271706,-0.7156637661167,True,False,True,True,False,False,-0.9361517274444162,0.7808342855964149,-1.0590212998330302,-0.41463016124217866,1.2251915400866291
TX000537,-0.8244726502230569,2023-12-11 16:52:47,1.7610118672499127,-0.6525149859895609,-0.2067936485059295,0.4846786146138915,2024-11-04 08:07:42,1.4935222844594143,-0.37593855372693197,-0.2259336741271706,-1.1759165516991759,False,False,True,False,True,False,-0.04875054278767131,-1.399772413034151,-0.5683791926436955,-0.41463016124217866,1.3818962828920065
TX000538,1.1381971073334087,2023-07-17 16:22:23,1.3112870641052805,0.5626416548185177,-0.2067936485059295,0.32598280362665755,2024-11-04 08:11:59,0.11117789725074585,-0.19816785360669054,-0.2259336741271706,-0.7156637661167,True,False,False,False,True,False,-0.04875054278767131,0.23568261093877343,-1.0590212998330302,-0.803704111574772,0.12825834044898704
TX000539,-0.8159077249439564,2023-06-13 17:52:56,-0.5438277488663268,0.8056729829801335,-0.2067936485059295,0.0917209774939209,2024-11-04 08:06:34,-0.20786904437475132,-0.370569718705741,-0.2259336741271706,-1.1759165516991759,True,False,True,True,False,False,-0.04875054278767131,-0.30946906371886795,1.394189236113643,0.9471286649218978,0.12825834044898704
TX000540,-0.3799530282377347,2023-12-29 16:38:21,-0.8249057508317219,-0.9384341955914618,-0.2067936485059295,0.8942996452066706,2024-11-04 08:08:12,1.6626637107560145,-0.3492744046266116,-0.2259336741271706,-0.7156637661167,True,True,False,True,False,False,0.3949500495407011,-0.8546207383765094,-0.5683791926436955,1.1416656400881946,-0.18515114516176784
TX000541,-0.229998316451241,2023-04-25 17:33:27,-1.443277355155591,0.8485608644204186,-0.2067936485059295,-1.269631348154313,2024-11-04 08:08:50,-0.6687170328831792,2.3767782472984154,-0.2259336741271706,-0.2554109805342242,True,False,True,False,False,True,1.282351234197446,-0.8546207383765094,-0.5683791926436955,-0.025556210909585365,0.2849630832543645
TX000542,-0.796550993813189,2023-02-28 17:58:02,-0.03788734532861574,0.5626416548185177,-0.2067936485059295,1.091388694209267,2024-11-04 08:09:41,-1.1950831875108605,-0.3782617367156338,-0.2259336741271706,-0.7156637661167,False,False,True,True,False,False,-0.9361517274444162,0.7808342855964149,0.4129050217349737,1.5307395904207879,0.2849630832543645
TX000543,0.5464292899497885,2023-05-25 16:52:57,0.5804842589952534,-0.8097705512706064,-0.2067936485059295,0.8862487057537365,2024-11-04 08:08:45,-0.38691604092663895,-0.2871443102246495,-0.2259336741271706,-1.1759165516991759,False,False,True,True,False,False,-1.3798523197727885,-1.399772413034151,-0.07773708545436095,0.16898076425671127,-0.6552653735779002
TX000544,0.8716566326477972,2023-11-30 16:51:46,-0.03788734532861574,-0.2808200135070898,-0.2067936485059295,-1.1774429634313028,2024-11-04 08:09:25,1.390080647079467,1.6813932327096075,-0.2259336741271706,-0.2554109805342242,False,False,False,True,False,False,-0.04875054278767131,-0.8546207383765094,-0.07773708545436095,-0.025556210909585365,0.12825834044898704
TX000545,0.2724544601219179,2023-08-14 17:12:27,-0.6000433492594058,-0.8383624722307964,-0.2067936485059295,-1.0967822932880353,2024-11-04 08:11:40,0.3747674222268314,0.492561312321685,-0.2259336741271706,-0.7156637661167,True,False,False,True,False,False,-0.4924511351160437,1.3259859602540562,-0.07773708545436095,-0.41463016124217866,0.5983725688651194
TX000546,-0.3187309423427235,2023-09-11 17:51:17,-1.49949295554867,0.8485608644204186,-0.2067936485059295,-1.2177899644604027,2024-11-04 08:10:26,0.6382895868005262,0.7069662943540392,-0.2259336741271706,-1.1759165516991759,False,True,False,False,False,True,-0.4924511351160437,-1.399772413034151,0.4129050217349737,1.3362026152544912,-0.028446402356390392
TX000547,0.42031933014031087,2023-05-17 17:28:25,-0.5438277488663268,0.34820224761709206,-0.2067936485059295,0.882787314587666,2024-11-04 08:09:01,-0.4619035125949043,-0.29542897854790395,-0.2259336741271706,-0.7156637661167,True,True,False,False,False,False,1.282351234197446,-0.30946906371886795,-0.07773708545436095,0.9471286649218978,-1.7521985732155423
TX000548,-0.686919950240701,2023-04-10 18:26:56,-1.162199353190196,1.1773679554626044,4.772110297630446,-0.9063032194159057,2024-11-04 08:06:33,-0.8093853585569247,-0.27122614256515604,4.426077714458506,-0.2554109805342242,True,False,False,False,False,True,2.169752418854191,0.23568261093877343,-0.5683791926436955,0.16898076425671127,1.6953057685027615
TX000549,-0.5927057721705942,2023-05-05 17:32:18,-0.9935525520109589,0.7341931805796582,-0.2067936485059295,-1.2781540624032153,2024-11-04 08:09:21,-0.5747062871232552,1.4867505148985871,-0.2259336741271706,-0.2554109805342242,True,True,False,False,False,True,0.3949500495407011,1.8711376349116977,-1.0590212998330302,0.9471286649218978,1.3818962828920065
TX000550,-0.7664367165318712,2023-01-02 16:27:18,-0.31896534729401077,-1.2243534051933627,-0.2067936485059295,0.34873055357138144,2024-11-04 08:09:09,-1.7315954075299904,-0.36949156801869565,-0.2259336741271706,-0.7156637661167,True,False,True,False,False,False,2.169752418854191,-1.399772413034151,-0.5683791926436955,1.1416656400881946,1.3818962828920065
TX000551,-0.7542745226355483,2023-01-19 16:11:12,-1.330846154369433,0.7056012596194681,-0.2067936485059295,-0.9574189929616693,2024-11-04 08:06:33,-1.5718467853884106,-0.2817714863416013,-0.2259336741271706,-1.1759165516991759,True,False,True,False,False,True,0.8386506418690736,-1.399772413034151,-0.07773708545436095,0.3635177394230079,-0.028446402356390392
TX000552,-0.655846401328124,2023-04-14 17:21:48,0.6366998593883324,2.249564991469733,4.772110297630446,0.6085605224508254,2024-11-04 08:08:51,-0.772216998495245,-0.3640564107658571,4.426077714458506,-1.1759165516991759,True,False,False,False,False,False,0.8386506418690736,0.7808342855964149,0.4129050217349737,-0.803704111574772,-0.6552653735779002
TX000553,-0.17699855882416635,2023-06-06 18:53:35,0.5242686586021743,0.7484891410597533,-0.2067936485059295,0.7364627720273138,2024-11-04 08:11:58,-0.27332344119545726,-0.3314184139210127,-0.2259336741271706,-1.1759165516991759,True,True,False,True,False,False,0.3949500495407011,-0.30946906371886795,1.8848313433029775,0.16898076425671127,0.12825834044898704
TX000554,1.1128106688061543,2023-12-11 16:57:41,1.0864246625329645,0.07657899849528625,-0.2067936485059295,0.5660546389314801,2024-11-04 08:07:48,1.4935536250020454,-0.22492720235979682,-0.2259336741271706,-1.1759165516991759,True,False,False,False,False,False,0.3949500495407011,-0.8546207383765094,1.394189236113643,0.5580547145893046,-0.18515114516176784
TX000555,-0.8697297153978247,2023-04-03 16:43:29,-0.6000433492594058,0.3624982080971871,-0.2067936485059295,1.2345954207266996,2024-11-04 08:10:33,-0.8759020691872248,-0.38325496599892084,-0.2259336741271706,-0.2554109805342242,True,False,False,False,False,False,1.282351234197446,0.7808342855964149,0.4129050217349737,-0.025556210909585365,0.9117820544758742
TX000556,3.375492629038956,2023-05-15 16:52:40,-1.443277355155591,-0.7382907488701311,-0.2067936485059295,-0.8418418599298482,2024-11-04 08:07:32,-0.4809315748250204,0.9838258293419347,-0.2259336741271706,-0.7156637661167,True,True,False,False,False,True,-1.3798523197727885,0.23568261093877343,-1.0590212998330302,1.1416656400881946,-0.028446402356390392
TX000557,-1.0125926690532232,2024-01-01 16:07:05,-0.6562589496524849,-1.3101291680739329,-0.2067936485059295,-0.5389496209510313,2024-11-04 08:08:50,1.6906619151009477,-0.3905828628198422,-0.2259336741271706,-1.1759165516991759,False,False,False,True,False,False,-0.04875054278767131,0.23568261093877343,0.4129050217349737,-0.9982410867410686,0.5983725688651194
TX000558,1.6206764781557048,2023-07-05 17:49:26,-0.7686901504386429,0.24813052425642676,-0.2067936485059295,0.5344636755558102,2024-11-04 08:09:01,-0.0010603122249339986,-0.18161952282124347,-0.2259336741271706,-1.1759165516991759,True,False,True,False,False,False,-0.9361517274444162,0.23568261093877343,-0.07773708545436095,-0.803704111574772,0.12825834044898704
TX000559,-0.1277331086187796,2023-02-28 16:46:55,1.0302090621398854,-0.09497252726585426,-0.2067936485059295,1.5040583130216445,2024-11-04 08:12:03,-1.1955629807485681,-0.3453360456225223,-0.2259336741271706,-0.7156637661167,True,True,False,False,False,False,0.3949500495407011,-1.399772413034151,-0.07773708545436095,1.3362026152544912,-0.028446402356390392
TX000560,0.20044056837523988,2023-10-25 16:13:39,-1.0497681524040379,0.9629285482611789,-0.2067936485059295,-1.0886595620183233,2024-11-04 08:11:02,1.0513433566181185,0.4128282415699663,-0.2259336741271706,-1.1759165516991759,False,True,False,False,False,True,1.282351234197446,1.8711376349116977,-0.07773708545436095,-0.41463016124217866,1.6953057685027615
TX000561,-0.9268063774577512,2023-03-06 17:39:01,1.9858742688222286,-1.1528736027928874,-0.2067936485059295,-0.34383484690982347,2024-11-04 08:09:57,-1.138796117052358,-0.3778158105797898,-0.2259336741271706,-0.2554109805342242,False,True,False,False,True,False,0.3949500495407011,1.8711376349116977,-2.0403055142116995,0.9471286649218978,-0.6552653735779002
TX000562,-0.6088078316953034,2023-12-19 17:11:31,1.2550714637122016,-0.8526584327108915,-0.2067936485059295,0.4059999114123816,2024-11-04 08:09:02,1.568853196240677,-0.35674520853519603,-0.2259336741271706,-0.2554109805342242,True,False,False,False,False,False,-0.04875054278767131,0.23568261093877343,2.3754734504923123,0.9471286649218978,1.2251915400866291
TX000563,-0.6550584282024468,2023-02-13 18:42:09,-0.4313965480801688,2.3067488333901127,-0.2067936485059295,1.101667743975768,2024-11-04 08:10:32,-1.3358331291810408,-0.3696991271189002,-0.2259336741271706,-1.1759165516991759,True,False,True,False,False,False,-0.4924511351160437,1.3259859602540562,-0.5683791926436955,-0.025556210909585365,-0.6552653735779002
TX000564,-0.9782987082357041,2023-11-15 16:08:52,-0.4313965480801688,-0.8812503536710816,-0.2067936485059295,0.28178724841957853,2024-11-04 08:08:25,1.2487746284202452,-0.38810002812683436,-0.2259336741271706,-1.1759165516991759,True,False,True,True,False,False,-1.823552912101161,-0.30946906371886795,0.4129050217349737,-0.41463016124217866,1.6953057685027615
TX000565,0.23332988144698616,2023-01-27 16:35:40,-1.330846154369433,-0.06638060630566417,1.4528410002061958,-1.2167489831171252,2024-11-04 08:10:17,-1.4964941093414321,1.5510225332878014,4.426077714458506,-1.1759165516991759,True,True,False,False,False,True,-0.9361517274444162,0.23568261093877343,0.9035471289243083,-0.9982410867410686,0.5983725688651194
TX000566,-0.9188923864998623,2023-02-15 16:30:09,-0.9373369516178799,-0.8097705512706064,-0.2067936485059295,-0.8848323382124433,2024-11-04 08:11:08,-1.3178945860926639,-0.3572252681342722,-0.2259336741271706,-0.7156637661167,False,True,False,False,False,True,0.3949500495407011,-0.8546207383765094,1.8848313433029775,0.5580547145893046,-1.28208434479941
TX000567,0.07624915182828088,2023-07-26 16:44:22,0.8615622609606484,0.40538608953747224,-0.2067936485059295,-1.128834775485848,2024-11-04 08:07:45,0.19596853830410532,0.48983118203183157,-0.2259336741271706,-0.7156637661167,True,False,False,False,False,False,-0.4924511351160437,1.3259859602540562,-1.0590212998330302,-0.803704111574772,0.4416678260597419
TX000568,0.1800217865098639,2023-03-24 18:50:42,1.7047962668568335,-1.1671695632729824,-0.2067936485059295,-0.6951122064033928,2024-11-04 08:08:40,-0.9690807670688291,-0.10579345352937276,-0.2259336741271706,-1.1759165516991759,False,False,True,False,True,False,-1.823552912101161,-0.30946906371886795,-0.07773708545436095,-0.025556210909585365,1.5386010256973839
TX000569,-0.45789384827755036,2023-08-03 18:49:37,0.41183745781601633,-0.666810946469656,-0.2067936485059295,0.21616183590433882,2024-11-04 08:09:51,0.27198992141520556,-0.3378517525160264,-0.2259336741271706,-0.7156637661167,False,True,False,False,True,False,0.3949500495407011,-0.8546207383765094,-2.0403055142116995,-1.1927780619073654,-0.6552653735779002
TX000570,-0.43531670524184113,2023-02-06 18:59:44,-1.162199353190196,-0.8812503536710816,-0.2067936485059295,-1.105925493953374,2024-11-04 08:09:49,-1.4015287828872078,0.025824309254041444,-0.2259336741271706,-0.7156637661167,True,True,False,False,False,True,2.613453011182563,-0.30946906371886795,-0.5683791926436955,-0.803704111574772,1.3818962828920065
TX000571,-0.12118950570554664,2023-07-13 17:48:24,-0.2627497469009318,0.23383456377633172,-0.2067936485059295,0.15317477265568172,2024-11-04 08:12:12,0.07412945829316091,-0.30172870545037805,-0.2259336741271706,-0.7156637661167,False,False,False,True,False,False,-0.4924511351160437,-0.30946906371886795,0.4129050217349737,-1.387315037073662,-1.28208434479941
TX000572,-0.8774038884478987,2023-04-24 16:47:20,-1.162199353190196,-1.5245685752753584,-0.2067936485059295,-1.0732807292671451,2024-11-04 08:12:03,-0.678441306805053,-0.30419642756436227,-0.2259336741271706,1.1253473762132034,True,False,True,False,False,True,0.3949500495407011,1.3259859602540562,0.9035471289243083,-1.387315037073662,-2.8491317728531844
TX000573,-0.6035318377233773,2023-03-21 16:20:33,0.41183745781601633,1.7635023351465013,-0.2067936485059295,0.5771490386170999,2024-11-04 08:07:28,-0.9982597916501796,-0.35952068502555234,-0.2259336741271706,-0.2554109805342242,False,True,False,True,False,False,-0.04875054278767131,0.23568261093877343,-1.0590212998330302,0.5580547145893046,-0.968674859188655
TX000574,0.18111809694558875,2023-12-08 16:16:02,0.35562185742293734,0.648417417699088,-0.2067936485059295,0.185909277112883,2024-11-04 08:06:32,1.4650834625550624,-0.27401752720487854,-0.2259336741271706,-0.7156637661167,True,True,False,False,True,False,-1.3798523197727885,0.7808342855964149,0.9035471289243083,-1.5818520122399586,-0.6552653735779002
TX000575,-0.26442931607322556,2023-09-04 16:42:49,-1.0497681524040379,0.5054578128981375,-0.2067936485059295,0.0006863898262675042,2024-11-04 08:10:04,0.5720298033270026,-0.30729902683888377,-0.2259336741271706,-0.7156637661167,False,False,True,True,False,False,-0.4924511351160437,1.3259859602540562,-1.0590212998330302,0.16898076425671127,-2.0656080588262973
TX000576,-0.9049144284443701,2023-02-20 16:52:03,1.5361494656775965,-0.12356444822604433,-0.2067936485059295,-0.3777359683896632,2024-11-04 08:09:12,-1.270728157646404,-0.37385737930841834,-0.2259336741271706,-0.7156637661167,True,False,False,False,True,False,0.8386506418690736,0.23568261093877343,-0.5683791926436955,-0.025556210909585365,0.2849630832543645
TX000577,-0.660539980381071,2023-08-07 16:06:32,1.4237182648914386,1.4775831255446004,-0.2067936485059295,-0.9646033026263577,2024-11-04 08:10:07,0.30853201473090963,-0.23976882040123243,-0.2259336741271706,-0.2554109805342242,True,False,False,False,False,False,1.282351234197446,1.8711376349116977,-2.0403055142116995,-0.22009318607588202,0.4416678260597419
TX000578,-0.17583372898620866,2023-12-27 16:48:30,-0.8811213512248008,0.30531436617680696,-0.2067936485059295,0.560375393425668,2024-11-04 08:10:57,1.6439077018473476,-0.3256370015686635,-0.2259336741271706,-0.2554109805342242,True,False,True,False,False,False,0.8386506418690736,0.23568261093877343,0.4129050217349737,0.16898076425671127,0.12825834044898704
TX000579,-0.8521887484262266,2023-12-08 16:45:12,-1.443277355155591,0.8056729829801335,-0.2067936485059295,-0.9257921336776106,2024-11-04 08:07:15,1.4652692205629476,-0.32811963140370615,-0.2259336741271706,-0.7156637661167,True,False,False,False,False,True,-0.9361517274444162,0.7808342855964149,0.4129050217349737,-0.41463016124217866,-1.5954938304101647
TX000580,0.11787468868470982,2023-04-27 16:27:41,1.3675026644983594,-1.4673847333549783,-0.2067936485059295,0.21251070922249862,2024-11-04 08:07:03,-0.6503304723850399,-0.28217643126415043,-0.2259336741271706,-0.7156637661167,True,False,False,False,True,False,-0.9361517274444162,0.7808342855964149,0.9035471289243083,0.9471286649218978,1.3818962828920065
TX000581,-0.6149403181951394,2023-10-31 16:49:13,0.5242686586021743,0.677009338659278,-0.2067936485059295,-1.0816572958890356,2024-11-04 08:09:14,1.1080003107724632,-0.13314617943817886,-0.2259336741271706,-1.1759165516991759,True,False,True,True,False,False,-0.04875054278767131,-0.8546207383765094,-2.0403055142116995,0.16898076425671127,0.5983725688651194
TX000582,-0.7297445766362041,2023-04-19 16:54:46,1.2550714637122016,-1.5674564567156437,-0.2067936485059295,0.14224959653818087,2024-11-04 08:07:12,-0.7253719194322807,-0.36259719352064596,-0.2259336741271706,-1.1759165516991759,False,True,False,False,False,False,-0.9361517274444162,1.8711376349116977,1.8848313433029775,0.9471286649218978,-0.6552653735779002
TX000583,-0.006693584574529667,2023-12-14 17:31:18,-1.330846154369433,-0.5381473021488006,-0.2067936485059295,-1.0390180847099602,2024-11-04 08:10:41,1.5219607798997807,0.1545074009568768,-0.2259336741271706,-0.7156637661167,True,False,True,False,False,True,0.8386506418690736,0.23568261093877343,0.4129050217349737,-0.22009318607588202,0.12825834044898704
TX000584,0.7425318191400765,2023-06-02 16:27:08,-1.105983752797117,0.5769376152986128,-0.2067936485059295,-0.9028751601647678,2024-11-04 08:12:17,-0.3118903729720421,0.2420293920864289,-0.2259336741271706,-0.7156637661167,True,True,False,False,False,True,-0.9361517274444162,-1.9449240876917921,0.4129050217349737,-0.6091671364084753,1.2251915400866291
TX000585,2.379597377286253,2023-02-27 18:23:11,-0.09410294572169475,0.7056012596194681,-0.2067936485059295,0.2824641426920546,2024-11-04 08:12:19,-1.2043383326852277,-0.07837328170018994,-0.2259336741271706,-0.7156637661167,True,False,False,False,False,False,0.3949500495407011,-0.8546207383765094,0.9035471289243083,0.5580547145893046,-0.028446402356390392
TX000586,-0.6954848755198016,2023-12-01 17:04:00,-0.31896534729401077,-1.2243534051933627,-0.2067936485059295,0.2711646235299269,2024-11-04 08:10:37,1.399554849588265,-0.3618018298051459,-0.2259336741271706,-0.7156637661167,True,False,True,False,False,False,2.613453011182563,0.23568261093877343,1.394189236113643,-0.22009318607588202,-1.7521985732155423
TX000587,-0.7439966123006275,2023-01-04 16:09:43,0.8053466605675694,0.5340497338583277,-0.2067936485059295,0.22393073607707484,2024-11-04 08:08:18,-1.712900338565328,-0.3655210121166628,-0.2259336741271706,-0.7156637661167,True,True,False,False,True,False,0.3949500495407011,-0.30946906371886795,0.4129050217349737,1.3362026152544912,-0.8119701163832775
TX000588,-0.8336885098233693,2023-07-31 16:51:50,1.3112870641052805,-1.1814655237530776,-0.2067936485059295,2.479132204503696,2024-11-04 08:08:53,0.24302070435535653,-0.3846973998828021,-0.2259336741271706,-1.1759165516991759,True,False,True,False,False,False,-1.3798523197727885,0.7808342855964149,-1.0590212998330302,0.5580547145893046,-0.6552653735779002
TX000589,-0.40670985480964505,2023-06-19 17:31:08,1.7610118672499127,-0.38089173686775507,4.772110297630446,-0.10410145874123908,2024-11-04 08:12:10,-0.15163496990326705,-0.31728182509459674,4.426077714458506,-0.7156637661167,False,True,False,False,True,False,-0.04875054278767131,0.7808342855964149,1.394189236113643,3.6706463172500507,-1.5954938304101647
TX000590,0.7580172040446903,2023-10-23 18:37:47,-1.274630553976354,-0.5381473021488006,-0.2067936485059295,-0.8482467155838067,2024-11-04 08:06:37,1.033508955541192,0.17219744012095722,-0.2259336741271706,-1.1759165516991759,True,False,True,False,False,True,0.8386506418690736,-0.30946906371886795,-1.5496634070223647,0.9471286649218978,0.2849630832543645
TX000591,-0.9830608066908841,2023-04-24 16:24:49,0.5242686586021743,0.5912335757787078,-0.2067936485059295,2.0836080099339203,2024-11-04 08:10:21,-0.6785772246444489,-0.3903262884802557,-0.2259336741271706,-1.1759165516991759,True,False,True,False,False,False,-0.4924511351160437,1.3259859602540562,-1.5496634070223647,-0.6091671364084753,-1.28208434479941
TX000592,-0.3390812048058665,2023-05-15 16:19:14,-0.9935525520109589,-0.5095553811886104,-0.2067936485059295,-1.0046323684668705,2024-11-04 08:06:38,-0.4811439940584078,-0.0659354990044294,-0.2259336741271706,-0.7156637661167,False,True,False,False,False,True,-0.4924511351160437,-0.8546207383765094,-0.5683791926436955,-2.554536888071442,1.2251915400866291
TX000593,-0.6528658073309969,2023-03-06 18:27:13,-0.9935525520109589,-0.666810946469656,-0.2067936485059295,-0.9502757071922825,2024-11-04 08:12:13,-1.1384962054707926,-0.24267905910416654,-0.2259336741271706,-0.7156637661167,True,True,False,False,False,True,-0.04875054278767131,-1.399772413034151,0.4129050217349737,0.9471286649218978,0.7550773116704967
TX000594,-0.5413847398982232,2023-11-17 17:59:11,-1.443277355155591,2.049421544748402,3.1124756489183207,-1.2416197196437058,2024-11-04 08:07:23,1.268305989295042,0.6132992762371791,4.426077714458506,-0.2554109805342242,True,False,False,False,False,True,0.3949500495407011,-1.399772413034151,-1.0590212998330302,-0.025556210909585365,1.6953057685027615
TX000595,0.05096549240437586,2023-05-02 17:24:26,0.2431906566367793,0.40538608953747224,4.772110297630446,1.1037907305576247,2024-11-04 08:08:05,-0.6029558687372073,-0.3267404819117359,4.426077714458506,-1.1759165516991759,True,False,False,True,False,False,-0.9361517274444162,-0.30946906371886795,1.394189236113643,0.16898076425671127,-0.6552653735779002
TX000596,0.16621512695995377,2023-01-04 17:00:17,-0.20653414650785276,1.33462352074365,-0.2067936485059295,1.1377303119393096,2024-11-04 08:08:03,-1.7125685423344887,-0.3207250430666306,-0.2259336741271706,0.2048418050482517,True,True,False,True,False,False,-0.04875054278767131,0.7808342855964149,-0.5683791926436955,0.5580547145893046,-1.5954938304101647
TX000597,-0.5465579547668,2023-07-25 17:21:53,-0.03788734532861574,0.5626416548185177,-0.2067936485059295,-1.0368361262786074,2024-11-04 08:06:52,0.18681709985587452,-0.13876494872735948,-0.2259336741271706,0.2048418050482517,True,True,False,True,False,False,0.3949500495407011,-1.399772413034151,-1.5496634070223647,-0.22009318607588202,1.3818962828920065
TX000598,-0.4781755913384606,2023-09-20 17:09:14,0.2431906566367793,0.005099196094811046,-0.2067936485059295,1.0922450680236873,2024-11-04 08:09:57,0.7226376515105524,-0.3587928782011343,-0.2259336741271706,-0.7156637661167,True,False,False,True,False,False,-0.4924511351160437,1.3259859602540562,-0.07773708545436095,3.6706463172500507,-0.18515114516176784
TX000599,1.8240420639826698,2023-07-21 16:43:59,1.1988558633191224,-0.33800385542746997,-0.2067936485059295,-0.22079136493311538,2024-11-04 08:11:27,0.14893106313221235,-0.008602833331035667,-0.2259336741271706,-0.2554109805342242,False,False,True,False,True,False,0.8386506418690736,-0.8546207383765094,-0.07773708545436095,0.16898076425671127,0.12825834044898704
TX000600,0.47246259523947554,2023-05-15 18:41:05,0.5804842589952534,-0.1092684877459493,-0.2067936485059295,0.4786275900569089,2024-11-04 08:09:40,-0.4802376212126682,-0.26936526210523903,-0.2259336741271706,-1.1759165516991759,True,False,False,False,True,False,-0.9361517274444162,-0.30946906371886795,-0.07773708545436095,-0.9982410867410686,1.3818962828920065
TX000601,-0.6410119507447216,2023-10-31 17:06:47,0.6929154597814113,-1.0242099584720321,-0.2067936485059295,1.3767688578812236,2024-11-04 08:12:20,1.1080947676856703,-0.3712033966394532,-0.2259336741271706,-1.1759165516991759,True,False,True,False,False,False,-0.9361517274444162,0.23568261093877343,0.4129050217349737,1.1416656400881946,-0.028446402356390392
TX000602,0.10896716639444509,2023-12-25 16:30:09,-0.6000433492594058,-0.7382907488701311,-0.2067936485059295,1.1470709401007873,2024-11-04 08:07:55,1.6250033694678265,-0.32441900866503115,-0.2259336741271706,-1.1759165516991759,True,False,True,False,False,False,-0.4924511351160437,-1.399772413034151,1.394189236113643,-0.6091671364084753,0.4416678260597419
TX000603,1.1573140205563612,2023-09-19 16:55:00,0.1307594558506213,-0.19504425062651956,-0.2067936485059295,-0.9938533399763815,2024-11-04 08:11:45,0.7131308026031806,0.615518608016367,-0.2259336741271706,-0.2554109805342242,True,False,False,False,False,False,-0.4924511351160437,0.23568261093877343,0.9035471289243083,0.16898076425671127,0.4416678260597419
TX000604,1.6183468184797896,2023-02-16 18:56:44,-1.274630553976354,-1.3816089704744081,-0.2067936485059295,-0.9921046964391517,2024-11-04 08:09:51,-1.3075269604762274,0.822196616495088,-0.2259336741271706,-0.7156637661167,True,True,False,False,False,True,-0.04875054278767131,-0.8546207383765094,-1.0590212998330302,0.16898076425671127,-0.028446402356390392
TX000605,-0.4197628009349944,2023-09-04 17:46:20,-1.0497681524040379,0.7056012596194681,-0.2067936485059295,-1.0445845145036927,2024-11-04 08:08:15,0.5724563829350346,-0.06158849211749642,-0.2259336741271706,-0.7156637661167,True,True,False,False,False,True,0.3949500495407011,-0.30946906371886795,-0.07773708545436095,0.9471286649218978,0.12825834044898704
TX000606,-0.9945035468637625,2023-06-26 16:04:11,1.8734430680360705,2.321044793870208,-0.2067936485059295,0.16495888658105942,2024-11-04 08:07:15,-0.08635544895758852,-0.38941252264485676,-0.2259336741271706,-1.1759165516991759,True,True,False,False,True,False,-0.9361517274444162,-1.399772413034151,-0.5683791926436955,1.3362026152544912,-0.6552653735779002
TX000607,-0.4194887233260632,2023-11-09 17:02:41,-0.9935525520109589,-1.2529453261535526,-0.2067936485059295,-0.8721815944988198,2024-11-04 08:09:45,1.1927043300482731,-0.19110652397297526,-0.2259336741271706,-0.2554109805342242,True,False,False,False,False,True,2.169752418854191,-1.9449240876917921,-0.5683791926436955,-0.41463016124217866,0.5983725688651194
TX000608,-0.908066320947079,2023-07-04 16:25:35,-1.105983752797117,0.9057447063407987,4.772110297630446,-0.9151977127159786,2024-11-04 08:07:01,-0.01099689655886665,-0.3505524106599706,4.426077714458506,-0.2554109805342242,True,False,True,False,False,True,0.3949500495407011,0.7808342855964149,-0.5683791926436955,-1.7763889874062553,1.3818962828920065
TX000609,-0.6021957093798377,2023-09-08 18:24:14,0.8615622609606484,-0.009196764385283997,-0.2067936485059295,2.0972253791805873,2024-11-04 08:11:30,0.6102912736342644,-0.3739047711562282,-0.2259336741271706,-0.7156637661167,True,False,True,False,False,False,-0.9361517274444162,-1.399772413034151,-1.0590212998330302,-0.41463016124217866,-1.5954938304101647
TX000610,-0.827281945714602,2023-09-13 18:49:55,-0.8249057508317219,-0.2522280925468997,-0.2067936485059295,0.9551816698276658,2024-11-04 08:09:30,0.6574828398074261,-0.37943518524329767,-0.2259336741271706,-0.7156637661167,True,False,False,False,False,False,-0.9361517274444162,0.23568261093877343,0.4129050217349737,-0.41463016124217866,-2.0656080588262973
TX000611,0.43546211803376084,2023-01-30 17:37:14,0.6366998593883324,0.8342649039403235,-0.2067936485059295,0.28859977903309664,2024-11-04 08:08:25,-1.4678734469970236,-0.25821262528079136,-0.2259336741271706,-1.1759165516991759,False,False,True,False,True,False,-0.04875054278767131,-0.30946906371886795,-0.5683791926436955,-0.41463016124217866,0.7550773116704967
TX000612,-0.8990902792545815,2023-10-25 17:50:23,-0.7124745500455638,0.14805880089576146,-0.2067936485059295,0.857624282807062,2024-11-04 08:10:34,1.0519780026063947,-0.3837415912345614,-0.2259336741271706,0.2048418050482517,True,True,False,True,False,False,1.282351234197446,-0.30946906371886795,0.4129050217349737,-0.22009318607588202,0.12825834044898704
TX000613,-0.8971374762909465,2023-06-12 16:48:03,1.1426402629260435,-0.46666749974832533,-0.2067936485059295,1.0150509170334032,2024-11-04 08:11:09,-0.21772477446154934,-0.3841706409177387,-0.2259336741271706,-0.2554109805342242,True,True,False,False,False,False,-0.04875054278767131,-0.30946906371886795,-0.07773708545436095,1.3362026152544912,0.7550773116704967
TX000614,-1.0077620511958103,2023-01-19 17:24:30,1.8734430680360705,-0.16645232966632947,-0.2067936485059295,0.6274161303288122,2024-11-04 08:12:20,-1.5714059501863347,-0.3910127018637845,-0.2259336741271706,-1.1759165516991759,True,False,False,False,True,False,-1.823552912101161,-0.30946906371886795,0.9035471289243083,0.9471286649218978,1.6953057685027615
TX000615,3.578960993969271,2023-04-28 18:11:55,-1.330846154369433,1.649134651305741,-0.2067936485059295,-1.1333550959493905,2024-11-04 08:08:00,-0.6402539438225539,3.4021626671786627,-0.2259336741271706,-0.7156637661167,False,True,False,False,False,True,-0.9361517274444162,0.23568261093877343,0.9035471289243083,-0.41463016124217866,1.6953057685027615
TX000616,-0.543234763758509,2023-08-30 18:00:09,0.2994062570298583,-0.5524432626288956,-0.2067936485059295,-0.7275928755084154,2024-11-04 08:11:29,0.5255146705322917,-0.27198070304180133,-0.2259336741271706,-0.2554109805342242,False,False,True,True,False,False,-0.04875054278767131,0.23568261093877343,-0.07773708545436095,-0.9982410867410686,1.5386010256973839
TX000617,-0.14619908752052058,2023-09-18 16:04:06,-0.9373369516178799,0.7056012596194681,-0.2067936485059295,-0.5956625922120037,2024-11-04 08:07:18,0.7034253547711511,-0.212538278015851,-0.2259336741271706,-0.7156637661167,False,False,False,True,False,False,-0.04875054278767131,0.23568261093877343,-0.07773708545436095,0.5580547145893046,-0.028446402356390392
TX000618,-0.6251839688289437,2023-05-05 17:34:22,-0.9373369516178799,0.2767224452166169,-0.2067936485059295,1.2037095555515254,2024-11-04 08:10:18,-0.5746989960942404,-0.3688537300026529,-0.2259336741271706,-0.7156637661167,True,False,True,True,False,False,0.8386506418690736,-0.8546207383765094,0.9035471289243083,-0.025556210909585365,-2.8491317728531844
TX000619,-0.4333296425770897,2023-05-15 16:52:24,0.6929154597814113,0.7341931805796582,-0.2067936485059295,0.3101886039355509,2024-11-04 08:08:40,-0.48094071581662107,-0.33875872600416,-0.2259336741271706,-0.2554109805342242,True,False,False,False,True,False,0.3949500495407011,0.7808342855964149,-0.07773708545436095,0.16898076425671127,-0.3418558879671453
TX000620,-0.44213438576400527,2023-02-02 16:13:13,1.4237182648914386,0.319610326656902,1.4528410002061958,2.1259856937804487,2024-11-04 08:08:14,-1.4402143299119443,-0.3672092291463293,4.426077714458506,-0.7156637661167,True,False,False,False,False,False,1.282351234197446,-1.399772413034151,-2.0403055142116995,0.5580547145893046,1.3818962828920065
TX000621,0.42196379579389826,2023-02-23 16:04:35,0.35562185742293734,-0.6239230650293708,-0.2067936485059295,0.3762011794626993,2024-11-04 08:08:38,-1.2428278924971925,-0.2663277709386253,-0.2259336741271706,-0.7156637661167,True,True,False,False,True,False,-0.04875054278767131,-1.399772413034151,0.4129050217349737,0.16898076425671127,0.7550773116704967
TX000622,0.3798243634207232,2023-03-01 16:17:46,1.0864246625329645,-1.3101291680739329,-0.2067936485059295,-0.5060074330238659,2024-11-04 08:08:20,-1.1863268793067023,-0.13649058076314877,-0.2259336741271706,-0.2554109805342242,True,True,False,False,True,False,1.7260518265258185,0.7808342855964149,0.4129050217349737,0.16898076425671127,-0.028446402356390392
TX000623,2.962868788793005,2023-08-23 16:35:42,-0.8249057508317219,-1.0670978399123172,-0.2067936485059295,1.3442907527696573,2024-11-04 08:09:09,0.4591633683214326,-0.17143529203783103,-0.2259336741271706,-1.1759165516991759,False,False,True,False,False,False,-0.4924511351160437,-0.30946906371886795,0.9035471289243083,0.7525916897556012,0.5983725688651194
TX000624,0.1527168047200912,2023-12-14 16:09:42,-1.330846154369433,1.8206861770668814,-0.2067936485059295,-1.1928910240058024,2024-11-04 08:08:32,1.5214420286264416,1.060525582968165,-0.2259336741271706,-0.7156637661167,False,True,False,False,False,True,-0.9361517274444162,-0.30946906371886795,1.394189236113643,0.16898076425671127,-0.18515114516176784
TX000625,0.9699477151507562,2023-09-20 16:37:48,0.4680530582090954,-0.35229981590756504,-0.2067936485059295,0.14248035594925212,2024-11-04 08:10:54,0.7224262116691222,-0.19073090371648188,-0.2259336741271706,-0.2554109805342242,True,False,False,True,False,False,0.3949500495407011,2.416289309569339,-0.5683791926436955,-0.025556210909585365,1.2251915400866291
TX000626,1.7950240971370768,2023-08-22 18:11:16,1.9296586684291497,-1.1957614842331725,-0.2067936485059295,-0.2753685296449495,2024-11-04 08:11:57,0.45036690504702853,0.007468594471123654,-0.2259336741271706,-0.7156637661167,False,True,False,False,True,False,0.3949500495407011,2.416289309569339,-1.5496634070223647,-0.41463016124217866,0.2849630832543645
TX000627,-0.15116674418239892,2023-06-14 17:07:08,-1.387061754762512,1.692022532746026,-0.2067936485059295,-1.2547653140944044,2024-11-04 08:08:12,-0.1987765870866107,1.8561572345765853,-0.2259336741271706,-0.7156637661167,True,True,False,False,False,True,-0.9361517274444162,0.23568261093877343,0.9035471289243083,-1.970925962572552,0.2849630832543645
TX000628,-0.9414010101333387,2023-05-29 17:53:03,0.9739934617468065,-0.6382190255094659,-0.2067936485059295,-0.3793538482606191,2024-11-04 08:07:59,-0.34890997427755344,-0.3795808484043612,-0.2259336741271706,-0.2554109805342242,True,False,True,False,True,False,0.8386506418690736,-1.399772413034151,-0.07773708545436095,-0.803704111574772,-0.18515114516176784
TX000629,-0.10628653571991167,2023-07-03 17:56:59,-0.31896534729401077,-0.33800385542746997,-0.2067936485059295,0.5297664395437797,2024-11-04 08:07:10,-0.019803262574171487,-0.31898200421002576,-0.2259336741271706,-0.2554109805342242,False,False,True,True,False,False,0.8386506418690736,0.7808342855964149,-1.0590212998330302,3.6706463172500507,0.2849630832543645
TX000630,0.2638552751417009,2023-08-29 18:30:36,1.7047962668568335,-1.1814655237530776,-0.2067936485059295,-0.9549831991781382,2024-11-04 08:11:24,0.5163118684169714,0.13729158020720178,-0.2259336741271706,-0.2554109805342242,False,False,True,False,True,False,-0.9361517274444162,0.23568261093877343,-0.07773708545436095,-2.554536888071442,0.2849630832543645
TX000631,0.14305556900526573,2023-02-03 16:08:47,1.8734430680360705,-0.7096988279099411,-0.2067936485059295,-0.02861492739288304,2024-11-04 08:08:17,-1.430841440060054,-0.25866719193898097,-0.2259336741271706,-0.7156637661167,False,False,False,False,True,False,0.8386506418690736,0.23568261093877343,0.9035471289243083,0.16898076425671127,0.2849630832543645
TX000632,1.7567217512889395,2023-01-17 16:59:03,-1.387061754762512,-0.7525867093502262,-0.2067936485059295,1.0576003884415066,2024-11-04 08:07:19,-1.5903436907137296,-0.21961015297431508,-0.2259336741271706,-0.7156637661167,True,False,False,False,False,True,-1.823552912101161,-0.8546207383765094,1.8848313433029775,-0.6091671364084753,-0.8119701163832775
TX000633,-0.9858701021824291,2023-07-24 17:04:17,-1.162199353190196,-0.4809634602284204,-0.2067936485059295,-1.1404342818823685,2024-11-04 08:09:03,0.17728576614957234,-0.36297096204718027,-0.2259336741271706,-1.1759165516991759,True,False,False,False,False,True,-0.9361517274444162,-0.30946906371886795,-0.07773708545436095,0.9471286649218978,0.5983725688651194
TX000634,-0.5550886203447842,2023-06-14 17:17:34,0.35562185742293734,-0.052084645825569126,-0.2067936485059295,1.5992491340820387,2024-11-04 08:11:44,-0.19873153505657873,-0.36844561282170885,-0.2259336741271706,-0.7156637661167,False,True,False,False,False,False,-0.4924511351160437,0.23568261093877343,2.3754734504923123,-0.41463016124217866,0.2849630832543645
TX000635,0.14545374808341385,2023-10-27 17:26:53,-0.09410294572169475,-1.1814655237530776,-0.2067936485059295,0.543527392424002,2024-11-04 08:07:43,1.070647498558841,-0.29957046951786703,-0.2259336741271706,-0.7156637661167,True,False,False,True,False,False,1.282351234197446,-0.30946906371886795,-0.5683791926436955,0.9471286649218978,0.5983725688651194
TX000636,-0.04845616023542429,2023-10-17 17:24:47,-0.9935525520109589,0.10517091945547634,-0.2067936485059295,-0.7858109109282644,2024-11-04 08:08:51,0.9766047593283146,-0.1203312806901462,-0.2259336741271706,-0.2554109805342242,True,True,False,True,False,False,-0.04875054278767131,-0.30946906371886795,-1.5496634070223647,-0.22009318607588202,0.12825834044898704
TX000637,-0.673558666805304,2023-05-29 16:20:29,1.3112870641052805,-0.08067656678575921,-0.2067936485059295,0.9617454930759181,2024-11-04 08:09:12,-0.3495223118934709,-0.3695288109952947,-0.2259336741271706,-0.2554109805342242,True,False,False,False,False,False,-0.04875054278767131,-0.30946906371886795,-1.0590212998330302,-0.22009318607588202,-0.18515114516176784
TX000638,-0.708195224633987,2023-02-20 16:48:49,-1.49949295554867,0.8056729829801335,-0.2067936485059295,-0.3091747833669045,2024-11-04 08:07:13,-1.2707363192460475,-0.3462369218598439,-0.2259336741271706,-0.2554109805342242,True,True,False,False,False,True,-0.04875054278767131,0.23568261093877343,-0.07773708545436095,0.16898076425671127,-2.8491317728531844
TX000639,1.224976930261256,2023-01-02 16:22:54,-1.0497681524040379,2.0637175052284973,-0.2067936485059295,0.12131202597363885,2024-11-04 08:07:15,-1.7316117307292773,-0.16158962559510304,-0.2259336741271706,-1.1759165516991759,True,False,False,True,False,False,-0.4924511351160437,1.8711376349116977,0.4129050217349737,-0.803704111574772,0.2849630832543645
TX000640,0.07864733090642902,2023-05-01 17:11:47,0.2994062570298583,-0.02349272486537904,-0.2067936485059295,-1.1988087209030547,2024-11-04 08:08:14,-0.6124416063068346,1.0401671008195135,-0.2259336741271706,-1.1759165516991759,True,False,True,True,False,False,0.3949500495407011,0.7808342855964149,-0.5683791926436955,-1.1927780619073654,-0.6552653735779002
TX000641,-0.877335369045666,2023-10-04 16:47:33,-0.9373369516178799,-1.0242099584720321,-0.2067936485059295,-1.1550028927013407,2024-11-04 08:11:54,0.8541136219165212,-0.2583479452231738,-0.2259336741271706,0.2048418050482517,True,False,True,False,False,True,0.3949500495407011,-0.8546207383765094,-0.5683791926436955,0.16898076425671127,-0.6552653735779002
TX000642,-0.7744877462942258,2023-10-30 16:49:25,1.3112870641052805,-1.1528736027928874,-0.2067936485059295,-0.6975531281738365,2024-11-04 08:12:00,1.0985813894985836,-0.33322408602709813,-0.2259336741271706,-0.7156637661167,False,True,False,False,True,False,-0.4924511351160437,-0.30946906371886795,-0.5683791926436955,-0.025556210909585365,0.12825834044898704
TX000643,0.5808260298706566,2023-09-28 17:18:26,0.5242686586021743,-1.0670978399123172,-0.2067936485059295,-0.3075415195352104,2024-11-04 08:06:58,0.7979345022159696,-0.1575438379994948,-0.2259336741271706,-1.1759165516991759,False,True,False,False,True,False,1.282351234197446,-1.399772413034151,-0.5683791926436955,0.3635177394230079,0.2849630832543645
TX000644,-0.2130740240997382,2023-09-26 17:02:25,-0.9373369516178799,-0.7096988279099411,-0.2067936485059295,-1.1014769653066097,2024-11-04 08:10:13,0.7790043791815752,0.1725196995254177,-0.2259336741271706,-0.2554109805342242,True,True,False,False,False,True,1.282351234197446,0.23568261093877343,-0.07773708545436095,0.9471286649218978,0.5983725688651194
TX000645,-0.4737218301933283,2023-01-16 18:57:13,-1.49949295554867,-0.2808200135070898,-0.2067936485059295,-1.2332457170152715,2024-11-04 08:10:32,-1.5989953127997942,0.6328479377369873,-0.2259336741271706,-0.7156637661167,True,True,False,False,False,True,0.8386506418690736,-0.8546207383765094,-1.0590212998330302,0.16898076425671127,0.2849630832543645
TX000646,-0.845405327605179,2023-12-18 16:06:14,-0.8249057508317219,-1.0242099584720321,-0.2067936485059295,1.1381867027745398,2024-11-04 08:10:06,1.5590178157423233,-0.38145457253335313,-0.2259336741271706,-1.1759165516991759,False,False,True,False,False,False,0.8386506418690736,-0.30946906371886795,0.9035471289243083,-0.9982410867410686,1.2251915400866291
TX000647,-0.824643948728639,2023-02-03 18:03:56,0.8053466605675694,-0.9098422746312717,-0.2067936485059295,-0.533216531582636,2024-11-04 08:09:52,-1.4300999315271126,-0.35508866647566234,-0.2259336741271706,-1.1759165516991759,False,True,False,True,False,False,-0.04875054278767131,-1.399772413034151,0.4129050217349737,0.5580547145893046,0.5983725688651194
TX000648,-0.950274272722487,2023-03-10 18:26:19,-0.09410294572169475,0.2624264847365218,-0.2067936485059295,0.10282050516645352,2024-11-04 08:06:32,-1.1008563225923775,-0.38470513754579133,-0.2259336741271706,-1.1759165516991759,True,False,False,True,False,False,-0.4924511351160437,-0.8546207383765094,0.4129050217349737,-0.025556210909585365,0.12825834044898704
TX000649,-0.8468784947531842,2023-03-27 17:02:44,-0.4876121484732478,-0.5095553811886104,-0.2067936485059295,-0.8813196671772459,2024-11-04 08:07:17,-0.941570191097261,-0.3328983108408328,-0.2259336741271706,-1.1759165516991759,True,True,False,False,False,False,-0.9361517274444162,-0.8546207383765094,0.4129050217349737,-2.554536888071442,-0.028446402356390392
TX000650,-0.7664367165318712,2023-05-08 17:42:36,0.4680530582090954,0.1623547613758565,-0.2067936485059295,-0.2714635676109307,2024-11-04 08:08:11,-0.5464249296813578,-0.35612595501340266,-0.2259336741271706,-0.7156637661167,True,True,False,False,True,False,-0.4924511351160437,-0.30946906371886795,0.4129050217349737,0.7525916897556012,1.5386010256973839
TX000651,-0.6097671033265626,2023-03-14 16:21:01,-0.6562589496524849,-0.9527301560715568,-0.2067936485059295,1.227034204023928,2024-11-04 08:07:28,-1.0640718841779266,-0.3681726203325413,-0.2259336741271706,-0.7156637661167,True,False,False,False,False,False,0.8386506418690736,0.23568261093877343,-1.0590212998330302,-0.6091671364084753,-0.028446402356390392
TX000652,3.2322528186712773,2023-11-21 16:26:41,-1.49949295554867,0.13376284041566644,-0.2067936485059295,-1.117276292984629,2024-11-04 08:11:48,1.3052818444264642,2.825785345548017,-0.2259336741271706,-0.2554109805342242,True,True,False,False,False,True,-0.9361517274444162,0.23568261093877343,-0.07773708545436095,-0.803704111574772,0.7550773116704967
TX000653,-0.6201477927648326,2023-08-31 16:38:18,-0.09410294572169475,1.8206861770668814,-0.2067936485059295,-0.6393479127212693,2024-11-04 08:06:50,0.5344127729275892,-0.30454694258176207,-0.2259336741271706,-0.2554109805342242,True,True,False,True,False,False,-0.04875054278767131,-0.30946906371886795,-0.07773708545436095,0.9471286649218978,-0.028446402356390392
TX000654,5.555266112570064,2023-06-27 17:48:25,-0.8249057508317219,0.5912335757787078,-0.2067936485059295,1.5322263451330893,2024-11-04 08:10:27,-0.07629361127446074,-0.051971960301053936,-0.2259336741271706,-0.2554109805342242,True,False,False,False,False,False,-0.04875054278767131,0.23568261093877343,1.394189236113643,0.16898076425671127,-2.692427030047807
TX000655,0.32329585657865906,2023-06-19 16:21:58,1.0864246625329645,-0.5810351835890857,-0.2067936485059295,-0.7538507324948805,2024-11-04 08:06:47,-0.1520514291277412,-0.03788791406176456,-0.2259336741271706,-0.7156637661167,True,False,False,False,True,False,-1.3798523197727885,-0.30946906371886795,1.394189236113643,-0.41463016124217866,-0.6552653735779002
TX000656,-0.4842052987349475,2023-01-02 17:49:44,0.07454385545754227,0.5769376152986128,-0.2067936485059295,0.7024821667503273,2024-11-04 08:09:29,-1.7310593536654073,-0.35282485187078955,-0.2259336741271706,-1.1759165516991759,False,True,False,True,False,False,0.3949500495407011,-0.8546207383765094,-0.07773708545436095,0.16898076425671127,-0.6552653735779002
TX000657,0.44334184929053344,2023-07-31 17:04:29,0.2431906566367793,0.6198254967388979,-0.2067936485059295,0.8049265252987312,2024-11-04 08:07:30,0.24311233191402057,-0.2902804331845315,-0.2259336741271706,0.6650945906307275,False,True,False,True,False,False,1.282351234197446,-1.399772413034151,-1.5496634070223647,1.3362026152544912,1.3818962828920065
TX000658,0.5004870307526929,2023-04-25 18:58:32,-1.49949295554867,0.24813052425642676,-0.2067936485059295,-1.0871724458136414,2024-11-04 08:10:26,-0.6681719468483239,0.6041013875458795,-0.2259336741271706,-1.1759165516991759,True,False,False,False,False,True,0.8386506418690736,-0.8546207383765094,-0.07773708545436095,-0.9982410867410686,1.2251915400866291
TX000659,-0.6709206698193411,2023-02-20 17:27:24,-0.7686901504386429,-1.338721089034123,-0.2067936485059295,0.23818141170745974,2024-11-04 08:11:08,-1.270509970882602,-0.35883059757895686,-0.2259336741271706,-0.7156637661167,True,True,False,False,False,False,1.282351234197446,-0.30946906371886795,-0.07773708545436095,0.16898076425671127,1.2251915400866291
TX000660,-0.7880545879363211,2023-08-17 16:44:38,-0.4313965480801688,-0.18074829014642452,-0.2067936485059295,-0.6020725758528749,2024-11-04 08:11:15,0.4027950083304811,-0.3439328862200305,-0.2259336741271706,0.2048418050482517,True,True,False,True,False,False,0.8386506418690736,0.23568261093877343,-0.07773708545436095,-0.6091671364084753,1.3818962828920065
TX000661,0.09831239934724408,2023-12-06 17:10:35,0.6366998593883324,0.8485608644204186,-0.2067936485059295,0.7838017832118761,2024-11-04 08:10:44,1.446607886210145,-0.31346648748825084,-0.2259336741271706,-0.2554109805342242,True,False,True,True,False,False,2.169752418854191,0.23568261093877343,0.9035471289243083,0.9471286649218978,0.4416678260597419
TX000662,-0.4763255674781749,2023-02-28 17:28:13,-0.6562589496524849,-0.2808200135070898,-0.2067936485059295,0.07356277583606093,2024-11-04 08:10:48,-1.1952851598967043,-0.33424333293140884,-0.2259336741271706,-0.7156637661167,True,False,False,False,False,False,-0.9361517274444162,-0.8546207383765094,0.4129050217349737,-0.22009318607588202,-0.968674859188655
TX000663,-0.8276245427257659,2023-06-19 17:50:29,-0.9935525520109589,0.319610326656902,-0.2067936485059295,-0.401593927500986,2024-11-04 08:07:58,-0.15148120536598406,-0.3608957842028936,-0.2259336741271706,-0.2554109805342242,True,False,True,False,False,True,-0.4924511351160437,-0.8546207383765094,0.9035471289243083,-0.025556210909585365,0.5983725688651194
TX000664,-0.03190872459620194,2023-01-17 17:11:24,-0.9935525520109589,-1.1957614842331725,-0.2067936485059295,-1.2700672270418922,2024-11-04 08:06:33,-1.5902580483281374,3.1077938625880734,-0.2259336741271706,0.2048418050482517,True,False,True,False,False,True,1.282351234197446,-0.8546207383765094,-1.0590212998330302,-0.22009318607588202,-2.692427030047807
TX000665,-0.1778893110531929,2023-01-02 18:35:07,-1.162199353190196,-0.18074829014642452,-0.2067936485059295,-1.1184275260465295,2024-11-04 08:07:45,-1.7307517157695127,0.24884323986663415,-0.2259336741271706,-0.7156637661167,False,True,False,False,False,True,0.3949500495407011,0.23568261093877343,-0.5683791926436955,0.7525916897556012,-2.692427030047807
TX000666,-0.4981832567904397,2023-08-07 16:57:22,-0.31896534729401077,0.8056729829801335,4.772110297630446,-0.6806025674339166,2024-11-04 08:10:50,0.3088592404659485,-0.2704138456522989,4.426077714458506,-0.2554109805342242,False,False,True,True,False,False,0.8386506418690736,-0.30946906371886795,-0.5683791926436955,-0.6091671364084753,1.5386010256973839
TX000667,-0.6277877061137903,2023-11-27 16:16:19,-0.20653414650785276,-1.4102008914345983,-0.2067936485059295,-1.1910218727761244,2024-11-04 08:10:13,1.361637472321972,0.08595597007812242,-0.2259336741271706,-1.1759165516991759,False,True,False,True,False,False,-1.823552912101161,1.3259859602540562,-0.07773708545436095,0.9471286649218978,-2.0656080588262973
TX000668,0.25926447519210283,2023-07-18 18:03:03,0.9177778613537274,-0.5810351835890857,-0.2067936485059295,0.8531193463042578,2024-11-04 08:06:36,0.12127249015377609,-0.30504599362985163,-0.2259336741271706,0.2048418050482517,False,False,True,False,False,False,0.8386506418690736,-1.399772413034151,1.394189236113643,-0.41463016124217866,0.7550773116704967
TX000669,0.7092999090571659,2023-11-13 17:07:10,0.8615622609606484,0.6913052991393731,-0.2067936485059295,-0.33540700041880595,2024-11-04 08:07:50,1.2303547685955605,-0.13150258186568492,-0.2259336741271706,-0.7156637661167,True,False,True,True,False,False,-1.823552912101161,1.8711376349116977,0.9035471289243083,1.1416656400881946,-2.692427030047807
TX000670,-0.5871214408886205,2023-05-04 16:25:15,0.07454385545754227,-0.6096271045492758,4.772110297630446,0.26129837670989775,2024-11-04 08:07:41,-0.5845353559845512,-0.35148316891523546,4.426077714458506,-0.2554109805342242,True,False,False,True,False,False,-0.04875054278767131,-1.399772413034151,2.3754734504923123,-0.6091671364084753,0.2849630832543645
TX000671,1.7902619986818973,2023-12-18 16:33:01,0.1307594558506213,0.8771527853806086,-0.2067936485059295,0.9457718138428667,2024-11-04 08:10:34,1.5591896446201505,-0.2088899341240652,-0.2259336741271706,-1.1759165516991759,True,True,False,False,False,False,-0.9361517274444162,1.3259859602540562,-1.0590212998330302,-0.6091671364084753,0.2849630832543645
TX000672,2.3612341774878605,2023-03-31 16:52:35,1.3112870641052805,0.10517091945547634,-0.2067936485059295,2.5043721560879906,2024-11-04 08:09:09,-0.9040400001180542,-0.26164215515482486,-0.2259336741271706,-1.1759165516991759,False,False,True,False,False,False,-1.3798523197727885,-1.399772413034151,-0.07773708545436095,-0.22009318607588202,0.5983725688651194
TX000673,-0.9908720185454238,2023-01-12 16:21:27,1.0302090621398854,0.21953860329623667,-0.2067936485059295,-1.0276390817506855,2024-11-04 08:11:23,-1.6376265579815696,-0.37705660015923864,-0.2259336741271706,-1.1759165516991759,True,False,False,False,True,False,-0.04875054278767131,-1.9449240876917921,1.8848313433029775,-0.025556210909585365,0.12825834044898704
TX000674,-0.34295255103202,2023-07-03 16:36:45,0.4680530582090954,-1.2815372471137427,-0.2067936485059295,-0.02794059711386336,2024-11-04 08:06:40,-0.02032386381009633,-0.31440649858124853,-0.2259336741271706,-0.2554109805342242,False,False,True,False,True,False,1.282351234197446,1.8711376349116977,-0.5683791926436955,0.5580547145893046,0.12825834044898704
TX000675,1.1661187637432768,2023-10-23 17:17:18,0.7491310601744904,-0.42377961830804023,-0.2067936485059295,0.7268221566314433,2024-11-04 08:07:56,1.0329748604605233,-0.234251697705244,-0.2259336741271706,-0.7156637661167,True,True,False,False,True,False,-0.9361517274444162,-0.30946906371886795,-1.5496634070223647,1.5307395904207879,-0.18515114516176784
TX000676,-0.9732282724704766,2023-05-15 16:51:28,-1.0497681524040379,-0.7811786303104162,-0.2067936485059295,-1.24469907578478,2024-11-04 08:06:30,-0.4809326630383062,-0.2900485409854893,-0.2259336741271706,-0.7156637661167,True,False,False,False,False,True,-0.04875054278767131,-0.8546207383765094,-0.5683791926436955,1.1416656400881946,0.2849630832543645
TX000677,0.4608142968598988,2023-03-20 16:28:17,0.2431906566367793,1.7206144537062162,-0.2067936485059295,-0.7691987973245825,2024-11-04 08:10:16,-1.0076297433261983,0.009410725360108948,-0.2259336741271706,-0.2554109805342242,True,False,False,True,False,False,-0.4924511351160437,1.3259859602540562,0.9035471289243083,-0.025556210909585365,-0.3418558879671453
TX000678,0.26577381840421943,2023-06-08 17:20:53,0.35562185742293734,-0.7668826698303213,1.4528410002061958,0.09768739026684396,2024-11-04 08:11:26,-0.2551208975639461,-0.2578050574276735,4.426077714458506,0.6650945906307275,True,False,False,True,False,False,0.8386506418690736,-0.8546207383765094,0.4129050217349737,-0.41463016124217866,1.6953057685027615
TX000679,1.182255082969102,2023-02-17 16:57:11,0.2994062570298583,-0.36659577638766006,-0.2067936485059295,0.8582088733151092,2024-11-04 08:08:38,-1.2988974291198643,-0.24270475905830982,-0.2259336741271706,-0.7156637661167,True,True,False,False,False,False,0.8386506418690736,0.7808342855964149,-0.5683791926436955,-0.9982410867410686,0.12825834044898704
TX000680,-0.7508142928227917,2023-11-21 17:25:30,0.41183745781601633,2.4640043986711584,-0.2067936485059295,0.45037494616140494,2024-11-04 08:10:39,1.3056733835666936,-0.36948098863677475,-0.2259336741271706,-1.1759165516991759,False,False,True,False,True,False,-1.3798523197727885,-0.30946906371886795,-1.5496634070223647,0.16898076425671127,-0.028446402356390392
TX000681,-0.5408708443814771,2023-01-16 17:53:00,0.2431906566367793,1.1630719949825095,-0.2067936485059295,-0.014223232122398906,2024-11-04 08:08:24,-1.5994006722487533,-0.33765658924039715,-0.2259336741271706,-1.1759165516991759,True,True,False,True,False,False,-0.4924511351160437,-0.30946906371886795,1.8848313433029775,0.16898076425671127,0.5983725688651194
TX000682,0.6934034077391552,2023-08-02 16:01:17,-0.7686901504386429,2.5211882405915387,-0.2067936485059295,0.9668042521652935,2024-11-04 08:09:05,0.261493668988388,-0.2813635952667895,-0.2259336741271706,-0.7156637661167,True,True,False,True,False,False,0.8386506418690736,-0.30946906371886795,2.3754734504923123,-0.025556210909585365,-0.028446402356390392
TX000683,-0.9850478693556355,2023-01-17 16:47:41,-1.162199353190196,-1.009913997991937,-0.2067936485059295,-1.1752045971439107,2024-11-04 08:08:57,-1.5904285713500217,-0.3547059114857185,-0.2259336741271706,-0.7156637661167,True,False,True,False,False,True,-0.9361517274444162,0.23568261093877343,-0.07773708545436095,-0.22009318607588202,-2.8491317728531844
TX000684,-0.606306873513806,2023-02-27 16:37:11,-1.218414953583275,-0.4952594207085154,-0.2067936485059295,1.0936014205620959,2024-11-04 08:06:39,-1.2049934370832769,-0.36664439811887756,-0.2259336741271706,0.6650945906307275,True,False,False,False,False,True,1.282351234197446,-0.30946906371886795,1.394189236113643,-0.22009318607588202,-0.028446402356390392
TX000685,0.9623420615029147,2023-10-16 17:46:51,0.8053466605675694,0.8628568249005136,-0.2067936485059295,0.3489151611002386,2024-11-04 08:06:50,0.967359843358834,-0.2164150438846878,-0.2259336741271706,-1.1759165516991759,True,True,False,False,True,False,-0.9361517274444162,-0.8546207383765094,0.4129050217349737,-0.41463016124217866,-0.6552653735779002
TX000686,-0.610829154061171,2023-08-28 16:08:54,-0.6000433492594058,-1.395904930954503,6.431744946342571,-1.2295022865690026,2024-11-04 08:08:55,0.5060007210700677,0.34043159213963403,4.426077714458506,-0.7156637661167,True,True,False,True,False,False,0.8386506418690736,-0.8546207383765094,0.9035471289243083,0.16898076425671127,0.2849630832543645
TX000687,-0.057123864617874026,2024-01-01 18:21:50,-0.20653414650785276,0.6913052991393731,-0.2067936485059295,0.047317738816877807,2024-11-04 08:06:41,1.6915557734939006,-0.28777191873358715,-0.2259336741271706,-0.2554109805342242,True,False,True,False,False,False,0.3949500495407011,0.7808342855964149,0.9035471289243083,-0.025556210909585365,-0.6552653735779002
TX000688,-0.8742177362440733,2023-06-01 17:19:57,-1.330846154369433,-0.2522280925468997,-0.2067936485059295,-1.185522106812257,2024-11-04 08:09:11,-0.32092744020393565,-0.22237087008811643,-0.2259336741271706,-1.1759165516991759,True,False,True,False,False,True,-0.9361517274444162,-1.399772413034151,-0.07773708545436095,0.5580547145893046,-0.968674859188655
TX000689,-0.7556449106802043,2023-06-19 16:57:53,1.2550714637122016,1.992237702828022,-0.2067936485059295,1.5886418931531254,2024-11-04 08:08:06,-0.15182551604960995,-0.37852736646018725,-0.2259336741271706,-0.7156637661167,True,False,False,False,False,False,0.3949500495407011,-0.8546207383765094,1.394189236113643,-0.025556210909585365,0.12825834044898704
TX000690,-0.9421547235578996,2023-03-27 16:12:36,0.9739934617468065,-1.0670978399123172,-0.2067936485059295,-0.28859104389933876,2024-11-04 08:08:22,-0.9419045990399862,-0.38078275980339477,-0.2259336741271706,-0.2554109805342242,True,False,False,False,True,False,-0.9361517274444162,-1.399772413034151,0.4129050217349737,0.7525916897556012,0.2849630832543645
TX000691,0.9290073723166551,2023-10-09 16:48:50,0.35562185742293734,0.5054578128981375,-0.2067936485059295,0.6076708167214724,2024-11-04 08:12:09,0.9011311827852841,-0.2426289809533416,-0.2259336741271706,-1.1759165516991759,True,False,False,False,True,False,-1.823552912101161,0.7808342855964149,-0.07773708545436095,-0.025556210909585365,-1.28208434479941
TX000692,-0.9306777236839047,2023-10-16 18:53:31,0.7491310601744904,1.30603159978346,6.431744946342571,-0.07671288064052452,2024-11-04 08:06:38,0.9677964345290954,-0.3813248323817229,4.426077714458506,-0.2554109805342242,False,False,True,False,True,False,-0.04875054278767131,1.3259859602540562,0.4129050217349737,-0.025556210909585365,-0.028446402356390392
TX000693,-0.6566001147526848,2023-08-07 16:02:55,0.35562185742293734,1.2488477578630797,-0.2067936485059295,0.21763100415482664,2024-11-04 08:09:59,0.30850927107323645,-0.35700918702362716,-0.2259336741271706,-0.7156637661167,True,True,False,True,False,False,0.8386506418690736,-0.30946906371886795,-0.07773708545436095,0.16898076425671127,1.3818962828920065
TX000694,1.492682234784825,2023-03-15 18:42:16,0.41183745781601633,-0.36659577638766006,6.431744946342571,1.3621720431342317,2024-11-04 08:07:12,-1.0537457194876791,-0.25375662257977966,4.426077714458506,-0.2554109805342242,True,False,False,False,False,False,0.3949500495407011,0.23568261093877343,-0.5683791926436955,-0.41463016124217866,-0.6552653735779002
TX000695,0.18005604621098026,2023-11-27 16:18:25,-1.330846154369433,1.0772962321019393,-0.2067936485059295,-1.2352892197999812,2024-11-04 08:08:37,1.3616616306569167,1.92061803168222,-0.2259336741271706,-1.1759165516991759,False,False,False,False,False,True,0.3949500495407011,-1.399772413034151,0.4129050217349737,0.16898076425671127,0.12825834044898704
TX000696,2.9243608847381686,2023-08-25 17:26:27,1.1426402629260435,-0.20934021110661458,-0.2067936485059295,-1.0292492696412725,2024-11-04 08:07:02,0.47831287515424353,1.6621275772852875,-0.2259336741271706,-0.7156637661167,True,False,False,False,False,False,-1.823552912101161,-0.8546207383765094,0.9035471289243083,-0.6091671364084753,0.2849630832543645
TX000697,-0.3902994579748883,2023-06-26 16:11:29,-1.443277355155591,1.692022532746026,-0.2067936485059295,-1.077913865442767,2024-11-04 08:11:05,-0.08633281412124397,0.004071834492685741,-0.2259336741271706,-0.7156637661167,True,False,True,False,False,True,-0.04875054278767131,0.7808342855964149,1.8848313433029775,-0.22009318607588202,-0.028446402356390392
TX000698,-0.0662026854137208,2023-04-10 16:47:55,-0.8811213512248008,0.04798707753509617,-0.2067936485059295,0.4025564682005055,2024-11-04 08:09:58,-0.8100541744423749,-0.3101318063467024,-0.2259336741271706,0.2048418050482517,True,True,False,False,False,False,-0.04875054278767131,0.23568261093877343,-1.0590212998330302,-1.387315037073662,1.2251915400866291
TX000699,0.5916863551245563,2023-09-12 18:46:45,-0.2627497469009318,-0.4523715392682303,-0.2067936485059295,0.8742671643322201,2024-11-04 08:08:00,0.6480697948852899,-0.28352581814852584,-0.2259336741271706,-1.1759165516991759,True,False,False,False,False,False,-1.3798523197727885,-1.399772413034151,-0.5683791926436955,0.9471286649218978,-0.028446402356390392
TX000700,-0.12300526986471606,2023-11-27 17:29:25,0.4680530582090954,-0.5095553811886104,-0.2067936485059295,0.0031657714985565185,2024-11-04 08:09:09,1.3621217272341513,-0.2916425830006836,-0.2259336741271706,-0.7156637661167,True,False,False,False,True,False,-0.04875054278767131,-0.8546207383765094,-1.5496634070223647,0.5580547145893046,1.2251915400866291
TX000701,0.2310687411733037,2023-03-06 16:29:57,-1.274630553976354,-0.36659577638766006,-0.2067936485059295,-1.0872391096435063,2024-11-04 08:12:08,-1.1392613282320359,0.4278076605690594,-0.2259336741271706,-0.7156637661167,True,True,False,False,False,True,0.3949500495407011,1.3259859602540562,0.9035471289243083,-0.025556210909585365,-0.6552653735779002
TX000702,-0.29632509781259625,2023-09-14 16:58:48,0.6929154597814113,0.23383456377633172,-0.2067936485059295,0.4988164745321972,2024-11-04 08:07:01,0.6661757051770224,-0.3331694043722677,-0.2259336741271706,-0.7156637661167,True,True,False,False,True,False,1.282351234197446,-0.8546207383765094,-0.5683791926436955,1.1416656400881946,0.7550773116704967
TX000703,-0.9459232906807038,2023-05-04 16:51:17,0.7491310601744904,1.7206144537062162,-0.2067936485059295,1.7632421555500888,2024-11-04 08:08:08,-0.5843683152451815,-0.3883858161927899,-0.2259336741271706,-0.7156637661167,True,False,False,False,False,False,0.3949500495407011,0.23568261093877343,-1.0590212998330302,-0.41463016124217866,0.4416678260597419
TX000704,-0.8017242086817657,2023-09-11 17:43:14,-1.49949295554867,1.1344800740223193,-0.2067936485059295,0.7619514309768741,2024-11-04 08:11:56,0.63822723217925,-0.37646072000381614,-0.2259336741271706,-0.2554109805342242,True,False,False,False,False,True,-0.04875054278767131,-0.8546207383765094,0.4129050217349737,-0.6091671364084753,-0.8119701163832775
TX000705,0.08313535175267775,2023-07-24 16:25:51,1.0302090621398854,0.677009338659278,-0.2067936485059295,1.9261198398646269,2024-11-04 08:06:35,0.17705092972249756,-0.34183086852495104,-0.2259336741271706,-0.2554109805342242,True,False,False,False,False,False,-0.04875054278767131,-0.8546207383765094,1.8848313433029775,1.1416656400881946,-0.028446402356390392
TX000706,-0.9780588903278893,2023-12-12 16:17:27,1.7047962668568335,0.10517091945547634,-0.2067936485059295,-0.8676612740352776,2024-11-04 08:07:10,1.5026972283146183,-0.3781643025961369,-0.2259336741271706,-1.1759165516991759,True,True,False,False,True,False,-1.3798523197727885,-0.30946906371886795,-0.07773708545436095,0.9471286649218978,0.12825834044898704
TX000707,1.1817754471534725,2023-05-10 18:49:20,-0.03788734532861574,-1.3101291680739329,-0.2067936485059295,-0.5053972025812549,2024-11-04 08:10:37,-0.5272007714171413,0.009578804362343027,-0.2259336741271706,-0.2554109805342242,True,True,False,True,False,False,1.282351234197446,2.416289309569339,2.3754734504923123,0.9471286649218978,-0.6552653735779002
TX000708,-0.29855197838516245,2023-12-11 16:47:05,-0.9935525520109589,0.37679416857728215,-0.2067936485059295,-0.9927303108425009,2024-11-04 08:06:24,1.4934935556286693,-0.059413761236912783,-0.2259336741271706,0.6650945906307275,True,False,False,False,False,True,1.282351234197446,0.23568261093877343,0.4129050217349737,-0.025556210909585365,-0.6552653735779002
TX000709,0.05500813713611118,2023-01-30 16:08:07,0.5804842589952534,0.7627851015398482,-0.2067936485059295,-0.8276424641685902,2024-11-04 08:10:49,-1.4684709849122541,-0.0654193591641578,-0.2259336741271706,-1.1759165516991759,False,True,False,False,True,False,-0.4924511351160437,-0.30946906371886795,-0.5683791926436955,-0.6091671364084753,0.12825834044898704
TX000710,-0.6777726100426216,2023-08-07 16:21:37,-1.0497681524040379,0.1623547613758565,-0.2067936485059295,-1.2044136105986325,2024-11-04 08:06:26,0.30865454754689026,0.07709037192151054,-0.2259336741271706,-1.1759165516991759,True,True,False,False,False,True,-0.04875054278767131,1.3259859602540562,-1.0590212998330302,-0.22009318607588202,-0.968674859188655
TX000711,-0.6244645151054993,2023-07-25 17:24:07,0.4680530582090954,-0.09497252726585426,-0.2067936485059295,0.20890829841632896,2024-11-04 08:08:36,0.18682036449573192,-0.3537014403489241,-0.2259336741271706,-0.7156637661167,True,True,False,False,True,False,0.3949500495407011,2.416289309569339,0.9035471289243083,-1.387315037073662,0.4416678260597419
TX000712,-0.9044005329276239,2023-08-21 17:25:00,-1.218414953583275,-0.681106906949751,-0.2067936485059295,-1.1884681352936013,2024-11-04 08:08:40,0.4406840920513435,-0.2543659792297641,-0.2259336741271706,-1.1759165516991759,True,False,True,False,False,True,1.7260518265258185,-0.30946906371886795,-1.0590212998330302,1.3362026152544912,-0.6552653735779002
TX000713,0.6886070495828588,2023-01-30 16:20:26,-0.6562589496524849,-1.2529453261535526,-0.2067936485059295,0.1919628656633217,2024-11-04 08:06:58,-1.4683654282235319,-0.22486436269918877,-0.2259336741271706,-0.7156637661167,False,False,True,False,False,False,-0.9361517274444162,-0.30946906371886795,-0.5683791926436955,-0.41463016124217866,1.3818962828920065
TX000714,-0.6810272816486798,2023-09-04 16:48:13,-0.9935525520109589,-0.40948365782794516,-0.2067936485059295,-1.1069280153948062,2024-11-04 08:08:11,0.5720773582475919,-0.1486753567072742,-0.2259336741271706,-0.7156637661167,True,True,False,False,False,True,-0.04875054278767131,1.3259859602540562,1.394189236113643,0.3635177394230079,-0.3418558879671453
TX000715,-1.0131408242710855,2023-10-20 18:34:41,1.1426402629260435,0.39109012905737717,-0.2067936485059295,0.5573191132257006,2024-11-04 08:09:48,1.005261441532483,-0.3914023483299906,-0.2259336741271706,-0.7156637661167,True,False,False,False,True,False,0.3949500495407011,0.23568261093877343,-0.5683791926436955,1.3362026152544912,-1.7521985732155423
TX000716,-0.7491698271692042,2023-06-15 18:57:42,0.8053466605675694,-0.35229981590756504,-0.2067936485059295,0.13090648948729494,2024-11-04 08:08:28,-0.18865424474479264,-0.3643467349868425,-0.2259336741271706,-0.2554109805342242,False,False,True,True,False,False,1.282351234197446,-1.399772413034151,0.9035471289243083,-1.387315037073662,0.12825834044898704
TX000717,-0.35391565538926884,2023-01-23 16:05:42,-0.31896534729401077,-1.5674564567156437,-0.2067936485059295,-0.5450775653117043,2024-11-04 08:08:57,-1.5342897155410447,-0.2642212410146831,-0.2259336741271706,0.2048418050482517,False,True,False,True,False,False,1.7260518265258185,-1.399772413034151,-0.5683791926436955,0.16898076425671127,0.2849630832543645
TX000718,-0.9211192670724283,2023-10-31 16:11:57,0.4680530582090954,0.9343366273009888,-0.2067936485059295,-0.6157027650668235,2024-11-04 08:08:37,1.1077610126709165,-0.37110904546087553,-0.2259336741271706,-0.7156637661167,True,False,False,True,False,False,-0.4924511351160437,0.7808342855964149,-0.07773708545436095,-0.803704111574772,0.2849630832543645
TX000719,-0.6580047624984573,2023-06-16 16:36:20,-1.162199353190196,-0.4523715392682303,-0.2067936485059295,-0.9437144479374866,2024-11-04 08:10:14,-0.18018663952535613,-0.24739490489228336,-0.2259336741271706,-0.7156637661167,True,False,True,False,False,True,-1.3798523197727885,-1.399772413034151,-1.0590212998330302,3.6706463172500507,0.12825834044898704
TX000720,1.5065574137369684,2023-03-20 17:45:22,-0.8249057508317219,-1.2243534051933627,-0.2067936485059295,0.5697852494104672,2024-11-04 08:08:06,-1.007112297908802,-0.19448621524115017,-0.2259336741271706,-0.2554109805342242,True,False,True,False,False,False,0.8386506418690736,-0.30946906371886795,-0.07773708545436095,-1.970925962572552,0.7550773116704967
TX000721,-0.20464613762510314,2023-02-06 17:48:39,-1.49949295554867,1.2917356393033648,-0.2067936485059295,-1.1893527130360415,2024-11-04 08:10:20,-1.4019962793147858,0.5885209537919919,-0.2259336741271706,-1.1759165516991759,True,False,False,False,False,True,-0.4924511351160437,0.23568261093877343,-0.07773708545436095,-0.41463016124217866,1.2251915400866291
TX000722,0.38376422904910956,2023-07-26 16:05:48,1.1426402629260435,-0.43807557878813524,-0.2067936485059295,1.6880940713379706,2024-11-04 08:10:16,0.19570029372915657,-0.32312171169675524,-0.2259336741271706,-0.2554109805342242,True,True,False,False,False,False,-0.04875054278767131,0.23568261093877343,0.9035471289243083,-1.1927780619073654,0.2849630832543645
TX000723,-0.7607838658476648,2023-08-21 17:36:05,-1.330846154369433,0.5340497338583277,-0.2067936485059295,-1.0460972706429383,2024-11-04 08:07:11,0.44076614333309255,-0.24858608848673255,-0.2259336741271706,0.2048418050482517,False,False,True,False,False,True,-0.04875054278767131,-0.8546207383765094,0.4129050217349737,0.7525916897556012,0.12825834044898704
TX000724,-0.7703080627580247,2023-05-01 16:30:03,1.0864246625329645,-1.4959766543151685,-0.2067936485059295,1.7764595418175655,2024-11-04 08:07:19,-0.6127081097405261,-0.38003925784391696,-0.2259336741271706,-0.7156637661167,True,False,False,False,False,False,-0.4924511351160437,1.8711376349116977,-1.5496634070223647,-0.22009318607588202,-0.6552653735779002
TX000725,-0.8855576973136026,2023-09-01 18:05:37,-1.0497681524040379,0.333906287136997,-0.2067936485059295,-1.1783506171148501,2024-11-04 08:08:27,0.5443744949884237,-0.2440145403122699,-0.2259336741271706,-0.2554109805342242,True,False,True,False,False,True,1.282351234197446,-0.30946906371886795,-0.5683791926436955,0.16898076425671127,-0.8119701163832775
TX000726,3.4677540041454282,2023-03-06 16:33:43,-1.218414953583275,0.2767224452166169,-0.2067936485059295,-0.9885151056002638,2024-11-04 08:11:14,-1.1392308582600337,1.6504457482811685,-0.2259336741271706,-0.2554109805342242,True,False,False,False,False,True,0.3949500495407011,-1.399772413034151,-1.0590212998330302,0.9471286649218978,-0.3418558879671453
TX000727,1.4792866916483118,2023-11-14 17:23:43,1.3112870641052805,-0.42377961830804023,-0.2067936485059295,1.0290195533835897,2024-11-04 08:08:16,1.2398621616095753,-0.23493420396324308,-0.2259336741271706,-0.7156637661167,True,False,False,False,False,False,-0.9361517274444162,1.3259859602540562,-1.0590212998330302,-0.6091671364084753,1.5386010256973839
TX000728,-0.5485107577304349,2023-07-26 16:54:08,-0.6000433492594058,-0.995618037511842,-0.2067936485059295,-0.16492963949965073,2024-11-04 08:07:04,0.1960367692771247,-0.3315059719484268,-0.2259336741271706,-0.7156637661167,True,False,False,True,False,False,-0.04875054278767131,0.23568261093877343,-0.07773708545436095,-0.025556210909585365,1.6953057685027615
TX000729,0.7095739866660971,2023-04-10 18:27:51,-0.8811213512248008,-0.8383624722307964,-0.2067936485059295,0.2821000556212531,2024-11-04 08:08:37,-0.8093928672285967,-0.23237782622055173,-0.2259336741271706,-1.1759165516991759,True,False,True,True,False,False,-0.4924511351160437,-1.399772413034151,-0.07773708545436095,0.7525916897556012,0.5983725688651194
TX000730,0.2530977289911505,2023-05-30 16:15:10,-1.162199353190196,-0.8812503536710816,-0.2067936485059295,-1.0069476545579532,2024-11-04 08:07:09,-0.3401414780845943,0.22237599480975836,-0.2259336741271706,-0.7156637661167,False,True,False,False,False,True,-1.3798523197727885,-0.30946906371886795,0.9035471289243083,-0.025556210909585365,-0.6552653735779002
TX000731,0.45481884916452836,2023-02-20 17:23:03,-0.4876121484732478,1.2202558369028897,-0.2067936485059295,-1.220307806034537,2024-11-04 08:10:51,-1.2705365232867754,1.9836710366210437,-0.2259336741271706,-0.7156637661167,True,False,True,False,False,False,-0.04875054278767131,-0.30946906371886795,0.4129050217349737,0.5580547145893046,1.3818962828920065
TX000732,-0.23047795226687068,2023-05-15 18:15:33,-0.5438277488663268,-0.9098422746312717,-0.2067936485059295,-1.1083741077041869,2024-11-04 08:08:34,-0.4803971532803659,0.1790851604430149,-0.2259336741271706,-0.7156637661167,True,True,False,True,False,False,0.3949500495407011,-0.8546207383765094,-0.07773708545436095,1.1416656400881946,-0.6552653735779002
TX000733,-0.6025725660921182,2023-09-05 17:02:23,0.41183745781601633,0.2910184056967119,-0.2067936485059295,0.19603961525891594,2024-11-04 08:11:23,0.5815511254710755,-0.3512402828935204,-0.2259336741271706,-1.1759165516991759,True,False,False,False,True,False,-1.3798523197727885,1.3259859602540562,1.394189236113643,1.1416656400881946,0.12825834044898704
TX000734,-0.6808217234419813,2023-01-03 17:51:07,-1.387061754762512,0.8485608644204186,-0.2067936485059295,-1.1745918027078432,2024-11-04 08:06:58,-1.7216317266852414,-0.028296206989108744,-0.2259336741271706,-1.1759165516991759,True,False,True,False,False,True,-1.3798523197727885,0.7808342855964149,-1.0590212998330302,0.7525916897556012,0.5983725688651194
TX000735,-0.6168246017565414,2023-05-19 16:35:07,-1.162199353190196,-1.2100574447132675,-0.2067936485059295,-1.081072705380988,2024-11-04 08:11:13,-0.44346156204051806,-0.1350044862200261,-0.2259336741271706,0.2048418050482517,True,False,False,False,False,True,0.3949500495407011,0.23568261093877343,-0.5683791926436955,-0.025556210909585365,0.12825834044898704
TX000736,-0.18141806026818236,2023-02-21 18:41:39,-0.8249057508317219,-0.23793213206680466,-0.2067936485059295,1.0372012565027977,2024-11-04 08:06:53,-1.2605952596357137,-0.3394400287680973,-0.2259336741271706,-0.7156637661167,True,True,False,False,False,False,-0.4924511351160437,0.7808342855964149,0.4129050217349737,-2.1654629377388486,1.2251915400866291
TX000737,0.08337516966049253,2023-12-04 18:27:11,0.018328255064463266,-1.5388645357554536,-0.2067936485059295,-0.1850108362497723,2024-11-04 08:07:51,1.4283225295475848,-0.24795909765902385,-0.2259336741271706,-0.7156637661167,True,False,False,True,False,False,-0.4924511351160437,0.23568261093877343,-0.07773708545436095,-0.803704111574772,-0.6552653735779002
TX000738,2.724112931712796,2023-01-23 17:24:29,0.7491310601744904,-1.5531604962355485,-0.2067936485059295,-0.954657572009182,2024-11-04 08:07:50,-1.533768026091834,1.150345258750269,-0.2259336741271706,0.2048418050482517,True,True,False,False,True,False,-0.04875054278767131,-0.8546207383765094,-0.07773708545436095,0.5580547145893046,-0.8119701163832775
TX000739,-0.04920987365998504,2023-02-06 16:48:45,-0.2627497469009318,-0.3094119344672799,-0.2067936485059295,-0.7962566202694282,2024-11-04 08:07:38,-1.402369754114471,-0.11504124447866375,-0.2259336741271706,-1.1759165516991759,True,False,True,True,False,False,-1.3798523197727885,-1.399772413034151,1.394189236113643,-0.41463016124217866,-2.0656080588262973
TX000740,0.16806515082023937,2024-01-01 16:17:13,-0.8249057508317219,-0.8526584327108915,-0.2067936485059295,0.31861645042656844,2024-11-04 08:06:58,1.690740266457525,-0.28479174667985263,-0.2259336741271706,1.1253473762132034,True,False,True,True,False,False,1.282351234197446,-0.30946906371886795,-0.5683791926436955,0.5580547145893046,-1.7521985732155423
TX000741,0.28787132562429896,2023-01-27 16:40:28,1.0864246625329645,0.6341214572189929,-0.2067936485059295,0.2294305020409423,2024-11-04 08:11:46,-1.4964724538970446,-0.26716131530942355,-0.2259336741271706,-0.7156637661167,True,False,True,False,True,False,0.3949500495407011,1.8711376349116977,-1.5496634070223647,-0.025556210909585365,-0.6552653735779002
TX000742,0.31195589550912983,2023-02-21 16:02:33,1.7610118672499127,-1.0956897608725071,-0.2067936485059295,0.7134432387762171,2024-11-04 08:08:15,-1.2616429913872782,-0.2952289302259996,-0.2259336741271706,-0.7156637661167,True,False,False,False,True,False,-0.04875054278767131,-0.30946906371886795,-0.5683791926436955,1.3362026152544912,1.3818962828920065
TX000743,-0.9194405417177247,2023-07-06 18:16:05,-1.162199353190196,0.44827397097775734,-0.2067936485059295,-0.8883911611298551,2024-11-04 08:09:03,0.00851563822608583,-0.35712406004924696,-0.2259336741271706,-0.2554109805342242,True,False,False,False,False,True,-0.4924511351160437,-0.30946906371886795,-0.5683791926436955,1.1416656400881946,-0.028446402356390392
TX000744,-0.8593832856606711,2023-07-31 17:37:31,1.2550714637122016,0.4339780104976623,-0.2067936485059295,-0.5830195404787493,2024-11-04 08:09:20,0.2433160454411216,-0.35958275178720617,-0.2259336741271706,-0.7156637661167,True,True,False,False,True,False,-0.04875054278767131,1.3259859602540562,-0.07773708545436095,-0.22009318607588202,0.12825834044898704
TX000745,0.1748828313424035,2023-06-09 17:12:09,0.6929154597814113,0.11946687993557138,-0.2067936485059295,-0.471606332820038,2024-11-04 08:11:22,-0.24577532186552933,-0.18282565238952878,-0.2259336741271706,-0.2554109805342242,True,False,True,False,True,False,-0.4924511351160437,0.7808342855964149,1.394189236113643,-0.803704111574772,-0.028446402356390392
TX000746,0.07391949215236548,2023-01-11 16:58:02,1.5923650660706756,-0.5524432626288956,-0.2067936485059295,0.35569179580536775,2024-11-04 08:08:49,-1.6467730994700143,-0.2954761749267315,-0.2259336741271706,-0.2554109805342242,True,False,True,False,True,False,0.8386506418690736,1.3259859602540562,-1.0590212998330302,0.7525916897556012,1.2251915400866291
TX000747,-0.7661968986240564,2023-11-03 16:39:45,-1.0497681524040379,-0.6239230650293708,-0.2067936485059295,-1.2179950839369105,2024-11-04 08:07:22,1.1361571766144654,0.006215353462885996,-0.2259336741271706,0.2048418050482517,True,False,False,False,False,True,0.8386506418690736,-1.399772413034151,0.4129050217349737,-0.9982410867410686,0.2849630832543645
TX000748,0.31531334621853735,2023-02-16 16:20:06,-0.9935525520109589,-0.29511597398718487,-0.2067936485059295,1.1881999591340733,2024-11-04 08:08:55,-1.308543569327818,-0.3133925186071031,-0.2259336741271706,0.2048418050482517,True,False,True,True,False,False,2.169752418854191,0.7808342855964149,0.4129050217349737,0.5580547145893046,0.2849630832543645
TX000749,-0.2740220323858182,2023-03-16 17:36:31,-1.443277355155591,-1.0670978399123172,-0.2067936485059295,-0.9511833608758298,2024-11-04 08:10:08,-1.0447920093934775,-0.08773797145698198,-0.2259336741271706,-0.2554109805342242,True,False,False,False,False,True,-0.4924511351160437,0.7808342855964149,0.4129050217349737,0.9471286649218978,0.12825834044898704
TX000750,-0.33490152126966544,2023-01-16 16:01:34,-1.330846154369433,0.4339780104976623,-0.2067936485059295,-1.1301731800700618,2024-11-04 08:09:14,-1.6001336927180656,0.1630619258915737,-0.2259336741271706,-0.2554109805342242,True,False,False,False,False,True,0.3949500495407011,-0.8546207383765094,-1.0590212998330302,-1.5818520122399586,-1.5954938304101647
TX000751,-0.8264939725889248,2023-02-09 16:09:00,-0.03788734532861574,-0.6382190255094659,-0.2067936485059295,-0.00476209626847305,2024-11-04 08:07:36,-1.3744225869726416,-0.3701854817148134,-0.2259336741271706,0.2048418050482517,True,False,False,False,False,False,-0.04875054278767131,-0.30946906371886795,2.3754734504923123,0.16898076425671127,1.3818962828920065
TX000752,-0.16665212908701288,2023-06-16 16:19:35,1.1426402629260435,-1.295833207593838,-0.2067936485059295,-0.5267757800202886,2024-11-04 08:09:32,-0.1802914344647783,-0.23211476692598568,-0.2259336741271706,-0.2554109805342242,False,True,False,False,True,False,-0.4924511351160437,-1.9449240876917921,1.394189236113643,1.1416656400881946,-0.3418558879671453
TX000753,-0.531072569862186,2023-06-19 16:20:51,-0.6562589496524849,0.3624982080971871,-0.2067936485059295,0.699951505208911,2024-11-04 08:06:46,-0.15205861133542745,-0.35620143475796906,-0.2259336741271706,-0.2554109805342242,True,False,False,True,False,False,0.3949500495407011,0.23568261093877343,1.8848313433029775,-0.025556210909585365,-0.028446402356390392
TX000754,2.4774430836746983,2023-07-24 16:42:06,-0.9373369516178799,-0.46666749974832533,-0.2067936485059295,-1.0242366624341113,2024-11-04 08:11:32,0.17712471058327453,1.3975938337507519,-0.2259336741271706,-0.7156637661167,True,False,False,False,False,True,1.282351234197446,-0.8546207383765094,2.3754734504923123,-0.22009318607588202,1.6953057685027615
TX000755,-0.7306010691641142,2023-06-08 16:27:56,0.7491310601744904,1.8349821375469764,3.1124756489183207,0.051194496922876705,2024-11-04 08:09:31,-0.2554541084720569,-0.36073125300704084,4.426077714458506,-0.2554109805342242,True,False,True,False,True,False,0.3949500495407011,0.7808342855964149,3.847399772060316,-0.22009318607588202,0.5983725688651194
TX000756,4.487870864587428,2023-09-07 16:27:03,-0.7686901504386429,0.5197537733782326,-0.2067936485059295,0.2855486268200418,2024-11-04 08:07:33,0.6001497787386163,0.11511027872971569,-0.2259336741271706,-0.2554109805342242,True,False,False,True,False,False,2.613453011182563,-0.30946906371886795,-0.5683791926436955,-1.387315037073662,-0.6552653735779002
TX000757,0.12397291548342937,2023-11-30 17:53:48,0.8615622609606484,-0.3094119344672799,-0.2067936485059295,0.43501662535787733,2024-11-04 08:07:50,1.3904960180906556,-0.29564216109460617,-0.2259336741271706,-0.7156637661167,True,False,False,False,True,False,-0.4924511351160437,1.3259859602540562,2.866115557681647,0.16898076425671127,-0.028446402356390392
TX000758,0.11989601105057748,2023-07-13 17:50:13,0.5804842589952534,0.333906287136997,-0.2067936485059295,-0.9377121392561748,2024-11-04 08:09:05,0.07416166940642047,0.05622585661731012,-0.2259336741271706,-1.1759165516991759,True,False,True,False,True,False,-0.4924511351160437,-0.8546207383765094,1.8848313433029775,0.7525916897556012,-0.028446402356390392
TX000759,-0.20824340624232543,2023-10-26 16:59:55,-1.274630553976354,-1.4959766543151685,-0.2067936485059295,-1.1026769142441806,2024-11-04 08:07:18,1.0610719833931355,0.17916231730879106,-0.2259336741271706,-0.2554109805342242,True,True,False,False,False,True,-0.4924511351160437,0.23568261093877343,-2.0403055142116995,1.3362026152544912,1.3818962828920065
TX000760,0.4118229242634432,2023-06-26 16:21:14,-0.9935525520109589,0.14805880089576146,-0.2067936485059295,-0.9218794796632228,2024-11-04 08:09:17,-0.0862574009405383,0.14816560873915416,-0.2259336741271706,-0.2554109805342242,False,True,False,False,False,True,1.282351234197446,-0.30946906371886795,2.866115557681647,1.5307395904207879,1.2251915400866291
TX000761,0.07426208916352939,2023-08-07 16:54:58,0.2994062570298583,0.4339780104976623,-0.2067936485059295,1.3218609380135207,2024-11-04 08:12:18,0.30883399391771804,-0.33083607397512144,-0.2259336741271706,-0.7156637661167,True,False,False,False,False,False,0.3949500495407011,0.7808342855964149,-0.07773708545436095,0.16898076425671127,-0.028446402356390392
TX000762,0.29636773150116685,2023-05-24 18:32:58,-0.15031854611477377,0.7484891410597533,-0.2067936485059295,-1.1388010180506747,2024-11-04 08:11:42,-0.3956844282982695,0.7280345475947262,-0.2259336741271706,-0.7156637661167,True,True,False,True,False,False,-0.4924511351160437,-1.399772413034151,0.9035471289243083,0.9471286649218978,0.5983725688651194
TX000763,1.7918722046343682,2023-03-03 17:18:59,0.9177778613537274,0.5483456943384226,-0.2067936485059295,0.23345084378049683,2024-11-04 08:07:28,-1.167117194279187,-0.12435773139616191,-0.2259336741271706,-0.7156637661167,False,True,False,False,False,False,-0.04875054278767131,0.7808342855964149,1.394189236113643,0.16898076425671127,0.12825834044898704
TX000764,0.607000441523588,2023-12-25 16:28:20,0.6366998593883324,-0.995618037511842,-0.2067936485059295,-0.7578428703064151,2024-11-04 08:08:36,1.6249870462685394,0.039997727840437355,-0.2259336741271706,-0.7156637661167,False,False,True,True,False,False,-0.9361517274444162,1.8711376349116977,1.394189236113643,-0.41463016124217866,-0.18515114516176784
TX000765,0.8397951106095431,2023-09-04 18:37:57,-0.09410294572169475,-0.39518769734785014,-0.2067936485059295,0.23011765228724376,2024-11-04 08:08:53,0.5727892673791597,-0.21457955006080742,-0.2259336741271706,-0.2554109805342242,False,True,False,False,False,False,1.282351234197446,1.8711376349116977,0.4129050217349737,0.5580547145893046,-0.18515114516176784
TX000766,-0.7461549734709608,2023-12-22 17:17:34,1.5923650660706756,-0.6239230650293708,-0.2067936485059295,0.32262140820538476,2024-11-04 08:06:48,1.5971137688088157,-0.36730865597091006,-0.2259336741271706,-1.1759165516991759,True,False,False,False,True,False,-1.823552912101161,-0.8546207383765094,-0.5683791926436955,1.1416656400881946,1.6953057685027615
TX000767,-0.8611305304176076,2023-03-13 16:05:46,0.6929154597814113,-0.9670261165516518,-0.2067936485059295,-0.6524704312308609,2024-11-04 08:07:24,-1.073573183197541,-0.3565664632360347,-0.2259336741271706,-0.7156637661167,True,True,False,True,False,False,-0.9361517274444162,-1.399772413034151,-1.5496634070223647,-0.41463016124217866,-0.028446402356390392
TX000768,0.10348561421582081,2023-11-23 17:44:29,0.9177778613537274,-0.9384341955914618,-0.2067936485059295,1.4028062114304425,2024-11-04 08:09:18,1.3246104711661173,-0.33107428425053237,-0.2259336741271706,-1.1759165516991759,True,False,False,False,False,False,-0.9361517274444162,-0.30946906371886795,0.9035471289243083,0.16898076425671127,-0.3418558879671453
TX000769,0.5077158276882537,2023-07-07 17:19:39,0.41183745781601633,0.5912335757787078,-0.2067936485059295,-1.1272117676279794,2024-11-04 08:12:05,0.01752952651499198,0.8261933356298559,-0.2259336741271706,-0.7156637661167,True,False,False,False,False,False,-0.04875054278767131,-0.8546207383765094,1.394189236113643,0.16898076425671127,-0.6552653735779002
TX000770,-0.8280699188402793,2023-08-17 16:54:30,1.5361494656775965,0.4339780104976623,-0.2067936485059295,-0.3652800881787222,2024-11-04 08:11:33,0.4028574717730858,-0.36215502811541095,-0.2259336741271706,0.2048418050482517,True,False,True,False,True,False,0.3949500495407011,-0.30946906371886795,-0.07773708545436095,3.6706463172500507,0.12825834044898704
TX000771,-0.47683946299492097,2023-02-09 16:28:58,-0.9373369516178799,-1.4816806938350733,-0.2067936485059295,-0.9235870993051509,2024-11-04 08:10:03,-1.3743082157563045,-0.18623535044544093,-0.2259336741271706,-1.1759165516991759,True,True,False,False,False,True,-0.4924511351160437,-0.30946906371886795,-0.07773708545436095,1.3362026152544912,-0.968674859188655
TX000772,-0.6728734727829759,2023-11-29 18:38:41,1.0864246625329645,-0.6382190255094659,-0.2067936485059295,2.3781416302450418,2024-11-04 08:09:44,1.3813745055077842,-0.3780917652131663,-0.2259336741271706,-0.2554109805342242,False,False,True,False,False,False,-0.04875054278767131,-1.399772413034151,-1.5496634070223647,0.16898076425671127,0.4416678260597419
TX000773,1.8142095297622627,2023-01-17 17:25:13,-0.4876121484732478,2.078013465708592,4.772110297630446,1.2014634972837641,2024-11-04 08:08:14,-1.5901788264009316,-0.22611012648905182,4.426077714458506,0.2048418050482517,True,True,False,True,False,False,1.282351234197446,0.7808342855964149,0.9035471289243083,0.16898076425671127,-2.0656080588262973
TX000774,-0.8072400205615066,2023-05-22 18:45:23,1.6485806664637546,-0.35229981590756504,-0.2067936485059295,0.4872579920309779,2024-11-04 08:10:47,-0.41440169681396216,-0.3745528981936503,-0.2259336741271706,-0.7156637661167,True,False,False,False,True,False,-0.4924511351160437,-0.8546207383765094,-0.07773708545436095,-0.803704111574772,-0.6552653735779002
TX000775,-0.9263267416421216,2023-06-14 16:34:54,1.9296586684291497,-0.2522280925468997,-0.2067936485059295,-0.40862183356483717,2024-11-04 08:06:49,-0.19897801536581156,-0.37672669272573484,-0.2259336741271706,-1.1759165516991759,True,False,False,False,True,False,-0.4924511351160437,0.23568261093877343,0.9035471289243083,-0.41463016124217866,-0.028446402356390392
TX000776,-0.4243193411834759,2023-09-08 17:48:22,1.9858742688222286,-0.7954745907905113,-0.2067936485059295,-0.05150626097116235,2024-11-04 08:11:52,0.6100546960659323,-0.3224514699873883,-0.2259336741271706,0.6650945906307275,True,False,True,False,True,False,0.8386506418690736,-0.8546207383765094,0.4129050217349737,0.16898076425671127,0.5983725688651194
TX000777,-0.4161997920188885,2023-08-10 16:48:55,-0.3751809476870898,-0.20934021110661458,-0.2067936485059295,1.0361218152576752,2024-11-04 08:10:30,0.3370127328467648,-0.35411984499865967,-0.2259336741271706,-0.7156637661167,True,True,False,True,False,False,-0.4924511351160437,-1.399772413034151,0.9035471289243083,0.9471286649218978,-0.028446402356390392
TX000778,-0.7166916305108547,2023-11-10 18:02:07,0.07454385545754227,0.7770810620199433,-0.2067936485059295,-0.6529909219024996,2024-11-04 08:09:41,1.2024949849805806,-0.324291383637933,-0.2259336741271706,0.2048418050482517,True,False,True,True,False,False,0.8386506418690736,0.7808342855964149,0.4129050217349737,1.3362026152544912,1.6953057685027615
TX000779,0.9261295574228772,2023-06-20 16:27:07,0.4680530582090954,-1.5102726147952634,-0.2067936485059295,-0.3422502989538001,2024-11-04 08:12:12,-0.1426510074797203,-0.09677407912392824,-0.2259336741271706,-0.7156637661167,True,False,True,False,True,False,-0.04875054278767131,-0.8546207383765094,-1.5496634070223647,0.5580547145893046,-0.8119701163832775
TX000780,-0.546386656261218,2023-12-11 17:29:02,1.3112870641052805,-0.22363617158670962,-0.2067936485059295,-0.24015720750891575,2024-11-04 08:07:04,1.493763106059561,-0.32697351926958285,-0.2259336741271706,0.2048418050482517,False,False,True,False,True,False,0.8386506418690736,-0.30946906371886795,-0.07773708545436095,1.1416656400881946,-0.6552653735779002
TX000781,0.5458811347319261,2023-09-26 16:18:33,-0.9373369516178799,1.0487043111417491,-0.2067936485059295,0.5565037633065819,2024-11-04 08:09:29,0.7787227495832112,-0.26869517619258027,-0.2259336741271706,-0.2554109805342242,False,True,False,True,False,False,1.282351234197446,-0.8546207383765094,1.8848313433029775,-1.970925962572552,-0.6552653735779002
TX000782,-0.6720854996572987,2023-04-25 17:00:15,1.1988558633191224,0.37679416857728215,-0.2067936485059295,0.36313506880914737,2024-11-04 08:12:22,-0.6689568750913686,-0.361400739724666,-0.2259336741271706,-0.7156637661167,True,False,True,False,True,False,-1.3798523197727885,1.3259859602540562,-0.07773708545436095,-0.22009318607588202,0.2849630832543645
TX000783,0.010333486880322462,2023-05-01 17:21:46,-0.03788734532861574,-0.9813220770317469,-0.2067936485059295,0.7131073556334353,2024-11-04 08:11:56,-0.6124005806659601,-0.31711664631109465,-0.2259336741271706,-1.1759165516991759,True,False,True,False,False,False,-0.4924511351160437,-1.399772413034151,-0.07773708545436095,-1.970925962572552,-2.0656080588262973
TX000784,-0.10844489689024502,2023-06-05 16:11:07,0.5242686586021743,0.17665072185595154,-0.2067936485059295,0.42741694875326053,2024-11-04 08:06:37,-0.28375146264925544,-0.31487244721504165,-0.2259336741271706,-0.7156637661167,True,False,True,True,False,False,-0.9361517274444162,-1.399772413034151,1.394189236113643,-0.22009318607588202,0.2849630832543645
TX000785,0.16426232399631885,2023-01-24 16:05:40,-0.8811213512248008,-0.995618037511842,-0.2067936485059295,-0.7749729105882793,2024-11-04 08:11:09,-1.524902134809796,-0.06752932363164317,-0.2259336741271706,0.2048418050482517,True,False,True,True,False,False,-0.4924511351160437,-0.30946906371886795,0.9035471289243083,-0.41463016124217866,-0.028446402356390392
TX000786,0.3903078319623423,2023-01-10 17:40:16,-0.20653414650785276,-0.4523715392682303,-0.2067936485059295,1.5368799932563617,2024-11-04 08:09:13,-1.6559021207245577,-0.3191323982411669,-0.2259336741271706,-0.7156637661167,True,False,False,False,False,False,-0.9361517274444162,0.23568261093877343,0.9035471289243083,-1.5818520122399586,1.5386010256973839
TX000787,-0.6385452522643408,2023-08-21 18:36:41,-0.5438277488663268,-0.12356444822604433,-0.2067936485059295,1.0189456230935967,2024-11-04 08:12:12,0.44112906246390554,-0.36786906176632206,-0.2259336741271706,-0.7156637661167,True,True,False,False,False,False,1.7260518265258185,-0.8546207383765094,-0.07773708545436095,-0.9982410867410686,-2.692427030047807
TX000788,0.06432677583977275,2023-08-28 17:34:17,0.4680530582090954,-0.4809634602284204,-0.2067936485059295,-0.11348567479147466,2024-11-04 08:08:00,0.506564197909453,-0.2588904325160783,-0.2259336741271706,-0.7156637661167,True,False,False,True,False,False,-0.4924511351160437,0.7808342855964149,-1.0590212998330302,0.7525916897556012,0.12825834044898704
TX000789,-0.12663679818305473,2023-12-20 18:58:27,-0.4313965480801688,0.319610326656902,-0.2067936485059295,0.6205959077349251,2024-11-04 08:08:49,1.5789549713513935,-0.32395872378052704,-0.2259336741271706,-0.7156637661167,True,True,False,True,False,False,-0.04875054278767131,-0.30946906371886795,-0.5683791926436955,1.1416656400881946,1.6953057685027615
TX000790,-0.7031247888687593,2023-03-27 16:48:34,-0.8811213512248008,0.34820224761709206,-0.2067936485059295,0.31763700492624336,2024-11-04 08:07:55,-0.9416668244370398,-0.3633500360156022,-0.2259336741271706,-1.1759165516991759,True,False,False,True,False,False,-1.3798523197727885,-0.8546207383765094,-1.0590212998330302,-0.803704111574772,-1.5954938304101647
TX000791,-0.12173766092340917,2023-09-11 16:09:15,1.0302090621398854,-0.02349272486537904,-0.2067936485059295,2.1725273030000865,2024-11-04 08:10:23,0.6376237090909476,-0.3540181762764723,-0.2259336741271706,-1.1759165516991759,True,True,False,False,False,False,-1.3798523197727885,-1.399772413034151,-0.07773708545436095,-0.22009318607588202,1.3818962828920065
TX000792,-0.7985723161790567,2023-08-17 18:32:19,1.6485806664637546,1.5776548489052657,-0.2067936485059295,-0.9648468820047109,2024-11-04 08:08:31,0.403515949632321,-0.29819737385214407,-0.2259336741271706,-0.2554109805342242,True,False,False,False,True,False,1.282351234197446,-0.30946906371886795,0.4129050217349737,0.5580547145893046,0.4416678260597419
TX000793,-0.15089266657346764,2023-01-11 16:56:58,-0.9373369516178799,-0.4952594207085154,6.431744946342571,-0.5940883002298056,2024-11-04 08:09:12,-1.6467825669256007,-0.21389370235766442,4.426077714458506,-0.7156637661167,True,False,False,True,False,False,-0.9361517274444162,0.7808342855964149,0.9035471289243083,0.5580547145893046,0.12825834044898704
TX000794,0.3792076888006279,2023-03-15 16:33:09,-1.330846154369433,0.07657899849528625,3.1124756489183207,-0.99778650593842,2024-11-04 08:10:10,-1.0546081285166724,0.26353472678483064,4.426077714458506,-0.2554109805342242,False,True,False,False,False,True,-0.4924511351160437,0.7808342855964149,-0.5683791926436955,1.3362026152544912,-0.6552653735779002
TX000795,-0.4167822069378674,2023-06-05 16:16:13,0.6929154597814113,-0.43807557878813524,-0.2067936485059295,-0.35543691729980037,2024-11-04 08:07:11,-0.2837218632478818,-0.29921423298792266,-0.2259336741271706,0.2048418050482517,True,False,False,False,True,False,0.3949500495407011,-0.30946906371886795,0.4129050217349737,-0.41463016124217866,-0.18515114516176784
TX000796,-0.33616913021097233,2023-08-14 16:26:38,0.6929154597814113,0.319610326656902,-0.2067936485059295,0.24438371187836666,2024-11-04 08:07:22,0.3744963482973396,-0.3273296672395812,-0.2259336741271706,-0.2554109805342242,True,False,True,False,False,False,-0.9361517274444162,-0.8546207383765094,-0.5683791926436955,-1.1927780619073654,0.5983725688651194
TX000797,-0.8445830947783852,2023-01-23 18:06:58,1.0302090621398854,0.19094668233604659,-0.2067936485059295,-0.21079691844026907,2024-11-04 08:12:12,-1.5335191517133724,-0.36853608126561965,-0.2259336741271706,-0.2554109805342242,True,True,False,False,True,False,-0.4924511351160437,-1.399772413034151,-1.0590212998330302,-0.6091671364084753,-1.5954938304101647
TX000798,0.47369594447966606,2023-12-29 17:17:48,0.6366998593883324,0.20524264281614163,-0.2067936485059295,-0.33651977357886115,2024-11-04 08:09:18,1.662914108633076,-0.1667332190063812,-0.2259336741271706,0.2048418050482517,True,False,False,False,True,False,-0.9361517274444162,0.23568261093877343,-0.07773708545436095,-1.387315037073662,0.12825834044898704
TX000799,-0.7635246419369769,2023-01-30 17:17:38,1.0864246625329645,0.6055295362588028,-0.2067936485059295,0.31765751687389415,2024-11-04 08:08:26,-1.4680015297007616,-0.36880126062450863,-0.2259336741271706,-0.7156637661167,False,True,False,False,True,False,2.169752418854191,-1.399772413034151,-0.5683791926436955,0.7525916897556012,0.12825834044898704
TX000800,-0.3933143116731317,2023-10-25 16:21:15,-1.218414953583275,-1.5102726147952634,-0.2067936485059295,-0.9903304129673586,2024-11-04 08:06:54,1.0514199668334385,-0.10527170152882888,-0.2259336741271706,-0.7156637661167,False,False,True,False,False,True,-0.04875054278767131,0.7808342855964149,-1.0590212998330302,1.3362026152544912,-1.28208434479941
TX000801,1.1331951909704139,2023-01-20 16:09:37,-0.03788734532861574,-0.16645232966632947,-0.2067936485059295,1.7320819430750853,2024-11-04 08:07:32,-1.5624613810837338,-0.2879126325083581,-0.2259336741271706,0.2048418050482517,True,False,True,False,False,False,1.282351234197446,-1.399772413034151,-0.5683791926436955,1.1416656400881946,-0.028446402356390392
TX000802,-0.10005127011672645,2023-02-21 18:13:02,-0.8811213512248008,0.8199689434602284,-0.2067936485059295,1.1012677609965777,2024-11-04 08:11:45,-1.2608138816848302,-0.3358748764578621,-0.2259336741271706,0.2048418050482517,True,False,True,False,False,False,0.3949500495407011,-0.8546207383765094,-0.07773708545436095,-0.22009318607588202,-0.028446402356390392
TX000803,0.22157880396406007,2023-05-11 16:36:38,1.9858742688222286,-1.038505918952127,-0.2067936485059295,0.22801261365958164,2024-11-04 08:07:35,-0.5186452385642125,-0.273377439525576,-0.2259336741271706,-0.2554109805342242,True,False,False,False,True,False,-0.04875054278767131,1.3259859602540562,-1.0590212998330302,-0.6091671364084753,0.12825834044898704
TX000804,0.8995097696554325,2023-08-14 18:01:36,0.2994062570298583,-0.39518769734785014,-0.2067936485059295,-1.101612856959796,2024-11-04 08:10:51,0.37509366856991305,0.9520524470690064,-0.2259336741271706,0.2048418050482517,False,False,True,True,False,False,-0.04875054278767131,0.7808342855964149,-0.5683791926436955,0.16898076425671127,0.5983725688651194
TX000805,0.18635983121639843,2023-06-12 16:58:04,1.9858742688222286,-1.0670978399123172,1.4528410002061958,-0.3719490351586847,2024-11-04 08:11:23,-0.2176608963416731,-0.20320529847811886,4.426077714458506,0.2048418050482517,True,False,False,False,True,False,0.8386506418690736,-0.30946906371886795,-1.5496634070223647,1.1416656400881946,0.12825834044898704
TX000806,-0.5660859844031494,2023-03-13 17:01:57,-0.9373369516178799,0.5769376152986128,-0.2067936485059295,-1.2293458829681654,2024-11-04 08:10:05,-1.0732238667328005,0.4190563305884209,-0.2259336741271706,0.2048418050482517,True,True,False,False,False,True,2.613453011182563,2.416289309569339,-0.5683791926436955,0.16898076425671127,0.12825834044898704
TX000807,-0.9346861087145238,2023-11-01 16:55:58,-0.2627497469009318,-1.4673847333549783,-0.2067936485059295,-1.188686074737391,2024-11-04 08:07:20,1.117458951831274,-0.29036164679450727,-0.2259336741271706,0.2048418050482517,False,False,True,True,False,False,0.3949500495407011,0.23568261093877343,-0.07773708545436095,0.9471286649218978,-0.6552653735779002
TX000808,1.2712960461706322,2023-11-07 17:38:05,-0.03788734532861574,0.333906287136997,4.772110297630446,2.1364493510758065,2024-11-04 08:06:29,1.1741524699520216,-0.2942196281974097,4.426077714458506,0.2048418050482517,True,False,True,False,False,False,-0.04875054278767131,0.7808342855964149,-0.5683791926436955,0.7525916897556012,0.5983725688651194
TX000809,-0.7446475466218392,2023-05-19 17:28:42,0.4680530582090954,-0.8812503536710816,-0.2067936485059295,0.7431753068960342,2024-11-04 08:12:13,-0.4431182307488494,-0.37223533734853237,-0.2259336741271706,-1.1759165516991759,False,True,False,False,False,False,-0.9361517274444162,-0.30946906371886795,-0.07773708545436095,-0.803704111574772,-0.18515114516176784
TX000810,-0.9899127469141646,2023-11-20 16:28:19,1.3112870641052805,1.1201841135422244,-0.2067936485059295,-0.23411387493230218,2024-11-04 08:11:35,1.2958917608046585,-0.38786235956859116,-0.2259336741271706,-0.7156637661167,True,False,False,False,True,False,-0.04875054278767131,0.23568261093877343,0.4129050217349737,0.7525916897556012,0.2849630832543645
TX000811,-0.40660707570629584,2023-03-15 16:37:04,-1.49949295554867,-1.4387928123947882,-0.2067936485059295,0.9631864573983857,2024-11-04 08:07:06,-1.0545625323799976,-0.35228825651257284,-0.2259336741271706,-0.7156637661167,True,False,False,False,False,True,-0.04875054278767131,-0.30946906371886795,1.394189236113643,-0.803704111574772,0.9117820544758742
TX000812,-0.6248071121166633,2023-12-08 17:05:33,-0.9935525520109589,-0.16645232966632947,-0.2067936485059295,-1.0789548467860444,2024-11-04 08:09:07,1.4653899034163425,-0.14238934130678388,-0.2259336741271706,-0.7156637661167,True,True,False,True,False,False,-0.4924511351160437,-0.8546207383765094,0.4129050217349737,-0.9982410867410686,-0.3418558879671453
TX000813,-0.46580783923543934,2023-12-25 16:32:44,0.07454385545754227,2.2352690309896377,-0.2067936485059295,1.0697152575227533,2024-11-04 08:08:21,1.6250174074192132,-0.3577159415740679,-0.2259336741271706,-0.7156637661167,True,False,True,False,False,False,0.3949500495407011,1.8711376349116977,0.4129050217349737,-1.970925962572552,-0.028446402356390392
TX000814,0.8398978897128923,2023-12-07 18:28:50,1.4237182648914386,-0.8097705512706064,-0.2067936485059295,-0.7410512771607888,2024-11-04 08:08:27,1.4565358736591199,0.08730770589768432,-0.2259336741271706,-0.2554109805342242,False,True,False,False,True,False,-0.4924511351160437,-0.30946906371886795,-0.5683791926436955,-0.9982410867410686,-0.6552653735779002
TX000815,0.0680953429625771,2023-05-01 17:31:34,1.2550714637122016,-1.4816806938350733,-0.2067936485059295,2.442197878764996,2024-11-04 08:07:58,-0.6123106942485533,-0.34930450256181306,-0.2259336741271706,-0.7156637661167,False,False,True,False,False,False,0.3949500495407011,-1.399772413034151,-0.07773708545436095,-0.803704111574772,-0.968674859188655
TX000816,-0.056884046710059234,2023-02-20 18:03:01,0.018328255064463266,-1.295833207593838,-0.2067936485059295,1.1843821728775705,2024-11-04 08:07:24,-1.2702530437258255,-0.3351978207456144,-0.2259336741271706,0.2048418050482517,True,True,False,True,False,False,-0.4924511351160437,-0.30946906371886795,0.4129050217349737,0.3635177394230079,0.5983725688651194
TX000817,-0.9366731713792751,2023-02-08 17:33:08,-0.8811213512248008,-1.3101291680739329,-0.2067936485059295,-0.6046160573615726,2024-11-04 08:07:26,-1.3832743314819642,-0.3746701167291947,-0.2259336741271706,-1.1759165516991759,True,False,False,True,False,False,-0.4924511351160437,0.23568261093877343,0.9035471289243083,-0.41463016124217866,-0.028446402356390392
TX000818,0.9909831716362273,2023-08-15 16:57:27,-0.4876121484732478,-0.4809634602284204,-0.2067936485059295,0.39507217130142414,2024-11-04 08:12:18,0.3840675106099019,-0.21869381566704738,-0.2259336741271706,-1.1759165516991759,True,False,False,False,False,False,-0.9361517274444162,1.3259859602540562,-0.07773708545436095,1.3362026152544912,0.2849630832543645
TX000819,0.25631814089609234,2023-06-19 18:12:16,0.5804842589952534,0.333906287136997,-0.2067936485059295,-0.48214178193217405,2024-11-04 08:06:34,-0.1513298348979298,-0.1657338369902067,-0.2259336741271706,-0.2554109805342242,True,False,False,False,True,False,0.8386506418690736,0.7808342855964149,-0.5683791926436955,0.7525916897556012,-0.028446402356390392
TX000820,-0.8031288564275382,2023-07-25 18:28:57,-1.387061754762512,0.40538608953747224,-0.2067936485059295,-0.8814324828893253,2024-11-04 08:07:18,0.18725216752753582,-0.3179278616316557,-0.2259336741271706,-0.2554109805342242,True,False,False,False,False,True,0.3949500495407011,0.23568261093877343,0.9035471289243083,-0.22009318607588202,0.12825834044898704
TX000821,0.29496308375539426,2023-10-31 17:06:08,0.5242686586021743,2.363932675310493,-0.2067936485059295,0.8350431924370009,2024-11-04 08:10:03,1.108105432175871,-0.30186939338328883,-0.2259336741271706,0.2048418050482517,True,False,True,True,False,False,1.282351234197446,1.3259859602540562,-1.0590212998330302,0.5580547145893046,0.12825834044898704
TX000822,-0.1727503558857325,2023-05-22 17:58:55,1.1426402629260435,0.41968205001756725,-0.2067936485059295,-0.6416811467665465,2024-11-04 08:07:43,-0.4146850675535835,-0.20604396850234621,-0.2259336741271706,-0.7156637661167,False,True,False,False,True,False,-1.3798523197727885,-0.8546207383765094,-0.07773708545436095,0.3635177394230079,0.12825834044898704
TX000823,-0.8524285663340414,2023-08-11 16:43:41,-1.49949295554867,0.23383456377633172,-0.2067936485059295,-1.16975611104917,2024-11-04 08:10:11,0.346382793344112,-0.21862778037690483,-0.2259336741271706,-0.2554109805342242,False,True,False,False,False,True,-0.4924511351160437,-1.9449240876917921,-1.0590212998330302,-1.970925962572552,0.2849630832543645
TX000824,-1.0053296124165458,2023-10-19 16:34:39,0.8615622609606484,-0.009196764385283997,-0.2067936485059295,0.23154323264897342,2024-11-04 08:09:48,0.9950755475347745,-0.3905516671616036,-0.2259336741271706,0.6650945906307275,False,True,False,False,True,False,0.3949500495407011,1.8711376349116977,1.8848313433029775,0.7525916897556012,0.9117820544758742
TX000825,-0.810597471270914,2023-08-01 17:14:17,-0.6000433492594058,-0.8812503536710816,-0.2067936485059295,0.5556576454659868,2024-11-04 08:07:51,0.2525761963966034,-0.37545296495224345,-0.2259336741271706,0.2048418050482517,True,True,False,True,False,False,-0.4924511351160437,-0.8546207383765094,0.4129050217349737,-0.6091671364084753,1.3818962828920065
TX000826,0.37889935149058035,2023-12-15 16:48:08,-1.0497681524040379,1.7349104141863112,-0.2067936485059295,0.44438289345391857,2024-11-04 08:08:29,1.5310954598634101,-0.2748098047256941,-0.2259336741271706,0.2048418050482517,True,True,False,True,False,False,-0.04875054278767131,0.23568261093877343,0.4129050217349737,0.9471286649218978,0.2849630832543645
TX000827,0.7777165321866217,2023-04-07 17:37:34,0.7491310601744904,-0.6239230650293708,-0.2067936485059295,2.026425827870437,2024-11-04 08:09:46,-0.8379351782164279,-0.31274086017804426,-0.2259336741271706,0.6650945906307275,True,True,False,False,False,False,1.282351234197446,-0.30946906371886795,-0.07773708545436095,0.9471286649218978,-2.0656080588262973
TX000828,-0.6462536850155313,2023-10-10 18:12:07,-1.0497681524040379,1.8206861770668814,-0.2067936485059295,0.6367311185557263,2024-11-04 08:06:40,0.9111129279705773,-0.3637351672703532,-0.2259336741271706,-1.1759165516991759,True,False,False,False,False,True,-2.2672535044295334,-1.9449240876917921,2.866115557681647,1.1416656400881946,-0.6552653735779002
TX000829,-0.7796267014616861,2023-12-18 18:34:33,1.0302090621398854,-1.009913997991937,-0.2067936485059295,0.5681827535002494,2024-11-04 08:07:55,1.5600004723393972,-0.37314010610645704,-0.2259336741271706,-0.7156637661167,True,True,False,False,True,False,-0.4924511351160437,0.7808342855964149,-0.07773708545436095,-0.41463016124217866,-0.6552653735779002
TX000830,-0.5918492796426841,2023-09-22 17:44:42,0.41183745781601633,-0.5810351835890857,-0.2067936485059295,0.40959206624472566,2024-11-04 08:11:28,0.7416636461354255,-0.3553698931564755,-0.2259336741271706,-0.2554109805342242,True,False,True,False,True,False,-0.9361517274444162,0.23568261093877343,0.4129050217349737,-0.6091671364084753,-1.28208434479941
TX000831,0.0906039665960535,2023-07-05 16:49:05,0.5242686586021743,-1.2815372471137427,-0.2067936485059295,-0.734902820852465,2024-11-04 08:08:07,-0.0014484779039774629,-0.10884999308683668,-0.2259336741271706,-0.7156637661167,True,False,False,False,True,False,0.3949500495407011,-0.30946906371886795,-1.0590212998330302,-0.41463016124217866,-0.6552653735779002
TX000832,-0.8835706346488512,2023-04-24 17:16:27,1.4237182648914386,0.6198254967388979,-0.2067936485059295,-0.40757828822810344,2024-11-04 08:07:44,-0.6782230112199223,-0.36979001780948334,-0.2259336741271706,-0.7156637661167,True,False,True,False,True,False,0.8386506418690736,-0.30946906371886795,1.8848313433029775,-0.803704111574772,-0.028446402356390392
TX000833,-0.47927190177418555,2023-12-01 17:29:15,0.7491310601744904,-1.052801879432222,-0.2067936485059295,0.82516412564969,2024-11-04 08:11:00,1.3997172110105058,-0.35472927886114236,-0.2259336741271706,-0.7156637661167,False,True,False,True,False,False,-0.9361517274444162,-0.30946906371886795,0.4129050217349737,0.7525916897556012,0.9117820544758742
TX000834,-0.7411187974068498,2023-11-07 16:36:34,-1.274630553976354,-0.7382907488701311,-0.2067936485059295,-0.8460724491328232,2024-11-04 08:10:47,1.1737227345254606,-0.30396076537810696,-0.2259336741271706,-0.2554109805342242,False,False,True,False,False,True,-1.3798523197727885,-0.30946906371886795,0.4129050217349737,-0.6091671364084753,0.2849630832543645
TX000835,-0.35552586134173975,2023-04-20 17:52:46,-0.4313965480801688,0.8056729829801335,-0.2067936485059295,-0.3147386491671807,2024-11-04 08:12:09,-0.7156233783541337,-0.2939633761256015,-0.2259336741271706,0.2048418050482517,True,True,False,True,False,False,0.3949500495407011,1.8711376349116977,0.4129050217349737,0.5580547145893046,0.2849630832543645
TX000836,-0.9622309084121113,2023-11-30 17:48:36,1.9296586684291497,0.648417417699088,-0.2067936485059295,0.6350568308287308,2024-11-04 08:08:04,1.3904605423375387,-0.3875771737059728,-0.2259336741271706,-0.2554109805342242,True,False,True,False,True,False,-0.04875054278767131,-0.30946906371886795,1.394189236113643,-1.7763889874062553,0.9117820544758742
TX000837,0.6045337430432072,2023-08-10 18:30:37,0.6929154597814113,1.348919481223745,-0.2067936485059295,-0.9307278210810814,2024-11-04 08:10:46,0.3376750194525003,0.23511509845347878,-0.2259336741271706,-0.7156637661167,True,False,False,False,True,False,-0.9361517274444162,0.23568261093877343,-1.0590212998330302,-1.387315037073662,-0.028446402356390392
TX000838,-0.8852151003024387,2023-05-10 16:15:31,1.1988558633191224,1.7920942561066913,4.772110297630446,1.09515007260973,2024-11-04 08:11:52,-0.528213245058246,-0.3836997357483701,4.426077714458506,-1.1759165516991759,True,False,False,False,False,False,-1.823552912101161,0.23568261093877343,0.4129050217349737,-0.6091671364084753,0.7550773116704967
TX000839,1.1653650503187158,2023-07-24 16:07:05,1.9296586684291497,0.4625699314578524,-0.2067936485059295,-0.23367799604472297,2024-11-04 08:08:51,0.17691359720583008,-0.09386854437554112,-0.2259336741271706,-0.7156637661167,True,True,False,False,True,False,-0.4924511351160437,-0.30946906371886795,-1.5496634070223647,1.3362026152544912,-1.5954938304101647
TX000840,-0.49335263893302694,2023-05-04 17:43:59,1.1988558633191224,0.7770810620199433,-0.2067936485059295,-0.07722311533833781,2024-11-04 08:09:43,-0.5840345602304279,-0.3292274695592878,-0.2259336741271706,-0.7156637661167,False,True,False,False,True,False,-0.4924511351160437,0.23568261093877343,-1.0590212998330302,1.1416656400881946,-2.692427030047807
TX000841,-0.38026136554778234,2023-10-25 16:03:16,-1.49949295554867,0.2767224452166169,-0.2067936485059295,1.1800464599428853,2024-11-04 08:10:37,1.051278281463628,-0.3541817939432361,-0.2259336741271706,-1.1759165516991759,True,True,False,False,False,True,-0.4924511351160437,-0.8546207383765094,0.9035471289243083,-0.9982410867410686,1.2251915400866291
TX000842,1.1870514411253987,2023-05-08 17:29:00,-1.162199353190196,-0.9241382351113667,-0.2067936485059295,-0.8034742618490492,2024-11-04 08:07:18,-0.5465079603550641,0.24664347194878036,-0.2259336741271706,-0.2554109805342242,True,False,True,False,False,True,2.613453011182563,0.7808342855964149,-0.5683791926436955,0.16898076425671127,0.2849630832543645
TX000843,-0.24301700287547398,2023-12-27 18:55:13,-0.20653414650785276,0.6913052991393731,-0.2067936485059295,1.308135881041687,2024-11-04 08:07:45,1.6447559641036256,-0.3483234631702093,-0.2259336741271706,-0.2554109805342242,True,True,False,False,False,False,-0.9361517274444162,-0.8546207383765094,-0.07773708545436095,1.1416656400881946,-0.028446402356390392
TX000844,0.02537349567042311,2023-10-12 17:20:30,-1.274630553976354,1.4632871650645054,-0.2067936485059295,-1.06905014006417,2024-11-04 08:06:50,0.9295791456812368,0.24161624022389128,-0.2259336741271706,0.2048418050482517,True,False,False,False,False,True,-0.04875054278767131,0.23568261093877343,0.9035471289243083,-0.025556210909585365,-0.6552653735779002
TX000845,-0.2209537553565108,2023-01-16 17:28:48,-0.15031854611477377,-1.1814655237530776,-0.2067936485059295,0.6037940586154735,2024-11-04 08:11:39,-1.5995799009769238,-0.33060285397827527,-0.2259336741271706,-0.7156637661167,False,True,False,False,False,False,1.282351234197446,-0.8546207383765094,-1.0590212998330302,-0.025556210909585365,-0.6552653735779002
TX000846,1.6976922862653776,2023-05-10 16:38:07,1.3112870641052805,-0.6239230650293708,-0.2067936485059295,2.121667928799958,2024-11-04 08:09:45,-0.5280518630279625,-0.2755382645530887,-0.2259336741271706,1.1253473762132034,True,False,True,False,False,False,0.8386506418690736,-0.8546207383765094,-0.07773708545436095,-0.803704111574772,0.5983725688651194
TX000847,-0.25147914905122537,2023-09-21 16:42:38,0.41183745781601633,-0.38089173686775507,-0.2067936485059295,0.8618010281474534,2024-11-04 08:07:34,0.7318816969094044,-0.33994548463907576,-0.2259336741271706,-0.2554109805342242,True,False,False,False,False,False,-0.9361517274444162,-0.30946906371886795,-0.5683791926436955,-0.6091671364084753,0.5983725688651194
TX000848,-0.28354622929617807,2023-03-20 18:12:30,-1.218414953583275,-0.8097705512706064,-0.2067936485059295,-1.057035266727721,2024-11-04 08:11:45,-1.0069589686568334,0.03325778737701032,-0.2259336741271706,0.2048418050482517,False,False,False,False,False,True,2.613453011182563,-0.30946906371886795,1.394189236113643,0.7525916897556012,1.2251915400866291
TX000849,-0.45953831393113764,2023-09-08 17:09:54,1.0302090621398854,-0.12356444822604433,-0.2067936485059295,0.4716458358752721,2024-11-04 08:11:32,0.6098057128661422,-0.3457318723017641,-0.2259336741271706,-1.1759165516991759,False,True,False,False,True,False,-0.04875054278767131,0.7808342855964149,0.4129050217349737,-0.6091671364084753,-1.28208434479941
TX000850,-0.3515174763111206,2023-12-01 17:01:30,-0.6000433492594058,-0.40948365782794516,-0.2067936485059295,-0.9600291383002322,2024-11-04 08:07:50,1.399556699550851,-0.11249714358253722,-0.2259336741271706,0.2048418050482517,True,True,False,True,False,False,0.3949500495407011,0.23568261093877343,-0.07773708545436095,-0.025556210909585365,0.12825834044898704
TX000851,-0.9393796877674709,2023-02-08 18:27:49,0.07454385545754227,0.7913770225000384,4.772110297630446,2.4965545400395843,2024-11-04 08:07:14,-1.3829159828469515,-0.38881110708101024,4.426077714458506,-1.1759165516991759,True,False,False,False,False,False,-0.9361517274444162,0.7808342855964149,-0.5683791926436955,-1.387315037073662,-2.0656080588262973
TX000852,-0.24013918798169617,2023-03-13 16:59:33,-0.6000433492594058,2.249564991469733,-0.2067936485059295,1.6386602774995718,2024-11-04 08:11:35,-1.073249330923688,-0.35306279941497193,-0.2259336741271706,-1.1759165516991759,True,False,True,False,False,False,-0.9361517274444162,-0.30946906371886795,0.4129050217349737,-0.6091671364084753,-0.968674859188655
TX000853,-0.1291377563645522,2023-06-22 16:08:43,-1.0497681524040379,-0.2808200135070898,-0.2067936485059295,-1.0768831400733148,2024-11-04 08:07:29,-0.12393602421192776,0.16595677574378281,-0.2259336741271706,-0.7156637661167,True,False,True,False,False,True,-0.9361517274444162,0.7808342855964149,-0.5683791926436955,-0.803704111574772,1.3818962828920065
TX000854,-0.8156679070361416,2023-04-04 16:12:25,-0.4876121484732478,-0.9241382351113667,-0.2067936485059295,1.241377183418741,2024-11-04 08:12:18,-0.8667141755939198,-0.3801643747784281,-0.2259336741271706,-0.7156637661167,False,False,True,False,False,False,-1.823552912101161,-0.8546207383765094,0.9035471289243083,-0.9982410867410686,-1.5954938304101647
TX000855,-0.846090521627507,2023-05-24 16:21:09,1.0864246625329645,0.333906287136997,-0.2067936485059295,-0.09781454678627245,2024-11-04 08:12:22,-0.3965494490391488,-0.3708941281471802,-0.2259336741271706,-1.1759165516991759,True,False,True,False,True,False,-0.9361517274444162,-0.8546207383765094,2.3754734504923123,-0.9982410867410686,-0.8119701163832775
TX000856,2.6631991831278325,2023-06-02 16:49:03,-1.387061754762512,-0.40948365782794516,-0.2067936485059295,-1.175191777176629,2024-11-04 08:09:58,-0.3117321467602873,3.5787865544746142,-0.2259336741271706,-0.2554109805342242,True,True,False,False,False,True,-0.04875054278767131,1.3259859602540562,-0.5683791926436955,-0.803704111574772,0.12825834044898704
TX000857,-0.6326183239712031,2023-11-24 17:35:47,1.5923650660706756,-1.2672412866336478,-0.2067936485059295,-0.3349762495181393,2024-11-04 08:07:19,1.333968778959978,-0.3336517475032343,-0.2259336741271706,-0.2554109805342242,False,False,True,False,True,False,0.3949500495407011,-1.9449240876917921,-1.0590212998330302,0.9471286649218978,-0.028446402356390392
TX000858,-0.9790866813613813,2023-02-27 16:07:38,-1.330846154369433,0.1623547613758565,-0.2067936485059295,-1.2291920433607844,2024-11-04 08:07:53,-1.2051944300771635,-0.3196822755693904,-0.2259336741271706,-0.2554109805342242,True,False,False,False,False,True,-0.04875054278767131,1.3259859602540562,-0.5683791926436955,-2.1654629377388486,-0.6552653735779002
TX000859,0.10807641416541866,2023-11-14 16:37:42,0.5804842589952534,-1.5102726147952634,-0.2067936485059295,1.774185279621784,2024-11-04 08:09:00,1.2395569177829093,-0.33817687076861236,-0.2259336741271706,-0.2554109805342242,True,True,False,False,False,False,1.282351234197446,-0.8546207383765094,0.4129050217349737,0.16898076425671127,-0.968674859188655
TX000860,-0.49112575836046074,2023-11-06 16:19:31,0.9177778613537274,-0.5381473021488006,-0.2067936485059295,0.2551806883230503,2024-11-04 08:08:33,1.164223829575075,-0.34231660529800234,-0.2259336741271706,0.2048418050482517,True,False,False,False,True,False,0.8386506418690736,1.8711376349116977,1.8848313433029775,-0.41463016124217866,0.2849630832543645
TX000861,-0.21978892551855309,2023-01-20 16:23:48,-1.387061754762512,2.5354842010716334,-0.2067936485059295,-0.8775070089076557,2024-11-04 08:07:54,-1.5623711682023411,-0.12099672844075834,-0.2259336741271706,0.6650945906307275,True,False,True,False,False,True,0.3949500495407011,1.3259859602540562,-1.0590212998330302,-0.6091671364084753,0.12825834044898704
TX000862,-0.5337448265492655,2023-11-15 18:56:02,-1.49949295554867,-0.052084645825569126,-0.2067936485059295,-0.87602245669643,2024-11-04 08:08:34,1.2498651269539414,-0.22790685216683512,-0.2259336741271706,-0.7156637661167,True,False,False,False,False,True,-0.9361517274444162,1.8711376349116977,-0.5683791926436955,0.7525916897556012,0.12825834044898704
TX000863,-0.30341685594369155,2023-10-09 18:20:39,0.5804842589952534,0.0908749589753813,-0.2067936485059295,0.8320663960341801,2024-11-04 08:10:58,0.9017384057987583,-0.34278712280377804,-0.2259336741271706,-0.7156637661167,True,True,False,True,False,False,-1.3798523197727885,-0.30946906371886795,-0.07773708545436095,-0.9982410867410686,0.5983725688651194
TX000864,2.8779389897254437,2023-02-14 16:55:26,-1.0497681524040379,0.34820224761709206,-0.2067936485059295,-0.8935986318396989,2024-11-04 08:08:03,-1.3271115349806994,0.9791547854068956,-0.2259336741271706,-0.2554109805342242,True,False,False,False,False,True,0.3949500495407011,0.23568261093877343,-1.5496634070223647,0.16898076425671127,-1.28208434479941
TX000865,-0.12488955342611824,2023-05-15 18:44:04,-0.15031854611477377,0.6055295362588028,-0.2067936485059295,0.25275258651988824,2024-11-04 08:08:53,-0.48021302759240925,-0.30781682019530704,-0.2259336741271706,0.2048418050482517,True,False,False,True,False,False,-0.4924511351160437,0.23568261093877343,0.9035471289243083,-0.025556210909585365,-0.028446402356390392
TX000866,-0.670749371313759,2023-06-29 17:51:45,0.018328255064463266,-0.20934021110661458,-0.2067936485059295,2.2454754808266575,2024-11-04 08:11:23,-0.0574736154245889,-0.3774887238957145,-0.2259336741271706,0.6650945906307275,True,False,False,False,False,False,-0.04875054278767131,-1.399772413034151,-0.07773708545436095,-0.22009318607588202,1.6953057685027615
TX000867,-0.6813698786598439,2023-09-18 17:41:29,-0.7124745500455638,-0.03778868534547408,-0.2067936485059295,1.2771064322329575,2024-11-04 08:07:42,0.7040585860821558,-0.3726985890190438,-0.2259336741271706,-0.7156637661167,True,False,False,False,False,False,-0.4924511351160437,-0.8546207383765094,0.4129050217349737,1.1416656400881946,1.6953057685027615
TX000868,-0.7201861200247278,2023-03-03 18:23:29,-1.330846154369433,1.8921659794673567,-0.2067936485059295,-0.9254254826133528,2024-11-04 08:09:45,-1.1667109642595992,-0.2779167502581308,-0.2259336741271706,-0.2554109805342242,True,True,False,False,False,True,-0.4924511351160437,0.23568261093877343,-1.0590212998330302,0.16898076425671127,0.2849630832543645
TX000869,-0.7338557407701725,2023-09-18 16:00:54,-0.7124745500455638,0.5483456943384226,-0.2067936485059295,2.0685804442862623,2024-11-04 08:12:20,0.7033715970348328,-0.37947922607623097,-0.2259336741271706,-0.7156637661167,True,True,False,False,False,False,-0.4924511351160437,0.23568261093877343,-0.07773708545436095,0.5580547145893046,0.9117820544758742
TX000870,-0.10292908501050417,2023-06-13 16:06:05,0.07454385545754227,-1.1385776423127922,-0.2067936485059295,-0.20108451122762094,2024-11-04 08:12:03,-0.2086025001293779,-0.2705428639850711,-0.2259336741271706,-0.7156637661167,True,False,True,True,False,False,-0.4924511351160437,-0.8546207383765094,-1.0590212998330302,0.16898076425671127,1.3818962828920065
TX000871,1.9612179072527451,2023-08-31 16:42:18,-0.8811213512248008,-1.1528736027928874,-0.2067936485059295,-1.0791984261643974,2024-11-04 08:11:02,0.5344114670716462,1.4942233505001448,-0.2259336741271706,1.1253473762132034,True,False,False,False,False,False,0.8386506418690736,0.23568261093877343,-1.5496634070223647,-1.970925962572552,-2.0656080588262973
TX000872,-0.4908516807515296,2024-01-01 16:53:32,-0.3751809476870898,2.1351973076289723,-0.2067936485059295,0.4764405036386437,2024-11-04 08:11:43,1.6909463740538548,-0.3484306545415937,-0.2259336741271706,0.2048418050482517,False,False,False,True,False,False,-0.04875054278767131,-1.399772413034151,-0.07773708545436095,1.1416656400881946,1.2251915400866291
TX000873,-0.45594104531391544,2023-06-05 18:09:44,1.8734430680360705,-0.1378604087061394,-0.2067936485059295,-0.40014014321123637,2024-11-04 08:07:10,-0.2829805723575975,-0.3009850109502651,-0.2259336741271706,-0.2554109805342242,True,True,False,False,True,False,0.8386506418690736,0.23568261093877343,-0.5683791926436955,-0.803704111574772,-1.28208434479941
TX000874,1.5777490726568526,2023-07-03 18:46:29,1.3675026644983594,-0.42377961830804023,-0.2067936485059295,0.2693082922675304,2024-11-04 08:11:14,-0.019506615632463472,-0.15034112727828847,-0.2259336741271706,-0.2554109805342242,True,False,False,False,True,False,-0.04875054278767131,1.8711376349116977,-1.5496634070223647,1.3362026152544912,-0.3418558879671453
TX000875,-0.6640687295960606,2023-03-29 16:20:33,-0.9373369516178799,0.977224508741274,-0.2067936485059295,1.1568320631891058,2024-11-04 08:11:31,-0.9230689329187989,-0.3707321236018497,-0.2259336741271706,-0.7156637661167,True,False,True,True,False,False,-1.3798523197727885,0.23568261093877343,-1.0590212998330302,-0.22009318607588202,0.2849630832543645
TX000876,0.9809450792091211,2023-08-01 16:11:52,0.5804842589952534,0.2767224452166169,-0.2067936485059295,0.32045739772822673,2024-11-04 08:06:32,0.25217725740603053,-0.2116789986628079,-0.2259336741271706,-0.7156637661167,True,False,True,True,False,False,0.3949500495407011,-0.8546207383765094,0.4129050217349737,-1.1927780619073654,0.2849630832543645
TX000877,-0.3204439273985436,2023-01-02 16:07:17,1.8172274676429916,0.5626416548185177,-0.2067936485059295,-0.19549756948623756,2024-11-04 08:07:22,-1.7317144580634565,-0.29980596811331167,-0.2259336741271706,-0.2554109805342242,True,False,True,False,True,False,2.169752418854191,-0.30946906371886795,0.4129050217349737,-2.1654629377388486,-1.7521985732155423
TX000878,-0.8362237277059831,2023-10-26 16:54:32,0.6366998593883324,0.648417417699088,-0.2067936485059295,0.16901768822245908,2024-11-04 08:11:18,1.0610107169851453,-0.373701153875956,-0.2259336741271706,0.2048418050482517,True,False,True,False,True,False,1.282351234197446,0.7808342855964149,1.394189236113643,-0.025556210909585365,-0.18515114516176784
TX000879,2.778003441568897,2023-08-31 16:16:15,-0.8249057508317219,2.035125584268307,-0.2067936485059295,1.0621950647152831,2024-11-04 08:06:36,0.5342703258084784,-0.1566852393270598,-0.2259336741271706,0.2048418050482517,True,True,False,True,False,False,0.8386506418690736,0.7808342855964149,0.4129050217349737,-0.025556210909585365,1.5386010256973839
TX000880,-0.8381422709685016,2023-08-07 18:02:59,1.3112870641052805,-1.5102726147952634,-0.2067936485059295,0.3131346324168953,2024-11-04 08:07:52,0.30930704023305355,-0.37548965322432215,-0.2259336741271706,0.2048418050482517,False,False,True,False,True,False,2.613453011182563,1.8711376349116977,-1.0590212998330302,-0.41463016124217866,1.3818962828920065
TX000881,-0.607848560064044,2023-08-08 17:07:42,0.2431906566367793,-0.20934021110661458,-0.2067936485059295,0.07422428614779882,2024-11-04 08:11:50,0.31832234319923125,-0.34822537069539017,-0.2259336741271706,-1.1759165516991759,True,False,False,False,False,False,-0.9361517274444162,-0.30946906371886795,0.4129050217349737,-1.5818520122399586,-2.692427030047807
TX000882,-0.26309318772968576,2023-09-06 18:43:52,-0.7686901504386429,-1.3101291680739329,-0.2067936485059295,0.7745842267363033,2024-11-04 08:10:00,0.591624933500347,-0.3385916764296347,-0.2259336741271706,0.2048418050482517,True,False,True,True,False,False,2.169752418854191,-0.30946906371886795,-0.07773708545436095,-0.22009318607588202,-0.18515114516176784
TX000883,-0.6118226853935468,2023-03-13 17:26:41,0.018328255064463266,-0.46666749974832533,-0.2067936485059295,1.2009635185597765,2024-11-04 08:09:17,-1.0730571524574164,-0.36804664299002177,-0.2259336741271706,-0.7156637661167,True,False,False,False,False,False,-1.3798523197727885,-0.8546207383765094,-0.5683791926436955,-2.1654629377388486,1.2251915400866291
TX000884,-0.39149854751396235,2023-05-10 16:27:51,-1.330846154369433,-0.6525149859895609,-0.2067936485059295,-1.276069535723204,2024-11-04 08:09:31,-0.5281173734677673,2.2099682848356945,-0.2259336741271706,-0.7156637661167,True,False,False,False,False,True,0.3949500495407011,-0.30946906371886795,-1.0590212998330302,-1.1927780619073654,-0.028446402356390392
TX000885,1.922949821105724,2023-08-22 16:31:34,0.8615622609606484,1.5347669674649806,-0.2067936485059295,0.48745541952711685,2024-11-04 08:12:11,0.4497144123608652,-0.15142037120286844,-0.2259336741271706,-0.2554109805342242,True,False,True,True,False,False,1.282351234197446,-0.30946906371886795,-1.0590212998330302,-0.22009318607588202,0.12825834044898704
TX000886,-0.9802857709004555,2023-02-13 16:53:17,-0.20653414650785276,0.11946687993557138,-0.2067936485059295,-0.7070450319492386,2024-11-04 08:09:16,-1.3365356796783507,-0.3823571165379467,-0.2259336741271706,-0.2554109805342242,False,False,True,True,False,False,0.3949500495407011,2.416289309569339,-1.0590212998330302,-0.803704111574772,-0.3418558879671453
TX000887,-0.8092956026284907,2023-02-06 16:54:19,1.7047962668568335,0.6341214572189929,-0.2067936485059295,-0.21021232793222167,2024-11-04 08:10:55,-1.4023548455924555,-0.363837574722643,-0.2259336741271706,0.6650945906307275,True,True,False,False,True,False,2.169752418854191,0.23568261093877343,-0.07773708545436095,1.1416656400881946,-0.8119701163832775
TX000888,-0.6663983892719759,2023-02-27 16:48:02,0.2431906566367793,0.4339780104976623,-0.2067936485059295,1.0607438444189896,2024-11-04 08:06:42,-1.2049229208623573,-0.3700188660100292,-0.2259336741271706,1.1253473762132034,False,True,False,True,False,False,1.282351234197446,0.23568261093877343,0.4129050217349737,0.3635177394230079,-0.6552653735779002
TX000889,-1.015401964544768,2023-08-21 17:19:06,0.5804842589952534,1.0915921925820342,-0.2067936485059295,0.6226496664934603,2024-11-04 08:11:34,0.4406266343898535,-0.3915912553429528,-0.2259336741271706,-0.2554109805342242,True,True,False,False,True,False,0.8386506418690736,0.23568261093877343,-0.07773708545436095,-0.22009318607588202,0.2849630832543645
TX000890,0.4371065836873482,2023-10-04 16:00:54,-1.0497681524040379,0.7484891410597533,-0.2067936485059295,1.2221036446073694,2024-11-04 08:08:39,0.8538302511768999,-0.30737535757164663,-0.2259336741271706,-1.1759165516991759,False,False,True,True,False,False,-1.3798523197727885,-0.30946906371886795,-0.07773708545436095,-0.6091671364084753,0.12825834044898704
TX000891,-0.8107002503742632,2023-10-23 16:35:48,0.41183745781601633,1.692022532746026,-0.2067936485059295,0.27561315217669136,2024-11-04 08:09:58,1.0326906191502734,-0.3725594092594812,-0.2259336741271706,-0.2554109805342242,True,False,False,False,True,False,-0.4924511351160437,-1.399772413034151,0.9035471289243083,1.3362026152544912,0.12825834044898704
TX000892,-0.7995658475114324,2023-01-09 16:36:16,0.35562185742293734,-1.1814655237530776,-0.2067936485059295,1.9039900123428832,2024-11-04 08:09:24,-1.665723354450196,-0.38184772533328304,-0.2259336741271706,-0.2554109805342242,True,False,False,False,False,False,0.3949500495407011,0.23568261093877343,1.394189236113643,1.3362026152544912,0.9117820544758742
TX000893,0.77230349941023,2023-05-19 18:32:45,0.4680530582090954,-0.5238513416687055,-0.2067936485059295,-0.13542833079090508,2024-11-04 08:06:38,-0.4426635752380438,-0.16790302603967033,-0.2259336741271706,-0.2554109805342242,True,False,True,False,True,False,1.7260518265258185,-1.399772413034151,-1.0590212998330302,-1.387315037073662,0.12825834044898704
TX000894,-0.8473581305688138,2023-11-09 17:51:35,1.1426402629260435,0.6341214572189929,-0.2067936485059295,-0.9217358960296672,2024-11-04 08:10:47,1.1930168649039539,-0.32696137651668017,-0.2259336741271706,-0.7156637661167,True,True,False,False,True,False,1.282351234197446,0.23568261093877343,0.9035471289243083,-0.6091671364084753,-0.6552653735779002
TX000895,-0.6424165984904943,2023-11-20 17:15:13,-1.443277355155591,-0.35229981590756504,-0.2067936485059295,-0.9402274168368525,2024-11-04 08:08:19,1.296219313003683,-0.24257974788014297,-0.2259336741271706,0.2048418050482517,True,True,False,False,False,True,0.3949500495407011,1.8711376349116977,1.394189236113643,0.16898076425671127,0.5983725688651194
TX000896,-0.8329347963988084,2023-11-13 17:47:07,-1.218414953583275,-1.2243534051933627,-0.2067936485059295,-1.0212085861621636,2024-11-04 08:11:15,1.230593304947807,-0.2974078093040841,-0.2259336741271706,0.2048418050482517,False,True,False,False,False,True,-0.04875054278767131,0.7808342855964149,-0.07773708545436095,0.5580547145893046,1.2251915400866291
TX000897,-0.7462920122754265,2023-04-03 16:25:35,1.3112870641052805,-0.06638060630566417,-0.2067936485059295,1.3241608401438651,2024-11-04 08:08:14,-0.8760038171294467,-0.3766631103300722,-0.2259336741271706,-0.7156637661167,True,False,True,False,False,False,-0.9361517274444162,1.3259859602540562,0.9035471289243083,-0.41463016124217866,0.2849630832543645
TX000898,-0.9620253502054129,2023-11-06 16:42:34,-0.8249057508317219,0.37679416857728215,-0.2067936485059295,-1.1740918239838554,2024-11-04 08:11:01,1.164358223915871,-0.3303830553450869,-0.2259336741271706,0.2048418050482517,False,False,True,False,False,False,0.3949500495407011,0.23568261093877343,-1.0590212998330302,-1.5818520122399586,0.5983725688651194
TX000899,4.226674903275976,2023-10-23 18:00:29,-1.49949295554867,-0.8240665117507014,4.772110297630446,-1.0908363924627633,2024-11-04 08:06:40,1.0332650869438451,3.1027619017377255,4.426077714458506,-0.2554109805342242,True,False,True,False,False,True,-0.04875054278767131,-0.8546207383765094,1.394189236113643,-0.22009318607588202,-0.028446402356390392
TX000900,-0.7844573193190989,2023-06-29 16:57:52,-0.8811213512248008,0.5340497338583277,-0.2067936485059295,2.250459884105799,2024-11-04 08:10:59,-0.05782282306800086,-0.382202467202232,-0.2259336741271706,0.2048418050482517,True,True,False,False,False,False,-0.9361517274444162,0.7808342855964149,-0.5683791926436955,0.9471286649218978,0.9117820544758742
TX000901,-0.48112192563447126,2023-03-13 17:34:30,-1.387061754762512,2.292452872910018,-0.2067936485059295,-0.9149695172983636,2024-11-04 08:07:27,-1.0729941449081688,-0.19229207513152158,-0.2259336741271706,0.6650945906307275,True,True,False,False,False,True,0.3949500495407011,0.7808342855964149,-1.0590212998330302,1.1416656400881946,-0.18515114516176784
TX000902,1.1846532620472505,2023-11-06 17:19:21,-1.49949295554867,-0.20934021110661458,-0.2067936485059295,-1.0429204827505227,2024-11-04 08:12:01,1.1645918633083314,0.8144882675898044,-0.2259336741271706,0.6650945906307275,False,False,True,False,False,True,2.613453011182563,-1.399772413034151,-0.07773708545436095,-0.41463016124217866,0.5983725688651194
TX000903,0.10533563807610642,2023-10-12 16:17:47,-0.15031854611477377,-1.2672412866336478,-0.2067936485059295,-0.5830144124918366,2024-11-04 08:09:00,0.9291555042490764,-0.16488897514367626,-0.2259336741271706,0.2048418050482517,False,False,True,True,False,False,0.3949500495407011,-0.30946906371886795,1.394189236113643,1.3362026152544912,-0.028446402356390392
TX000904,-0.7705478806658395,2023-07-21 17:56:49,1.3675026644983594,-1.0813938003924122,-0.2067936485059295,0.28267182616201897,2024-11-04 08:10:20,0.14941390336712007,-0.36894194589845813,-0.2259336741271706,0.2048418050482517,True,False,True,False,True,False,-0.4924511351160437,2.416289309569339,-1.0590212998330302,-2.1654629377388486,0.2849630832543645
TX000905,0.19584976842564183,2023-05-17 16:30:05,0.35562185742293734,2.278156912429923,-0.2067936485059295,1.2890777176806487,2024-11-04 08:07:39,-0.46227546389598945,-0.32319209179986436,-0.2259336741271706,1.1253473762132034,True,True,False,False,False,False,2.169752418854191,-0.8546207383765094,0.4129050217349737,1.3362026152544912,0.5983725688651194
TX000906,1.7002617638491078,2023-02-22 16:17:29,-1.274630553976354,1.8921659794673567,-0.2067936485059295,-0.9513038685682781,2024-11-04 08:07:13,-1.2521365777652207,0.7181252671884227,-0.2259336741271706,-0.7156637661167,False,False,False,False,False,True,-0.04875054278767131,0.23568261093877343,-0.07773708545436095,-0.22009318607588202,1.5386010256973839
TX000907,-0.9194405417177247,2023-02-27 18:33:48,-0.9935525520109589,-0.7239947883900362,-0.2067936485059295,0.687531520906359,2024-11-04 08:10:28,-1.2042569343314502,-0.3845436292270144,-0.2259336741271706,-1.1759165516991759,True,False,False,True,False,False,-1.823552912101161,-0.30946906371886795,-1.0590212998330302,-0.803704111574772,0.5983725688651194
TX000908,1.2209342855295207,2023-10-04 17:41:08,-0.4313965480801688,-0.2808200135070898,-0.2067936485059295,-0.31476941708865686,2024-11-04 08:11:57,0.8544631560239189,-0.06142572507598981,-0.2259336741271706,0.6650945906307275,True,False,True,True,False,False,-0.04875054278767131,-1.9449240876917921,1.8848313433029775,-0.22009318607588202,0.7550773116704967
TX000909,0.2358308396284836,2023-01-30 16:38:59,-1.330846154369433,-0.39518769734785014,-0.2067936485059295,-0.9112055749044441,2024-11-04 08:09:38,-1.4682617214973956,0.06913330928811053,-0.2259336741271706,-0.2554109805342242,False,False,True,False,False,True,0.3949500495407011,0.23568261093877343,-0.5683791926436955,-1.387315037073662,-2.692427030047807
TX000910,-0.6054846406870122,2023-11-16 17:57:45,-0.6562589496524849,0.6055295362588028,4.772110297630446,2.167158300702493,2024-11-04 08:11:48,1.2588656302194323,-0.37440566803614916,4.426077714458506,-0.2554109805342242,True,False,True,False,False,False,0.8386506418690736,0.23568261093877343,-0.07773708545436095,-0.6091671364084753,0.12825834044898704
TX000911,-0.218761134485061,2023-02-13 16:43:40,1.5361494656775965,0.319610326656902,-0.2067936485059295,-0.09352498573380152,2024-11-04 08:06:27,-1.3365800787804112,-0.29524222578903964,-0.2259336741271706,0.2048418050482517,True,False,True,False,True,False,1.282351234197446,-0.8546207383765094,0.9035471289243083,-0.803704111574772,0.2849630832543645
TX000912,0.596962349096482,2023-09-29 17:31:24,-1.49949295554867,0.2624264847365218,-0.2067936485059295,-1.0435384051735026,2024-11-04 08:08:45,0.8074096841167248,0.4948752977641892,-0.2259336741271706,-1.1759165516991759,True,False,False,False,False,True,-0.9361517274444162,-0.8546207383765094,-0.07773708545436095,-1.387315037073662,-0.028446402356390392
TX000913,-0.28844536655582365,2023-08-14 16:40:38,1.5923650660706756,-0.2808200135070898,-0.2067936485059295,-0.7953669145400754,2024-11-04 08:09:27,0.374574155547274,-0.1836615420467791,-0.2259336741271706,-1.1759165516991759,False,True,False,False,True,False,-0.04875054278767131,2.416289309569339,-0.07773708545436095,-0.22009318607588202,1.6953057685027615
TX000914,-0.1486315262997851,2023-05-22 16:48:08,0.1869750562437003,-1.052801879432222,-0.2067936485059295,-0.6735874813373471,2024-11-04 08:10:50,-0.4151675813245055,-0.1911900416330328,-0.2259336741271706,-0.2554109805342242,True,False,False,True,False,False,0.8386506418690736,-0.8546207383765094,-0.07773708545436095,-0.025556210909585365,-0.6552653735779002
TX000915,0.9597383242180682,2023-11-10 16:26:28,-0.4313965480801688,-0.8097705512706064,-0.2067936485059295,2.5290429011249755,2024-11-04 08:06:37,1.201890482500321,-0.316132802615132,-0.2259336741271706,-0.2554109805342242,True,False,False,False,False,False,-0.4924511351160437,0.23568261093877343,-0.07773708545436095,0.16898076425671127,-0.028446402356390392
TX000916,-0.436241717171984,2023-09-25 16:58:25,-0.9935525520109589,2.078013465708592,-0.2067936485059295,-0.8063305505594215,2024-11-04 08:07:32,0.7695936195073392,-0.22215395740414742,-0.2259336741271706,-0.7156637661167,True,False,False,False,False,True,-0.9361517274444162,0.7808342855964149,0.9035471289243083,-0.41463016124217866,0.12825834044898704
TX000917,0.1375054974244085,2023-05-23 17:12:39,1.8734430680360705,-0.18074829014642452,4.772110297630446,0.4837991648583639,2024-11-04 08:07:28,-0.4055833604525136,-0.29714954980018865,4.426077714458506,0.6650945906307275,True,False,True,False,True,False,0.8386506418690736,-1.9449240876917921,-0.5683791926436955,1.3362026152544912,-0.028446402356390392
TX000918,0.11311259022952992,2023-07-06 16:04:39,1.0864246625329645,-0.09497252726585426,-0.2067936485059295,-0.6638314862359411,2024-11-04 08:10:34,0.007647570488006291,-0.1347987074711713,-0.2259336741271706,-0.7156637661167,False,True,False,False,True,False,-0.9361517274444162,-1.9449240876917921,0.9035471289243083,-0.22009318607588202,-0.6552653735779002
TX000919,-0.5661887635064986,2023-11-10 16:32:24,-0.5438277488663268,-1.038505918952127,-0.2067936485059295,0.600907001983625,2024-11-04 08:08:40,1.20191583786988,-0.35705205776608506,-0.2259336741271706,-0.2554109805342242,False,False,False,True,False,False,0.8386506418690736,-1.9449240876917921,-0.5683791926436955,0.9471286649218978,-0.6552653735779002
TX000920,1.285239744525008,2023-08-10 16:39:33,0.07454385545754227,-0.02349272486537904,-0.2067936485059295,0.06979626944868508,2024-11-04 08:11:42,0.33694374012444533,-0.1465859406377448,-0.2259336741271706,-0.7156637661167,False,True,False,True,False,False,-0.4924511351160437,-0.30946906371886795,-0.5683791926436955,1.1416656400881946,0.12825834044898704
TX000921,-0.7658885613140086,2023-02-23 18:23:29,-1.49949295554867,-0.7668826698303213,-0.2067936485059295,-0.8779300678279532,2024-11-04 08:11:29,-1.241939583991997,-0.3058983234255509,-0.2259336741271706,-1.1759165516991759,True,False,True,False,False,True,-0.9361517274444162,0.23568261093877343,-0.07773708545436095,0.16898076425671127,0.5983725688651194
TX000922,-0.34401460176662846,2023-05-09 16:47:42,-0.9373369516178799,0.21953860329623667,-0.2067936485059295,-0.5126404840954394,2024-11-04 08:10:02,-0.5373933035158932,-0.2675832452101961,-0.2259336741271706,0.6650945906307275,True,False,True,True,False,False,0.8386506418690736,0.7808342855964149,0.4129050217349737,-0.025556210909585365,1.2251915400866291
TX000923,-0.9470881205186615,2023-11-20 16:06:10,1.4237182648914386,0.8628568249005136,-0.2067936485059295,-0.4224340663141866,2024-11-04 08:09:46,1.2957589987837912,-0.3799241009034245,-0.2259336741271706,-0.7156637661167,True,True,False,False,True,False,-0.4924511351160437,1.3259859602540562,-0.5683791926436955,0.16898076425671127,-0.8119701163832775
TX000924,-0.2714182951009716,2023-06-05 16:27:31,0.9739934617468065,-0.20934021110661458,-0.2067936485059295,1.2378798963442819,2024-11-04 08:10:54,-0.28367234954337806,-0.3487603858100233,-0.2259336741271706,-0.7156637661167,True,False,False,False,False,False,-0.9361517274444162,-0.8546207383765094,2.3754734504923123,-1.387315037073662,0.5983725688651194
TX000925,1.0018092371890104,2023-02-06 16:42:16,-0.8811213512248008,0.2910184056967119,3.1124756489183207,1.199291794826237,2024-11-04 08:07:46,-1.4024129561819172,-0.273539407869278,4.426077714458506,-0.2554109805342242,True,False,True,False,False,False,-0.4924511351160437,0.23568261093877343,0.4129050217349737,-0.41463016124217866,-0.028446402356390392
TX000926,1.3711630749249457,2023-11-27 16:10:37,-0.03788734532861574,0.47686589193794743,-0.2067936485059295,0.4383652008118686,2024-11-04 08:07:11,1.3616200609093991,-0.19103589069574478,-0.2259336741271706,-1.1759165516991759,True,False,True,True,False,False,-1.3798523197727885,0.7808342855964149,-0.07773708545436095,-0.803704111574772,-0.18515114516176784
TX000927,0.017699322620348918,2023-11-16 17:14:01,-0.3751809476870898,-0.4523715392682303,3.1124756489183207,0.8894716455283664,2024-11-04 08:11:08,1.2585844359063825,-0.3226173530827053,4.426077714458506,-1.1759165516991759,True,False,False,True,False,False,-1.823552912101161,0.23568261093877343,0.4129050217349737,-0.41463016124217866,-0.968674859188655
TX000928,-0.5125038118570959,2023-01-23 16:48:16,-1.387061754762512,-1.2100574447132675,-0.2067936485059295,-0.9296150479210262,2024-11-04 08:06:39,-1.5339967685245084,-0.19671849619177947,-0.2259336741271706,-0.2554109805342242,True,True,False,False,False,True,-0.4924511351160437,0.23568261093877343,-1.0590212998330302,1.3362026152544912,1.2251915400866291
TX000929,-0.9432852936947408,2023-01-30 18:50:00,-1.443277355155591,-0.9098422746312717,-0.2067936485059295,0.12039924430317892,2024-11-04 08:08:53,-1.4674013800736452,-0.3840759246415618,-0.2259336741271706,-0.2554109805342242,True,True,False,False,False,True,-0.9361517274444162,-0.30946906371886795,0.9035471289243083,0.16898076425671127,-0.028446402356390392
TX000930,-1.0166010540838422,2023-02-13 17:49:27,-1.105983752797117,0.2767224452166169,-0.2067936485059295,-0.9633136139178144,2024-11-04 08:12:22,-1.3361891925681533,-0.39066242171951304,-0.2259336741271706,0.2048418050482517,True,False,False,False,False,True,1.282351234197446,0.7808342855964149,-1.0590212998330302,-0.41463016124217866,0.12825834044898704
TX000931,1.5742545831429795,2023-01-23 17:22:25,1.1426402629260435,1.1916639159426996,-0.2067936485059295,1.3945373325337187,2024-11-04 08:11:06,-1.5338028489169795,-0.25097682574559466,-0.2259336741271706,-1.1759165516991759,True,True,False,False,False,False,-1.823552912101161,0.23568261093877343,-0.5683791926436955,0.16898076425671127,0.2849630832543645
TX000932,-0.8865854883470947,2023-04-28 18:52:30,-1.105983752797117,0.3624982080971871,-0.2067936485059295,-0.8960395536101426,2024-11-04 08:12:12,-0.6400163868622646,-0.3448581562533212,-0.2259336741271706,-0.7156637661167,False,False,True,False,False,True,-0.4924511351160437,-0.30946906371886795,-1.0590212998330302,1.1416656400881946,-0.6552653735779002
TX000933,-0.7574264151382574,2023-04-03 16:01:51,0.2431906566367793,0.005099196094811046,4.772110297630446,1.1181824258281088,2024-11-04 08:07:51,-0.8761562758107867,-0.3760446573559558,4.426077714458506,-0.2554109805342242,False,False,True,True,False,False,0.3949500495407011,-0.30946906371886795,-1.0590212998330302,-0.803704111574772,0.2849630832543645
TX000934,-0.9083403985560103,2023-03-10 18:59:46,-0.7686901504386429,-1.5674564567156437,-0.2067936485059295,0.9081349538971274,2024-11-04 08:09:33,-1.1006576148463911,-0.3845401072858855,-0.2259336741271706,-1.1759165516991759,True,False,True,False,False,False,-0.04875054278767131,-0.30946906371886795,-0.5683791926436955,-0.803704111574772,1.3818962828920065
TX000935,2.4843635433002116,2023-01-19 16:45:16,0.9739934617468065,0.5483456943384226,-0.2067936485059295,-1.2580395337381614,2024-11-04 08:10:47,-1.5716519952102532,9.233945551686386,-0.2259336741271706,0.2048418050482517,False,True,False,False,False,False,2.169752418854191,-0.30946906371886795,0.9035471289243083,0.9471286649218978,-0.028446402356390392
TX000936,-0.9488353652755981,2023-04-20 16:01:05,-1.274630553976354,-0.8669543931909865,-0.2067936485059295,-1.0678835230415316,2024-11-04 08:09:17,-0.71633387280843,-0.34923979988304127,-0.2259336741271706,-0.7156637661167,True,True,False,False,False,True,-0.4924511351160437,-0.30946906371886795,0.9035471289243083,-2.554536888071442,1.3818962828920065
TX000937,1.2488216822382723,2023-02-02 16:52:26,-1.218414953583275,1.4203992836242203,-0.2067936485059295,-0.7994334081618439,2024-11-04 08:07:34,-1.4399539204726532,0.25933924970668915,-0.2259336741271706,-1.1759165516991759,True,True,False,False,False,True,-0.4924511351160437,-0.30946906371886795,0.4129050217349737,0.5580547145893046,0.2849630832543645
TX000938,-0.03022999924149819,2023-11-13 16:42:16,0.5804842589952534,-0.1378604087061394,-0.2067936485059295,0.9543714478954598,2024-11-04 08:09:44,1.2301797838992046,-0.327711918029912,-0.2259336741271706,-0.2554109805342242,True,False,False,True,False,False,0.3949500495407011,1.3259859602540562,-0.5683791926436955,0.9471286649218978,1.5386010256973839
TX000939,-0.899467135966862,2023-09-27 18:52:36,-0.8249057508317219,-0.20934021110661458,-0.2067936485059295,2.363019196839498,2024-11-04 08:07:17,0.7891451123279232,-0.3871016034054824,-0.2259336741271706,-0.2554109805342242,True,True,False,False,False,False,0.3949500495407011,1.3259859602540562,-0.07773708545436095,0.3635177394230079,0.2849630832543645
TX000940,-0.2838888263073422,2023-11-10 18:28:09,0.07454385545754227,-1.338721089034123,-0.2067936485059295,0.06515544129269421,2024-11-04 08:07:39,1.2026782400979086,-0.3133392753021601,-0.2259336741271706,-1.1759165516991759,False,False,False,False,False,False,-0.4924511351160437,-1.399772413034151,-0.07773708545436095,-0.41463016124217866,1.5386010256973839
TX000941,-0.9325962669464233,2023-10-23 16:03:09,0.6929154597814113,-0.7668826698303213,-0.2067936485059295,0.8978456481568006,2024-11-04 08:11:41,1.0324662295707423,-0.38611997499535483,-0.2259336741271706,-0.7156637661167,True,True,False,True,False,False,-1.3798523197727885,-1.399772413034151,-0.07773708545436095,-1.1927780619073654,-1.28208434479941
TX000942,1.0965373107758631,2023-01-30 16:34:16,-0.20653414650785276,-1.1385776423127922,-0.2067936485059295,0.20313931313954484,2024-11-04 08:10:17,-1.468296761965198,-0.1864993770172407,-0.2259336741271706,1.5856001617956792,True,False,False,True,False,False,0.8386506418690736,-0.30946906371886795,0.4129050217349737,-0.22009318607588202,0.5983725688651194
TX000943,0.5097714097552378,2023-12-12 17:41:53,1.0302090621398854,-0.6096271045492758,-0.2067936485059295,0.7049179605338582,2024-11-04 08:07:42,1.503245034882688,-0.2803965357335704,-0.2259336741271706,-0.2554109805342242,True,False,False,False,True,False,-0.04875054278767131,0.23568261093877343,0.4129050217349737,0.7525916897556012,0.5983725688651194
TX000944,0.2751952362112301,2023-02-22 17:29:36,-0.6562589496524849,1.2059598764227946,-0.2067936485059295,-0.7331977652039933,2024-11-04 08:06:53,-1.2516635314498852,-0.06275779934361522,-0.2259336741271706,0.2048418050482517,True,True,False,True,False,False,1.282351234197446,-1.9449240876917921,0.4129050217349737,-0.22009318607588202,-0.028446402356390392
TX000945,-0.9817246783473443,2023-02-13 18:17:28,-0.8249057508317219,-1.0956897608725071,-0.2067936485059295,0.47914295274163504,2024-11-04 08:10:40,-1.335995164139296,-0.3888008296757062,-0.2259336741271706,-0.2554109805342242,True,False,True,True,False,False,0.3949500495407011,0.7808342855964149,-1.5496634070223647,-0.22009318607588202,-0.6552653735779002
TX000946,-0.0758296614274299,2023-07-24 17:09:05,-0.4876121484732478,-0.7525867093502262,-0.2067936485059295,1.1751928203300175,2024-11-04 08:12:13,0.17729643063977316,-0.3361084364611025,-0.2259336741271706,-0.7156637661167,True,False,False,False,False,False,0.3949500495407011,-0.8546207383765094,-1.5496634070223647,-0.41463016124217866,1.6953057685027615
TX000947,-0.40369500111140166,2023-07-12 16:11:30,1.8734430680360705,-0.5524432626288956,-0.2067936485059295,0.20389312721571143,2024-11-04 08:09:23,0.06411299910405081,-0.3321557099498181,-0.2259336741271706,-0.2554109805342242,True,False,True,False,True,False,0.3949500495407011,1.3259859602540562,0.4129050217349737,-0.22009318607588202,1.2251915400866291
TX000948,-0.9087515149694072,2023-06-21 16:52:25,-0.03788734532861574,-1.0670978399123172,-0.2067936485059295,0.7008206989906133,2024-11-04 08:09:28,-0.1330658072157712,-0.38381127649849117,-0.2259336741271706,-1.1759165516991759,True,True,False,False,False,False,-0.9361517274444162,0.7808342855964149,-0.5683791926436955,-1.387315037073662,0.2849630832543645
TX000949,-0.08110565539935577,2023-07-04 17:50:02,1.9296586684291497,-0.15215636918623443,-0.2067936485059295,-0.14633812294766774,2024-11-04 08:11:48,-0.010476730608256121,-0.2734912240598867,-0.2259336741271706,0.2048418050482517,True,True,False,False,True,False,1.282351234197446,-0.30946906371886795,0.4129050217349737,-0.41463016124217866,-2.692427030047807
TX000950,0.26673309003547857,2023-12-05 17:57:39,-1.443277355155591,-1.2529453261535526,-0.2067936485059295,-0.9761310172061006,2024-11-04 08:08:31,1.4375275080894767,0.1719173844797156,-0.2259336741271706,-0.7156637661167,True,True,False,False,False,True,-0.04875054278767131,1.3259859602540562,-0.07773708545436095,1.1416656400881946,1.6953057685027615
TX000951,0.31308646564597126,2023-08-21 17:10:10,-1.218414953583275,0.5054578128981375,-0.2067936485059295,-0.844680200686026,2024-11-04 08:08:32,0.4405881116395363,0.027769649934873245,-0.2259336741271706,-1.1759165516991759,True,False,False,False,False,True,-0.9361517274444162,2.416289309569339,-0.07773708545436095,1.1416656400881946,0.12825834044898704
TX000952,0.6689077214409274,2023-03-01 17:43:22,-1.105983752797117,-1.1671695632729824,-0.2067936485059295,-1.1631897238074616,2024-11-04 08:09:23,-1.185774828706818,1.2813032300244949,-0.2259336741271706,-1.1759165516991759,True,False,False,False,False,True,-0.4924511351160437,-0.30946906371886795,0.9035471289243083,-0.6091671364084753,-0.18515114516176784
TX000953,-0.5095917372622017,2023-11-29 16:46:49,0.6929154597814113,-1.353017049514218,-0.2067936485059295,0.6892160646071799,2024-11-04 08:08:44,1.3806506260300726,-0.3544312943786238,-0.2259336741271706,0.2048418050482517,True,False,False,False,False,False,-0.04875054278767131,1.8711376349116977,0.4129050217349737,-0.22009318607588202,0.2849630832543645
TX000954,-0.608602273488605,2023-04-10 17:53:04,0.9739934617468065,-1.038505918952127,6.431744946342571,-0.6455348289314382,2024-11-04 08:10:27,-0.809631947687486,-0.3011866599382969,4.426077714458506,-0.7156637661167,False,True,False,False,True,False,-0.4924511351160437,-0.30946906371886795,-0.5683791926436955,-0.803704111574772,1.2251915400866291
TX000955,0.3222680655451671,2023-07-10 17:29:39,0.2994062570298583,-0.23793213206680466,-0.2067936485059295,-0.6943276244057501,2024-11-04 08:06:44,0.045836239326448376,-0.07227267012797418,-0.2259336741271706,-0.2554109805342242,True,True,False,True,False,False,-1.3798523197727885,0.23568261093877343,-0.07773708545436095,0.5580547145893046,0.12825834044898704
TX000956,-0.38235120731588285,2023-04-24 16:49:48,-0.20653414650785276,-0.9527301560715568,-0.2067936485059295,-1.2081160171496,2024-11-04 08:09:44,-0.6784100750837506,0.513774595449103,-0.2259336741271706,0.6650945906307275,False,True,False,True,False,False,2.169752418854191,1.3259859602540562,0.4129050217349737,3.6706463172500507,0.12825834044898704
TX000957,0.08525945322189471,2023-03-13 16:10:41,-0.9935525520109589,-0.8955463141511766,-0.2067936485059295,-0.9937712921857782,2024-11-04 08:11:25,-1.0735673068457976,0.1192527873281141,-0.2259336741271706,-1.1759165516991759,True,False,False,False,False,True,-1.3798523197727885,1.8711376349116977,-0.07773708545436095,1.5307395904207879,0.12825834044898704
TX000958,-0.9501029742169049,2023-12-04 16:27:40,-1.49949295554867,-1.395904930954503,-0.2067936485059295,-1.1071203149040325,2024-11-04 08:09:38,1.4275305279181822,-0.3419627424153775,-0.2259336741271706,0.2048418050482517,True,True,False,False,False,True,-0.04875054278767131,1.8711376349116977,-0.5683791926436955,1.3362026152544912,0.7550773116704967
TX000959,-0.05818591535248251,2023-11-27 16:37:11,0.1307594558506213,0.13376284041566644,3.1124756489183207,0.711368968070031,2024-11-04 08:10:47,1.3617700167001818,-0.3220325165959271,4.426077714458506,0.6650945906307275,True,False,False,True,False,False,-0.04875054278767131,1.3259859602540562,0.9035471289243083,-0.22009318607588202,0.2849630832543645
TX000960,-0.3377108167612104,2023-05-29 16:31:37,0.9177778613537274,2.1351973076289723,-0.2067936485059295,-0.11676758641560055,2024-11-04 08:07:21,-0.34943754007850736,-0.3079997157353503,-0.2259336741271706,-1.1759165516991759,True,False,False,False,True,False,-1.3798523197727885,0.23568261093877343,-2.0403055142116995,1.1416656400881946,0.5983725688651194
TX000961,-0.6624585236435896,2023-10-17 16:41:39,1.0302090621398854,-0.16645232966632947,-0.2067936485059295,-0.026925255705149347,2024-11-04 08:09:45,0.9763172533782073,-0.3510363171201349,-0.2259336741271706,-0.7156637661167,False,False,True,False,True,False,0.3949500495407011,0.23568261093877343,-0.5683791926436955,-0.6091671364084753,-1.28208434479941
TX000962,0.1918413833950227,2023-08-11 17:57:52,0.41183745781601633,-0.15215636918623443,6.431744946342571,-0.8440571502761332,2024-11-04 08:10:53,0.3468625865818195,-0.010921544968349212,4.426077714458506,-0.7156637661167,False,True,False,False,True,False,-0.9361517274444162,0.7808342855964149,-0.07773708545436095,-0.025556210909585365,-0.18515114516176784
TX000963,-0.8281726979436284,2023-01-23 17:18:16,-0.31896534729401077,-0.7382907488701311,-0.2067936485059295,0.05952491166255291,2024-11-04 08:06:59,-1.5338030665596365,-0.3713839452896505,-0.2259336741271706,-0.7156637661167,True,False,True,True,False,False,-0.9361517274444162,1.3259859602540562,3.847399772060316,0.5580547145893046,0.2849630832543645
TX000964,-0.9826496902774873,2023-03-08 16:58:31,-0.7686901504386429,0.8342649039403235,-0.2067936485059295,1.4334382412534383,2024-11-04 08:10:45,-1.120261450726022,-0.3899300148232765,-0.2259336741271706,-0.7156637661167,True,False,False,False,False,False,0.3949500495407011,-0.8546207383765094,-1.0590212998330302,0.3635177394230079,-0.18515114516176784
TX000965,-0.692195944212627,2023-04-10 16:25:15,-0.6562589496524849,-0.9813220770317469,-0.2067936485059295,-0.6870381910093514,2024-11-04 08:10:13,-0.8102038037691719,-0.31483818901259075,-0.2259336741271706,-0.2554109805342242,True,True,False,True,False,False,1.7260518265258185,-1.9449240876917921,-0.5683791926436955,0.7525916897556012,-1.28208434479941
TX000966,0.6148801727803607,2023-11-27 16:30:37,-0.9935525520109589,2.2638609519498276,-0.2067936485059295,0.37274491628354145,2024-11-04 08:07:34,1.3617481436131373,-0.24922950004987196,-0.2259336741271706,0.6650945906307275,True,False,True,True,False,False,0.3949500495407011,0.7808342855964149,0.4129050217349737,0.3635177394230079,-0.8119701163832775
TX000967,-0.9883710603639264,2023-03-02 16:09:39,0.41183745781601633,-0.8097705512706064,-0.2067936485059295,-0.5955779804279442,2024-11-04 08:09:56,-1.1769881593519862,-0.3855041427225677,-0.2259336741271706,0.6650945906307275,False,False,True,False,True,False,0.3949500495407011,-0.30946906371886795,-1.0590212998330302,0.3635177394230079,-0.3418558879671453
TX000968,-0.946197368289635,2023-12-04 16:27:03,0.6929154597814113,-0.29511597398718487,-0.2067936485059295,-1.1423598409680864,2024-11-04 08:08:40,1.4275328131660825,-0.3281670686899187,-0.2259336741271706,-0.7156637661167,True,False,True,False,False,False,-0.04875054278767131,-0.30946906371886795,0.4129050217349737,0.5580547145893046,-1.28208434479941
TX000969,-0.06616842571260442,2023-10-02 16:20:52,-0.9373369516178799,-1.338721089034123,-0.2067936485059295,-0.9659647831516788,2024-11-04 08:07:37,0.8351630404723538,0.013701271947187088,-0.2259336741271706,-0.7156637661167,True,True,False,False,False,True,-0.9361517274444162,1.3259859602540562,-1.5496634070223647,-0.025556210909585365,0.12825834044898704
TX000970,0.31007161194772787,2023-08-21 18:06:59,1.5923650660706756,-1.1385776423127922,-0.2067936485059295,-0.5364343433703535,2024-11-04 08:07:32,0.440965612828379,-0.13969560633798325,-0.2259336741271706,-0.2554109805342242,False,False,True,False,True,False,-0.4924511351160437,-0.8546207383765094,1.8848313433029775,0.7525916897556012,1.5386010256973839
TX000971,-0.2816276860336596,2023-06-21 16:23:53,-0.9935525520109589,1.3775114021839352,-0.2067936485059295,-0.9055391493659137,2024-11-04 08:11:13,-0.13326353556980033,-0.12468627327262817,-0.2259336741271706,-0.7156637661167,True,False,False,False,False,True,-0.4924511351160437,-0.30946906371886795,-0.5683791926436955,0.7525916897556012,0.5983725688651194
TX000972,-0.35364157778033756,2023-04-26 17:55:11,1.1988558633191224,0.5912335757787078,-0.2067936485059295,2.3797902780374733,2024-11-04 08:09:28,-0.6591771022919192,-0.36538254504585527,-0.2259336741271706,-1.1759165516991759,True,False,False,False,False,False,-1.3798523197727885,-0.8546207383765094,-0.5683791926436955,-1.1927780619073654,-0.6552653735779002
TX000973,-0.8903883151710154,2023-06-29 16:04:17,-1.387061754762512,-0.15215636918623443,-0.2067936485059295,-0.8648870331155084,2024-11-04 08:12:08,-0.0581801923110563,-0.34939123163005664,-0.2259336741271706,0.2048418050482517,True,False,False,False,False,True,2.169752418854191,-0.30946906371886795,-0.5683791926436955,0.9471286649218978,0.7550773116704967
TX000974,-0.9524326338928203,2023-06-16 18:47:34,1.0864246625329645,0.03369111705500113,-0.2067936485059295,-1.0390873125332816,2024-11-04 08:10:31,-0.17933163034670616,-0.3556901464224789,-0.2259336741271706,0.2048418050482517,True,True,False,False,True,False,0.8386506418690736,-1.399772413034151,-1.0590212998330302,-0.803704111574772,1.3818962828920065
TX000975,-0.7408447197979185,2023-01-23 17:39:08,-0.20653414650785276,-0.23793213206680466,-0.2067936485059295,0.5328355397110288,2024-11-04 08:07:04,-1.533667366362898,-0.36968884800906976,-0.2259336741271706,0.2048418050482517,True,False,True,True,False,False,0.3949500495407011,-0.30946906371886795,-0.07773708545436095,1.3362026152544912,0.5983725688651194
TX000976,0.05805725053547115,2023-09-29 16:34:03,0.7491310601744904,1.5490629279450756,-0.2067936485059295,1.2330621526398033,2024-11-04 08:11:02,0.8070203214030669,-0.32964125786827336,-0.2259336741271706,0.6650945906307275,False,True,False,True,False,False,-0.04875054278767131,-0.30946906371886795,-0.5683791926436955,-0.803704111574772,-0.6552653735779002
TX000977,0.5791473045159529,2023-09-04 16:57:31,0.7491310601744904,-1.5531604962355485,-0.2067936485059295,1.4873231277320582,2024-11-04 08:09:20,0.5721305718772672,-0.3079237522866298,-0.2259336741271706,-0.2554109805342242,True,False,False,False,False,False,-0.4924511351160437,-0.30946906371886795,0.9035471289243083,-1.5818520122399586,-0.6552653735779002
TX000978,0.34059700564244233,2023-08-07 17:45:52,-1.274630553976354,-0.2808200135070898,-0.2067936485059295,-1.126819476629158,2024-11-04 08:06:31,0.3092040952562173,0.6906007753839293,-0.2259336741271706,-0.2554109805342242,True,False,False,False,False,True,-0.04875054278767131,0.7808342855964149,-0.5683791926436955,0.16898076425671127,1.5386010256973839
TX000979,0.599154969967932,2023-02-27 17:06:36,0.5804842589952534,-0.46666749974832533,-0.2067936485059295,0.5165208493482834,2024-11-04 08:09:59,-1.2048231317040499,-0.2617155931807162,-0.2259336741271706,0.6650945906307275,True,True,False,True,False,False,1.282351234197446,0.23568261093877343,-1.0590212998330302,-0.22009318607588202,-0.18515114516176784
TX000980,-0.78949349538321,2023-11-20 17:17:05,0.8053466605675694,-1.5102726147952634,-0.2067936485059295,1.003594994270438,2024-11-04 08:10:53,1.2962147425078827,-0.37729610657789214,-0.2259336741271706,-0.7156637661167,True,False,True,False,False,False,-1.3798523197727885,-0.30946906371886795,-0.5683791926436955,1.1416656400881946,-0.18515114516176784
TX000981,-0.6678030370177483,2023-05-10 17:41:59,1.9296586684291497,-0.009196764385283997,-0.2067936485059295,-0.11726756513958869,2024-11-04 08:06:32,-0.5276138571804295,-0.3486026705181483,-0.2259336741271706,0.2048418050482517,True,True,False,False,True,False,-0.04875054278767131,0.23568261093877343,0.9035471289243083,0.9471286649218978,-2.8491317728531844
TX000982,0.5567072002847092,2023-03-06 17:05:25,-0.5438277488663268,0.37679416857728215,3.1124756489183207,0.48109158776846,2024-11-04 08:08:33,-1.1390063598591738,-0.2626240639739532,4.426077714458506,-0.2554109805342242,False,False,True,False,False,False,-0.9361517274444162,-0.30946906371886795,-1.5496634070223647,-0.6091671364084753,0.12825834044898704
TX000983,0.5340957975478836,2023-01-02 16:06:29,1.1988558633191224,0.39109012905737717,-0.2067936485059295,0.3210445522297305,2024-11-04 08:08:56,-1.731729910692115,-0.25198666175045487,-0.2259336741271706,-1.1759165516991759,True,True,False,False,False,False,-0.9361517274444162,0.23568261093877343,-1.0590212998330302,0.7525916897556012,0.2849630832543645
TX000984,-0.10423095365292745,2023-08-24 16:56:36,-1.0497681524040379,0.7198972200995631,-0.2067936485059295,-0.9568010705386893,2024-11-04 08:07:54,0.4687101546563931,-0.012551011899000302,-0.2259336741271706,-1.1759165516991759,True,False,False,False,False,True,-1.3798523197727885,0.7808342855964149,0.4129050217349737,0.5580547145893046,0.2849630832543645
TX000985,-0.6383739537587587,2023-08-18 17:07:18,1.1988558633191224,-1.0956897608725071,-0.2067936485059295,2.3680548799877665,2024-11-04 08:07:47,0.41236780296297215,-0.3766753559847668,-0.2259336741271706,-0.2554109805342242,True,False,False,False,False,False,0.3949500495407011,0.23568261093877343,-1.5496634070223647,0.3635177394230079,0.2849630832543645
TX000986,-0.6044225899524037,2023-12-25 17:31:16,1.3112870641052805,0.5483456943384226,-0.2067936485059295,2.01952099349249,2024-11-04 08:10:12,1.6253875087577125,-0.37358313891309347,-0.2259336741271706,-0.7156637661167,True,False,False,False,False,False,-1.3798523197727885,1.8711376349116977,-0.5683791926436955,-0.41463016124217866,-0.6552653735779002
TX000987,-0.2888564829692205,2023-12-25 18:29:05,0.35562185742293734,-0.36659577638766006,-0.2067936485059295,-0.0713797742513196,2024-11-04 08:11:27,1.6257568483469116,-0.3052785324646126,-0.2259336741271706,0.2048418050482517,True,True,False,False,True,False,0.8386506418690736,0.23568261093877343,-0.5683791926436955,0.7525916897556012,0.2849630832543645
TX000988,-0.37587612380488283,2023-08-10 16:39:44,0.8615622609606484,0.8628568249005136,-0.2067936485059295,-0.7588710316824109,2024-11-04 08:10:56,0.3369499429401744,-0.2206716753398654,-0.2259336741271706,0.2048418050482517,True,False,False,True,False,False,-0.4924511351160437,0.23568261093877343,-0.5683791926436955,-0.6091671364084753,-0.6552653735779002
TX000989,0.5970993879009477,2023-10-30 18:44:22,-0.6000433492594058,0.30531436617680696,-0.2067936485059295,2.491954735778895,2024-11-04 08:07:00,1.099364576600371,-0.32941231831058976,-0.2259336741271706,0.6650945906307275,False,False,True,False,False,False,1.282351234197446,0.23568261093877343,-0.07773708545436095,0.16898076425671127,-0.028446402356390392
TX000990,-0.7324853527255162,2023-10-12 16:37:49,0.6929154597814113,-1.038505918952127,-0.2067936485059295,-0.013589925738680762,2024-11-04 08:09:05,0.9292857633793862,-0.3593886844611968,-0.2259336741271706,-0.7156637661167,True,False,False,True,False,False,-0.9361517274444162,-0.8546207383765094,-1.0590212998330302,-1.387315037073662,-0.6552653735779002
TX000991,-0.2927620888964904,2023-08-14 17:28:37,1.5361494656775965,-0.20934021110661458,-0.2067936485059295,0.5411967223721814,2024-11-04 08:08:46,0.3748919138267265,-0.3342302098350109,-0.2259336741271706,0.6650945906307275,True,True,False,False,True,False,1.282351234197446,0.7808342855964149,-0.5683791926436955,0.3635177394230079,-0.028446402356390392
TX000992,-0.6798281921096057,2023-02-28 17:55:00,1.9296586684291497,1.1773679554626044,-0.2067936485059295,-0.642722128109824,2024-11-04 08:10:27,-1.1951079987737767,-0.31722578649082805,-0.2259336741271706,-0.7156637661167,True,False,True,False,True,False,-0.4924511351160437,1.8711376349116977,-0.5683791926436955,-0.9982410867410686,-0.3418558879671453
TX000993,1.8559721054231575,2023-05-02 16:03:23,0.8615622609606484,-0.4809634602284204,-0.2067936485059295,1.647280423499815,2024-11-04 08:09:21,-0.603493337279062,-0.2490158482107891,-0.2259336741271706,-0.2554109805342242,False,True,False,False,False,False,1.282351234197446,-0.30946906371886795,0.4129050217349737,0.16898076425671127,-1.28208434479941
TX000994,-0.9170766223406928,2023-07-31 16:26:33,1.7610118672499127,-1.0956897608725071,3.1124756489183207,-0.584452812820848,2024-11-04 08:08:39,0.24285714589850138,-0.37118540514263054,4.426077714458506,-0.7156637661167,False,False,True,False,True,False,0.8386506418690736,0.7808342855964149,-1.5496634070223647,-0.9982410867410686,1.2251915400866291
TX000995,-1.005021275106498,2023-04-17 16:46:31,-0.3751809476870898,-1.1671695632729824,-0.2067936485059295,0.6944389192777618,2024-11-04 08:07:54,-0.7442346820642844,-0.3908416736503262,-0.2259336741271706,-0.2554109805342242,True,False,True,True,False,False,-0.9361517274444162,-0.8546207383765094,1.394189236113643,-0.9982410867410686,-0.028446402356390392
TX000996,-0.8472553514654646,2023-09-18 16:13:38,0.7491310601744904,-0.7954745907905113,-0.2067936485059295,0.6385874498181225,2024-11-04 08:07:16,0.7034878182137557,-0.3789164564568893,-0.2259336741271706,1.1253473762132034,False,False,True,False,False,False,0.3949500495407011,0.7808342855964149,-1.0590212998330302,1.3362026152544912,-0.028446402356390392
TX000997,-0.5541293487135249,2023-08-03 17:25:57,0.6929154597814113,2.1351973076289723,-0.2067936485059295,-0.93173290651597,2024-11-04 08:08:16,0.271453976371951,-0.21174337527026812,-0.2259336741271706,0.6650945906307275,True,False,True,False,True,False,0.8386506418690736,1.3259859602540562,-1.0590212998330302,1.1416656400881946,0.12825834044898704
TX000998,0.24302537686292802,2023-04-03 16:09:09,1.3112870641052805,-1.2243534051933627,-0.2067936485059295,2.2004209878117016,2024-11-04 08:06:56,-0.876102626895797,-0.33904810577549666,-0.2259336741271706,-1.1759165516991759,True,True,False,False,False,False,-0.9361517274444162,1.3259859602540562,0.4129050217349737,-0.22009318607588202,-0.028446402356390392
TX000999,-0.9580512248759103,2023-06-05 17:22:19,1.0864246625329645,0.21953860329623667,-0.2067936485059295,1.8539203481273097,2024-11-04 08:09:36,-0.2833060569513791,-0.3890499868173732,-0.2259336741271706,1.1253473762132034,False,True,False,False,False,False,1.282351234197446,-0.30946906371886795,-0.07773708545436095,-1.387315037073662,-0.968674859188655
TX001000,-0.5817084081122289,2023-03-02 16:05:52,-0.7686901504386429,-1.038505918952127,-0.2067936485059295,0.9016762543805854,2024-11-04 08:07:02,-1.1769939268824008,-0.36281961759217524,-0.2259336741271706,0.2048418050482517,False,True,False,True,False,False,1.7260518265258185,0.7808342855964149,-0.5683791926436955,3.6706463172500507,-0.6552653735779002
TX001001,-0.9622309084121113,2023-02-22 17:39:54,0.018328255064463266,-1.0242099584720321,-0.2067936485059295,-0.7465536071181127,2024-11-04 08:09:36,-1.2516140177453814,-0.3769909842897128,-0.2259336741271706,0.2048418050482517,True,False,True,True,False,False,1.282351234197446,-0.30946906371886795,-0.07773708545436095,-0.41463016124217866,0.5983725688651194
TX001002,0.06689625342350293,2023-12-11 16:03:50,-0.03788734532861574,-0.5667392231089906,-0.2067936485059295,2.3833439729679724,2024-11-04 08:08:08,1.493199846862833,-0.3486736382473714,-0.2259336741271706,-0.7156637661167,True,True,False,False,False,False,0.3949500495407011,-0.30946906371886795,-0.5683791926436955,0.16898076425671127,1.6953057685027615
TX001003,0.6133727459312389,2023-07-25 17:17:49,1.9296586684291497,-0.06638060630566417,-0.2067936485059295,-0.056421436426982434,2024-11-04 08:09:09,0.1867756389296857,-0.20062095531754162,-0.2259336741271706,-0.7156637661167,True,False,False,False,True,False,-1.3798523197727885,2.416289309569339,-0.5683791926436955,-0.6091671364084753,1.3818962828920065
TX001004,-0.48310898829922255,2023-09-18 16:03:10,-1.162199353190196,0.5769376152986128,-0.2067936485059295,0.9915749929470765,2024-11-04 08:09:39,0.7034039169694208,-0.35766043230500366,-0.2259336741271706,0.2048418050482517,True,True,False,False,False,True,0.8386506418690736,0.7808342855964149,-0.5683791926436955,-0.803704111574772,-2.692427030047807
TX001005,-0.8307079158262421,2023-09-18 16:19:03,-0.6000433492594058,2.020829623788212,-0.2067936485059295,-0.3390401791464518,2024-11-04 08:11:19,0.7034967415626993,-0.36335658651870767,-0.2259336741271706,-0.2554109805342242,False,False,True,True,False,False,-0.04875054278767131,-0.30946906371886795,1.8848313433029775,-0.22009318607588202,0.5983725688651194
TX001006,-0.9656226188226352,2023-01-09 16:05:02,-0.9935525520109589,-1.1671695632729824,-0.2067936485059295,-1.1343473614169972,2024-11-04 08:10:02,-1.66593142083044,-0.3471658052825905,-0.2259336741271706,-0.7156637661167,True,True,False,False,False,True,-0.4924511351160437,-1.399772413034151,-0.5683791926436955,-0.6091671364084753,0.4416678260597419
TX001007,0.19214972070507044,2023-11-06 16:32:58,1.4237182648914386,0.3624982080971871,-0.2067936485059295,0.4263451994885068,2024-11-04 08:08:35,1.1643114307445817,-0.28939392320349216,-0.2259336741271706,-1.1759165516991759,True,False,True,False,True,False,-1.3798523197727885,0.23568261093877343,0.4129050217349737,-0.025556210909585365,-0.6552653735779002
TX001008,-0.0015203697059529221,2023-10-12 18:11:27,1.7610118672499127,0.8342649039403235,-0.2067936485059295,0.08591096832183524,2024-11-04 08:10:07,0.9298903746809745,-0.2847975830546951,-0.2259336741271706,-0.2554109805342242,True,False,True,False,True,False,-0.04875054278767131,0.23568261093877343,-1.0590212998330302,-0.9982410867410686,-0.6552653735779002
TX001009,1.1999673484462825,2023-12-04 16:31:42,-0.4876121484732478,0.019395156574906088,-0.2067936485059295,2.221871357067513,2024-11-04 08:09:34,1.4275572979650129,-0.2995493258787886,-0.2259336741271706,-0.2554109805342242,True,True,False,False,False,False,-0.4924511351160437,1.3259859602540562,-0.5683791926436955,-0.9982410867410686,0.9117820544758742
TX001010,-0.7624625912023684,2023-07-27 17:04:46,0.2431906566367793,0.8342649039403235,-0.2067936485059295,1.1625907924920649,2024-11-04 08:07:28,0.2055057483621508,-0.3766286421301002,-0.2259336741271706,0.6650945906307275,True,False,False,True,False,False,0.8386506418690736,1.8711376349116977,0.9035471289243083,-0.803704111574772,-2.0656080588262973
TX001011,-0.08110565539935577,2023-05-08 17:54:56,-0.9373369516178799,-1.2100574447132675,-0.2067936485059295,-1.0474305472402397,2024-11-04 08:09:46,-0.546354739924424,0.130488183666716,-0.2259336741271706,0.2048418050482517,True,False,True,False,False,True,0.3949500495407011,1.8711376349116977,1.8848313433029775,-0.9982410867410686,-0.6552653735779002
TX001012,-0.280223038287887,2023-05-18 16:03:58,0.35562185742293734,-0.7668826698303213,-0.2067936485059295,-0.37374895856504137,2024-11-04 08:08:31,-0.45304948283768165,-0.2759944206202565,-0.2259336741271706,0.6650945906307275,False,True,False,False,True,False,1.282351234197446,0.23568261093877343,0.9035471289243083,-0.41463016124217866,0.12825834044898704
TX001013,2.2822998261156693,2023-07-11 16:45:22,-0.20653414650785276,1.8349821375469764,-0.2067936485059295,0.40926643907576954,2024-11-04 08:10:12,0.054926629009345994,-0.10978984645455576,-0.2259336741271706,0.6650945906307275,True,False,False,True,False,False,2.169752418854191,-1.9449240876917921,-0.5683791926436955,-0.6091671364084753,-1.28208434479941
TX001014,0.4214156405760359,2023-04-17 16:10:19,-1.0497681524040379,-0.9241382351113667,-0.2067936485059295,-0.8552335977523563,2024-11-04 08:09:30,-0.744481488837503,0.07237967537580298,-0.2259336741271706,-0.7156637661167,True,True,False,False,False,True,-1.3798523197727885,-0.8546207383765094,-1.0590212998330302,-0.9982410867410686,-1.28208434479941
TX001015,1.3387533976688288,2023-06-30 16:31:49,-1.218414953583275,-1.395904930954503,-0.2067936485059295,0.01969840130509174,2024-11-04 08:11:05,-0.04859140094326407,-0.13144373537238485,-0.2259336741271706,0.6650945906307275,False,True,False,False,False,True,0.3949500495407011,0.23568261093877343,3.847399772060316,0.5580547145893046,0.5983725688651194
TX001016,-0.0425292319422866,2023-03-08 16:39:14,0.5804842589952534,0.4339780104976623,-0.2067936485059295,2.4957058582055325,2024-11-04 08:09:38,-1.1203800659741736,-0.35417539245480295,-0.2259336741271706,-0.2554109805342242,False,True,False,False,False,False,-0.4924511351160437,1.3259859602540562,-0.5683791926436955,0.16898076425671127,-0.968674859188655
TX001017,-0.28793147103907757,2023-03-30 16:00:25,1.0302090621398854,-1.4959766543151685,-0.2067936485059295,0.03181070639288198,2024-11-04 08:07:06,-0.9137693886423712,-0.31183157177622556,-0.2259336741271706,-0.2554109805342242,True,False,False,False,False,False,-0.9361517274444162,-0.8546207383765094,-0.07773708545436095,-1.970925962572552,0.2849630832543645
TX001018,0.5670536300218628,2023-09-26 16:50:05,0.35562185742293734,0.5626416548185177,-0.2067936485059295,1.3139228142726656,2024-11-04 08:07:18,0.7789428951309277,-0.3030543747403156,-0.2259336741271706,-0.2554109805342242,False,True,False,False,False,False,0.3949500495407011,0.23568261093877343,2.866115557681647,-0.22009318607588202,-0.6552653735779002
TX001019,-0.5055490925304662,2023-07-10 16:17:21,1.5923650660706756,0.8056729829801335,-0.2067936485059295,0.6094912520754799,2024-11-04 08:11:30,0.045333049503096266,-0.3525666450675329,-0.2259336741271706,-0.2554109805342242,True,False,False,False,True,False,-0.9361517274444162,-1.9449240876917921,-1.0590212998330302,0.16898076425671127,-0.8119701163832775
TX001020,0.4488576611702743,2023-10-09 16:00:26,0.35562185742293734,0.1623547613758565,-0.2067936485059295,-0.7686706146725747,2024-11-04 08:07:48,0.9008435680138482,0.005782062019885604,-0.2259336741271706,-1.1759165516991759,True,True,False,False,True,False,-0.4924511351160437,0.23568261093877343,0.4129050217349737,-0.41463016124217866,0.12825834044898704
TX001021,0.04099591937950265,2023-06-05 17:29:48,0.7491310601744904,0.39109012905737717,-0.2067936485059295,-1.062073513869446,2024-11-04 08:09:17,-0.28325512856960383,0.2331072899214141,-0.2259336741271706,-0.7156637661167,True,False,True,False,False,False,0.8386506418690736,-1.399772413034151,0.4129050217349737,0.16898076425671127,1.3818962828920065
TX001022,0.2723174213174522,2023-02-15 17:33:23,-1.0497681524040379,-0.695402867429846,-0.2067936485059295,0.3375643620689837,2024-11-04 08:10:33,-1.3174779092255324,-0.2767276445271322,-0.2259336741271706,0.2048418050482517,False,True,False,False,False,True,-0.04875054278767131,-0.8546207383765094,-0.5683791926436955,-0.41463016124217866,0.2849630832543645
TX001023,-0.7548911972556435,2023-12-22 17:49:57,1.3112870641052805,0.5340497338583277,-0.2067936485059295,2.298278362066698,2024-11-04 08:07:50,1.597318461727874,-0.38112676583128036,-0.2259336741271706,-1.1759165516991759,True,True,False,False,False,False,-0.4924511351160437,2.416289309569339,-0.07773708545436095,0.16898076425671127,-0.6552653735779002
TX001024,-0.5162038595776675,2023-09-08 16:28:54,1.0864246625329645,2.1780851890692574,-0.2067936485059295,-0.2881167051099143,2024-11-04 08:07:41,0.6095631501247383,-0.31959455709879486,-0.2259336741271706,-0.2554109805342242,True,False,False,False,True,False,-0.4924511351160437,-0.8546207383765094,1.8848313433029775,-0.025556210909585365,-2.692427030047807
TX001025,-0.5858195722461973,2023-05-26 16:00:45,-1.274630553976354,0.37679416857728215,-0.2067936485059295,-1.0647375030705921,2024-11-04 08:08:35,-0.37785361832518627,-0.13353722293352743,-0.2259336741271706,-0.7156637661167,True,True,False,False,False,True,-1.823552912101161,-1.399772413034151,-0.5683791926436955,-1.387315037073662,-0.028446402356390392
TX001026,-0.67235957726623,2023-03-03 17:49:53,-1.162199353190196,-1.052801879432222,-0.2067936485059295,-1.1309885299891806,2024-11-04 08:10:15,-1.166933612697873,-0.1092080424913962,-0.2259336741271706,-1.1759165516991759,True,False,False,False,False,True,-1.823552912101161,1.3259859602540562,0.4129050217349737,1.1416656400881946,0.2849630832543645
TX001027,-0.38584569682975595,2023-06-26 16:46:41,0.7491310601744904,2.120901347148877,-0.2067936485059295,-1.0147345026848835,2024-11-04 08:11:06,-0.08610309229661241,-0.07800596239026862,-0.2259336741271706,-1.1759165516991759,True,True,False,False,False,False,0.3949500495407011,-0.30946906371886795,-0.07773708545436095,-0.9982410867410686,0.4416678260597419
TX001028,0.5260790274866454,2023-02-27 16:47:50,0.07454385545754227,0.7913770225000384,-0.2067936485059295,-0.9635059134270405,2024-11-04 08:10:45,-1.2049506703011452,0.2610228222558364,-0.2259336741271706,-0.2554109805342242,True,False,False,True,False,False,0.3949500495407011,-0.30946906371886795,-0.07773708545436095,0.16898076425671127,0.12825834044898704
TX001029,0.7498633951789866,2023-12-21 17:00:50,-1.105983752797117,-0.36659577638766006,-0.2067936485059295,-0.9766874037861283,2024-11-04 08:09:51,1.5875824351025134,0.3849797038705865,-0.2259336741271706,-0.2554109805342242,False,False,False,False,False,True,0.3949500495407011,-0.30946906371886795,-0.5683791926436955,3.6706463172500507,1.3818962828920065
TX001030,1.9954433486680314,2023-10-30 18:58:42,-1.105983752797117,-1.295833207593838,-0.2067936485059295,-1.2441349972243834,2024-11-04 08:07:37,1.0994541365537922,6.182727509242244,-0.2259336741271706,-0.2554109805342242,True,False,False,False,False,True,0.8386506418690736,-0.30946906371886795,0.4129050217349737,-0.6091671364084753,-0.968674859188655
TX001031,0.1921839804061868,2023-08-22 16:49:26,0.8053466605675694,0.6198254967388979,-0.2067936485059295,1.124692405213778,2024-11-04 08:08:51,0.44985283309081847,-0.31877685427500463,-0.2259336741271706,-0.7156637661167,True,False,True,True,False,False,-0.9361517274444162,-0.30946906371886795,1.8848313433029775,1.1416656400881946,-0.028446402356390392
TX001032,-0.7910694416345645,2023-11-01 16:03:17,-1.105983752797117,0.2910184056967119,-0.2067936485059295,-1.0009761137981175,2024-11-04 08:07:16,1.1171154028969483,-0.283744647207795,-0.2259336741271706,-0.2554109805342242,False,True,False,False,False,True,0.3949500495407011,-0.8546207383765094,-1.0590212998330302,-0.41463016124217866,-0.028446402356390392
TX001033,-0.691510750190299,2023-07-12 16:54:53,-0.7686901504386429,0.7056012596194681,-0.2067936485059295,-1.224738386727107,2024-11-04 08:07:32,0.06440834018981588,0.16361598697697843,-0.2259336741271706,-0.2554109805342242,True,True,False,True,False,False,-0.04875054278767131,-1.9449240876917921,-0.07773708545436095,0.5580547145893046,1.5386010256973839
TX001034,-0.8691130407777294,2023-08-17 18:31:23,-0.9935525520109589,-0.4809634602284204,-0.2067936485059295,-0.848072364028775,2024-11-04 08:12:22,0.40348471791101864,-0.34418452609495925,-0.2259336741271706,-0.2554109805342242,True,False,True,False,False,True,1.282351234197446,1.3259859602540562,0.9035471289243083,-0.41463016124217866,-2.8491317728531844
TX001035,-0.6836995383357591,2023-12-18 18:41:26,0.5242686586021743,0.648417417699088,-0.2067936485059295,0.31002450835434453,2024-11-04 08:08:36,1.5600409538736288,-0.3614546694355343,-0.2259336741271706,1.5856001617956792,True,True,False,True,False,False,0.8386506418690736,2.416289309569339,1.8848313433029775,-0.9982410867410686,-2.0656080588262973
TX001036,1.0965373107758631,2023-02-16 17:05:58,-0.15031854611477377,0.11946687993557138,-0.2067936485059295,0.5234769635953569,2024-11-04 08:08:03,-1.3082384343224809,-0.2223567380073358,-0.2259336741271706,-1.1759165516991759,True,False,False,True,False,False,-1.823552912101161,-0.8546207383765094,-0.5683791926436955,0.16898076425671127,0.2849630832543645
TX001037,2.0246668737203235,2023-06-13 16:24:43,0.9739934617468065,-0.2522280925468997,-0.2067936485059295,0.7132611952408163,2024-11-04 08:10:57,-0.20847365567633963,-0.1708529852846347,-0.2259336741271706,0.2048418050482517,True,False,True,False,True,False,0.3949500495407011,-0.8546207383765094,0.9035471289243083,-0.803704111574772,-0.028446402356390392
TX001038,-0.6513241207807587,2023-12-04 18:01:53,-1.274630553976354,0.13376284041566644,-0.2067936485059295,-1.159712948680653,2024-11-04 08:08:11,1.4281551623442292,-0.035362792881117586,-0.2259336741271706,0.6650945906307275,True,True,False,False,False,True,1.282351234197446,0.7808342855964149,-0.07773708545436095,-1.387315037073662,0.9117820544758742
TX001039,-0.8942596613971688,2023-08-07 16:49:34,0.9739934617468065,-0.7239947883900362,-0.2067936485059295,-0.6490064760713341,2024-11-04 08:07:02,0.3088331233470894,-0.36410309262548207,-0.2259336741271706,-0.7156637661167,True,False,False,False,True,False,0.3949500495407011,0.23568261093877343,0.4129050217349737,-0.6091671364084753,0.9117820544758742
TX001040,0.9525095272825072,2023-06-12 18:30:51,-0.09410294572169475,0.13376284041566644,-0.2067936485059295,-1.25120136319008,2024-11-04 08:11:33,-0.2170561762187562,4.4119093065019825,-0.2259336741271706,0.6650945906307275,True,False,True,False,False,False,0.8386506418690736,0.7808342855964149,-0.5683791926436955,-0.6091671364084753,1.3818962828920065
TX001041,-0.728716785602712,2023-05-22 17:27:11,-0.4313965480801688,-0.7096988279099411,-0.2067936485059295,-0.09709662861849505,2024-11-04 08:12:16,-0.4149219715859013,-0.3566965159283247,-0.2259336741271706,-1.1759165516991759,True,False,False,True,False,False,-0.4924511351160437,0.23568261093877343,0.4129050217349737,0.16898076425671127,-0.028446402356390392
TX001042,1.831887535538326,2023-07-12 16:55:44,1.3675026644983594,-0.4809634602284204,-0.2067936485059295,0.3854238639251849,2024-11-04 08:06:47,0.06441878703735952,-0.14485095926697442,-0.2259336741271706,-0.2554109805342242,False,True,False,False,True,False,0.3949500495407011,-0.30946906371886795,-1.0590212998330302,-0.41463016124217866,-0.028446402356390392
TX001043,-0.4006458877120418,2023-12-04 17:54:09,-1.274630553976354,-1.1671695632729824,6.431744946342571,-1.1020795037688513,2024-11-04 08:09:50,1.428093895936239,0.042489769853788696,4.426077714458506,-0.7156637661167,True,True,False,False,False,True,-0.4924511351160437,-1.399772413034151,-0.07773708545436095,-0.9982410867410686,1.3818962828920065
TX001044,-0.9929618603135244,2023-03-27 17:16:08,0.41183745781601633,-0.5095553811886104,-0.2067936485059295,0.5842846324061177,2024-11-04 08:12:15,-0.9415151275049998,-0.38984455187528133,-0.2259336741271706,-0.2554109805342242,False,False,True,False,True,False,-0.9361517274444162,0.7808342855964149,-1.0590212998330302,0.9471286649218978,-0.6552653735779002
TX001045,-0.6450888551775735,2023-08-02 16:52:15,0.6366998593883324,-1.3244251285540278,-0.2067936485059295,2.152679429654493,2024-11-04 08:06:29,0.26184342073844286,-0.37601342456754955,-0.2259336741271706,0.2048418050482517,True,True,False,False,False,False,-0.4924511351160437,-0.30946906371886795,-0.07773708545436095,-0.803704111574772,1.6953057685027615
TX001046,-0.2313001850936643,2023-05-01 16:23:40,1.9296586684291497,0.062283038015191215,-0.2067936485059295,-0.1661988162605432,2024-11-04 08:11:47,-0.6127789524254315,-0.2907184788793092,-0.2259336741271706,-0.2554109805342242,True,False,True,False,True,False,-1.3798523197727885,0.23568261093877343,-0.07773708545436095,-1.970925962572552,-0.028446402356390392
TX001047,0.2203797144249861,2023-02-20 16:08:48,0.5242686586021743,-0.12356444822604433,-0.2067936485059295,0.6051042592716677,2024-11-04 08:10:23,-1.2710182753083972,-0.2967892426959412,-0.2259336741271706,-0.2554109805342242,True,False,False,False,True,False,-0.9361517274444162,0.23568261093877343,-0.07773708545436095,0.16898076425671127,0.5983725688651194
TX001048,-0.7753099791210193,2023-02-02 17:02:05,1.3112870641052805,-0.9241382351113667,1.4528410002061958,0.5413428699991932,2024-11-04 08:07:50,-1.439892654064663,-0.37252573178329657,4.426077714458506,-1.1759165516991759,True,False,False,False,True,False,-1.3798523197727885,-0.30946906371886795,0.4129050217349737,-1.387315037073662,0.12825834044898704
TX001049,-0.6000373482095043,2023-01-16 16:50:13,0.07454385545754227,-0.3094119344672799,-0.2067936485059295,0.5489989544598498,2024-11-04 08:07:54,-1.5998073375536552,-0.3587545401743981,-0.2259336741271706,-0.2554109805342242,True,True,False,False,False,False,0.3949500495407011,-1.9449240876917921,-1.0590212998330302,1.3362026152544912,-0.18515114516176784
TX001050,1.1817411874523562,2023-08-14 16:36:43,1.1426402629260435,0.11946687993557138,-0.2067936485059295,1.6162407187172605,2024-11-04 08:12:10,0.37453084465849934,-0.28136009526227534,-0.2259336741271706,-0.7156637661167,True,False,False,False,False,False,-0.4924511351160437,1.3259859602540562,0.4129050217349737,-0.025556210909585365,0.2849630832543645
TX001051,-0.8041909071621467,2023-05-08 16:24:00,-1.105983752797117,-1.2672412866336478,-0.2067936485059295,-1.0445383626214784,2024-11-04 08:10:33,-0.5469535836955975,-0.27332413109366693,-0.2259336741271706,-0.2554109805342242,True,True,False,False,False,True,-0.9361517274444162,0.23568261093877343,3.847399772060316,-0.41463016124217866,0.5983725688651194
TX001052,-0.41928316511936475,2023-12-21 18:44:40,1.3675026644983594,-0.7239947883900362,-0.2067936485059295,0.23710197046233703,2024-11-04 08:08:37,1.5882684447578794,-0.3349169269736491,-0.2259336741271706,-1.1759165516991759,False,False,False,False,False,False,0.8386506418690736,0.23568261093877343,-0.5683791926436955,-0.41463016124217866,0.2849630832543645
TX001053,-0.443984409624291,2023-08-24 16:01:40,-0.7124745500455638,-1.5531604962355485,-0.2067936485059295,-0.41427031114917295,2024-11-04 08:12:20,0.4683225330839926,-0.2975939898278589,-0.2259336741271706,-0.2554109805342242,False,True,False,True,False,False,-0.9361517274444162,0.7808342855964149,-0.5683791926436955,-0.41463016124217866,1.2251915400866291
TX001054,-0.9802857709004555,2023-10-09 16:50:41,1.2550714637122016,-0.666810946469656,-0.2067936485059295,0.38830322857666416,2024-11-04 08:07:19,0.9011748201380445,-0.3885104118457359,-0.2259336741271706,-0.7156637661167,True,False,True,False,True,False,-1.3798523197727885,1.3259859602540562,-1.5496634070223647,-0.803704111574772,0.12825834044898704
TX001055,0.289413012174537,2023-06-05 17:48:07,0.9739934617468065,0.39109012905737717,-0.2067936485059295,1.2927108964082945,2024-11-04 08:08:17,-0.2831290046497801,-0.3180055968177452,-0.2259336741271706,-1.1759165516991759,False,True,False,False,False,False,-0.9361517274444162,-1.9449240876917921,-0.07773708545436095,0.9471286649218978,0.9117820544758742
TX001056,-0.9733653112749421,2023-09-20 17:49:53,-1.49949295554867,-1.4244968519146932,3.1124756489183207,-1.1774942433004296,2024-11-04 08:10:20,0.7229005638404007,-0.34125826561896777,4.426077714458506,0.2048418050482517,True,False,True,False,False,True,0.3949500495407011,-0.8546207383765094,0.4129050217349737,0.16898076425671127,-0.6552653735779002
TX001057,-0.7957630206875117,2023-11-02 16:15:50,-0.9373369516178799,-0.9384341955914618,-0.2067936485059295,1.0386011969299642,2024-11-04 08:11:09,1.1265741527770878,-0.37790596428789525,-0.2259336741271706,-0.2554109805342242,True,False,False,False,False,True,-0.9361517274444162,-0.30946906371886795,-0.07773708545436095,0.16898076425671127,0.2849630832543645
TX001058,-0.7349520512058972,2023-01-06 16:13:53,-0.9935525520109589,2.449708438191063,4.772110297630446,0.4077921428383692,2024-11-04 08:10:42,-1.694084477925942,-0.36756912007781584,4.426077714458506,-1.1759165516991759,True,True,False,True,False,False,-1.3798523197727885,-0.30946906371886795,-0.5683791926436955,3.6706463172500507,0.7550773116704967
TX001059,1.4817533901286928,2023-07-25 18:04:46,1.8172274676429916,-0.38089173686775507,-0.2067936485059295,0.32556230869981656,2024-11-04 08:06:48,0.18709753241962418,-0.16726310326216104,-0.2259336741271706,-0.7156637661167,False,True,False,False,True,False,-0.04875054278767131,1.3259859602540562,0.9035471289243083,-0.41463016124217866,0.12825834044898704
TX001060,-0.7272778781558231,2023-12-11 16:06:04,0.9739934617468065,-1.3244251285540278,-0.2067936485059295,0.25161673741872576,2024-11-04 08:08:13,1.4932138848142198,-0.3644157848627882,-0.2259336741271706,-0.2554109805342242,True,False,False,False,True,False,-0.9361517274444162,0.23568261093877343,0.9035471289243083,0.7525916897556012,0.2849630832543645
TX001061,1.4697967544390684,2023-11-03 16:31:22,-1.49949295554867,2.249564991469733,-0.2067936485059295,-1.052658529897734,2024-11-04 08:10:14,1.136083722217674,1.0217979142319467,-0.2259336741271706,0.2048418050482517,True,False,False,False,False,True,-0.9361517274444162,0.23568261093877343,-1.0590212998330302,-0.6091671364084753,-0.6552653735779002
TX001062,-0.5728008858219643,2023-04-03 16:31:32,0.018328255064463266,-0.8097705512706064,-0.2067936485059295,-0.18795686473111667,2024-11-04 08:09:41,-0.8759744353707302,-0.3334466445906569,-0.2259336741271706,-1.1759165516991759,True,True,False,True,False,False,-0.4924511351160437,-0.8546207383765094,0.4129050217349737,-1.1927780619073654,-0.028446402356390392
TX001063,-0.7862388237771518,2023-01-02 16:00:06,-1.387061754762512,-1.038505918952127,-0.2067936485059295,-0.956754918656475,2024-11-04 08:10:15,-1.7317801861459186,-0.2952235886563599,-0.2259336741271706,0.6650945906307275,True,False,False,False,False,True,2.169752418854191,0.23568261093877343,-1.5496634070223647,-0.803704111574772,-0.6552653735779002
TX001064,-0.7959685788942101,2023-12-08 17:05:35,-1.0497681524040379,-0.681106906949751,-0.2067936485059295,0.581084768572595,2024-11-04 08:10:54,1.4653784771768417,-0.37453755993338544,-0.2259336741271706,-1.1759165516991759,True,True,False,False,False,True,-1.823552912101161,0.23568261093877343,1.394189236113643,3.6706463172500507,-0.968674859188655
TX001065,-0.3630629955873483,2023-07-28 17:19:48,1.0302090621398854,-0.9813220770317469,-0.2067936485059295,-0.8032050425361327,2024-11-04 08:07:04,0.2150086797016937,-0.20203225652176085,-0.2259336741271706,-0.2554109805342242,True,True,False,False,False,False,0.3949500495407011,2.416289309569339,-0.07773708545436095,-0.803704111574772,0.12825834044898704
TX001066,-0.2902268710138766,2023-05-19 18:44:23,-0.31896534729401077,0.03369111705500113,-0.2067936485059295,0.4929064696153138,2024-11-04 08:11:36,-0.4426200467066119,-0.33248013497314893,-0.2259336741271706,0.2048418050482517,True,False,True,False,False,False,0.3949500495407011,2.416289309569339,-0.07773708545436095,0.5580547145893046,0.12825834044898704
TX001067,-0.7167601499130876,2023-01-17 16:10:33,-0.8249057508317219,0.2624264847365218,-0.2067936485059295,-0.360621312068537,2024-11-04 08:08:14,-1.5906663459529682,-0.3450904489460226,-0.2259336741271706,-0.2554109805342242,True,False,False,True,False,False,0.3949500495407011,-0.30946906371886795,0.4129050217349737,3.6706463172500507,-0.6552653735779002
TX001068,-0.8524628260351578,2023-06-15 17:49:07,-0.15031854611477377,-0.9813220770317469,-0.2067936485059295,-0.7882082448099503,2024-11-04 08:08:21,-0.1891012827625977,-0.34496551045590956,-0.2259336741271706,-0.7156637661167,False,False,True,True,False,False,0.3949500495407011,0.23568261093877343,-0.5683791926436955,1.3362026152544912,-0.028446402356390392
TX001069,-0.02909942910465677,2023-07-11 16:08:55,-0.9935525520109589,1.2345517973829847,-0.2067936485059295,-1.2427094168626538,2024-11-04 08:09:54,0.05469059554765682,1.7231923704562517,-0.2259336741271706,-0.2554109805342242,True,False,False,False,False,True,0.8386506418690736,-1.399772413034151,0.4129050217349737,0.5580547145893046,-1.28208434479941
TX001070,0.3168892924698918,2023-10-09 16:52:40,-1.0497681524040379,-1.009913997991937,-0.2067936485059295,-0.6402478744244476,2024-11-04 08:10:14,0.9011687261436441,-0.09919985816244692,-0.2259336741271706,-0.7156637661167,True,False,True,True,False,False,-0.4924511351160437,1.3259859602540562,0.4129050217349737,0.16898076425671127,-2.0656080588262973
TX001071,-0.8541072916887451,2023-09-25 17:58:54,-0.4313965480801688,1.7492063746664062,-0.2067936485059295,0.9663940132122777,2024-11-04 08:07:56,0.7699859203968688,-0.3812280161124467,-0.2259336741271706,-0.2554109805342242,True,False,True,True,False,False,-0.4924511351160437,1.3259859602540562,-1.0590212998330302,0.7525916897556012,-0.028446402356390392
TX001072,0.12414421398901142,2023-07-31 17:46:50,1.0302090621398854,0.21953860329623667,-0.2067936485059295,-0.8855117964783757,2024-11-04 08:11:07,0.24336523268163957,0.002785844863834137,-0.2259336741271706,-0.2554109805342242,True,False,False,False,True,False,-0.04875054278767131,-0.30946906371886795,1.394189236113643,-0.025556210909585365,0.12825834044898704
TX001073,2.66093804285415,2023-01-05 16:43:14,1.2550714637122016,-0.5810351835890857,-0.2067936485059295,-0.7955310101212816,2024-11-04 08:11:13,-1.7032983798167776,0.6567650467343777,-0.2259336741271706,0.6650945906307275,True,True,False,False,True,False,-0.4924511351160437,-0.8546207383765094,-0.5683791926436955,-0.6091671364084753,-2.692427030047807
TX001074,-0.676025365285685,2023-07-10 17:25:41,1.9296586684291497,-0.9813220770317469,-0.2067936485059295,-0.20624839404870687,2024-11-04 08:10:38,0.0457848756593588,-0.3462103478239371,-0.2259336741271706,1.1253473762132034,True,False,True,False,True,False,1.282351234197446,-1.9449240876917921,0.4129050217349737,-0.9982410867410686,0.7550773116704967
TX001075,-0.866954679607396,2023-10-16 16:23:58,-0.7686901504386429,0.6341214572189929,-0.2067936485059295,-1.2183848109422757,2024-11-04 08:07:59,0.9668111662201355,-0.15111514828385364,-0.2259336741271706,-0.2554109805342242,True,False,False,True,False,False,0.3949500495407011,1.8711376349116977,-0.5683791926436955,-0.025556210909585365,-0.028446402356390392
TX001076,2.94149073529637,2023-09-21 16:11:47,0.41183745781601633,-1.1385776423127922,-0.2067936485059295,-1.0967771653011227,2024-11-04 08:11:37,0.7316538250473587,2.319642826966667,-0.2259336741271706,0.2048418050482517,False,False,True,False,False,False,-0.04875054278767131,-0.30946906371886795,-0.5683791926436955,0.16898076425671127,-0.6552653735779002
TX001077,-0.7380354243063735,2023-12-18 18:25:05,-0.9373369516178799,-1.4102008914345983,-0.2067936485059295,-0.8207966016401397,2024-11-04 08:09:37,1.559927562049249,-0.3075664690093018,-0.2259336741271706,0.6650945906307275,True,True,False,False,False,True,1.282351234197446,0.7808342855964149,-0.5683791926436955,0.3635177394230079,1.6953057685027615
TX001078,2.562133064834445,2023-10-30 16:45:47,-1.443277355155591,0.4339780104976623,-0.2067936485059295,-1.1668331585089327,2024-11-04 08:11:59,1.098557775270282,3.2467870269147396,-0.2259336741271706,-0.2554109805342242,True,False,True,False,False,True,0.3949500495407011,0.23568261093877343,0.9035471289243083,-0.22009318607588202,-1.28208434479941
TX001079,0.5133001589702274,2023-12-18 16:32:56,-0.7124745500455638,-0.7811786303104162,-0.2067936485059295,0.26124966083422724,2024-11-04 08:08:15,1.5592042266781803,-0.24861124965861395,-0.2259336741271706,0.2048418050482517,True,False,True,True,False,False,0.8386506418690736,-0.8546207383765094,-0.07773708545436095,-0.803704111574772,1.3818962828920065
TX001080,1.0026657297169204,2023-06-19 16:20:40,-1.105983752797117,-1.0242099584720321,-0.2067936485059295,-1.037397640845548,2024-11-04 08:08:42,-0.15207243164415707,0.6925879349939491,-0.2259336741271706,-0.2554109805342242,False,True,False,False,False,True,0.3949500495407011,-0.8546207383765094,-0.5683791926436955,-0.803704111574772,-0.028446402356390392
TX001081,-0.35926016876342765,2023-10-16 16:51:25,1.4799338652845175,0.5340497338583277,-0.2067936485059295,-0.7888261672329303,2024-11-04 08:11:39,0.9669664542560187,-0.20618550156842877,-0.2259336741271706,-0.2554109805342242,True,True,False,False,True,False,-0.4924511351160437,0.7808342855964149,0.9035471289243083,-1.387315037073662,-0.6552653735779002
TX001082,-0.5193214923792601,2023-04-25 16:28:35,-1.0497681524040379,2.1351973076289723,-0.2067936485059295,-1.2544371229319917,2024-11-04 08:09:53,-0.6691474212377115,0.8956382062771513,-0.2259336741271706,0.2048418050482517,True,False,True,False,False,True,0.3949500495407011,0.23568261093877343,0.9035471289243083,-0.6091671364084753,-0.3418558879671453
TX001083,-0.5534441546911969,2023-01-23 16:19:25,-1.162199353190196,-0.8097705512706064,3.1124756489183207,-1.0222034156232267,2024-11-04 08:12:00,-1.5342200698907535,-0.15506533533418856,4.426077714458506,0.6650945906307275,True,False,True,False,False,True,0.3949500495407011,0.7808342855964149,-0.5683791926436955,1.1416656400881946,0.2849630832543645
TX001084,-0.979908914188175,2023-12-20 16:17:16,0.6366998593883324,-0.7954745907905113,-0.2067936485059295,-0.7827084788460827,2024-11-04 08:10:56,1.5778887399739705,-0.38088611985480253,-0.2259336741271706,0.2048418050482517,False,True,False,False,True,False,0.3949500495407011,-0.8546207383765094,-0.07773708545436095,-0.6091671364084753,-0.18515114516176784
TX001085,-0.6689336071545897,2023-05-18 16:19:38,0.35562185742293734,-0.5953311440691808,-0.2067936485059295,1.0799481554070403,2024-11-04 08:09:36,-0.4529542641751745,-0.3703504934999201,-0.2259336741271706,-0.2554109805342242,True,False,True,False,False,False,0.8386506418690736,0.7808342855964149,0.4129050217349737,-0.9982410867410686,-0.028446402356390392
TX001086,-0.992756302106826,2023-01-09 17:56:30,-0.4876121484732478,2.1923811495493526,-0.2067936485059295,-0.7368437638989209,2024-11-04 08:09:35,-1.665200685609028,-0.3850523547607861,-0.2259336741271706,-0.2554109805342242,True,False,False,True,False,False,-0.4924511351160437,-0.30946906371886795,-0.5683791926436955,-0.41463016124217866,0.2849630832543645
TX001087,-0.7474225824122678,2023-07-24 17:30:24,1.6485806664637546,-0.681106906949751,-0.2067936485059295,0.3756422288892153,2024-11-04 08:07:37,0.17746564780571444,-0.3681921117876518,-0.2259336741271706,0.6650945906307275,True,False,False,False,True,False,0.8386506418690736,-0.8546207383765094,1.8848313433029775,0.7525916897556012,-1.5954938304101647
TX001088,0.3062002657215744,2023-01-31 16:51:55,0.7491310601744904,0.24813052425642676,-0.2067936485059295,-0.830209021618395,2024-11-04 08:06:24,-1.4587540020193952,0.013049234481235416,-0.2259336741271706,-0.7156637661167,True,True,False,False,True,False,-0.9361517274444162,-1.399772413034151,-0.07773708545436095,-0.803704111574772,-0.028446402356390392
TX001089,-0.8440691992616391,2023-06-29 16:11:08,-1.218414953583275,-0.5381473021488006,-0.2067936485059295,-0.8845041470500308,2024-11-04 08:10:07,-0.05812229936425194,-0.3314910877556916,-0.2259336741271706,0.6650945906307275,True,True,False,False,False,True,2.613453011182563,0.23568261093877343,1.8848313433029775,-0.025556210909585365,0.12825834044898704
TX001090,-0.142327741294367,2023-06-07 16:26:52,0.5242686586021743,-1.2100574447132675,-0.2067936485059295,0.46046169641867996,2024-11-04 08:11:46,-0.2648779267057224,-0.31912035877434475,-0.2259336741271706,0.2048418050482517,True,False,False,False,True,False,-0.04875054278767131,0.23568261093877343,-0.5683791926436955,0.7525916897556012,-0.6552653735779002
TX001091,-0.9928590812101751,2023-06-16 17:33:15,-0.6000433492594058,2.5497801615517286,-0.2067936485059295,-0.9728952574641888,2024-11-04 08:09:15,-0.17980859422987058,-0.38031968561204466,-0.2259336741271706,-0.2554109805342242,True,True,False,False,False,False,-0.04875054278767131,1.8711376349116977,-1.0590212998330302,-0.025556210909585365,1.5386010256973839
TX001092,-0.2188639135884102,2023-10-03 17:06:56,1.0302090621398854,-1.5531604962355485,-0.2067936485059295,0.2515782775168806,2024-11-04 08:08:48,0.8448582590994969,-0.3165930032849818,-0.2259336741271706,0.6650945906307275,True,True,False,False,False,False,0.8386506418690736,-0.30946906371886795,1.394189236113643,-0.41463016124217866,-1.28208434479941
TX001093,-0.41530903978986206,2023-01-16 16:38:57,0.5804842589952534,0.0908749589753813,-0.2067936485059295,-0.690597013926763,2024-11-04 08:07:09,-1.599876003811989,-0.24883555990585216,-0.2259336741271706,-0.2554109805342242,True,True,False,False,True,False,-0.04875054278767131,1.3259859602540562,-1.0590212998330302,0.16898076425671127,0.2849630832543645
TX001094,-0.5994206735894091,2023-04-20 18:39:10,-1.330846154369433,0.47686589193794743,-0.2067936485059295,-1.2192411847566957,2024-11-04 08:10:10,-0.7153074700372671,0.2772031610295497,-0.2259336741271706,0.2048418050482517,True,True,False,False,False,True,0.3949500495407011,0.7808342855964149,-0.5683791926436955,-0.22009318607588202,-0.6552653735779002
TX001095,-0.7235093110330189,2023-03-27 17:54:30,1.7047962668568335,0.07657899849528625,-0.2067936485059295,-0.5091047371191347,2024-11-04 08:11:25,-0.9412591797401806,-0.33766442628662935,-0.2259336741271706,-0.2554109805342242,True,False,False,False,True,False,-0.04875054278767131,-0.8546207383765094,-0.5683791926436955,-0.22009318607588202,0.12825834044898704
TX001096,-0.9456492130717726,2023-10-26 16:11:13,0.5242686586021743,-0.695402867429846,-0.2067936485059295,0.6341209732171634,2024-11-04 08:09:29,1.0607397518769819,-0.38632204850764124,-0.2259336741271706,-0.2554109805342242,True,False,False,False,True,False,-0.04875054278767131,-0.30946906371886795,-1.0590212998330302,0.16898076425671127,-0.3418558879671453
TX001097,-0.7363224392505533,2023-08-25 16:40:17,-1.0497681524040379,-1.052801879432222,-0.2067936485059295,-1.2367968479523141,2024-11-04 08:07:11,0.4780104606821208,0.16508783436423294,-0.2259336741271706,0.2048418050482517,True,True,False,False,False,True,-0.9361517274444162,-0.30946906371886795,-1.5496634070223647,1.3362026152544912,-0.6552653735779002
TX001098,0.5267642215089736,2023-09-05 18:45:04,0.1307594558506213,1.4775831255446004,-0.2067936485059295,0.6650119663792502,2024-11-04 08:07:07,0.5822494319365707,-0.276881167283314,-0.2259336741271706,0.6650945906307275,False,True,False,True,False,False,-0.04875054278767131,-0.30946906371886795,-0.07773708545436095,1.3362026152544912,-1.28208434479941
TX001099,0.006256582447470575,2023-12-04 17:25:18,1.0302090621398854,-0.9527301560715568,-0.2067936485059295,-0.09714790848762198,2024-11-04 08:09:38,1.4279068320724106,-0.267710581096419,-0.2259336741271706,-0.7156637661167,False,True,False,False,True,False,-0.4924511351160437,-0.30946906371886795,1.8848313433029775,1.1416656400881946,-0.028446402356390392
TX001100,0.8423645881932733,2023-08-14 17:18:07,-1.49949295554867,0.03369111705500113,-0.2067936485059295,0.26940572401887164,2024-11-04 08:11:42,0.3748042038358913,-0.21874727792722548,-0.2259336741271706,1.1253473762132034,True,False,False,False,False,True,2.169752418854191,0.23568261093877343,-0.07773708545436095,-0.803704111574772,1.5386010256973839
TX001101,0.16844200753251987,2023-12-29 16:32:37,-1.330846154369433,-0.052084645825569126,-0.2067936485059295,-0.8913859054868701,2024-11-04 08:09:55,1.6626150676221394,0.023804760838493918,-0.2259336741271706,-0.2554109805342242,False,True,False,False,False,True,-0.4924511351160437,-0.30946906371886795,0.4129050217349737,-0.6091671364084753,-0.028446402356390392
TX001102,-0.8568823274791737,2023-02-20 16:47:23,-1.162199353190196,-0.7668826698303213,-0.2067936485059295,-1.1611769889442278,2024-11-04 08:08:50,-1.2707562335491775,-0.2328675146764825,-0.2259336741271706,-0.7156637661167,True,True,False,False,False,True,-0.04875054278767131,0.23568261093877343,-0.07773708545436095,-1.387315037073662,-2.0656080588262973
TX001103,-0.7971334087321678,2023-05-19 18:47:11,0.7491310601744904,1.663430611785836,-0.2067936485059295,0.09421574312694811,2024-11-04 08:11:10,-0.44259893536886746,-0.3686439672988282,-0.2259336741271706,0.2048418050482517,True,True,False,True,False,False,0.3949500495407011,1.3259859602540562,-1.0590212998330302,-1.5818520122399586,0.2849630832543645
TX001104,0.18200884917461538,2023-08-02 16:37:39,-0.9373369516178799,-1.0242099584720321,-0.2067936485059295,-0.8028896713410018,2024-11-04 08:07:16,0.2617429786521639,-0.04459730588392555,-0.2259336741271706,-0.7156637661167,False,False,False,False,False,True,-0.4924511351160437,-1.399772413034151,-0.5683791926436955,-0.803704111574772,0.12825834044898704
TX001105,-1.0065287019556197,2023-08-01 16:13:25,1.1426402629260435,0.7770810620199433,-0.2067936485059295,0.16734083650200715,2024-11-04 08:12:18,0.2521497256098999,-0.3906120686498704,-0.2259336741271706,-0.7156637661167,True,False,True,False,False,False,-0.4924511351160437,-0.30946906371886795,-0.07773708545436095,0.16898076425671127,1.3818962828920065
TX001106,-0.9423260220634815,2023-08-29 16:19:14,-1.0497681524040379,-1.1099857213526023,-0.2067936485059295,0.5191591986148659,2024-11-04 08:10:34,0.5154595797715359,-0.3857044793974417,-0.2259336741271706,-0.2554109805342242,True,False,True,True,False,False,-0.4924511351160437,-0.30946906371886795,-0.07773708545436095,-0.41463016124217866,-2.0656080588262973
TX001107,1.6086513230638475,2023-08-29 16:24:23,0.9739934617468065,-1.1671695632729824,-0.2067936485059295,-0.097876082629225,2024-11-04 08:08:42,0.5155053935508679,-0.07351507410208487,-0.2259336741271706,-0.2554109805342242,False,True,False,False,True,False,-0.04875054278767131,1.8711376349116977,-0.07773708545436095,-0.22009318607588202,0.2849630832543645
TX001108,-0.44580017378346026,2023-12-01 17:45:19,-0.5438277488663268,-0.23793213206680466,-0.2067936485059295,-0.7233469023447023,2024-11-04 08:12:04,1.3998151502062275,-0.24849144442852222,-0.2259336741271706,-0.7156637661167,True,False,False,True,False,False,-0.4924511351160437,0.23568261093877343,-0.07773708545436095,-1.1927780619073654,-0.968674859188655
TX001109,-0.8700037930067559,2023-10-30 16:23:34,-0.8249057508317219,1.320327560263555,-0.2067936485059295,-0.5752660242667513,2024-11-04 08:11:55,1.0984131517245996,-0.36204394807819484,-0.2259336741271706,0.6650945906307275,False,True,False,True,False,False,0.3949500495407011,0.23568261093877343,0.9035471289243083,1.5307395904207879,1.3818962828920065
TX001110,0.32028100288041567,2023-04-28 17:12:06,0.6366998593883324,-0.20934021110661458,-0.2067936485059295,0.45404658479089594,2024-11-04 08:10:52,-0.6406632208393418,-0.28033215255560984,-0.2259336741271706,-0.2554109805342242,True,False,True,False,True,False,-0.4924511351160437,0.7808342855964149,-1.0590212998330302,-0.22009318607588202,0.12825834044898704
TX001111,0.31921895214580714,2023-10-30 16:02:32,-0.03788734532861574,-1.2243534051933627,-0.2067936485059295,0.09903605082488333,2024-11-04 08:09:06,1.098294210012462,-0.25236251499848333,-0.2259336741271706,1.1253473762132034,True,False,True,False,False,False,1.282351234197446,2.416289309569339,0.4129050217349737,-0.9982410867410686,-2.692427030047807
TX001112,0.7213935835512562,2023-03-28 18:19:10,-0.31896534729401077,0.1623547613758565,-0.2067936485059295,0.12695281157760555,2024-11-04 08:09:54,-0.9316860586437038,-0.2139641878276956,-0.2259336741271706,-0.7156637661167,True,False,False,True,False,False,-0.04875054278767131,-0.8546207383765094,-1.0590212998330302,0.9471286649218978,0.2849630832543645
TX001113,-0.8936087270759572,2023-04-10 16:51:43,1.1426402629260435,-0.16645232966632947,-0.2067936485059295,-0.9962070859693093,2024-11-04 08:12:08,-0.8100435099521741,-0.3331884792680781,-0.2259336741271706,0.2048418050482517,False,False,True,False,True,False,-0.4924511351160437,0.7808342855964149,-0.5683791926436955,-0.41463016124217866,1.2251915400866291
TX001114,0.11900525882155105,2023-06-20 17:05:38,-0.9935525520109589,-0.2665240530269948,-0.2067936485059295,-1.261913727850704,2024-11-04 08:11:27,-0.14239462442958672,2.9799748632499474,-0.2259336741271706,-0.7156637661167,True,False,False,False,False,True,-0.4924511351160437,0.7808342855964149,0.9035471289243083,-0.22009318607588202,0.2849630832543645
TX001115,0.2209621293439648,2023-02-27 16:59:07,-0.7124745500455638,-1.2672412866336478,-0.2067936485059295,0.3784395457500915,2024-11-04 08:07:38,-1.2048566486732524,-0.28398135401987507,-0.2259336741271706,0.2048418050482517,True,True,False,True,False,False,-0.4924511351160437,0.23568261093877343,0.4129050217349737,-0.6091671364084753,-0.18515114516176784
TX001116,-0.873669581026211,2023-02-06 16:32:53,-0.8249057508317219,-0.5667392231089906,-0.2067936485059295,2.1462412420856016,2024-11-04 08:10:23,-1.4024913075384944,-0.3857034298058308,-0.2259336741271706,-1.1759165516991759,True,False,True,False,False,False,-0.04875054278767131,0.23568261093877343,-0.5683791926436955,0.16898076425671127,-0.028446402356390392
TX001117,-0.6003799452206683,2023-04-12 17:50:15,0.4680530582090954,0.977224508741274,-0.2067936485059295,0.3482408308212189,2024-11-04 08:09:08,-0.7908374160285019,-0.35477507099079136,-0.2259336741271706,-1.1759165516991759,False,True,False,False,True,False,-1.3798523197727885,1.8711376349116977,-1.0590212998330302,-0.9982410867410686,0.2849630832543645
TX001118,-0.1676456604193885,2023-02-03 17:46:54,-0.9373369516178799,-0.09497252726585426,-0.2067936485059295,-0.6520012204283492,2024-11-04 08:11:30,-1.4302218114151217,-0.2019978386017618,-0.2259336741271706,-0.2554109805342242,True,False,True,True,False,False,-0.04875054278767131,1.8711376349116977,-0.07773708545436095,0.16898076425671127,0.12825834044898704
TX001119,0.5606813256142119,2023-08-28 17:32:47,0.5242686586021743,0.7341931805796582,-0.2067936485059295,-1.137952336216623,2024-11-04 08:09:11,0.5065466776755516,0.9464104360693083,-0.2259336741271706,0.6650945906307275,False,False,True,False,False,False,2.613453011182563,-1.399772413034151,1.394189236113643,-0.41463016124217866,-0.968674859188655
TX001120,-0.8079252145838345,2023-09-28 17:06:32,0.6366998593883324,-1.009913997991937,-0.2067936485059295,1.8557920633504443,2024-11-04 08:11:35,0.7978266602793472,-0.3820827100165396,-0.2259336741271706,0.6650945906307275,True,True,False,False,False,False,-0.04875054278767131,-0.30946906371886795,-0.07773708545436095,-1.5818520122399586,1.3818962828920065
TX001121,-0.098235505957557,2023-08-14 16:32:28,-0.8811213512248008,0.40538608953747224,-0.2067936485059295,0.9361337624404527,2024-11-04 08:06:36,0.37453944154345714,-0.33163956759679,-0.2259336741271706,1.1253473762132034,True,True,False,True,False,False,2.613453011182563,-0.8546207383765094,-0.5683791926436955,-1.7763889874062553,0.12825834044898704
TX001122,0.021844746455433744,2023-02-02 16:55:25,-1.162199353190196,-0.6096271045492758,6.431744946342571,-0.9034033428167755,2024-11-04 08:07:47,-1.4399358561321092,-0.0167643089368609,4.426077714458506,0.2048418050482517,True,False,True,False,False,True,-0.04875054278767131,0.7808342855964149,-0.07773708545436095,-0.803704111574772,1.6953057685027615
TX001123,-0.26919141452840545,2024-01-01 16:30:58,0.5242686586021743,-0.7382907488701311,-0.2067936485059295,0.579828411778984,2024-11-04 08:09:13,1.690815353174245,-0.3335759336759615,-0.2259336741271706,-0.7156637661167,False,False,True,True,False,False,0.3949500495407011,0.23568261093877343,-1.5496634070223647,-0.6091671364084753,-0.028446402356390392
TX001124,-0.590821488609192,2023-08-28 17:19:18,-1.387061754762512,-1.2672412866336478,-0.2067936485059295,-0.8382009892218332,2024-11-04 08:10:42,0.50644873847983,-0.2587391101239773,-0.2259336741271706,-0.2554109805342242,True,True,False,False,False,True,-0.04875054278767131,1.3259859602540562,0.4129050217349737,-1.387315037073662,-1.28208434479941
TX001125,-0.856471211065777,2023-02-23 18:42:51,0.4680530582090954,-0.06638060630566417,-0.2067936485059295,-0.9568292744667091,2024-11-04 08:08:20,-1.2417925663770861,-0.32431363922434026,-0.2259336741271706,0.6650945906307275,True,False,True,True,False,False,-0.4924511351160437,-1.399772413034151,-0.5683791926436955,3.6706463172500507,-0.028446402356390392
TX001126,1.0114362132027197,2023-09-14 17:25:49,1.6485806664637546,1.8349821375469764,-0.2067936485059295,0.6139936245848278,2024-11-04 08:12:14,0.6663180434748045,-0.23682507346857315,-0.2259336741271706,0.2048418050482517,True,False,True,False,True,False,1.7260518265258185,-0.30946906371886795,-0.07773708545436095,-0.9982410867410686,0.5983725688651194
TX001127,0.2566264782061399,2023-10-16 18:15:48,-1.274630553976354,1.30603159978346,-0.2067936485059295,-0.3108798390153762,2024-11-04 08:10:26,0.9675253605996036,-0.20439693996492364,-0.2259336741271706,0.2048418050482517,True,False,False,False,False,True,0.3949500495407011,-1.399772413034151,1.394189236113643,-0.41463016124217866,-0.6552653735779002
TX001128,-1.0033768094529107,2023-04-17 16:03:52,-0.7124745500455638,-1.4244968519146932,-0.2067936485059295,-0.08263570552468939,2024-11-04 08:09:28,-0.7445233850490062,-0.3899716944284282,-0.2259336741271706,-0.7156637661167,True,True,False,True,False,False,-1.3798523197727885,-1.399772413034151,0.9035471289243083,-0.6091671364084753,1.6953057685027615
TX001129,-0.5230215400998315,2023-05-16 16:32:00,-0.15031854611477377,-0.6525149859895609,-0.2067936485059295,0.4546516872465943,2024-11-04 08:09:18,-0.47167588554401035,-0.3505723452855555,-0.2259336741271706,0.6650945906307275,True,True,False,True,False,False,1.282351234197446,-0.8546207383765094,0.4129050217349737,-0.6091671364084753,0.12825834044898704
TX001130,0.06497771016098439,2023-08-29 18:30:14,-0.9373369516178799,2.020829623788212,-0.2067936485059295,0.9048863741879338,2024-11-04 08:09:57,0.516318941803329,-0.3199629631034335,-0.2259336741271706,0.2048418050482517,True,False,True,True,False,False,-0.4924511351160437,-1.399772413034151,-1.0590212998330302,0.16898076425671127,0.4416678260597419
TX001131,-0.9880969827549952,2023-07-06 18:10:59,-1.274630553976354,0.2910184056967119,-0.2067936485059295,-1.0837956664316304,2024-11-04 08:09:48,0.008477441939754388,-0.37160391649637664,-0.2259336741271706,0.2048418050482517,True,False,True,False,False,True,-0.04875054278767131,-0.30946906371886795,-0.5683791926436955,0.3635177394230079,-0.3418558879671453
TX001132,0.423642521148602,2023-01-05 16:13:59,-1.105983752797117,-0.7668826698303213,-0.2067936485059295,0.5282818873325539,2024-11-04 08:07:46,-1.7034668352334188,-0.27657389860843956,-0.2259336741271706,0.2048418050482517,True,False,True,False,False,True,-0.04875054278767131,1.3259859602540562,-0.5683791926436955,0.5580547145893046,1.6953057685027615
TX001133,-0.3833104789471421,2023-08-07 16:15:16,0.1869750562437003,1.063000271621844,-0.2067936485059295,-0.6241767634400553,2024-11-04 08:09:41,0.3085918664616284,-0.2558156817652889,-0.2259336741271706,-0.2554109805342242,True,True,False,True,False,False,-0.04875054278767131,-0.30946906371886795,0.9035471289243083,0.16898076425671127,-0.6552653735779002
TX001134,3.8865103308912157,2023-09-08 17:50:09,0.8615622609606484,0.2624264847365218,-0.2067936485059295,-0.20492280943177468,2024-11-04 08:09:36,0.6100811396487772,0.2599260676805551,-0.2259336741271706,0.2048418050482517,True,True,False,False,True,False,0.8386506418690736,-0.8546207383765094,0.4129050217349737,-0.6091671364084753,-1.28208434479941
TX001135,-0.9295471535470634,2023-03-17 16:22:52,0.018328255064463266,0.8199689434602284,-0.2067936485059295,0.9588379244964189,2024-11-04 08:10:21,-1.035872142732464,-0.3860779610704536,-0.2259336741271706,-1.1759165516991759,False,False,True,True,False,False,-0.04875054278767131,0.23568261093877343,0.9035471289243083,-1.387315037073662,-2.692427030047807
TX001136,-0.0019314861193497675,2023-09-08 17:08:30,0.9177778613537274,0.44827397097775734,-0.2067936485059295,-1.032182478155335,2024-11-04 08:10:10,0.609805495223485,0.14364435740250173,-0.2259336741271706,0.2048418050482517,True,False,True,False,True,False,0.8386506418690736,-1.399772413034151,-0.07773708545436095,-1.1927780619073654,-0.028446402356390392
TX001137,0.15100381966427107,2023-03-06 16:45:24,0.4680530582090954,-0.33800385542746997,6.431744946342571,-0.9415017215846578,2024-11-04 08:09:03,-1.1391403189146554,0.07317464224126784,4.426077714458506,0.2048418050482517,True,True,False,False,True,False,1.282351234197446,-0.30946906371886795,-1.0590212998330302,-0.6091671364084753,0.9117820544758742
TX001138,-0.6785948428694153,2023-04-10 17:49:04,0.41183745781601633,0.10517091945547634,-0.2067936485059295,-0.3374761431380791,2024-11-04 08:11:40,-0.8096660087633315,-0.3404420641145435,-0.2259336741271706,-0.7156637661167,True,False,False,True,False,False,-0.9361517274444162,-0.30946906371886795,-1.0590212998330302,-0.803704111574772,-0.028446402356390392
TX001139,1.9990748769863707,2023-11-13 16:46:06,-0.9373369516178799,-1.4816806938350733,-0.2067936485059295,1.240300306167075,2024-11-04 08:08:10,1.2302150420096643,-0.21798196823167623,-0.2259336741271706,-0.2554109805342242,True,True,False,False,False,True,1.282351234197446,1.3259859602540562,-0.07773708545436095,-0.6091671364084753,-0.6552653735779002
TX001140,-0.5409736234848264,2023-06-15 17:22:42,0.41183745781601633,0.8628568249005136,-0.2067936485059295,1.1419096212731579,2024-11-04 08:07:56,-0.18927104403518188,-0.3632265253907985,-0.2259336741271706,0.2048418050482517,True,False,True,True,False,False,-0.04875054278767131,-0.30946906371886795,2.3754734504923123,0.9471286649218978,-0.18515114516176784
TX001141,-0.8731899452105814,2023-08-17 16:55:10,-0.4313965480801688,0.333906287136997,-0.2067936485059295,-0.6268048567328125,2024-11-04 08:06:59,0.4028916416702598,-0.36048045326585004,-0.2259336741271706,0.2048418050482517,True,False,False,True,False,False,-0.04875054278767131,0.7808342855964149,0.9035471289243083,1.1416656400881946,-0.6552653735779002
TX001142,-0.6333720373957639,2023-03-27 16:34:18,-0.7686901504386429,-1.4673847333549783,-0.2067936485059295,1.1578217646632565,2024-11-04 08:12:19,-0.9417887043250489,-0.3689128802041944,-0.2259336741271706,-0.2554109805342242,True,True,False,False,False,False,1.282351234197446,1.8711376349116977,-0.5683791926436955,1.3362026152544912,-1.7521985732155423
TX001143,0.929418488730052,2023-02-10 16:28:47,-1.443277355155591,-0.20934021110661458,-0.2067936485059295,-0.9759694856183507,2024-11-04 08:08:34,-1.364897564903397,0.4619854157863455,-0.2259336741271706,0.2048418050482517,True,True,False,False,False,True,0.3949500495407011,1.3259859602540562,-0.07773708545436095,-0.9982410867410686,-0.6552653735779002
TX001144,-0.3719362581764965,2023-04-20 17:54:10,-0.9373369516178799,-0.995618037511842,-0.2067936485059295,-0.8199248438649812,2024-11-04 08:09:07,-0.7155944318807316,-0.19822859813510338,-0.2259336741271706,0.2048418050482517,True,False,False,False,False,True,0.3949500495407011,0.23568261093877343,0.9035471289243083,-0.025556210909585365,1.3818962828920065
TX001145,-0.335038560074131,2023-07-24 16:18:50,-1.387061754762512,0.6198254967388979,-0.2067936485059295,-1.2684134512625476,2024-11-04 08:11:34,0.17697257836592023,1.940683296891372,-0.2259336741271706,-0.2554109805342242,True,False,False,False,False,True,-0.4924511351160437,-0.8546207383765094,-1.5496634070223647,0.9471286649218978,0.5983725688651194
TX001146,-0.3717649596709145,2023-03-13 16:13:13,1.3112870641052805,1.692022532746026,-0.2067936485059295,1.4554501250761898,2024-11-04 08:08:48,-1.0735336810552665,-0.35748508941613677,-0.2259336741271706,-0.2554109805342242,True,True,False,False,False,False,-0.4924511351160437,-0.30946906371886795,-0.07773708545436095,-0.025556210909585365,0.7550773116704967
TX001147,2.2656153516719817,2023-07-04 16:30:15,-0.7686901504386429,0.21953860329623667,-0.2067936485059295,1.2469179732779103,2024-11-04 08:06:56,-0.010965882480221461,-0.20311425545792977,-0.2259336741271706,-0.2554109805342242,True,True,False,True,False,False,-0.9361517274444162,0.7808342855964149,-0.07773708545436095,-0.025556210909585365,0.5983725688651194
TX001148,0.3836957096468766,2023-03-20 16:08:11,-0.5438277488663268,-0.995618037511842,-0.2067936485059295,2.4226448646668826,2024-11-04 08:11:25,-1.0077684905201372,-0.3366549537147624,-0.2259336741271706,-0.2554109805342242,True,False,True,False,False,False,-1.3798523197727885,1.3259859602540562,-0.07773708545436095,0.5580547145893046,-2.8491317728531844
TX001149,0.17728101042055164,2023-01-09 16:53:25,-0.9373369516178799,1.7920942561066913,-0.2067936485059295,-1.1538388396721584,2024-11-04 08:10:29,-1.6656184506894451,0.7237994888604831,-0.2259336741271706,-0.7156637661167,False,False,False,False,False,True,-0.9361517274444162,-0.30946906371886795,-1.0590212998330302,0.3635177394230079,-0.18515114516176784
TX001150,-0.0494839512689164,2023-08-11 16:31:43,-1.162199353190196,0.8628568249005136,-0.2067936485059295,-1.1564925728994793,2024-11-04 08:11:16,0.34629758624383417,0.5278807633885002,-0.2259336741271706,-0.2554109805342242,True,False,True,False,False,True,-0.04875054278767131,0.7808342855964149,-1.5496634070223647,-0.803704111574772,-1.28208434479941
TX001151,-0.4994166060306302,2023-07-17 16:32:45,0.35562185742293734,-0.20934021110661458,-0.2067936485059295,-0.7479638035191043,2024-11-04 08:11:54,0.11124612822376527,-0.25621477597887216,-0.2259336741271706,-0.7156637661167,True,False,False,False,True,False,-1.3798523197727885,-0.8546207383765094,-0.07773708545436095,1.3362026152544912,0.12825834044898704
TX001152,0.48304884288444383,2023-10-30 17:48:09,-0.4313965480801688,-0.23793213206680466,-0.2067936485059295,0.9948517765842896,2024-11-04 08:09:32,1.098980981417128,-0.2961177143889258,-0.2259336741271706,-0.7156637661167,True,False,True,True,False,False,-0.9361517274444162,-0.8546207383765094,0.9035471289243083,-0.803704111574772,-0.028446402356390392
TX001153,1.003727780451529,2023-06-28 16:07:37,1.9296586684291497,-0.38089173686775507,-0.2067936485059295,-0.4845186038662091,2024-11-04 08:07:19,-0.06752914147065905,-0.032209851621218845,-0.2259336741271706,-0.2554109805342242,True,False,False,False,True,False,-0.04875054278767131,-0.30946906371886795,0.4129050217349737,-0.41463016124217866,-0.6552653735779002
TX001154,-0.8011760534639032,2023-09-12 17:50:26,1.0302090621398854,-1.2672412866336478,-0.2067936485059295,-0.19945381138938337,2024-11-04 08:08:53,0.6476963200856047,-0.3630356315425219,-0.2259336741271706,-0.7156637661167,True,False,True,False,True,False,-0.4924511351160437,-0.30946906371886795,-1.5496634070223647,-0.803704111574772,0.12825834044898704
TX001155,-0.7556791703813208,2023-08-17 16:18:22,0.8053466605675694,0.17665072185595154,-0.2067936485059295,-1.1059716458355884,2024-11-04 08:07:54,0.40264537900368413,-0.20319564994737577,-0.2259336741271706,0.2048418050482517,False,False,True,False,False,False,-0.4924511351160437,1.8711376349116977,0.4129050217349737,-0.41463016124217866,0.7550773116704967
TX001156,0.6973775330686578,2023-08-21 18:07:14,0.1307594558506213,1.2631437183431748,-0.2067936485059295,0.9506100694949965,2024-11-04 08:11:33,0.44094101920812,-0.2803139531624387,-0.2259336741271706,-0.7156637661167,True,True,False,True,False,False,-0.9361517274444162,-0.8546207383765094,0.4129050217349737,0.7525916897556012,-0.6552653735779002
TX001157,2.1248422397846833,2023-08-30 18:38:56,1.0864246625329645,-0.6382190255094659,1.4528410002061958,-0.49770522221220936,2024-11-04 08:09:46,0.5257791063607402,0.17615854510159631,4.426077714458506,-0.2554109805342242,True,False,False,False,True,False,-0.9361517274444162,0.23568261093877343,-0.07773708545436095,0.3635177394230079,0.2849630832543645
TX001158,-0.9888849558806725,2023-10-04 16:01:18,1.7610118672499127,-0.2522280925468997,-0.2067936485059295,-0.4652271171006429,2024-11-04 08:09:45,0.8538256806810995,-0.38657948147235177,-0.2259336741271706,-1.1759165516991759,True,False,True,False,True,False,-1.823552912101161,0.7808342855964149,0.4129050217349737,-0.9982410867410686,1.3818962828920065
TX001159,-0.42479897699910557,2023-11-28 16:38:08,-1.330846154369433,0.5769376152986128,-0.2067936485059295,-1.2032469935759942,2024-11-04 08:09:35,1.371186217440847,0.415440288967892,-0.2259336741271706,-0.2554109805342242,True,False,True,False,False,True,-0.04875054278767131,0.23568261093877343,0.9035471289243083,-0.41463016124217866,-0.028446402356390392
TX001160,-0.5077074537007995,2023-05-02 16:30:52,0.4680530582090954,0.04798707753509617,-0.2067936485059295,-1.045874203212236,2024-11-04 08:10:16,-0.6033198760813061,-0.10865371537193555,-0.2259336741271706,-0.7156637661167,True,False,False,False,True,False,-0.9361517274444162,-0.30946906371886795,-0.5683791926436955,-0.22009318607588202,0.12825834044898704
TX001161,0.31044846866000814,2023-12-19 16:39:57,0.4680530582090954,1.677726572265931,-0.2067936485059295,1.1820489388322934,2024-11-04 08:08:17,1.5686519856041334,-0.3134856956602098,-0.2259336741271706,0.6650945906307275,False,True,False,False,False,False,1.282351234197446,-0.8546207383765094,0.4129050217349737,1.3362026152544912,-0.8119701163832775
TX001162,0.6396499366875197,2023-10-17 17:46:52,0.9177778613537274,1.5776548489052657,3.1124756489183207,0.7168918099750057,2024-11-04 08:11:08,0.9767340390666672,-0.27164061861117167,4.426077714458506,0.2048418050482517,False,False,True,False,True,False,2.613453011182563,0.23568261093877343,-0.07773708545436095,3.6706463172500507,0.2849630832543645
TX001163,-0.5877381155087157,2023-06-19 16:38:13,1.1426402629260435,0.677009338659278,-0.2067936485059295,0.23778142872826927,2024-11-04 08:08:06,-0.15195392521733386,-0.35092812019281083,-0.2259336741271706,0.2048418050482517,False,True,False,False,True,False,0.3949500495407011,-1.9449240876917921,0.9035471289243083,0.7525916897556012,1.3818962828920065
TX001164,-0.8412599037700942,2023-07-27 16:28:26,0.2994062570298583,-1.2672412866336478,-0.2067936485059295,0.8517117138967225,2024-11-04 08:07:38,0.20526742965256145,-0.37978872323570834,-0.2259336741271706,-1.1759165516991759,False,True,False,False,False,False,-2.2672535044295334,1.3259859602540562,0.4129050217349737,1.1416656400881946,0.12825834044898704
TX001165,0.31555316412635215,2023-03-10 16:40:00,0.9739934617468065,1.3775114021839352,-0.2067936485059295,0.5155798637498035,2024-11-04 08:10:42,-1.1015776991795319,-0.28447013071407723,-0.2259336741271706,-0.7156637661167,False,True,False,False,False,False,-1.823552912101161,-1.9449240876917921,-1.5496634070223647,-0.025556210909585365,-0.028446402356390392
TX001166,-0.4676236033946087,2023-04-10 17:28:48,-1.443277355155591,-0.22363617158670962,-0.2067936485059295,-1.2499937222721398,2024-11-04 08:10:34,-0.809791153291198,0.9261760633638526,-0.2259336741271706,0.2048418050482517,False,False,False,False,False,True,0.8386506418690736,-0.30946906371886795,-0.5683791926436955,0.9471286649218978,0.7550773116704967
TX001167,0.04171537310294703,2023-05-08 16:31:56,1.2550714637122016,0.24813052425642676,-0.2067936485059295,-0.18875170270258457,2024-11-04 08:06:24,-0.5468746882323774,-0.2529348264055189,-0.2259336741271706,-0.2554109805342242,False,False,True,False,True,False,0.3949500495407011,0.7808342855964149,-0.07773708545436095,-1.387315037073662,-0.028446402356390392
TX001168,1.8533683681383109,2023-06-26 16:08:25,-0.20653414650785276,2.1923811495493526,-0.2067936485059295,2.426093435865671,2024-11-04 08:11:25,-0.0863550136722742,-0.27889229948156186,-0.2259336741271706,0.2048418050482517,True,False,False,False,False,False,0.3949500495407011,1.3259859602540562,-0.5683791926436955,-0.025556210909585365,-0.6552653735779002
TX001169,-0.32561714226712035,2023-11-14 18:49:52,-1.330846154369433,-1.2243534051933627,1.4528410002061958,-1.131380820988002,2024-11-04 08:09:12,1.2404185650626027,0.1743578457258064,4.426077714458506,-0.2554109805342242,True,False,False,False,False,True,-0.04875054278767131,-0.30946906371886795,-0.07773708545436095,-0.22009318607588202,-1.5954938304101647
TX001170,1.4614716470677824,2023-02-06 16:07:26,-0.20653414650785276,0.20524264281614163,-0.2067936485059295,1.4892897107130776,2024-11-04 08:08:21,-1.4026442015051488,-0.261665005971678,-0.2259336741271706,-0.7156637661167,True,True,False,False,False,False,-1.3798523197727885,-0.8546207383765094,1.394189236113643,0.9471286649218978,1.6953057685027615
TX001171,-0.5913696438270544,2023-02-21 16:52:16,-1.162199353190196,-0.5953311440691808,-0.2067936485059295,-1.1466955539027717,2024-11-04 08:08:27,-1.2613196832200682,-0.010045717305357497,-0.2259336741271706,-0.7156637661167,True,False,False,False,False,True,-0.4924511351160437,-0.8546207383765094,0.4129050217349737,0.5580547145893046,-1.7521985732155423
TX001172,0.6499963664246732,2023-10-19 18:11:23,0.41183745781601633,0.6341214572189929,-0.2067936485059295,0.6650119663792502,2024-11-04 08:09:23,0.9957098670590651,-0.2677143196412844,-0.2259336741271706,-1.1759165516991759,True,True,False,False,False,False,-2.2672535044295334,-0.30946906371886795,-1.0590212998330302,1.1416656400881946,0.2849630832543645
TX001173,1.1590612653132977,2023-11-28 16:55:41,0.07454385545754227,-0.5953311440691808,-0.2067936485059295,2.0903692606783117,2024-11-04 08:10:43,1.3712934064494977,-0.2977472057179474,-0.2259336741271706,-0.7156637661167,False,True,False,False,False,False,-0.4924511351160437,1.3259859602540562,0.4129050217349737,0.16898076425671127,0.12825834044898704
TX001174,-0.3149966349210356,2023-07-13 16:44:25,0.9739934617468065,0.34820224761709206,-0.2067936485059295,-0.3928404538410123,2024-11-04 08:09:27,0.07372964873195942,-0.2791508362799837,-0.2259336741271706,-0.7156637661167,True,True,False,False,True,False,-1.3798523197727885,0.23568261093877343,-1.0590212998330302,-1.387315037073662,0.5983725688651194
TX001175,-0.8845299062801104,2023-11-27 16:27:56,-1.105983752797117,0.17665072185595154,-0.2067936485059295,-1.074926813066121,2024-11-04 08:11:02,1.3617079885428915,-0.3080140064158725,-0.2259336741271706,-0.2554109805342242,True,True,False,False,False,True,-0.04875054278767131,0.23568261093877343,-0.5683791926436955,-0.025556210909585365,-1.28208434479941
TX001176,-0.14935098002322958,2023-05-15 17:33:32,-0.5438277488663268,-0.8097705512706064,-0.2067936485059295,0.1728713703873508,2024-11-04 08:08:07,-0.4806685536738435,-0.30571460865005556,-0.2259336741271706,-0.2554109805342242,True,True,False,False,False,False,1.7260518265258185,-0.30946906371886795,2.866115557681647,-0.803704111574772,-0.6552653735779002
TX001177,0.47691635638460794,2023-11-16 16:30:01,-0.4876121484732478,1.33462352074365,-0.2067936485059295,-0.15355063654037607,2024-11-04 08:06:59,1.2583242441097486,-0.20190238710301572,-0.2259336741271706,1.1253473762132034,True,True,False,True,False,False,2.613453011182563,-0.30946906371886795,-1.5496634070223647,-0.803704111574772,0.5983725688651194
TX001178,-0.2496291251909397,2023-02-09 16:27:52,1.7610118672499127,-0.8097705512706064,-0.2067936485059295,0.6249957205060194,2024-11-04 08:08:39,-1.37430625697239,-0.3334511592702952,-0.2259336741271706,0.2048418050482517,True,True,False,False,True,False,-0.9361517274444162,0.7808342855964149,-1.5496634070223647,0.9471286649218978,0.7550773116704967
TX001179,1.5591460549506462,2023-05-29 18:55:01,1.1426402629260435,-0.06638060630566417,-0.2067936485059295,2.403843100651479,2024-11-04 08:09:14,-0.3485135381775379,-0.2898588555011132,-0.2259336741271706,-0.2554109805342242,False,False,False,False,False,False,0.3949500495407011,-0.30946906371886795,-1.0590212998330302,-0.803704111574772,-1.5954938304101647
TX001180,-0.7506087346160932,2023-02-14 16:06:36,-0.7686901504386429,-1.1242816818326973,-0.2067936485059295,2.276107510649653,2024-11-04 08:11:54,-1.3274555192003397,-0.3808846454342185,-0.2259336741271706,1.5856001617956792,False,True,False,False,False,False,2.169752418854191,1.3259859602540562,1.8848313433029775,0.5580547145893046,-0.028446402356390392
TX001181,-0.8482488827978403,2023-02-24 18:05:12,0.4680530582090954,-0.46666749974832533,-0.2067936485059295,-1.2636469874271956,2024-11-04 08:11:22,-1.2326560364508707,0.13375466170218075,-0.2259336741271706,-0.7156637661167,False,False,False,False,False,False,-0.04875054278767131,1.3259859602540562,0.4129050217349737,0.16898076425671127,0.12825834044898704
TX001182,-0.5658804261964511,2023-07-24 16:22:38,-1.49949295554867,0.6341214572189929,-0.2067936485059295,-1.1250580131246466,2024-11-04 08:11:58,0.17699477791695048,-0.0342535775822022,-0.2259336741271706,0.6650945906307275,True,False,False,False,False,True,1.282351234197446,-0.30946906371886795,-0.5683791926436955,-2.1654629377388486,0.4416678260597419
TX001183,-0.9795663171770109,2023-11-13 16:30:21,1.7610118672499127,-0.20934021110661458,-0.2067936485059295,0.6010839175321132,2024-11-04 08:10:20,1.2300980590814412,-0.38883290422826133,-0.2259336741271706,0.6650945906307275,True,True,False,False,True,False,-0.04875054278767131,-0.30946906371886795,-0.5683791926436955,-0.22009318607588202,1.6953057685027615
TX001184,-0.7346437138958497,2023-08-16 16:11:56,0.9177778613537274,0.8199689434602284,-0.2067936485059295,-0.5252168719988287,2024-11-04 08:08:46,0.3931955524724881,-0.3386349284801488,-0.2259336741271706,0.6650945906307275,True,False,False,False,True,False,0.8386506418690736,1.8711376349116977,0.9035471289243083,0.9471286649218978,1.5386010256973839
TX001185,-0.5090093223432228,2023-09-01 16:35:51,0.07454385545754227,0.8056729829801335,-0.2067936485059295,1.0936501364377662,2024-11-04 08:06:40,0.543800027194852,-0.3606970936502578,-0.2259336741271706,0.6650945906307275,False,True,False,True,False,False,-0.4924511351160437,-1.399772413034151,-1.0590212998330302,0.7525916897556012,1.6953057685027615
TX001186,-0.7651005881883315,2023-07-13 17:17:07,0.8053466605675694,0.40538608953747224,-0.2067936485059295,2.2004979076153925,2024-11-04 08:11:20,0.07393085936850312,-0.3812540590748874,-0.2259336741271706,-0.7156637661167,False,False,True,False,False,False,-0.9361517274444162,-0.8546207383765094,0.9035471289243083,-0.41463016124217866,0.5983725688651194
TX001187,1.9835552323806405,2023-09-11 16:16:06,0.9739934617468065,-0.02349272486537904,-0.2067936485059295,-0.35143965150135303,2024-11-04 08:06:54,0.6376911783146669,0.06798266476514163,-0.2259336741271706,-0.7156637661167,False,False,False,False,True,False,0.3949500495407011,0.23568261093877343,0.4129050217349737,-0.803704111574772,-2.692427030047807
TX001188,1.0894112929436517,2023-09-25 16:40:00,-0.15031854611477377,0.19094668233604659,-0.2067936485059295,2.3662318806403024,2024-11-04 08:10:55,0.7694512812095571,-0.30759433494272687,-0.2259336741271706,-1.1759165516991759,True,False,False,False,False,False,-0.9361517274444162,1.8711376349116977,-0.5683791926436955,0.16898076425671127,0.12825834044898704
TX001189,1.1834541725081762,2023-08-01 16:23:37,-0.4876121484732478,-0.9670261165516518,-0.2067936485059295,-0.5723199957854069,2024-11-04 08:08:22,0.2522420060965354,0.04625880238843654,-0.2259336741271706,-0.2554109805342242,False,False,True,True,False,False,0.3949500495407011,0.7808342855964149,1.394189236113643,0.9471286649218978,0.12825834044898704
TX001190,-0.9923109259923127,2023-01-09 16:45:12,1.9296586684291497,-0.7811786303104162,-0.2067936485059295,0.13253206133861992,2024-11-04 08:10:06,-1.6656695967138777,-0.3891332809759724,-0.2259336741271706,0.2048418050482517,True,False,False,False,True,False,-0.9361517274444162,-0.8546207383765094,-1.0590212998330302,-0.22009318607588202,-0.6552653735779002
TX001191,-0.09138356573427651,2023-04-21 17:03:13,1.8172274676429916,0.333906287136997,-0.2067936485059295,-0.13842307514791996,2024-11-04 08:06:51,-0.7065101361922344,-0.2755783049113869,-0.2259336741271706,-0.2554109805342242,False,True,False,False,True,False,-0.04875054278767131,0.23568261093877343,-1.0590212998330302,1.5307395904207879,-1.28208434479941
TX001192,0.6916561629822188,2023-01-17 16:57:06,-1.162199353190196,0.19094668233604659,-0.2067936485059295,-0.9926969789275683,2024-11-04 08:08:44,-1.5903656726221027,0.39714589476948714,-0.2259336741271706,1.5856001617956792,True,False,False,False,False,True,1.282351234197446,-0.30946906371886795,1.394189236113643,-0.9982410867410686,1.3818962828920065
TX001193,1.8634064605654164,2023-05-22 16:33:16,-1.105983752797117,2.392524596270683,-0.2067936485059295,-1.2209718803397311,2024-11-04 08:09:07,-0.41525344135275477,4.28731463363741,-0.2259336741271706,0.2048418050482517,False,True,False,False,False,True,0.8386506418690736,-1.399772413034151,1.394189236113643,-0.803704111574772,0.2849630832543645
TX001194,-0.5439542174819534,2023-10-16 16:12:20,1.8172274676429916,-0.9527301560715568,-0.2067936485059295,-0.5164095544762717,2024-11-04 08:11:48,0.9667102888485423,-0.303964679024458,-0.2259336741271706,-0.2554109805342242,True,False,True,False,True,False,-0.4924511351160437,0.7808342855964149,-0.07773708545436095,-0.025556210909585365,1.6953057685027615
TX001195,-0.22657234633960074,2023-06-08 16:42:30,0.8615622609606484,-0.5238513416687055,-0.2067936485059295,-0.10437067805415572,2024-11-04 08:08:31,-0.2553524693511635,-0.2953251457756846,-0.2259336741271706,-0.2554109805342242,False,True,False,True,False,False,-0.4924511351160437,-0.8546207383765094,1.394189236113643,0.3635177394230079,0.7550773116704967
TX001196,-0.018890038171968958,2023-12-29 18:07:04,1.5361494656775965,-1.2529453261535526,-0.2067936485059295,0.7271939356826138,2024-11-04 08:09:34,1.6632340433391002,-0.3197409417902053,-0.2259336741271706,-0.2554109805342242,True,False,False,False,True,False,-0.9361517274444162,0.7808342855964149,0.4129050217349737,-0.22009318607588202,-0.8119701163832775
TX001197,-0.8003538206371097,2023-10-30 16:01:43,0.5242686586021743,1.9779417423479269,-0.2067936485059295,0.7281272293007247,2024-11-04 08:06:53,1.0983033510040627,-0.37610579979037845,-0.2259336741271706,-0.2554109805342242,True,False,True,False,False,False,-0.9361517274444162,0.7808342855964149,-1.0590212998330302,3.6706463172500507,-1.28208434479941
TX001198,-0.21372495842094982,2023-10-16 16:44:52,1.2550714637122016,-0.6525149859895609,-0.2067936485059295,0.2134029789453078,2024-11-04 08:10:59,0.9669280403270301,-0.3142121618902311,-0.2259336741271706,-1.1759165516991759,True,True,False,False,False,False,-1.3798523197727885,-0.8546207383765094,1.394189236113643,0.5580547145893046,0.2849630832543645
TX001199,-0.3284264377586654,2023-09-05 18:45:22,0.6929154597814113,-0.5953311440691808,-0.2067936485059295,0.3939337582068055,2024-11-04 08:12:07,0.5822187443219113,-0.3323247207161107,-0.2259336741271706,1.5856001617956792,True,False,True,True,False,False,2.169752418854191,-1.399772413034151,1.8848313433029775,0.3635177394230079,-1.28208434479941
TX001200,-0.4669041496711642,2023-09-11 16:24:57,-0.9373369516178799,-1.5245685752753584,-0.2067936485059295,-0.9860177759737804,2024-11-04 08:08:54,0.6377359038807131,-0.14230567295635707,-0.2259336741271706,-0.2554109805342242,True,False,False,False,False,True,-0.04875054278767131,-0.30946906371886795,0.4129050217349737,-0.6091671364084753,-0.6552653735779002
TX001201,-0.9564752786245556,2023-12-01 17:26:46,0.4680530582090954,0.6913052991393731,-0.2067936485059295,0.8136158991222966,2024-11-04 08:11:30,1.3996977319926902,-0.387542711786164,-0.2259336741271706,0.2048418050482517,True,True,False,False,False,False,-0.4924511351160437,-0.30946906371886795,-0.5683791926436955,-2.1654629377388486,0.2849630832543645
TX001202,0.5966540117864345,2023-06-06 18:31:06,-0.6000433492594058,-1.1242816818326973,-0.2067936485059295,2.008682993152505,2024-11-04 08:10:54,-0.27346327660268205,-0.3203358368186875,-0.2259336741271706,-0.2554109805342242,False,True,False,False,False,False,-0.4924511351160437,1.3259859602540562,0.4129050217349737,-0.025556210909585365,-0.028446402356390392
TX001203,-0.02594753660194788,2023-09-25 17:48:55,0.5804842589952534,1.8063902165867864,-0.2067936485059295,-0.09425059588194813,2024-11-04 08:07:56,0.7699207364210495,-0.27189590510992984,-0.2259336741271706,0.2048418050482517,True,True,False,True,False,False,-0.04875054278767131,-0.30946906371886795,-0.5683791926436955,1.1416656400881946,-0.6552653735779002
TX001204,-0.8549295245155387,2023-05-18 17:34:20,-0.9935525520109589,-1.1671695632729824,-0.2067936485059295,0.056578883181208545,2024-11-04 08:09:07,-0.45246337116195184,-0.374215251814275,-0.2259336741271706,-0.2554109805342242,True,True,False,True,False,False,-0.4924511351160437,0.23568261093877343,-0.07773708545436095,0.7525916897556012,-0.18515114516176784
TX001205,0.2118147891458855,2023-05-29 16:17:37,0.5804842589952534,-1.2815372471137427,-0.2067936485059295,-0.8586437090492999,2024-11-04 08:06:42,-0.34952470596269963,0.007832383703906891,-0.2259336741271706,0.2048418050482517,True,True,False,False,False,False,-0.04875054278767131,-0.8546207383765094,-1.0590212998330302,-0.803704111574772,-1.28208434479941
TX001206,-0.906798712005772,2023-05-04 16:37:01,-1.443277355155591,1.9350538609076418,-0.2067936485059295,-1.2017444934105737,2024-11-04 08:06:44,-0.5844523253108449,-0.24094870687491624,-0.2259336741271706,0.6650945906307275,True,False,True,False,False,True,1.282351234197446,0.23568261093877343,0.4129050217349737,-0.22009318607588202,1.6953057685027615
TX001207,-1.0065287019556197,2023-08-08 16:47:28,1.2550714637122016,0.2910184056967119,-0.2067936485059295,0.3002659492594823,2024-11-04 08:08:31,0.31821188955072294,-0.39071880823944755,-0.2259336741271706,0.2048418050482517,True,True,False,False,True,False,-0.04875054278767131,-0.30946906371886795,-0.5683791926436955,0.16898076425671127,0.4416678260597419
TX001208,-0.9105672791285764,2023-04-06 17:41:53,0.35562185742293734,0.41968205001756725,-0.2067936485059295,-0.9506526142303656,2024-11-04 08:06:48,-0.8472897860851168,-0.34750874485526545,-0.2259336741271706,0.2048418050482517,True,False,True,False,True,False,1.7260518265258185,-0.30946906371886795,1.394189236113643,0.16898076425671127,1.6953057685027615
TX001209,-0.26514876979667,2023-09-11 16:25:04,-0.9373369516178799,-0.2522280925468997,-0.2067936485059295,-1.0356361773410365,2024-11-04 08:11:18,0.6377209953586978,0.010087904856083659,-0.2259336741271706,0.6650945906307275,True,False,True,False,False,True,1.7260518265258185,-0.30946906371886795,-0.07773708545436095,0.3635177394230079,0.2849630832543645
TX001210,0.6113171638642547,2023-09-01 16:12:35,1.8172274676429916,-0.29511597398718487,-0.2067936485059295,0.2164105432696047,2024-11-04 08:09:08,0.543632007063525,-0.23497436768006566,-0.2259336741271706,-0.2554109805342242,False,True,False,False,True,False,-0.04875054278767131,-0.30946906371886795,-0.5683791926436955,-0.025556210909585365,0.5983725688651194
TX001211,-0.5333679698369851,2023-01-19 17:08:04,-1.218414953583275,-1.009913997991937,-0.2067936485059295,-1.1082433440379131,2024-11-04 08:09:42,-1.5714960542463985,-0.04032034388070978,-0.2259336741271706,-1.1759165516991759,True,True,False,False,False,True,-1.3798523197727885,0.23568261093877343,0.9035471289243083,-0.6091671364084753,0.7550773116704967
TX001212,-0.6912366725813678,2023-12-01 16:01:26,-0.9935525520109589,-0.40948365782794516,-0.2067936485059295,-0.8686561034963407,2024-11-04 08:08:23,1.3991609163788068,-0.2829170545546704,-0.2259336741271706,-0.2554109805342242,True,False,True,False,False,True,-1.3798523197727885,-1.399772413034151,-0.07773708545436095,1.1416656400881946,-1.7521985732155423
TX001213,-0.844309017169454,2023-03-01 17:26:49,0.07454385545754227,1.1344800740223193,-0.2067936485059295,0.9943030819846312,2024-11-04 08:10:54,-1.1858927910269983,-0.3807324852824099,-0.2259336741271706,0.2048418050482517,False,True,False,True,False,False,-0.4924511351160437,0.7808342855964149,-0.5683791926436955,0.7525916897556012,1.5386010256973839
TX001214,3.0648941787176516,2023-12-21 16:21:27,0.8615622609606484,-0.23793213206680466,6.431744946342571,0.6928184754133496,2024-11-04 08:09:14,1.5873293166922373,-0.09229272412188036,4.426077714458506,1.1253473762132034,False,True,False,False,True,False,0.3949500495407011,-0.8546207383765094,-0.07773708545436095,-0.6091671364084753,0.12825834044898704
TX001215,-0.8456794052141101,2023-08-14 18:14:23,0.9739934617468065,0.9343366273009888,-0.2067936485059295,0.8094955616379441,2024-11-04 08:07:41,0.37519781058136376,-0.37985389965555894,-0.2259336741271706,-0.2554109805342242,True,False,False,False,False,False,-1.3798523197727885,-0.30946906371886795,0.4129050217349737,0.16898076425671127,0.2849630832543645
TX001216,-0.38550309981859193,2023-12-19 16:57:40,-1.274630553976354,0.5626416548185177,-0.2067936485059295,-1.1481262622514141,2024-11-04 08:07:39,1.5687717978868996,0.17850175569381352,-0.2259336741271706,-1.1759165516991759,True,True,False,False,False,True,-1.3798523197727885,-0.8546207383765094,-0.07773708545436095,0.5580547145893046,0.12825834044898704
TX001217,-0.013888121808974072,2023-01-16 17:26:12,-0.2627497469009318,-1.0670978399123172,-0.2067936485059295,-0.724123792361976,2024-11-04 08:08:24,-1.5995756569451094,-0.14019745049407736,-0.2259336741271706,-0.2554109805342242,True,False,True,True,False,False,-1.3798523197727885,0.7808342855964149,-0.07773708545436095,3.6706463172500507,-0.968674859188655
TX001218,-0.9394482071697037,2023-09-25 18:46:41,-0.7124745500455638,-0.43807557878813524,-0.2067936485059295,1.2446103791671967,2024-11-04 08:09:41,0.7702864849064056,-0.3872990692609531,-0.2259336741271706,-0.2554109805342242,True,True,False,True,False,False,-1.3798523197727885,-0.8546207383765094,0.4129050217349737,0.5580547145893046,0.5983725688651194
TX001219,-0.04225515433335543,2023-11-01 16:09:05,-0.9373369516178799,-0.38089173686775507,-0.2067936485059295,-1.268300635550468,2024-11-04 08:11:15,1.1171272644217634,2.9297115759327204,-0.2259336741271706,-0.2554109805342242,True,False,False,False,False,True,0.3949500495407011,0.7808342855964149,-0.5683791926436955,0.5580547145893046,0.2849630832543645
TX001220,-0.5759527783246734,2023-02-06 16:30:43,-0.7686901504386429,0.8485608644204186,-0.2067936485059295,0.6326389849993941,2024-11-04 08:10:43,-1.4025076307377813,-0.3583593356485717,-0.2259336741271706,0.2048418050482517,True,False,False,True,False,False,-0.04875054278767131,2.416289309569339,1.394189236113643,1.1416656400881946,0.2849630832543645
TX001221,1.526051183672201,2023-07-27 16:55:39,0.2994062570298583,0.7770810620199433,-0.2067936485059295,-0.2571487921441371,2024-11-04 08:09:19,0.2054341439279454,-0.03693896692775399,-0.2259336741271706,-0.2554109805342242,True,False,False,True,False,False,0.3949500495407011,0.23568261093877343,-1.5496634070223647,-0.41463016124217866,-0.18515114516176784
TX001222,0.000912069073311779,2023-02-06 17:32:04,-0.9373369516178799,-0.33800385542746997,-0.2067936485059295,-0.8805171372254088,2024-11-04 08:11:40,-1.4021132622430088,-0.04382268638322731,-0.2259336741271706,0.2048418050482517,False,False,False,False,False,True,0.3949500495407011,0.7808342855964149,1.394189236113643,1.1416656400881946,-0.6552653735779002
TX001223,-0.2249964000882463,2023-07-10 18:00:56,1.1988558633191224,-1.5388645357554536,-0.2067936485059295,0.15403883845047114,2024-11-04 08:11:27,0.04600970052420427,-0.3121959219775753,-0.2259336741271706,-0.2554109805342242,True,False,False,False,False,False,1.282351234197446,1.8711376349116977,1.394189236113643,-0.41463016124217866,-0.18515114516176784
TX001224,-0.006076909954434398,2023-12-14 16:15:28,0.1307594558506213,-1.052801879432222,-0.2067936485059295,0.20087017893067632,2024-11-04 08:07:47,1.5214845777659163,-0.29338184150800733,-0.2259336741271706,1.1253473762132034,False,True,False,True,False,False,1.282351234197446,0.23568261093877343,-0.07773708545436095,-1.1927780619073654,0.12825834044898704
TX001225,0.018041919631513022,2023-07-03 18:56:03,0.5804842589952534,2.2209730705095425,-0.2067936485059295,0.03203377382358427,2024-11-04 08:12:06,-0.019449810898944916,-0.2783618724872039,-0.2259336741271706,1.5856001617956792,True,False,True,False,False,False,1.282351234197446,-0.30946906371886795,0.4129050217349737,-0.6091671364084753,1.5386010256973839
TX001226,-0.7417697317280614,2023-09-19 16:56:35,0.7491310601744904,-0.9098422746312717,-0.2067936485059295,0.6857674934083913,2024-11-04 08:07:17,0.713170304745455,-0.37145809938848284,-0.2259336741271706,0.2048418050482517,True,False,False,True,False,False,0.8386506418690736,-0.30946906371886795,-1.0590212998330302,-0.803704111574772,0.9117820544758742
TX001227,1.6376350302083242,2023-08-21 17:43:17,1.9296586684291497,0.5483456943384226,-0.2067936485059295,-0.31169518893449505,2024-11-04 08:08:12,0.4408065160459956,-0.0011656727058663235,-0.2259336741271706,0.2048418050482517,False,True,False,False,True,False,0.3949500495407011,0.7808342855964149,-0.07773708545436095,1.1416656400881946,0.2849630832543645
TX001228,-0.4082515413598831,2023-12-26 18:13:56,-1.0497681524040379,0.23383456377633172,-0.2067936485059295,-0.9997966768081972,2024-11-04 08:07:58,1.635082836206184,-0.10361299429469219,-0.2259336741271706,-1.1759165516991759,True,True,False,False,False,True,-1.3798523197727885,-0.30946906371886795,1.394189236113643,-1.1927780619073654,-1.28208434479941
TX001229,-0.29355006202216766,2023-09-18 16:51:04,-1.387061754762512,0.8771527853806086,-0.2067936485059295,-1.0735012327043911,2024-11-04 08:08:46,0.7037224369981734,0.05648674923900615,-0.2259336741271706,1.5856001617956792,True,False,True,False,False,True,1.282351234197446,-0.8546207383765094,2.3754734504923123,-1.387315037073662,-0.18515114516176784
TX001230,-0.9605864427585241,2023-12-25 17:18:58,-1.218414953583275,1.4203992836242203,-0.2067936485059295,-1.076913907994791,2024-11-04 08:06:59,1.6253282011336365,-0.35496107300922086,-0.2259336741271706,0.2048418050482517,True,False,True,False,False,True,-0.4924511351160437,0.23568261093877343,-1.0590212998330302,0.9471286649218978,0.9117820544758742
TX001231,-0.593973381111901,2023-05-19 17:57:36,-1.218414953583275,0.7484891410597533,-0.2067936485059295,1.1744979781033473,2024-11-04 08:08:04,-0.44290243805427604,-0.3667369953021563,-0.2259336741271706,-0.2554109805342242,True,False,False,False,False,True,1.282351234197446,-1.9449240876917921,-0.5683791926436955,1.3362026152544912,1.3818962828920065
TX001232,-0.8880929151962164,2023-09-01 16:07:38,1.0302090621398854,0.21953860329623667,-0.2067936485059295,0.905791463878025,2024-11-04 08:10:04,0.5435935931345364,-0.38318972656322753,-0.2259336741271706,-0.2554109805342242,True,False,False,False,False,False,-0.4924511351160437,-0.30946906371886795,-0.5683791926436955,-0.025556210909585365,-0.028446402356390392
TX001233,-0.09525491196042998,2023-10-03 16:15:25,0.41183745781601633,-1.4673847333549783,-0.2067936485059295,-0.9800103393055559,2024-11-04 08:07:59,0.8445272246179577,0.017985306966082713,-0.2259336741271706,-0.7156637661167,True,False,False,True,False,False,-1.823552912101161,1.3259859602540562,-0.5683791926436955,1.3362026152544912,-0.028446402356390392
TX001234,1.0546034366093864,2023-06-13 16:10:27,-1.330846154369433,-1.2386493656734576,-0.2067936485059295,-1.210708214533968,2024-11-04 08:09:40,-0.20855842749130316,2.6319699032259907,-0.2259336741271706,1.5856001617956792,True,False,False,False,False,True,1.282351234197446,-0.8546207383765094,-1.0590212998330302,-0.22009318607588202,0.2849630832543645
TX001235,-0.9812107828305984,2023-01-02 17:34:13,0.8615622609606484,-1.1385776423127922,-0.2067936485059295,1.2211959909238224,2024-11-04 08:12:22,-1.731179492412159,-0.3896808669671743,-0.2259336741271706,0.2048418050482517,True,False,False,True,False,False,1.282351234197446,0.7808342855964149,0.4129050217349737,-0.41463016124217866,-0.028446402356390392
TX001236,-0.9195433208210739,2023-01-25 17:39:15,0.7491310601744904,-1.1242816818326973,-0.2067936485059295,1.7808337146540958,2024-11-04 08:11:34,-1.514891660793758,-0.3871515816816495,-0.2259336741271706,0.6650945906307275,False,True,False,False,False,False,0.3949500495407011,-0.8546207383765094,-1.0590212998330302,0.9471286649218978,-0.6552653735779002
TX001237,1.3844558389581099,2023-06-30 16:57:37,0.9177778613537274,-0.7954745907905113,-0.2067936485059295,0.3920184550949131,2024-11-04 08:09:49,-0.04841467510565079,-0.18442384505892703,-0.2259336741271706,0.2048418050482517,False,False,True,False,True,False,0.3949500495407011,1.8711376349116977,-0.07773708545436095,-0.6091671364084753,0.2849630832543645
TX001238,1.9348036776919997,2023-05-25 16:16:02,0.6929154597814113,-0.681106906949751,-0.2067936485059295,1.227941857707475,2024-11-04 08:12:05,-0.3871788444351587,-0.2208567121707015,-0.2259336741271706,0.2048418050482517,True,True,False,False,False,False,0.8386506418690736,0.7808342855964149,-0.07773708545436095,1.1416656400881946,0.2849630832543645
TX001239,0.38842354840094034,2023-09-25 17:01:56,-1.274630553976354,-1.0670978399123172,-0.2067936485059295,-1.272479944884316,2024-11-04 08:11:11,0.7695927489367106,4.9052589899858825,-0.2259336741271706,-0.7156637661167,True,False,False,False,False,True,-0.4924511351160437,1.3259859602540562,-0.5683791926436955,3.6706463172500507,1.5386010256973839
TX001240,-0.8928892733525128,2023-08-23 17:22:49,-0.20653414650785276,-0.5810351835890857,-0.2067936485059295,-0.5803299113430397,2024-11-04 08:07:48,0.45947982074494215,-0.3664388056457239,-0.2259336741271706,-0.7156637661167,True,True,False,True,False,False,-0.4924511351160437,0.23568261093877343,-0.07773708545436095,-0.22009318607588202,-0.6552653735779002
TX001241,-0.5481681607192709,2023-01-03 16:27:16,-0.8249057508317219,-0.35229981590756504,-0.2067936485059295,1.4269564657957892,2024-11-04 08:11:30,-1.722208806190699,-0.3665980292089782,-0.2259336741271706,1.1253473762132034,True,False,False,False,False,False,0.3949500495407011,-0.8546207383765094,-0.07773708545436095,1.3362026152544912,-0.6552653735779002
TX001242,-0.4436075529120105,2023-05-19 16:44:53,0.35562185742293734,-1.5388645357554536,-0.2067936485059295,1.4198952278170052,2024-11-04 08:06:59,-0.4433701521245112,-0.36090423279987294,-0.2259336741271706,-0.7156637661167,False,False,True,False,False,False,-0.9361517274444162,0.23568261093877343,1.394189236113643,1.1416656400881946,-0.18515114516176784
TX001243,0.4569772103348617,2023-10-10 18:14:12,-1.162199353190196,-0.38089173686775507,-0.2067936485059295,-1.165348606297707,2024-11-04 08:11:00,0.9110982370912191,1.0928909990005038,-0.2259336741271706,-1.1759165516991759,True,True,False,False,False,True,-0.9361517274444162,-0.8546207383765094,-0.5683791926436955,0.16898076425671127,-1.28208434479941
TX001244,-0.9720291829314025,2023-12-11 18:32:40,-1.162199353190196,-1.4244968519146932,-0.2067936485059295,-1.0664861466078217,2024-11-04 08:07:47,1.494173906574949,-0.3633980837129416,-0.2259336741271706,0.6650945906307275,True,True,False,False,False,True,1.7260518265258185,1.8711376349116977,-1.0590212998330302,-1.970925962572552,-0.6552653735779002
TX001245,1.182255082969102,2023-05-25 16:45:31,1.7610118672499127,-0.7668826698303213,-0.2067936485059295,-0.8417854520738085,2024-11-04 08:10:37,-0.38697676322798635,0.2972174650692929,-0.2259336741271706,1.1253473762132034,True,False,False,False,True,False,2.613453011182563,0.23568261093877343,1.8848313433029775,0.7525916897556012,0.12825834044898704
TX001246,-0.4197628009349944,2023-11-23 16:59:11,-0.9373369516178799,0.7056012596194681,1.4528410002061958,1.0667076931984563,2024-11-04 08:12:07,1.3242963039905078,-0.35482607603107186,4.426077714458506,0.2048418050482517,True,False,True,True,False,False,-0.04875054278767131,-0.30946906371886795,-0.5683791926436955,0.5580547145893046,-0.6552653735779002
TX001247,0.017904880827047342,2023-11-03 16:50:20,-0.4876121484732478,0.7913770225000384,-0.2067936485059295,1.0948859812837266,2024-11-04 08:07:31,1.1362252987661563,-0.32851930680319963,-0.2259336741271706,0.6650945906307275,True,False,False,True,False,False,0.3949500495407011,0.7808342855964149,-1.0590212998330302,-0.803704111574772,0.12825834044898704
TX001248,4.62556060337425,2023-12-25 17:41:30,1.2550714637122016,-0.9670261165516518,-0.2067936485059295,-0.9308483287735297,2024-11-04 08:09:29,1.6254590043705892,1.7882336792133162,-0.2259336741271706,-0.2554109805342242,True,False,False,False,True,False,0.8386506418690736,-0.30946906371886795,0.9035471289243083,-0.41463016124217866,-1.28208434479941
TX001249,0.37417151273651683,2023-12-05 16:32:49,1.1988558633191224,-0.5095553811886104,-0.2067936485059295,-0.8066177178265326,2024-11-04 08:08:46,1.4369719752070778,0.01392150195529349,-0.2259336741271706,-0.7156637661167,True,False,True,False,True,False,-0.4924511351160437,1.3259859602540562,1.394189236113643,-0.803704111574772,-0.18515114516176784
TX001250,-0.14147124876645698,2023-04-05 16:21:59,0.4680530582090954,0.7484891410597533,-0.2067936485059295,-0.23364466412979043,2024-11-04 08:06:23,-0.8572109177903912,-0.27213415342279756,-0.2259336741271706,-0.2554109805342242,True,False,True,False,True,False,-0.9361517274444162,0.23568261093877343,1.8848313433029775,1.5307395904207879,-0.18515114516176784
TX001251,-0.7421808481414582,2023-09-27 17:47:10,-1.443277355155591,-0.32370789494737495,-0.2067936485059295,-1.0651759459516275,2024-11-04 08:06:25,0.7887235385010058,-0.22638671016805548,-0.2259336741271706,0.2048418050482517,False,False,True,False,False,True,-0.4924511351160437,-0.30946906371886795,0.9035471289243083,-0.22009318607588202,0.12825834044898704
TX001252,-0.6914079710869497,2023-03-23 17:09:53,-1.274630553976354,-1.3244251285540278,-0.2067936485059295,-1.2416556155520944,2024-11-04 08:09:16,-0.9791451076425142,0.29827085618015087,-0.2259336741271706,0.2048418050482517,True,False,True,False,False,True,0.3949500495407011,1.3259859602540562,0.4129050217349737,-0.41463016124217866,0.2849630832543645
TX001253,0.2807453077920873,2023-01-03 17:14:14,-0.20653414650785276,-0.02349272486537904,-0.2067936485059295,1.9120871036780318,2024-11-04 08:06:23,-1.7218687395388879,-0.33259987383487244,-0.2259336741271706,0.6650945906307275,False,True,False,False,False,False,2.613453011182563,0.23568261093877343,-1.0590212998330302,-0.025556210909585365,-0.18515114516176784
TX001254,2.0747545567525036,2023-07-06 17:52:32,-1.274630553976354,-0.7811786303104162,-0.2067936485059295,0.9006737329391531,2024-11-04 08:06:37,0.008377761602775466,-0.18625087574130658,-0.2259336741271706,0.2048418050482517,True,False,True,False,False,True,1.282351234197446,-0.30946906371886795,0.4129050217349737,1.3362026152544912,-2.0656080588262973
TX001255,-0.5324086982057258,2023-06-15 18:28:50,-1.49949295554867,-1.3244251285540278,4.772110297630446,-1.1768327329886918,2024-11-04 08:09:44,-0.1888509937068646,0.1397178482840152,4.426077714458506,0.6650945906307275,True,True,False,False,False,True,0.8386506418690736,-0.30946906371886795,-2.0403055142116995,1.1416656400881946,0.5983725688651194
TX001256,1.883790982729676,2023-06-19 16:24:14,-0.9373369516178799,0.7913770225000384,-0.2067936485059295,-1.2030213621518355,2024-11-04 08:09:30,-0.15205436730361285,3.5410639020625023,-0.2259336741271706,0.6650945906307275,True,True,False,False,False,True,0.3949500495407011,1.3259859602540562,0.9035471289243083,0.5580547145893046,0.12825834044898704
TX001257,-0.00826953082588411,2023-05-09 17:54:39,1.1988558633191224,-1.2672412866336478,-0.2067936485059295,2.0120238766261274,2024-11-04 08:07:53,-0.5369421302876022,-0.3471687904837568,-0.2259336741271706,-0.2554109805342242,False,True,False,False,False,False,-0.9361517274444162,-1.9449240876917921,1.394189236113643,0.5580547145893046,-1.5954938304101647
TX001258,-0.9563039801189738,2023-11-20 16:29:14,1.3112870641052805,1.33462352074365,-0.2067936485059295,0.3249341303030112,2024-11-04 08:10:17,1.2959062340413594,-0.3862242665581951,-0.2259336741271706,-0.7156637661167,True,True,False,False,True,False,-1.3798523197727885,1.3259859602540562,1.8848313433029775,-0.41463016124217866,1.3818962828920065
TX001259,1.0471005620648945,2023-08-24 17:34:13,-0.9373369516178799,-1.0242099584720321,-0.2067936485059295,-1.2810539390023457,2024-11-04 08:08:18,0.4689531526831114,9.568666904714531,-0.2259336741271706,0.2048418050482517,True,True,False,False,False,True,1.282351234197446,-0.30946906371886795,1.394189236113643,-0.6091671364084753,0.5983725688651194
TX001260,-0.8328320172954592,2023-11-22 16:59:09,0.6929154597814113,0.39109012905737717,-0.2067936485059295,-0.8715226481805383,2024-11-04 08:08:27,1.31491786425086,-0.32951868312235133,-0.2259336741271706,0.2048418050482517,False,True,False,False,True,False,-0.4924511351160437,0.23568261093877343,-0.07773708545436095,-1.5818520122399586,1.2251915400866291
TX001261,0.40144223482517316,2024-01-01 17:37:04,-0.8811213512248008,2.2066771100294478,-0.2067936485059295,0.12448368587914214,2024-11-04 08:08:05,1.691254338413735,-0.24641680262639282,-0.2259336741271706,0.6650945906307275,True,False,True,False,False,False,0.3949500495407011,-0.30946906371886795,1.8848313433029775,1.3362026152544912,-0.3418558879671453
TX001262,2.0165130648546192,2023-08-21 17:32:04,0.9177778613537274,-0.7239947883900362,-0.2067936485059295,0.7153380299404585,2024-11-04 08:08:29,0.44073142932927567,-0.17167096091446732,-0.2259336741271706,0.2048418050482517,True,True,False,False,True,False,0.8386506418690736,0.23568261093877343,-0.07773708545436095,-0.6091671364084753,0.12825834044898704
TX001263,0.4879822398452058,2023-11-29 16:11:50,0.2431906566367793,-0.4523715392682303,-0.2067936485059295,-0.9291560930923398,2024-11-04 08:10:19,1.380411872035169,0.18772497709908853,-0.2259336741271706,0.2048418050482517,True,False,True,True,False,False,1.282351234197446,-0.8546207383765094,-0.5683791926436955,-0.22009318607588202,-0.028446402356390392
TX001264,-0.8980624882210896,2023-03-23 16:16:29,0.6366998593883324,2.363932675310493,-0.2067936485059295,-0.9183155287588983,2024-11-04 08:07:26,-0.9794818008331395,-0.346484189333517,-0.2259336741271706,-0.2554109805342242,True,False,False,False,True,False,-1.3798523197727885,-0.30946906371886795,-0.07773708545436095,1.1416656400881946,-0.6552653735779002
TX001265,-0.7578375315516542,2023-01-13 17:19:33,-1.49949295554867,1.4203992836242203,-0.2067936485059295,0.22093855571351612,2024-11-04 08:10:09,-1.627836991262548,-0.36679741989115205,-0.2259336741271706,-1.1759165516991759,True,True,False,False,False,True,-0.4924511351160437,-0.30946906371886795,-0.5683791926436955,0.7525916897556012,0.4416678260597419
TX001266,1.0220224608476878,2023-08-10 18:39:04,-1.443277355155591,0.6055295362588028,-0.2067936485059295,-0.8821529650505592,2024-11-04 08:10:21,0.33773291239930464,0.3071359342378054,-0.2259336741271706,0.6650945906307275,False,False,False,False,False,True,0.8386506418690736,-0.30946906371886795,3.847399772060316,-0.22009318607588202,-0.028446402356390392
TX001267,-0.9988887886066621,2023-08-09 18:42:25,1.7610118672499127,-0.7096988279099411,-0.2067936485059295,-0.46756547913283286,2024-11-04 08:09:27,0.32835849904881426,-0.38830747381682307,-0.2259336741271706,0.6650945906307275,True,True,False,False,True,False,-0.4924511351160437,-0.8546207383765094,-0.5683791926436955,-0.803704111574772,0.12825834044898704
TX001268,-0.1653160007434731,2023-08-15 17:21:47,-1.0497681524040379,1.1058881530621294,-0.2067936485059295,-0.534165209161485,2024-11-04 08:07:57,0.3842547921163874,-0.23034318268199117,-0.2259336741271706,-0.7156637661167,True,False,False,True,False,False,-0.9361517274444162,0.23568261093877343,1.8848313433029775,0.7525916897556012,1.3818962828920065
TX001269,0.42456753307874484,2023-08-15 17:35:08,-1.387061754762512,-0.7525867093502262,-0.2067936485059295,-1.2164720718238398,2024-11-04 08:10:21,0.38432628772926425,1.8410670752639,-0.2259336741271706,0.6650945906307275,True,True,False,False,False,True,-0.04875054278767131,0.23568261093877343,-1.0590212998330302,0.5580547145893046,-0.028446402356390392
TX001270,-0.3694010402938827,2023-02-27 16:08:40,0.7491310601744904,-1.367313009994313,-0.2067936485059295,0.3733320707850452,2024-11-04 08:11:28,-1.2052110797404363,-0.3351718172983698,-0.2259336741271706,-1.1759165516991759,True,True,False,True,False,False,-0.4924511351160437,0.7808342855964149,0.4129050217349737,-0.025556210909585365,-0.028446402356390392
TX001271,-0.7688006359089029,2023-10-18 16:20:15,1.7610118672499127,1.33462352074365,-0.2067936485059295,-0.7305645439243235,2024-11-04 08:10:26,0.9855752279071175,-0.3284506150394258,-0.2259336741271706,-0.2554109805342242,True,True,False,False,True,False,-0.9361517274444162,-1.399772413034151,1.8848313433029775,0.9471286649218978,0.2849630832543645
TX001272,-0.37501963127697274,2023-06-02 18:12:29,1.7047962668568335,1.1201841135422244,-0.2067936485059295,-0.02164855717198416,2024-11-04 08:10:08,-0.3111884754027036,-0.3184397085294475,-0.2259336741271706,1.1253473762132034,False,False,True,False,True,False,0.8386506418690736,-1.399772413034151,-0.07773708545436095,0.9471286649218978,0.12825834044898704
TX001273,-0.9149867805725924,2023-05-19 17:19:00,0.9739934617468065,0.03369111705500113,-0.2067936485059295,1.8495205353562156,2024-11-04 08:07:18,-0.44314946247015174,-0.3870429603552948,-0.2259336741271706,1.1253473762132034,True,True,False,False,False,False,1.282351234197446,-0.30946906371886795,-1.5496634070223647,1.1416656400881946,0.12825834044898704
TX001274,3.2138896188728863,2023-05-24 16:14:34,-1.387061754762512,-0.02349272486537904,-0.2067936485059295,-1.2035521087972996,2024-11-04 08:09:22,-0.3965728456247934,5.37104540706959,-0.2259336741271706,0.6650945906307275,False,True,False,False,False,True,0.3949500495407011,0.23568261093877343,-0.5683791926436955,-0.025556210909585365,-0.028446402356390392
TX001275,2.9524880993547353,2023-10-12 16:29:49,-0.20653414650785276,0.4339780104976623,-0.2067936485059295,0.35517130513372885,2024-11-04 08:06:27,0.9292507229115836,-0.04151278542168852,-0.2259336741271706,0.2048418050482517,True,False,True,False,False,False,0.3949500495407011,-0.30946906371886795,2.3754734504923123,0.9471286649218978,1.3818962828920065
TX001276,-0.43631023657421675,2023-06-05 16:24:12,0.9739934617468065,0.19094668233604659,-0.2067936485059295,0.015047317175275486,2024-11-04 08:08:04,-0.2836755053619069,-0.3272648787606005,-0.2259336741271706,-1.1759165516991759,True,True,False,False,True,False,-2.2672535044295334,0.7808342855964149,0.4129050217349737,-0.41463016124217866,-0.3418558879671453
TX001277,-0.8255689606587818,2023-02-27 17:59:36,0.5242686586021743,0.019395156574906088,-0.2067936485059295,0.9914442292808027,2024-11-04 08:08:45,-1.2044690271008518,-0.37952219133755755,-0.2259336741271706,-0.2554109805342242,True,True,False,False,False,False,-0.9361517274444162,-1.399772413034151,-0.5683791926436955,-2.1654629377388486,-0.028446402356390392
TX001278,-0.8374913366472899,2023-04-21 17:19:56,-0.6000433492594058,-0.7096988279099411,-0.2067936485059295,0.7180968868994895,2024-11-04 08:07:15,-0.7064036001115549,-0.37871800364980507,-0.2259336741271706,-0.7156637661167,True,False,False,False,False,False,-0.9361517274444162,0.23568261093877343,-1.5496634070223647,0.5580547145893046,-0.6552653735779002
TX001279,0.9922850402786505,2023-07-31 17:54:28,-0.9935525520109589,0.34820224761709206,-0.2067936485059295,-1.182888885532587,2024-11-04 08:09:21,0.24342660791095846,1.9069843478501454,-0.2259336741271706,0.6650945906307275,True,False,True,False,False,True,1.7260518265258185,-0.8546207383765094,-0.5683791926436955,0.5580547145893046,0.9117820544758742
TX001280,-0.5188418565636304,2023-01-06 17:52:11,-0.09410294572169475,-0.6382190255094659,-0.2067936485059295,2.2230072061686754,2024-11-04 08:06:59,-1.6934183825737064,-0.3710780264213386,-0.2259336741271706,0.2048418050482517,True,True,False,False,False,False,1.282351234197446,0.23568261093877343,-0.5683791926436955,-0.803704111574772,-0.6552653735779002
TX001281,-0.9466770041052647,2023-07-24 17:01:19,0.9739934617468065,-0.08067656678575921,-0.2067936485059295,0.5842025846155147,2024-11-04 08:09:54,0.1772608460653276,-0.3862547175919798,-0.2259336741271706,-0.7156637661167,False,False,True,False,True,False,-1.3798523197727885,0.23568261093877343,0.9035471289243083,1.1416656400881946,-0.18515114516176784
TX001282,3.768554179947442,2023-11-13 17:28:12,-1.0497681524040379,0.34820224761709206,-0.2067936485059295,-1.020344520367374,2024-11-04 08:06:38,1.2304999362478857,2.0255414615244276,-0.2259336741271706,0.2048418050482517,False,False,False,False,False,True,0.3949500495407011,-0.8546207383765094,-1.0590212998330302,-0.803704111574772,-0.028446402356390392
TX001283,-0.7591051404929611,2023-07-12 16:58:17,-0.6000433492594058,0.9915204692213689,-0.2067936485059295,2.4745375282299196,2024-11-04 08:11:51,0.064402355016744,-0.3817922490886441,-0.2259336741271706,-1.1759165516991759,False,False,True,False,False,False,-0.4924511351160437,-0.8546207383765094,-0.5683791926436955,-0.22009318607588202,-2.8491317728531844
TX001284,-0.4364815350797988,2023-07-07 17:40:58,-0.9935525520109589,0.5197537733782326,6.431744946342571,-1.1200633538716798,2024-11-04 08:12:16,0.017667511959630924,0.05577022217387549,4.426077714458506,-0.2554109805342242,False,True,False,False,False,True,-0.4924511351160437,0.7808342855964149,-0.07773708545436095,-1.970925962572552,1.5386010256973839
TX001285,-0.4867747763186777,2023-08-21 18:51:06,1.3112870641052805,-1.4959766543151685,-0.2067936485059295,0.06304527467811928,2024-11-04 08:08:23,0.44124811299737166,-0.3349198075572958,-0.2259336741271706,0.6650945906307275,True,False,False,False,False,False,-0.04875054278767131,0.7808342855964149,0.9035471289243083,-0.6091671364084753,-0.028446402356390392
TX001286,-0.5565275277916731,2023-03-20 17:13:09,1.5361494656775965,-0.995618037511842,-0.2067936485059295,0.1958473157496898,2024-11-04 08:10:37,-1.007339081557562,-0.3467439112776153,-0.2259336741271706,-0.7156637661167,True,False,True,False,True,False,-0.9361517274444162,-0.8546207383765094,1.394189236113643,0.5580547145893046,0.12825834044898704
TX001287,-0.8842900883722956,2023-05-26 16:47:51,0.6366998593883324,-1.1671695632729824,-0.2067936485059295,0.19876257630955801,2024-11-04 08:11:50,-0.3775673094096933,-0.37873898651010945,-0.2259336741271706,1.1253473762132034,True,False,False,False,True,False,2.169752418854191,-0.8546207383765094,0.9035471289243083,-0.6091671364084753,0.9117820544758742
TX001288,0.5278947916458148,2023-04-18 18:55:32,-0.6562589496524849,-1.4959766543151685,-0.2067936485059295,-0.18787994492742618,2024-11-04 08:09:51,-0.7340028654659153,-0.18942720959201165,-0.2259336741271706,-0.7156637661167,True,False,True,True,False,False,0.8386506418690736,0.23568261093877343,-0.5683791926436955,-2.1654629377388486,0.5983725688651194
TX001289,-0.9540770995464075,2023-09-18 16:31:03,0.2431906566367793,0.5769376152986128,-0.2067936485059295,0.8625676621909016,2024-11-04 08:11:45,0.7035722635647335,-0.38747877923492613,-0.2259336741271706,-0.2554109805342242,False,False,True,True,False,False,-0.9361517274444162,-0.8546207383765094,-1.0590212998330302,0.5580547145893046,0.12825834044898704
TX001290,0.19667200125243553,2023-08-29 16:50:17,-1.0497681524040379,-1.2386493656734576,-0.2067936485059295,-1.2637495471654494,2024-11-04 08:10:34,0.5156623139066797,3.348292971153252,-0.2259336741271706,-1.1759165516991759,False,False,True,False,False,True,-1.823552912101161,-0.30946906371886795,-0.07773708545436095,-0.41463016124217866,1.6953057685027615
TX001291,0.4457057686675652,2023-03-28 16:02:03,-0.09410294572169475,1.663430611785836,-0.2067936485059295,-0.6847818767677647,2024-11-04 08:11:53,-0.9325942814520292,-0.04818438548584427,-0.2259336741271706,1.1253473762132034,True,False,False,True,False,False,0.8386506418690736,-0.8546207383765094,-0.07773708545436095,0.7525916897556012,-0.028446402356390392
TX001292,-0.14640464572721892,2023-01-26 17:21:46,-1.218414953583275,-0.2522280925468997,-0.2067936485059295,-1.1318500317905138,2024-11-04 08:11:39,-1.5056041956848025,0.32245997168162405,-0.2259336741271706,0.2048418050482517,True,True,False,False,False,True,1.282351234197446,-1.9449240876917921,-0.07773708545436095,1.3362026152544912,0.2849630832543645
TX001293,-0.9528094906051007,2023-07-10 16:01:03,-0.9935525520109589,-0.08067656678575921,-0.2067936485059295,-0.09607615922286823,2024-11-04 08:08:46,0.04524446894163246,-0.383833430228108,-0.2259336741271706,0.2048418050482517,True,False,False,True,False,False,-0.04875054278767131,1.3259859602540562,0.4129050217349737,0.9471286649218978,-1.5954938304101647
TX001294,-0.3680306522492267,2023-06-09 17:41:13,0.2431906566367793,2.078013465708592,-0.2067936485059295,1.9946707689135605,2024-11-04 08:08:48,-0.24556877898388524,-0.3629328660363439,-0.2259336741271706,1.1253473762132034,True,False,False,False,False,False,0.3949500495407011,-1.399772413034151,-1.5496634070223647,-0.41463016124217866,-1.28208434479941
TX001295,-0.7064822395781668,2023-04-03 16:41:47,1.1426402629260435,0.8485608644204186,-0.2067936485059295,-0.6952839939649681,2024-11-04 08:06:39,-0.8758877047718523,-0.31721543143246095,-0.2259336741271706,-0.2554109805342242,True,False,False,False,True,False,-0.04875054278767131,-0.30946906371886795,0.4129050217349737,1.3362026152544912,0.12825834044898704
TX001296,-0.3116391842116282,2023-12-07 16:11:01,0.8053466605675694,0.11946687993557138,-0.2067936485059295,0.6441333676642044,2024-11-04 08:10:42,1.4556213392137367,-0.3386851547787412,-0.2259336741271706,1.1253473762132034,False,False,True,False,True,False,1.282351234197446,-0.30946906371886795,-0.5683791926436955,-1.5818520122399586,1.3818962828920065
TX001297,-0.7001784545727487,2023-04-07 17:11:35,0.41183745781601633,-0.9670261165516518,-0.2067936485059295,-1.0511534657388575,2024-11-04 08:09:41,-0.8381042865610406,-0.21158427848735306,-0.2259336741271706,1.1253473762132034,True,False,True,False,True,False,0.8386506418690736,-0.30946906371886795,0.4129050217349737,-0.025556210909585365,1.3818962828920065
TX001298,0.8578157133967708,2023-10-24 17:04:59,-0.9373369516178799,0.7341931805796582,-0.2067936485059295,-0.9629751667815765,2024-11-04 08:09:19,1.0422875721177092,0.39995304307652757,-0.2259336741271706,0.6650945906307275,True,False,False,False,False,True,1.282351234197446,0.23568261093877343,0.4129050217349737,1.1416656400881946,1.3818962828920065
TX001299,1.176705011388245,2023-12-11 16:09:08,-1.218414953583275,-1.353017049514218,-0.2067936485059295,-0.9005188501783834,2024-11-04 08:07:21,1.4932395666477645,0.3937005555248917,-0.2259336741271706,-0.2554109805342242,True,False,False,False,False,True,-0.9361517274444162,-0.30946906371886795,-0.07773708545436095,-0.22009318607588202,0.12825834044898704
TX001300,0.05809151023658752,2023-04-25 17:15:27,-0.9935525520109589,-1.4387928123947882,1.4528410002061958,-1.027754461456221,2024-11-04 08:07:16,-0.6688243307131586,0.1663845828866812,4.426077714458506,0.6650945906307275,False,True,False,False,False,True,2.169752418854191,-0.30946906371886795,0.4129050217349737,1.1416656400881946,-1.5954938304101647
TX001301,1.8461053115016333,2023-02-27 16:02:00,0.9177778613537274,-0.8097705512706064,-0.2067936485059295,-0.8672484710888053,2024-11-04 08:12:12,-1.2052593964103255,0.5563905844039226,-0.2259336741271706,-0.7156637661167,True,False,True,False,True,False,-1.3798523197727885,-0.30946906371886795,-0.5683791926436955,-0.41463016124217866,-0.6552653735779002
TX001302,2.7321982211762665,2023-04-17 17:27:15,-0.8811213512248008,-0.9670261165516518,-0.2067936485059295,0.9174396861502158,2024-11-04 08:11:57,-0.7439951663200807,-0.1444309818556144,-0.2259336741271706,0.6650945906307275,True,False,False,True,False,False,0.8386506418690736,0.23568261093877343,-1.5496634070223647,-0.9982410867410686,-0.3418558879671453
TX001303,-0.37049735072960766,2023-03-21 17:12:03,0.4680530582090954,-0.8240665117507014,-0.2067936485059295,1.9138793351040193,2024-11-04 08:09:31,-0.9979369187682839,-0.3623195759201419,-0.2259336741271706,0.6650945906307275,False,True,False,False,False,False,0.8386506418690736,0.23568261093877343,-0.5683791926436955,-0.9982410867410686,0.2849630832543645
TX001304,-0.7049062933268123,2023-07-05 17:21:56,1.2550714637122016,-0.5667392231089906,-0.2067936485059295,-0.8722431303417723,2024-11-04 08:08:32,-0.0012367115985615442,-0.2866021127629709,-0.2259336741271706,-0.2554109805342242,False,True,False,False,True,False,0.8386506418690736,-0.30946906371886795,-1.5496634070223647,-1.5818520122399586,0.2849630832543645
TX001305,1.0686499140671115,2023-07-28 16:03:27,1.8734430680360705,0.7056012596194681,-0.2067936485059295,-0.4177445222825251,2024-11-04 08:08:19,0.21450200759582705,-0.04840205021002227,-0.2259336741271706,0.6650945906307275,True,False,False,False,True,False,-0.04875054278767131,-0.30946906371886795,-0.07773708545436095,-0.9982410867410686,-1.7521985732155423
TX001306,1.9243887285526127,2023-08-01 17:18:04,1.8734430680360705,-0.7382907488701311,-0.2067936485059295,-1.0172702922132122,2024-11-04 08:06:56,0.25260688401126286,1.0789203986675429,-0.2259336741271706,0.2048418050482517,False,True,False,False,True,False,-0.9361517274444162,-1.399772413034151,1.8848313433029775,1.5307395904207879,0.12825834044898704
TX001307,-0.6769161175147115,2023-06-29 16:06:51,0.2994062570298583,-0.8097705512706064,-0.2067936485059295,0.32788785076472454,2024-11-04 08:09:27,-0.058145913592553715,-0.361178110855829,-0.2259336741271706,-1.1759165516991759,True,False,False,False,False,False,-1.3798523197727885,0.7808342855964149,-0.5683791926436955,-0.41463016124217866,1.2251915400866291
TX001308,-0.9209479685668462,2023-08-07 16:08:04,-0.2627497469009318,-0.9813220770317469,-0.2067936485059295,-1.136811359128548,2024-11-04 08:11:39,0.30853201473090963,-0.3089464328278065,-0.2259336741271706,-0.7156637661167,False,False,True,False,False,False,-0.4924511351160437,-0.30946906371886795,0.9035471289243083,0.3635177394230079,1.2251915400866291
TX001309,-0.638990628378854,2023-05-15 17:46:13,1.4237182648914386,-0.5238513416687055,-0.2067936485059295,0.49306543720960744,2024-11-04 08:10:59,-0.48060445791131007,-0.3609007127976259,-0.2259336741271706,1.1253473762132034,True,False,True,False,False,False,0.8386506418690736,0.7808342855964149,-0.07773708545436095,0.5580547145893046,0.12825834044898704
TX001310,0.5939474953982387,2023-03-10 16:22:05,1.3675026644983594,0.062283038015191215,1.4528410002061958,2.0195876573223552,2024-11-04 08:11:10,-1.101697729104955,-0.3206895870279807,4.426077714458506,-0.7156637661167,False,False,True,False,False,False,-0.9361517274444162,-0.8546207383765094,1.394189236113643,-0.22009318607588202,-0.18515114516176784
TX001311,-0.8406089694488825,2023-09-11 18:08:19,-0.9373369516178799,-0.33800385542746997,-0.2067936485059295,-1.2843794385152294,2024-11-04 08:08:11,0.6384154930776927,0.5760338969467986,-0.2259336741271706,1.1253473762132034,False,True,False,False,False,True,1.282351234197446,0.23568261093877343,-0.5683791926436955,-0.803704111574772,-0.3418558879671453
TX001312,-0.7501976182026964,2023-07-31 16:46:29,-0.7124745500455638,-0.9670261165516518,-0.2067936485059295,-0.96238288429316,2024-11-04 08:08:12,0.24299023438335424,-0.27848911894890005,-0.2259336741271706,0.6650945906307275,True,True,False,False,False,False,0.8386506418690736,-0.8546207383765094,-1.5496634070223647,0.16898076425671127,1.3818962828920065
TX001313,-0.8558202767445653,2023-09-15 17:00:20,-1.105983752797117,-1.1814655237530776,-0.2067936485059295,-0.888265525450494,2024-11-04 08:11:55,0.6755558860579275,-0.33503596261576735,-0.2259336741271706,-1.1759165516991759,True,True,False,False,False,True,-1.823552912101161,1.8711376349116977,-1.0590212998330302,-0.9982410867410686,0.4416678260597419
TX001314,0.12462384980464121,2023-03-22 16:18:37,0.41183745781601633,-1.0670978399123172,-0.2067936485059295,0.03155174305379073,2024-11-04 08:11:48,-0.9888985456804473,-0.26665356254555667,-0.2259336741271706,-0.2554109805342242,True,True,False,False,False,False,-0.4924511351160437,-0.8546207383765094,0.4129050217349737,-0.025556210909585365,0.12825834044898704
TX001315,-0.9137876910335182,2023-07-12 16:50:42,-0.6562589496524849,2.5068922801114435,-0.2067936485059295,2.3676805369431393,2024-11-04 08:10:43,0.0643602411625837,-0.3876799730483925,-0.2259336741271706,0.2048418050482517,True,False,False,False,False,False,0.3949500495407011,-0.30946906371886795,-1.0590212998330302,0.9471286649218978,0.12825834044898704
TX001316,1.4143645580327289,2023-03-08 17:07:21,1.2550714637122016,-0.06638060630566417,-0.2067936485059295,0.1310834050357831,2024-11-04 08:08:42,-1.1201903903984594,-0.14384766581897415,-0.2259336741271706,-0.2554109805342242,True,False,True,False,True,False,-0.4924511351160437,-0.8546207383765094,-0.5683791926436955,0.5580547145893046,-0.028446402356390392
TX001317,-0.2650459906933208,2023-09-18 18:35:23,-0.20653414650785276,-1.0242099584720321,-0.2067936485059295,-0.42979785552081945,2024-11-04 08:06:33,0.7044180229304542,-0.2660957996174025,-0.2259336741271706,0.6650945906307275,True,False,False,True,False,False,-0.04875054278767131,2.416289309569339,0.4129050217349737,0.16898076425671127,-0.6552653735779002
TX001318,-0.9260869237343067,2023-12-25 16:30:45,-0.8811213512248008,-0.33800385542746997,-0.2067936485059295,1.4240258212751826,2024-11-04 08:09:42,1.6249956431534973,-0.38688310709140494,-0.2259336741271706,1.1253473762132034,True,False,False,False,False,False,0.8386506418690736,0.7808342855964149,-0.07773708545436095,1.1416656400881946,0.2849630832543645
TX001319,-0.6717429026461348,2023-08-09 16:22:25,0.2431906566367793,-0.3094119344672799,-0.2067936485059295,-0.7936592948981471,2024-11-04 08:08:38,0.3274497321338459,-0.293165467997362,-0.2259336741271706,1.1253473762132034,True,False,False,True,False,False,-0.04875054278767131,0.23568261093877343,-1.0590212998330302,-0.9982410867410686,1.2251915400866291
TX001320,-0.4623133497215663,2023-05-11 17:15:10,0.8053466605675694,0.39109012905737717,-0.2067936485059295,1.1247334291090794,2024-11-04 08:11:20,-0.5184181284514668,-0.35827716167206297,-0.2259336741271706,-0.7156637661167,True,False,False,True,False,False,-0.9361517274444162,-1.399772413034151,0.4129050217349737,0.7525916897556012,-0.18515114516176784
TX001321,-0.9835061828053974,2023-07-19 17:38:50,0.5804842589952534,-1.2815372471137427,-0.2067936485059295,-0.6772309160388184,2024-11-04 08:11:06,0.13048715379391163,-0.3835523990052731,-0.2259336741271706,0.2048418050482517,True,False,False,False,True,False,0.3949500495407011,0.7808342855964149,-1.0590212998330302,0.7525916897556012,0.2849630832543645
TX001322,-0.09206875975660452,2023-03-27 17:25:32,-0.3751809476870898,-1.1814655237530776,-0.2067936485059295,0.36105310612259245,2024-11-04 08:12:10,-0.941453208169038,-0.31037644956292865,-0.2259336741271706,0.6650945906307275,True,True,False,False,False,False,0.3949500495407011,0.23568261093877343,-0.07773708545436095,-1.387315037073662,1.5386010256973839
TX001323,-0.3263365959905648,2023-01-10 16:32:06,-1.387061754762512,0.20524264281614163,-0.2067936485059295,-0.9976121543833883,2024-11-04 08:11:25,-1.6563615643738208,-0.06725588766261154,-0.2259336741271706,-1.1759165516991759,True,False,True,False,False,True,-1.3798523197727885,-0.8546207383765094,-0.5683791926436955,-0.41463016124217866,-0.18515114516176784
TX001324,-0.17134570813995992,2023-05-29 18:40:32,-0.31896534729401077,0.4625699314578524,-0.2067936485059295,-1.1116355073806623,2024-11-04 08:07:18,-0.34859548063795837,0.23188751018709874,-0.2259336741271706,1.5856001617956792,True,False,False,True,False,False,1.282351234197446,0.7808342855964149,-0.5683791926436955,1.1416656400881946,-0.028446402356390392
TX001325,1.3312505231243366,2023-10-03 17:27:25,0.9177778613537274,-0.33800385542746997,-0.2067936485059295,-0.7353925436026276,2024-11-04 08:07:37,0.8449997268266504,0.20798833420331744,-0.2259336741271706,0.6650945906307275,True,False,False,False,True,False,-0.04875054278767131,0.23568261093877343,-2.0403055142116995,-0.025556210909585365,0.4416678260597419
TX001326,0.2126027622715626,2023-01-12 17:58:56,-1.105983752797117,2.4211165172308733,-0.2067936485059295,-1.2550165854531266,2024-11-04 08:09:04,-1.6369749358660348,2.812058563749061,-0.2259336741271706,0.6650945906307275,False,False,True,False,False,True,1.282351234197446,1.3259859602540562,0.9035471289243083,-0.22009318607588202,0.12825834044898704
TX001327,-0.642999013409473,2023-05-01 16:23:22,-0.3751809476870898,-0.42377961830804023,-0.2067936485059295,1.9952374114674132,2024-11-04 08:10:57,-0.6127754701429169,-0.3751638142728893,-0.2259336741271706,1.1253473762132034,True,True,False,False,False,False,1.282351234197446,-0.30946906371886795,2.3754734504923123,0.16898076425671127,0.2849630832543645
TX001328,-0.2804971158968183,2023-10-11 18:04:39,-0.8249057508317219,0.24813052425642676,-0.2067936485059295,0.9186293791139618,2024-11-04 08:11:54,0.9204321689074778,-0.34318260403061146,-0.2259336741271706,-0.2554109805342242,False,True,False,True,False,False,0.3949500495407011,0.7808342855964149,-1.5496634070223647,-0.41463016124217866,-0.8119701163832775
TX001329,0.6617817036087157,2023-01-19 16:28:08,1.1988558633191224,0.5197537733782326,-0.2067936485059295,0.3332696730296,2024-11-04 08:09:44,-1.5717570077923324,-0.24161279799090188,-0.2259336741271706,-0.7156637661167,True,False,True,False,True,False,-0.4924511351160437,0.7808342855964149,-0.5683791926436955,-0.025556210909585365,-0.8119701163832775
TX001330,-0.2511708117411778,2023-02-15 16:50:13,1.0864246625329645,-0.7382907488701311,-0.2067936485059295,0.16748185614210637,2024-11-04 08:10:52,-1.3177618240717968,-0.31552239717361874,-0.2259336741271706,0.6650945906307275,True,False,True,False,True,False,0.8386506418690736,-0.8546207383765094,0.4129050217349737,1.1416656400881946,0.12825834044898704
TX001331,1.084101039270609,2023-05-08 16:37:14,1.3112870641052805,-0.9813220770317469,-0.2067936485059295,-0.5893192724009975,2024-11-04 08:08:12,-0.5468518357533757,0.036345917157064894,-0.2259336741271706,0.6650945906307275,True,False,False,False,True,False,-0.04875054278767131,-0.30946906371886795,-0.5683791926436955,-0.9982410867410686,-1.5954938304101647
TX001332,1.066148955885614,2023-11-03 18:37:18,0.5804842589952534,0.5340497338583277,-0.2067936485059295,-0.544369903117752,2024-11-04 08:12:18,1.1368924823316777,0.007814302223008636,-0.2259336741271706,-0.7156637661167,True,False,True,True,False,False,-1.3798523197727885,-0.30946906371886795,-0.5683791926436955,1.1416656400881946,1.6953057685027615
TX001333,-0.3804326640533643,2023-06-21 16:49:10,0.1869750562437003,2.406820556750778,-0.2067936485059295,-1.253703820803476,2024-11-04 08:07:18,-0.13307288060212885,1.232277832616879,-0.2259336741271706,-0.7156637661167,True,True,False,True,False,False,-0.9361517274444162,-1.9449240876917921,-0.5683791926436955,-0.025556210909585365,1.2251915400866291
TX001334,1.8588156606158186,2023-03-20 16:35:53,-1.387061754762512,-0.7382907488701311,-0.2067936485059295,-0.9941994790929884,2024-11-04 08:12:12,-1.0075927440744812,0.9416178979295181,-0.2259336741271706,-1.1759165516991759,False,True,False,False,False,True,-1.823552912101161,-1.399772413034151,-1.0590212998330302,1.3362026152544912,0.12825834044898704
TX001335,-0.32291062587892455,2023-12-20 17:13:50,0.8615622609606484,-0.7668826698303213,-0.2067936485059295,2.1723914113469,2024-11-04 08:09:43,1.578266023520156,-0.3625066692339001,-0.2259336741271706,1.1253473762132034,True,False,False,False,False,False,2.169752418854191,-0.30946906371886795,-0.5683791926436955,-0.41463016124217866,-0.6552653735779002
TX001336,-0.708195224633987,2023-11-20 17:08:33,-1.0497681524040379,2.349636714830398,-0.2067936485059295,0.5135799488538518,2024-11-04 08:10:50,1.2961593524516357,-0.36682424776713335,-0.2259336741271706,0.2048418050482517,True,False,False,True,False,False,-0.4924511351160437,-1.399772413034151,-0.07773708545436095,0.16898076425671127,0.12825834044898704
TX001337,-0.8136123249691574,2023-11-27 17:39:39,0.9177778613537274,0.03369111705500113,-0.2067936485059295,0.543968399298494,2024-11-04 08:08:09,1.362195072809614,-0.37558820877623816,-0.2259336741271706,-0.2554109805342242,False,True,False,False,True,False,-0.4924511351160437,-0.8546207383765094,-1.0590212998330302,-0.22009318607588202,-2.8491317728531844
TX001338,0.3300107579974741,2023-05-16 16:57:35,1.5361494656775965,-1.038505918952127,-0.2067936485059295,0.5651905731366906,2024-11-04 08:12:07,-0.4715272356091706,-0.28617748288717476,-0.2259336741271706,0.6650945906307275,True,True,False,False,True,False,0.3949500495407011,1.3259859602540562,-1.0590212998330302,-0.41463016124217866,0.5983725688651194
TX001339,-0.9531178279151483,2023-11-17 16:39:20,-0.09410294572169475,-1.0670978399123172,-0.2067936485059295,1.2136142622733999,2024-11-04 08:11:24,1.2677584003696294,-0.388038443293898,-0.2259336741271706,1.1253473762132034,True,False,False,False,False,False,0.8386506418690736,-0.30946906371886795,0.4129050217349737,0.5580547145893046,0.12825834044898704
TX001340,0.8901226115495382,2023-04-14 16:52:23,1.9858742688222286,-1.009913997991937,-0.2067936485059295,-0.5501183764468853,2024-11-04 08:09:54,-0.7724159238838886,-0.023157899421993654,-0.2259336741271706,0.2048418050482517,False,False,True,False,True,False,0.3949500495407011,-0.30946906371886795,-0.5683791926436955,-0.22009318607588202,-1.7521985732155423
TX001341,-0.8240272741085437,2023-08-25 16:30:02,-0.7686901504386429,-0.29511597398718487,-0.2067936485059295,1.0792892090887583,2024-11-04 08:11:35,0.4779148067342993,-0.37988240332268625,-0.2259336741271706,-0.7156637661167,False,False,True,False,False,False,-0.4924511351160437,0.23568261093877343,-0.5683791926436955,-1.387315037073662,0.2849630832543645
TX001342,0.3346358176481883,2023-08-07 16:38:52,-1.49949295554867,0.677009338659278,-0.2067936485059295,-0.8589949761528196,2024-11-04 08:08:21,0.3087546631691835,0.04804515096086643,-0.2259336741271706,1.5856001617956792,False,False,True,False,False,True,0.8386506418690736,0.23568261093877343,0.4129050217349737,-0.22009318607588202,0.7550773116704967
TX001343,-0.029270727610238818,2023-06-09 17:58:00,1.7047962668568335,-0.052084645825569126,-0.2067936485059295,0.1459391831218662,2024-11-04 08:11:58,-0.24547987195843568,-0.2920083645166821,-0.2259336741271706,-0.7156637661167,True,False,False,False,True,False,0.8386506418690736,0.7808342855964149,0.4129050217349737,0.7525916897556012,-0.18515114516176784
TX001344,-0.8615759065321208,2023-03-27 17:07:20,-0.6562589496524849,1.6205427303455509,-0.2067936485059295,0.028569818664057396,2024-11-04 08:10:44,-0.941562682425589,-0.37457470343996174,-0.2259336741271706,-1.1759165516991759,True,False,True,False,False,False,-0.9361517274444162,0.23568261093877343,-0.5683791926436955,-0.025556210909585365,-0.3418558879671453
TX001345,0.12986558407545068,2023-08-14 16:01:02,1.0302090621398854,-1.038505918952127,-0.2067936485059295,0.3412924085545144,2024-11-04 08:12:23,0.37429644351673885,-0.28965935799283593,-0.2259336741271706,-0.2554109805342242,True,False,False,False,True,False,-0.9361517274444162,0.23568261093877343,-0.07773708545436095,-0.025556210909585365,-0.968674859188655
TX001346,0.30996883284437854,2023-09-05 17:34:08,-1.162199353190196,-0.7382907488701311,-0.2067936485059295,-1.2370224793764728,2024-11-04 08:10:37,0.5817634358831343,2.2306538323492493,-0.2259336741271706,0.2048418050482517,True,False,True,False,False,True,0.3949500495407011,1.3259859602540562,0.4129050217349737,-0.22009318607588202,0.2849630832543645
TX001347,0.7649034039690872,2023-03-20 16:29:02,0.35562185742293734,-0.7668826698303213,-0.2067936485059295,1.0477597815560409,2024-11-04 08:08:47,-1.0076151612681685,-0.2807008357248109,-0.2259336741271706,0.2048418050482517,False,False,True,True,False,False,1.282351234197446,1.3259859602540562,-1.5496634070223647,-0.6091671364084753,-0.968674859188655
TX001348,1.6780957372267953,2023-06-19 16:22:28,-1.105983752797117,-1.1528736027928874,-0.2067936485059295,-1.234161062679188,2024-11-04 08:06:44,-0.15204783802389807,4.732650752436432,-0.2259336741271706,0.6650945906307275,True,False,True,False,False,True,0.3949500495407011,-0.8546207383765094,-1.0590212998330302,-0.6091671364084753,0.5983725688651194
TX001349,-0.9109441358408569,2023-06-01 16:56:33,0.1869750562437003,0.019395156574906088,-0.2067936485059295,-1.1205684605825805,2024-11-04 08:08:02,-0.32107271667758946,-0.30830052606138336,-0.2259336741271706,-0.7156637661167,False,False,False,False,False,False,-0.9361517274444162,-1.399772413034151,-1.0590212998330302,0.16898076425671127,-0.028446402356390392
TX001350,-0.9431482548902751,2023-05-01 16:57:17,-1.330846154369433,-0.42377961830804023,-0.2067936485059295,-1.0035349792675534,2024-11-04 08:12:18,-0.6125628332668723,-0.3554384804249221,-0.2259336741271706,-0.2554109805342242,True,False,False,False,False,True,-0.04875054278767131,0.23568261093877343,1.8848313433029775,-0.025556210909585365,1.2251915400866291
TX001351,-0.3236643393034854,2023-01-18 16:59:48,0.6366998593883324,0.8771527853806086,-0.2067936485059295,-0.9107081601739123,2024-11-04 08:09:15,-1.5809492542387806,-0.13665932729334504,-0.2259336741271706,-0.7156637661167,True,False,False,False,True,False,-1.823552912101161,-0.30946906371886795,0.9035471289243083,-0.22009318607588202,-0.028446402356390392
TX001352,0.06285360869176743,2023-02-27 17:06:57,0.2431906566367793,0.7484891410597533,-0.2067936485059295,0.6680246586904597,2024-11-04 08:12:09,-1.2048349932288651,-0.3115125398286882,-0.2259336741271706,-1.1759165516991759,False,True,False,False,False,False,-1.823552912101161,-0.8546207383765094,-0.07773708545436095,-1.1927780619073654,-0.028446402356390392
TX001353,-0.36097315381924777,2023-12-28 16:34:52,0.5242686586021743,-1.1528736027928874,3.1124756489183207,-0.6419298541318122,2024-11-04 08:06:41,1.653248707049964,-0.24730306426702944,4.426077714458506,-0.7156637661167,True,False,True,True,False,False,-0.4924511351160437,-0.8546207383765094,-0.07773708545436095,0.16898076425671127,-2.8491317728531844
TX001354,4.156099918976187,2023-06-15 16:48:29,1.1988558633191224,-0.9813220770317469,-0.2067936485059295,-0.7831161538056421,2024-11-04 08:09:11,-0.18950261582239927,1.0481326637124582,-0.2259336741271706,-0.2554109805342242,True,False,True,False,True,False,-0.9361517274444162,-0.8546207383765094,-1.5496634070223647,0.7525916897556012,1.3818962828920065
TX001355,-1.0186566361508262,2023-11-23 16:14:48,-1.387061754762512,0.7627851015398482,-0.2067936485059295,-0.8411521456900903,2024-11-04 08:07:45,1.3240350239805883,-0.391627960135364,-0.2259336741271706,-0.7156637661167,True,False,True,False,False,True,-1.3798523197727885,-0.30946906371886795,-1.0590212998330302,-0.41463016124217866,1.3818962828920065
TX001356,-0.2974556679494375,2023-05-31 16:50:20,1.4799338652845175,0.5912335757787078,-0.2067936485059295,0.0723935948199659,2024-11-04 08:11:21,-0.33053712526681517,-0.3151915234454346,-0.2259336741271706,-0.7156637661167,True,False,False,False,True,False,-0.9361517274444162,-1.399772413034151,0.4129050217349737,0.16898076425671127,0.2849630832543645
TX001357,0.3736233575186543,2023-11-08 18:32:44,0.6929154597814113,-0.18074829014642452,-0.2067936485059295,2.02078504226647,2024-11-04 08:11:01,1.1838818584763386,-0.33043639703439415,-0.2259336741271706,0.2048418050482517,True,False,False,False,False,False,-0.4924511351160437,0.23568261093877343,0.4129050217349737,0.5580547145893046,0.2849630832543645
TX001358,0.42929537183280836,2023-02-27 16:15:53,-0.2627497469009318,-0.12356444822604433,-0.2067936485059295,0.6415437342732925,2024-11-04 08:10:52,-1.2051600425373323,-0.28283655786297873,-0.2259336741271706,0.2048418050482517,True,False,False,True,False,False,-0.04875054278767131,-1.9449240876917921,0.4129050217349737,-1.387315037073662,1.2251915400866291
TX001359,-0.9489038846778308,2023-06-21 17:10:18,-0.5438277488663268,1.5061750465047905,-0.2067936485059295,1.8938930061117825,2024-11-04 08:08:49,-0.13294479789839067,-0.38866602722121546,-0.2259336741271706,0.6650945906307275,False,False,False,False,False,False,-0.04875054278767131,0.7808342855964149,-0.5683791926436955,1.3362026152544912,1.2251915400866291
TX001360,-0.4220924606109098,2023-01-09 16:08:52,-1.443277355155591,-1.1957614842331725,-0.2067936485059295,-1.0223213593222187,2024-11-04 08:11:01,-1.665912812383253,-0.0881978048038822,-0.2259336741271706,-0.2554109805342242,True,False,False,False,False,True,-0.9361517274444162,0.23568261093877343,-0.07773708545436095,1.1416656400881946,-0.3418558879671453
TX001361,-0.9926192633023603,2023-10-16 16:47:15,1.7610118672499127,-0.40948365782794516,-0.2067936485059295,-0.38263063189783253,2024-11-04 08:07:51,0.9669640601867899,-0.3876441920675356,-0.2259336741271706,-0.7156637661167,False,True,False,False,True,False,-1.3798523197727885,-1.399772413034151,0.4129050217349737,-0.41463016124217866,-0.968674859188655
TX001362,-0.8072057608603902,2023-01-03 18:18:14,0.2431906566367793,-1.0813938003924122,-0.2067936485059295,0.025121247465268715,2024-11-04 08:08:55,-1.7214674064790862,-0.3685494369820993,-0.2259336741271706,1.1253473762132034,True,False,True,True,False,False,0.8386506418690736,0.7808342855964149,-0.07773708545436095,0.9471286649218978,0.4416678260597419
TX001363,-0.8316329277563851,2023-09-05 16:05:58,0.7491310601744904,-1.1385776423127922,-0.2067936485059295,-0.6119875385485746,2024-11-04 08:09:36,0.5811944091559914,-0.352411930323622,-0.2259336741271706,0.6650945906307275,False,True,False,False,True,False,0.3949500495407011,0.7808342855964149,1.8848313433029775,0.16898076425671127,-0.3418558879671453
TX001364,-0.3182513065270939,2023-09-21 16:08:00,0.2431906566367793,-0.35229981590756504,6.431744946342571,0.0006992097935492933,2024-11-04 08:10:26,0.7316368489201003,-0.3133302895766792,4.426077714458506,-0.7156637661167,True,True,False,False,False,False,-0.4924511351160437,0.23568261093877343,-0.07773708545436095,-0.41463016124217866,1.3818962828920065
TX001365,-0.9628475830322065,2023-09-11 17:05:50,-1.0497681524040379,0.5626416548185177,-0.2067936485059295,0.2501142372533056,2024-11-04 08:08:11,0.6380075219168478,-0.38656811372020333,-0.2259336741271706,-0.7156637661167,True,True,False,True,False,False,-0.04875054278767131,-0.8546207383765094,-0.5683791926436955,0.7525916897556012,1.2251915400866291
TX001366,-0.7066877977848652,2023-11-10 16:43:45,0.7491310601744904,-0.6096271045492758,-0.2067936485059295,-0.6400248069937453,2024-11-04 08:08:22,1.2019919039785572,-0.32340659185445175,-0.2259336741271706,-0.7156637661167,True,True,False,True,False,False,0.3949500495407011,0.7808342855964149,1.8848313433029775,-0.803704111574772,-0.6552653735779002
TX001367,-0.3498044912553005,2023-06-12 16:34:59,-0.7686901504386429,1.320327560263555,-0.2067936485059295,1.7624421895917082,2024-11-04 08:08:35,-0.2177933318985545,-0.35987226802258887,-0.2259336741271706,-0.7156637661167,True,False,False,False,False,False,-0.9361517274444162,-0.8546207383765094,0.4129050217349737,-0.803704111574772,0.5983725688651194
TX001368,-0.8495507514402636,2023-12-07 16:19:07,0.5804842589952534,-0.12356444822604433,-0.2067936485059295,-0.3263663594917211,2024-11-04 08:07:23,1.4556958818238137,-0.3665359751701757,-0.2259336741271706,1.5856001617956792,True,False,False,True,False,False,2.613453011182563,-1.399772413034151,-0.5683791926436955,-0.6091671364084753,-2.692427030047807
TX001369,0.6494482112068108,2023-01-02 16:01:14,-0.9373369516178799,-0.5095553811886104,-0.2067936485059295,-1.228945899988975,2024-11-04 08:12:22,-1.7317866066043048,2.578446011071561,-0.2259336741271706,1.1253473762132034,False,True,False,False,False,True,-0.04875054278767131,-0.8546207383765094,-0.07773708545436095,-1.970925962572552,1.5386010256973839
TX001370,0.3700260889014322,2023-08-08 17:41:41,-0.4313965480801688,-1.0813938003924122,-0.2067936485059295,1.1898024550442912,2024-11-04 08:09:24,0.3185601178021777,-0.3102267853292281,-0.2259336741271706,-0.2554109805342242,True,False,True,True,False,False,-0.4924511351160437,0.23568261093877343,-1.5496634070223647,-1.387315037073662,1.2251915400866291
TX001371,0.7378039803860129,2023-10-16 17:08:36,0.6929154597814113,0.333906287136997,-0.2067936485059295,1.1461607224237838,2024-11-04 08:10:05,0.9670888782506707,-0.28677442290534566,-0.2259336741271706,-0.2554109805342242,True,True,False,True,False,False,-0.04875054278767131,-0.30946906371886795,-0.5683791926436955,1.5307395904207879,-0.8119701163832775
TX001372,0.16563271204097488,2023-10-09 17:32:57,-0.7686901504386429,0.6198254967388979,-0.2067936485059295,0.6436282609533038,2024-11-04 08:11:40,0.9014223886605631,-0.30278037590200635,-0.2259336741271706,-0.2554109805342242,True,False,False,False,False,False,-0.4924511351160437,-0.30946906371886795,-1.0590212998330302,0.5580547145893046,-2.692427030047807
TX001373,0.20201651462659434,2023-10-09 17:23:21,0.1307594558506213,-0.9670261165516518,-0.2067936485059295,-0.6739643883754304,2024-11-04 08:11:57,0.9013578576127155,-0.11021123351133107,-0.2259336741271706,-0.2554109805342242,True,False,True,True,False,False,-0.04875054278767131,-0.30946906371886795,-1.0590212998330302,0.5580547145893046,-0.18515114516176784
TX001374,-0.9842256365288418,2023-01-13 16:23:56,-0.4876121484732478,2.292452872910018,-0.2067936485059295,-0.7631477727676,2024-11-04 08:11:14,-1.6282072014223758,-0.3824365140679458,-0.2259336741271706,1.1253473762132034,True,False,True,True,False,False,1.7260518265258185,0.7808342855964149,-0.5683791926436955,0.16898076425671127,-1.28208434479941
TX001375,-0.2943037754467285,2023-10-20 16:02:07,-0.8249057508317219,-0.12356444822604433,-0.2067936485059295,0.33294660985410024,2024-11-04 08:07:50,1.0042781320074377,-0.3270642978253154,-0.2259336741271706,-0.2554109805342242,True,True,False,False,False,False,-0.9361517274444162,1.3259859602540562,1.394189236113643,1.5307395904207879,0.2849630832543645
TX001376,-0.26072926835265403,2023-09-13 18:11:22,-1.218414953583275,1.0915921925820342,-0.2067936485059295,-1.1299654966000976,2024-11-04 08:11:50,0.6572159010884203,0.22248188485232687,-0.2259336741271706,-1.1759165516991759,False,True,False,False,False,True,-0.4924511351160437,2.416289309569339,0.4129050217349737,0.16898076425671127,1.3818962828920065
TX001377,-0.06633972421818629,2023-05-04 17:49:33,0.1869750562437003,-0.5238513416687055,-0.2067936485059295,0.8169490906155497,2024-11-04 08:09:46,-0.583998540370668,-0.3260616989156708,-0.2259336741271706,-0.2554109805342242,True,False,True,True,False,False,-1.3798523197727885,0.23568261093877343,-0.07773708545436095,0.7525916897556012,0.12825834044898704
TX001378,-0.6191200017313405,2023-10-04 17:10:02,0.018328255064463266,2.049421544748402,-0.2067936485059295,0.6674169922413051,2024-11-04 08:10:02,0.854272609877576,-0.3621560523338761,-0.2259336741271706,0.6650945906307275,True,False,False,False,False,False,1.7260518265258185,-0.30946906371886795,-1.0590212998330302,3.6706463172500507,0.5983725688651194
TX001379,0.10680880522411175,2023-04-03 17:59:23,-0.31896534729401077,1.8206861770668814,-0.2067936485059295,0.47503799921802103,2024-11-04 08:09:57,-0.8754025792890444,-0.29921111168905024,-0.2259336741271706,0.2048418050482517,False,False,True,False,False,False,-0.04875054278767131,1.3259859602540562,-1.0590212998330302,0.16898076425671127,-0.028446402356390392
TX001380,-0.7539319256243843,2023-07-25 18:00:25,0.5242686586021743,-0.9241382351113667,-0.2067936485059295,0.01135773059159015,2024-11-04 08:07:12,0.187066518340979,-0.3623855062996015,-0.2259336741271706,0.2048418050482517,True,True,False,False,True,False,0.3949500495407011,-0.8546207383765094,-0.5683791926436955,0.16898076425671127,-1.28208434479941
TX001381,0.42532124650330577,2023-06-20 17:07:05,1.2550714637122016,-0.23793213206680466,-0.2067936485059295,1.773472489440919,2024-11-04 08:10:18,-0.1423776483023283,-0.3230447461113551,-0.2259336741271706,1.1253473762132034,True,False,True,False,False,False,-0.04875054278767131,-0.30946906371886795,-0.07773708545436095,1.3362026152544912,-0.028446402356390392
TX001382,0.05514517594057686,2023-03-10 16:35:33,1.5923650660706756,0.4625699314578524,-0.2067936485059295,0.5075109763426748,2024-11-04 08:10:23,-1.1016046868690195,-0.30504169273379284,-0.2259336741271706,1.5856001617956792,True,True,False,False,True,False,2.169752418854191,1.3259859602540562,-1.0590212998330302,-0.9982410867410686,1.3818962828920065
TX001383,0.39099302598467056,2023-06-20 18:43:51,-0.8811213512248008,0.47686589193794743,-0.2067936485059295,0.8783105820128817,2024-11-04 08:11:43,-0.14175508148152435,-0.2972007589334649,-0.2259336741271706,1.1253473762132034,True,True,False,False,False,False,1.282351234197446,-1.399772413034151,1.8848313433029775,1.3362026152544912,-1.7521985732155423
TX001384,0.723346386514891,2023-07-14 16:22:54,0.8053466605675694,-0.43807557878813524,-0.2067936485059295,0.6477332144769177,2024-11-04 08:09:07,0.08299349961261293,-0.26111469319508207,-0.2259336741271706,-0.2554109805342242,True,True,False,False,True,False,0.8386506418690736,-0.8546207383765094,-1.5496634070223647,0.16898076425671127,0.12825834044898704
TX001385,-0.49509988368996344,2023-11-27 16:57:08,-1.162199353190196,1.1630719949825095,-0.2067936485059295,-0.9799821353775361,2024-11-04 08:09:29,1.361908763894121,-0.15935186361005546,-0.2259336741271706,-0.2554109805342242,True,False,False,False,False,True,0.3949500495407011,-0.30946906371886795,-0.5683791926436955,0.16898076425671127,0.9117820544758742
TX001386,-0.9407158161110106,2023-06-09 18:33:04,1.0302090621398854,0.662713378179183,-0.2067936485059295,0.21651566700131494,2024-11-04 08:09:14,-0.24523306518521712,-0.3843212279446143,-0.2259336741271706,0.2048418050482517,True,True,False,False,True,False,0.3949500495407011,-0.8546207383765094,-0.07773708545436095,-0.41463016124217866,-0.6552653735779002
TX001387,-0.7821961790454163,2023-10-30 16:36:24,-1.105983752797117,0.13376284041566644,-0.2067936485059295,-1.1295834615751017,2024-11-04 08:11:01,1.0985028204993492,-0.20013491844085785,-0.2259336741271706,-0.2554109805342242,True,False,True,False,False,True,-0.4924511351160437,-0.30946906371886795,-0.5683791926436955,1.1416656400881946,1.5386010256973839
TX001388,-0.8439664201582899,2023-08-29 16:16:15,-0.9373369516178799,-0.7668826698303213,-0.2067936485059295,-0.8640409152749134,2024-11-04 08:11:52,0.5154316126900909,-0.33421986386619007,-0.2259336741271706,0.2048418050482517,False,True,False,False,False,True,-0.04875054278767131,0.23568261093877343,1.8848313433029775,-0.41463016124217866,-0.028446402356390392
TX001389,0.37704932763029453,2023-08-07 17:17:34,-1.105983752797117,2.049421544748402,-0.2067936485059295,-1.241106920952436,2024-11-04 08:08:37,0.30900560515288805,2.5226851331895985,-0.2259336741271706,-0.2554109805342242,True,False,False,False,False,True,-0.9361517274444162,0.23568261093877343,-1.5496634070223647,-0.9982410867410686,0.4416678260597419
TX001390,0.5538293853909314,2023-05-23 16:44:33,-1.105983752797117,-0.8669543931909865,-0.2067936485059295,-1.277777155365132,2024-11-04 08:11:47,-0.40579501793660094,6.455734040031845,-0.2259336741271706,-1.1759165516991759,True,True,False,False,False,True,-0.4924511351160437,0.23568261093877343,0.9035471289243083,-0.41463016124217866,1.2251915400866291
TX001391,0.01358815848638066,2023-02-09 17:46:49,0.2431906566367793,-0.02349272486537904,-0.2067936485059295,1.3525827076074883,2024-11-04 08:10:23,-1.3738020877570807,-0.33488883394209423,-0.2259336741271706,0.2048418050482517,True,True,False,False,False,False,-0.04875054278767131,0.23568261093877343,0.4129050217349737,-0.025556210909585365,0.2849630832543645
TX001392,-0.9590104965071695,2023-06-27 17:50:21,1.0302090621398854,-0.40948365782794516,-0.2067936485059295,-1.0425512676928084,2024-11-04 08:10:55,-0.07628403499754574,-0.3588190293892958,-0.2259336741271706,0.2048418050482517,True,False,True,False,False,False,-0.04875054278767131,-0.30946906371886795,-0.07773708545436095,-0.41463016124217866,-0.028446402356390392
TX001393,-1.0014240064892757,2023-03-13 18:24:20,-0.7124745500455638,0.17665072185595154,-0.2067936485059295,1.995396379061707,2024-11-04 08:11:04,-1.0726923833640176,-0.39110058844529083,-0.2259336741271706,-0.7156637661167,False,False,True,False,False,False,-0.9361517274444162,-1.9449240876917921,0.9035471289243083,-0.9982410867410686,-0.3418558879671453
TX001394,0.35553423532919387,2023-09-18 16:18:19,-0.09410294572169475,1.8778700189872617,-0.2067936485059295,0.7933603508171434,2024-11-04 08:11:41,0.703489559355013,-0.2958554707843062,-0.2259336741271706,0.2048418050482517,True,True,False,True,False,False,-0.04875054278767131,-1.399772413034151,1.394189236113643,-1.387315037073662,1.5386010256973839
TX001395,-0.5214113341473605,2023-07-06 17:53:38,-0.3751809476870898,-1.367313009994313,-0.2067936485059295,0.03337987038816723,2024-11-04 08:09:52,0.008363723651388696,-0.33744937418063814,-0.2259336741271706,0.2048418050482517,True,False,True,True,False,False,0.8386506418690736,0.23568261093877343,-0.07773708545436095,-0.41463016124217866,1.2251915400866291
TX001396,0.8864568235300833,2023-10-19 16:34:22,-0.4313965480801688,-1.052801879432222,-0.2067936485059295,1.7488581522599735,2024-11-04 08:07:12,0.995090673699447,-0.3003366827074054,-0.2259336741271706,0.6650945906307275,True,False,True,False,False,False,1.282351234197446,0.7808342855964149,-0.07773708545436095,-1.387315037073662,0.2849630832543645
TX001397,-0.9020023538494758,2023-04-28 16:55:28,-1.162199353190196,1.8778700189872617,-0.2067936485059295,-0.9306124413755457,2024-11-04 08:11:26,-0.640775524450436,-0.3465386048611457,-0.2259336741271706,0.6650945906307275,True,False,False,False,False,True,0.3949500495407011,0.7808342855964149,-0.5683791926436955,0.16898076425671127,1.2251915400866291
TX001398,1.6547306210654091,2023-06-28 17:58:48,-1.218414953583275,0.3624982080971871,-0.2067936485059295,0.3587121800969462,2024-11-04 08:07:01,-0.06680123560379006,-0.15649473593931226,-0.2259336741271706,-0.2554109805342242,False,False,True,False,False,True,-0.4924511351160437,2.416289309569339,-1.0590212998330302,0.16898076425671127,1.2251915400866291
TX001399,-0.05119693632473653,2023-03-08 17:42:36,-0.5438277488663268,0.5912335757787078,-0.2067936485059295,2.2273018952080594,2024-11-04 08:08:51,-1.1199612126804708,-0.3516738188608998,-0.2259336741271706,0.2048418050482517,True,False,False,False,False,False,-0.4924511351160437,1.8711376349116977,-0.07773708545436095,-0.9982410867410686,1.6953057685027615
TX001400,0.02629850760056591,2023-09-27 16:25:38,1.3112870641052805,0.39109012905737717,-0.2067936485059295,2.0112854465106986,2024-11-04 08:09:31,0.7881709437944785,-0.345629264780044,-0.2259336741271706,1.5856001617956792,True,False,True,False,False,False,2.613453011182563,-0.30946906371886795,-0.07773708545436095,0.16898076425671127,-0.6552653735779002
TX001401,-0.38296788193597814,2023-09-20 16:30:06,-0.7124745500455638,-0.052084645825569126,-0.2067936485059295,1.1472350356819934,2024-11-04 08:10:15,0.722380180247133,-0.35384022197564674,-0.2259336741271706,-0.7156637661167,True,False,True,False,False,False,-0.4924511351160437,-1.399772413034151,-0.07773708545436095,0.16898076425671127,-0.028446402356390392
TX001402,-0.79339910131048,2023-10-06 18:39:39,0.2431906566367793,0.8485608644204186,-0.2067936485059295,-0.4200623723670643,2024-11-04 08:07:05,0.8736813291150636,-0.3546087076600599,-0.2259336741271706,2.045852947378155,True,False,True,True,False,False,0.8386506418690736,0.23568261093877343,-1.0590212998330302,0.5580547145893046,-0.6552653735779002
TX001403,0.5151159231293966,2023-01-11 17:27:56,-0.8811213512248008,-0.6382190255094659,-0.2067936485059295,0.6230752894072141,2024-11-04 08:09:20,-1.6465812474677284,-0.2752730532119312,-0.2259336741271706,0.6650945906307275,True,True,False,True,False,False,0.3949500495407011,0.23568261093877343,0.4129050217349737,0.9471286649218978,1.2251915400866291
TX001404,-0.06267393619873124,2023-06-22 17:28:02,-1.443277355155591,-1.0242099584720321,-0.2067936485059295,-1.0052631108571324,2024-11-04 08:07:20,-0.12341716411726018,0.06741870403791915,-0.2259336741271706,-0.2554109805342242,True,False,False,False,False,True,0.3949500495407011,1.3259859602540562,0.9035471289243083,-2.554536888071442,1.3818962828920065
TX001405,-0.9279026878934761,2023-05-08 16:25:03,-0.6562589496524849,-1.3244251285540278,-0.2067936485059295,1.7818388000889844,2024-11-04 08:07:00,-0.5469235490089096,-0.3875504518083757,-0.2259336741271706,1.1253473762132034,True,False,True,False,False,False,0.8386506418690736,-0.8546207383765094,0.9035471289243083,0.3635177394230079,-0.18515114516176784
TX001406,1.0742342453490852,2023-08-11 17:12:30,-0.9935525520109589,0.019395156574906088,-0.2067936485059295,-1.0823829060371823,2024-11-04 08:09:23,0.346576168844998,0.9513789092695478,-0.2259336741271706,-0.2554109805342242,True,False,False,False,False,True,-0.9361517274444162,0.7808342855964149,-0.07773708545436095,0.7525916897556012,0.5983725688651194
TX001407,-0.07672041365645633,2023-08-24 17:13:38,0.5242686586021743,-0.5524432626288956,-0.2067936485059295,-0.9959019707480039,2024-11-04 08:09:50,0.46880874678008627,0.047254267288806814,-0.2259336741271706,-1.1759165516991759,True,False,True,True,False,False,-2.2672535044295334,-0.30946906371886795,-1.0590212998330302,0.16898076425671127,-0.18515114516176784
TX001408,0.4460483656787293,2023-02-21 17:42:42,-1.49949295554867,0.9915204692213689,-0.2067936485059295,-0.9319175140448271,2024-11-04 08:08:54,-1.260993328055658,0.17570059466578533,-0.2259336741271706,0.2048418050482517,True,True,False,False,False,True,-0.04875054278767131,-0.8546207383765094,-0.07773708545436095,-0.803704111574772,-0.028446402356390392
TX001409,0.5876779700939371,2023-12-04 17:53:57,0.5242686586021743,0.2767224452166169,-0.2067936485059295,-0.9868869697554826,2024-11-04 08:07:30,1.428107825066297,0.33593849751884364,-0.2259336741271706,-0.2554109805342242,False,False,False,False,False,False,0.8386506418690736,1.3259859602540562,-0.07773708545436095,0.7525916897556012,-0.028446402356390392
TX001410,-0.6673234012021187,2023-12-04 16:23:00,1.7610118672499127,-1.038505918952127,-0.2067936485059295,-0.48342377866034825,2024-11-04 08:08:07,1.4275099606870807,-0.3293710096417318,-0.2259336741271706,-0.2554109805342242,True,True,False,False,True,False,-0.4924511351160437,-0.30946906371886795,-0.5683791926436955,0.16898076425671127,0.2849630832543645
TX001411,-0.9420862041556667,2023-12-21 17:56:04,-1.443277355155591,0.3624982080971871,-0.2067936485059295,-1.0262724732384518,2024-11-04 08:06:47,1.5879630921098848,-0.35198462571659067,-0.2259336741271706,0.2048418050482517,True,False,True,False,False,True,-0.4924511351160437,0.7808342855964149,-0.07773708545436095,-0.22009318607588202,0.2849630832543645
TX001412,-0.7856221491570565,2023-06-08 18:54:04,0.6366998593883324,2.4783003591512536,-0.2067936485059295,-0.48745181238027174,2024-11-04 08:08:24,-0.254492672034056,-0.35017128070069004,-0.2259336741271706,-0.2554109805342242,True,False,True,True,False,False,-0.04875054278767131,1.8711376349116977,-0.5683791926436955,0.5580547145893046,0.2849630832543645
TX001413,-0.9042634941231584,2023-09-18 17:18:03,1.0302090621398854,0.37679416857728215,-0.2067936485059295,1.9500777947207475,2024-11-04 08:07:24,0.7039075420780873,-0.38670950728115855,-0.2259336741271706,1.1253473762132034,False,False,True,False,False,False,1.7260518265258185,-0.30946906371886795,2.866115557681647,-0.22009318607588202,-0.18515114516176784
TX001414,0.22298345170983266,2023-01-16 18:02:19,1.0302090621398854,0.24813052425642676,-0.2067936485059295,-0.7880518412091131,2024-11-04 08:06:30,-1.5993274354946192,-0.042933109297240014,-0.2259336741271706,0.2048418050482517,False,False,False,False,True,False,-0.04875054278767131,1.8711376349116977,-0.07773708545436095,1.3362026152544912,0.7550773116704967
TX001415,-0.7686635971044372,2023-06-23 16:41:27,-1.387061754762512,0.7484891410597533,-0.2067936485059295,-0.9754592509205373,2024-11-04 08:12:22,-0.11435202098259303,-0.28215463669309493,-0.2259336741271706,0.2048418050482517,True,True,False,False,False,True,-0.4924511351160437,0.7808342855964149,-1.5496634070223647,-0.41463016124217866,-0.3418558879671453
TX001416,1.2227157899875736,2023-11-20 16:31:36,-1.105983752797117,-0.22363617158670962,-0.2067936485059295,-1.2690980375153926,2024-11-04 08:08:39,1.2959323511602185,7.372206236546853,-0.2259336741271706,1.5856001617956792,False,False,True,False,False,True,0.8386506418690736,0.7808342855964149,-0.07773708545436095,0.7525916897556012,-0.028446402356390392
TX001417,-0.9559613831078096,2023-04-24 17:04:21,0.2431906566367793,0.5912335757787078,-0.2067936485059295,-0.2266398340070464,2024-11-04 08:07:40,-0.6783015802191568,-0.3832890516264345,-0.2259336741271706,-0.7156637661167,False,True,False,True,False,False,-0.04875054278767131,-1.399772413034151,0.9035471289243083,0.16898076425671127,0.5983725688651194
TX001418,0.31332628355378606,2023-01-06 17:35:08,-0.9935525520109589,-1.1242816818326973,-0.2067936485059295,-1.1161840317722245,2024-11-04 08:11:28,-1.6935589797302313,0.6111510945857307,-0.2259336741271706,-0.7156637661167,True,False,False,False,False,True,-0.9361517274444162,-0.30946906371886795,-0.07773708545436095,-1.387315037073662,-1.5954938304101647
TX001419,-0.9942637289559477,2023-03-15 16:47:45,1.2550714637122016,-0.20934021110661458,-0.2067936485059295,-0.5616358350528028,2024-11-04 08:10:18,-1.0545136716034653,-0.3869492348891816,-0.2259336741271706,0.2048418050482517,True,False,True,False,True,False,0.8386506418690736,-1.9449240876917921,-0.07773708545436095,-0.9982410867410686,0.5983725688651194
TX001420,-0.6444721805574782,2023-06-26 17:38:22,0.9177778613537274,-0.38089173686775507,-0.2067936485059295,0.5789925499122146,2024-11-04 08:07:26,-0.08574169666439953,-0.362736252388079,-0.2259336741271706,1.1253473762132034,True,False,True,False,True,False,1.282351234197446,-0.30946906371886795,-0.5683791926436955,-0.9982410867410686,-1.28208434479941
TX001421,-0.7903157282100037,2023-01-30 18:47:17,-0.31896534729401077,-0.4952594207085154,-0.2067936485059295,-1.0879544638178276,2024-11-04 08:10:19,-1.4674284765844614,-0.24117623099476243,-0.2259336741271706,1.1253473762132034,True,False,False,False,False,False,1.7260518265258185,-1.399772413034151,-0.07773708545436095,0.3635177394230079,0.2849630832543645
TX001422,0.12979706467321794,2023-03-02 16:06:18,0.018328255064463266,0.5054578128981375,-0.2067936485059295,-0.5361676880508932,2024-11-04 08:06:45,-1.176989247565272,-0.1739662280910244,-0.2259336741271706,0.2048418050482517,True,True,False,True,False,False,0.8386506418690736,1.3259859602540562,-0.07773708545436095,-0.025556210909585365,1.3818962828920065
TX001423,-0.8888808883218937,2023-12-28 16:51:20,-1.443277355155591,0.7770810620199433,-0.2067936485059295,-1.024339222172365,2024-11-04 08:09:59,1.6533346758995418,-0.3250170800946284,-0.2259336741271706,-1.1759165516991759,True,False,True,False,False,True,-1.823552912101161,-1.399772413034151,-1.0590212998330302,3.6706463172500507,-2.8491317728531844
TX001424,2.6701539024544623,2023-12-20 18:12:25,0.8615622609606484,0.7627851015398482,-0.2067936485059295,1.7228566946191435,2024-11-04 08:09:33,1.5786496187033991,-0.21312401977993964,-0.2259336741271706,-0.7156637661167,True,True,False,False,False,False,-0.9361517274444162,-0.30946906371886795,2.866115557681647,-0.41463016124217866,0.5983725688651194
TX001425,0.21387037121286953,2023-02-09 16:29:06,1.3112870641052805,-0.7382907488701311,-0.2067936485059295,0.32980315387661696,2024-11-04 08:08:53,-1.3742997276926752,-0.2814186213972703,-0.2259336741271706,-0.7156637661167,True,False,True,False,True,False,-0.04875054278767131,0.7808342855964149,2.866115557681647,0.9471286649218978,-1.5954938304101647
TX001426,0.925410103699433,2023-02-06 18:39:23,1.0302090621398854,-0.5667392231089906,-0.2067936485059295,2.248606116836859,2024-11-04 08:10:40,-1.4016672036171611,-0.31158178326125713,-0.2259336741271706,0.6650945906307275,True,False,True,False,False,False,0.3949500495407011,-0.8546207383765094,0.4129050217349737,-0.9982410867410686,0.5983725688651194
TX001427,-0.2720349697210669,2023-05-23 16:29:31,-1.443277355155591,0.9343366273009888,-0.2067936485059295,-1.1521235280498614,2024-11-04 08:10:27,-0.40588446906869335,0.2974416568063793,-0.2259336741271706,0.6650945906307275,True,False,False,False,False,True,0.8386506418690736,1.8711376349116977,-0.07773708545436095,-0.22009318607588202,-0.028446402356390392
TX001428,-0.3001279246365169,2023-09-07 17:19:21,-1.443277355155591,-1.1385776423127922,-0.2067936485059295,-0.8143994379665501,2024-11-04 08:11:39,0.6004644900208685,-0.17914443850948106,-0.2259336741271706,0.6650945906307275,True,False,False,False,False,True,0.3949500495407011,-0.30946906371886795,0.4129050217349737,1.3362026152544912,0.4416678260597419
TX001429,-0.9817931977495773,2023-11-13 16:32:53,-1.443277355155591,2.292452872910018,-0.2067936485059295,-1.0639324091252984,2024-11-04 08:06:56,1.2301367994744157,-0.3694895408632295,-0.2259336741271706,0.2048418050482517,True,True,False,False,False,True,-0.04875054278767131,0.7808342855964149,-0.5683791926436955,-0.9982410867410686,1.2251915400866291
TX001430,-0.7337187019657068,2023-05-30 16:28:48,0.6366998593883324,-0.15215636918623443,-0.2067936485059295,-0.8317961335678747,2024-11-04 08:11:40,-0.34008195281786124,-0.3043098875731578,-0.2259336741271706,1.1253473762132034,True,False,True,False,True,False,2.169752418854191,0.7808342855964149,-0.07773708545436095,-0.9982410867410686,-0.18515114516176784
TX001431,0.16230952103268395,2023-03-20 17:30:52,-0.6000433492594058,-0.19504425062651956,-0.2067936485059295,0.11887623219010778,2024-11-04 08:09:39,-1.0072170928482242,-0.2704263117420463,-0.2259336741271706,-1.1759165516991759,True,False,True,False,False,False,-0.9361517274444162,1.3259859602540562,1.8848313433029775,-0.41463016124217866,-0.028446402356390392
TX001432,-0.4292869978453543,2023-01-30 17:22:39,-0.4876121484732478,2.335340754350303,-0.2067936485059295,0.9195754926993541,2024-11-04 08:08:42,-1.4679705156221166,-0.3530084572962191,-0.2259336741271706,-0.7156637661167,True,False,False,True,False,False,-0.4924511351160437,-0.30946906371886795,-0.5683791926436955,-0.9982410867410686,-2.0656080588262973
TX001433,-0.34963319274971855,2023-07-17 16:05:23,0.8615622609606484,1.9350538609076418,-0.2067936485059295,-0.5947549385284563,2024-11-04 08:09:01,0.11108626969208182,-0.25449375217613407,-0.2259336741271706,0.6650945906307275,True,False,True,False,True,False,-0.04875054278767131,-0.8546207383765094,-0.5683791926436955,-0.22009318607588202,0.9117820544758742
TX001434,-0.6727364339785102,2023-08-04 18:34:01,0.018328255064463266,-0.46666749974832533,-0.2067936485059295,0.27060567295644283,2024-11-04 08:06:42,0.2813107946720348,-0.3596771782190788,-0.2259336741271706,1.1253473762132034,True,False,True,True,False,False,0.3949500495407011,-1.399772413034151,-1.0590212998330302,1.1416656400881946,0.12825834044898704
TX001435,-0.40129682203325345,2023-03-13 16:26:30,-1.105983752797117,-1.2243534051933627,-0.2067936485059295,-1.0980437780685588,2024-11-04 08:11:23,-1.0734638177623184,0.03383090421753113,-0.2259336741271706,-1.1759165516991759,True,False,False,False,False,True,-2.2672535044295334,-0.30946906371886795,1.394189236113643,1.1416656400881946,0.12825834044898704
TX001436,1.3531082124366014,2023-03-07 16:51:37,0.4680530582090954,-0.15215636918623443,-0.2067936485059295,-0.6827255540157732,2024-11-04 08:12:17,-1.1297186771075614,0.1628558242707376,-0.2259336741271706,-1.1759165516991759,True,True,False,False,True,False,-0.9361517274444162,-0.30946906371886795,0.4129050217349737,0.16898076425671127,1.3818962828920065
TX001437,-0.5148677312341277,2023-06-12 17:10:27,-0.6000433492594058,-0.39518769734785014,-0.2067936485059295,2.182270478134211,2024-11-04 08:07:58,-0.21755773372217962,-0.37066793269996623,-0.2259336741271706,1.1253473762132034,False,False,True,False,False,False,1.282351234197446,0.23568261093877343,0.4129050217349737,1.1416656400881946,0.2849630832543645
TX001438,-0.6513241207807587,2023-02-07 17:38:18,-1.387061754762512,-0.23793213206680466,-0.2067936485059295,-0.9576292404250898,2024-11-04 08:12:07,-1.3926733384527135,-0.23893815118040027,-0.2259336741271706,-1.1759165516991759,True,True,False,False,False,True,-1.3798523197727885,-0.8546207383765094,-1.0590212998330302,0.16898076425671127,1.5386010256973839
TX001439,5.253472405435675,2023-09-15 17:31:42,0.9739934617468065,-0.5238513416687055,-0.2067936485059295,1.636778306302612,2024-11-04 08:10:52,0.6757675435420148,-0.07907665532703838,-0.2259336741271706,-0.2554109805342242,False,False,True,False,False,False,-0.04875054278767131,-1.399772413034151,0.4129050217349737,-0.9982410867410686,-0.8119701163832775
TX001440,-0.7402965645800561,2023-08-10 16:10:22,-1.105983752797117,-0.32370789494737495,-0.2067936485059295,-1.0893928641468391,2024-11-04 08:07:15,0.3367822492728332,-0.20709754895704408,-0.2259336741271706,1.5856001617956792,True,True,False,False,False,True,1.282351234197446,0.7808342855964149,-0.07773708545436095,0.16898076425671127,-1.7521985732155423
TX001441,0.2325761680224254,2023-05-22 17:59:02,1.7610118672499127,1.3775114021839352,-0.2067936485059295,0.5212847491901789,2024-11-04 08:10:38,-0.41470334953678484,-0.29146095424714025,-0.2259336741271706,0.2048418050482517,False,False,True,False,True,False,0.3949500495407011,1.3259859602540562,0.4129050217349737,-1.5818520122399586,0.2849630832543645
TX001442,0.6629465334466734,2023-06-05 16:08:37,-0.5438277488663268,0.07657899849528625,-0.2067936485059295,0.6972900800012215,2024-11-04 08:07:32,-0.2837737710216143,-0.26876198854606087,-0.2259336741271706,0.6650945906307275,False,False,True,True,False,False,-0.04875054278767131,-1.399772413034151,-0.07773708545436095,-0.22009318607588202,0.5983725688651194
TX001443,0.5317318781708519,2023-11-24 16:45:11,1.9858742688222286,0.44827397097775734,-0.2067936485059295,-0.07015931336609765,2024-11-04 08:07:34,1.3336367650864813,-0.20817361331288933,-0.2259336741271706,-0.2554109805342242,True,True,False,False,True,False,-0.9361517274444162,0.23568261093877343,0.9035471289243083,-0.9982410867410686,1.5386010256973839
TX001444,1.1903403724325732,2023-12-22 17:08:55,1.4237182648914386,-0.5953311440691808,-0.2067936485059295,0.5761721571102313,2024-11-04 08:07:29,1.5970528288648111,-0.21978354464846023,-0.2259336741271706,-0.2554109805342242,True,True,False,False,True,False,-0.9361517274444162,1.3259859602540562,-0.07773708545436095,1.3362026152544912,0.5983725688651194
TX001445,-0.4395991678813914,2023-03-27 18:08:06,0.018328255064463266,-0.08067656678575921,-0.2067936485059295,0.00362472632724289,2024-11-04 08:11:54,-0.9411735373545884,-0.32707114274310595,-0.2259336741271706,-0.7156637661167,True,True,False,False,False,False,-0.04875054278767131,-0.30946906371886795,0.4129050217349737,0.16898076425671127,1.2251915400866291
TX001446,-0.7166231111086219,2023-10-18 16:28:19,0.9739934617468065,-0.40948365782794516,-0.2067936485059295,1.8632917442102637,2024-11-04 08:09:15,0.9856356237444792,-0.3778776136212254,-0.2259336741271706,0.2048418050482517,True,False,False,False,False,False,-0.04875054278767131,1.3259859602540562,-0.5683791926436955,0.3635177394230079,-2.0656080588262973
TX001447,-0.48670625691644487,2023-03-24 17:04:32,-0.8811213512248008,-0.7668826698303213,-0.2067936485059295,-0.2836425365285861,2024-11-04 08:08:36,-0.9697735236465669,-0.3156900379181364,-0.2259336741271706,0.6650945906307275,True,False,False,True,False,False,-0.4924511351160437,-0.30946906371886795,0.9035471289243083,-1.1927780619073654,-1.28208434479941
TX001448,2.378398287747179,2023-12-04 16:16:19,-0.09410294572169475,2.5783720825119185,-0.2067936485059295,-0.41566768758288286,2024-11-04 08:10:11,1.4274528294895765,0.16575320975354801,-0.2259336741271706,0.2048418050482517,True,False,True,True,False,False,-0.04875054278767131,-0.30946906371886795,0.9035471289243083,0.5580547145893046,-0.6552653735779002
TX001449,-0.8851123211990893,2023-11-14 18:33:32,1.8172274676429916,-0.19504425062651956,-0.2067936485059295,0.34565376142376325,2024-11-04 08:11:18,1.2402982086731937,-0.3799790597204312,-0.2259336741271706,0.6650945906307275,True,False,False,False,True,False,-0.04875054278767131,0.23568261093877343,1.8848313433029775,-0.9982410867410686,-1.5954938304101647
TX001450,-0.49876567170941855,2023-02-23 16:41:55,-0.15031854611477377,-0.12356444822604433,3.1124756489183207,-0.12542619231768953,2024-11-04 08:11:14,-1.2426011088484326,-0.3273512628793435,4.426077714458506,0.2048418050482517,True,False,False,True,False,False,0.3949500495407011,0.23568261093877343,0.4129050217349737,-0.9982410867410686,1.6953057685027615
TX001451,-0.7496837226859504,2023-05-08 18:36:59,0.1869750562437003,-0.995618037511842,-0.2067936485059295,0.3477459800841436,2024-11-04 08:06:41,-0.5460600517666304,-0.3679937871066996,-0.2259336741271706,-0.2554109805342242,False,False,False,True,False,False,-0.9361517274444162,-0.30946906371886795,1.394189236113643,-0.22009318607588202,-0.6552653735779002
TX001452,-0.9287591804213862,2023-02-08 16:42:59,0.1869750562437003,0.8485608644204186,-0.2067936485059295,-0.06652869863190822,2024-11-04 08:07:24,-1.383601557217003,-0.38118481918519276,-0.2259336741271706,1.1253473762132034,True,False,True,True,False,False,2.613453011182563,-0.30946906371886795,2.3754734504923123,-0.9982410867410686,-0.18515114516176784
TX001453,-0.7330677676444951,2023-06-22 17:18:09,0.1869750562437003,0.37679416857728215,-0.2067936485059295,1.9327169950278116,2024-11-04 08:12:06,-0.12351281806508166,-0.37892309248683786,-0.2259336741271706,1.5856001617956792,True,False,False,False,False,False,2.169752418854191,-0.8546207383765094,-2.0403055142116995,-2.1654629377388486,-0.028446402356390392
TX001454,-0.5303873758398581,2023-05-09 16:40:52,1.3112870641052805,0.4339780104976623,-0.2067936485059295,1.690076038279728,2024-11-04 08:12:22,-0.537453155246612,-0.3679455593461366,-0.2259336741271706,0.6650945906307275,True,True,False,False,False,False,0.3949500495407011,0.7808342855964149,0.4129050217349737,-0.22009318607588202,-0.028446402356390392
TX001455,-0.8277273218291151,2023-11-13 16:16:24,-0.5438277488663268,-0.35229981590756504,-0.2067936485059295,-1.072183340067828,2024-11-04 08:07:20,1.2300265634685645,-0.2740860153247211,-0.2259336741271706,-1.1759165516991759,True,False,False,False,False,False,-1.823552912101161,-1.9449240876917921,0.9035471289243083,-0.6091671364084753,-2.0656080588262973
TX001456,1.633797943683287,2023-03-06 16:12:45,0.9177778613537274,-1.2672412866336478,-0.2067936485059295,1.6664103786776314,2024-11-04 08:08:33,-1.1393502352574854,-0.2609031254381359,-0.2259336741271706,-1.1759165516991759,True,True,False,False,False,False,-0.9361517274444162,-1.399772413034151,-0.07773708545436095,1.3362026152544912,-1.28208434479941
TX001457,-0.6585529177163197,2023-05-11 18:31:20,-1.105983752797117,0.5769376152986128,-0.2067936485059295,-1.0373284130222264,2024-11-04 08:09:44,-0.5179103681323144,-0.19835722963340177,-0.2259336741271706,0.6650945906307275,True,False,False,False,False,True,-0.04875054278767131,-0.30946906371886795,0.4129050217349737,-0.41463016124217866,-0.968674859188655
TX001458,-0.6124393600136421,2023-06-26 16:10:25,-0.9373369516178799,2.5068922801114435,-0.2067936485059295,-0.8968856714507376,2024-11-04 08:08:28,-0.08632269373768606,-0.2475583382873211,-0.2259336741271706,0.6650945906307275,True,False,True,False,False,True,0.3949500495407011,1.3259859602540562,-0.5683791926436955,-0.22009318607588202,-0.6552653735779002
TX001459,-0.8611990498198404,2023-11-13 16:41:09,-1.218414953583275,1.3918073626640302,-0.2067936485059295,-1.1904680501895533,2024-11-04 08:08:59,1.2301773898299757,-0.19963892933978714,-0.2259336741271706,0.6650945906307275,True,True,False,False,False,True,-0.04875054278767131,0.7808342855964149,2.866115557681647,-0.41463016124217866,-0.028446402356390392
TX001460,1.2405993539703357,2023-05-05 16:10:24,-1.330846154369433,0.40538608953747224,-0.2067936485059295,-1.283905099725805,2024-11-04 08:09:32,-0.5752422321665097,11.62431771670838,-0.2259336741271706,1.5856001617956792,False,True,False,False,False,True,2.613453011182563,0.23568261093877343,0.4129050217349737,0.16898076425671127,-0.028446402356390392
TX001461,0.27536653471681216,2023-11-17 16:50:08,1.5361494656775965,0.5769376152986128,-0.2067936485059295,-0.6813051016409561,2024-11-04 08:11:04,1.2678310930171206,-0.08981859822634823,-0.2259336741271706,0.2048418050482517,True,False,True,False,True,False,-0.9361517274444162,1.3259859602540562,-0.5683791926436955,1.3362026152544912,0.7550773116704967
TX001462,-0.6286441986417004,2023-05-22 17:45:02,1.3675026644983594,0.40538608953747224,-0.2067936485059295,0.19686778514531642,2024-11-04 08:11:19,-0.4147992211272635,-0.3538038885559018,-0.2259336741271706,-0.7156637661167,True,True,False,False,True,False,-1.823552912101161,-0.8546207383765094,-1.5496634070223647,-1.1927780619073654,0.2849630832543645
TX001463,-0.9808339261183179,2023-12-01 16:33:43,0.5804842589952534,-1.1242816818326973,-0.2067936485059295,-0.8141481666078281,2024-11-04 08:09:25,1.3993649563698938,-0.38046299393380845,-0.2259336741271706,0.2048418050482517,False,False,True,False,True,False,-0.9361517274444162,-0.8546207383765094,-0.07773708545436095,-0.41463016124217866,-1.28208434479941
TX001464,-0.6923672427182089,2023-05-22 16:24:02,0.6929154597814113,-1.4673847333549783,-0.2067936485059295,-0.26542792701468637,2024-11-04 08:08:19,-0.41530850494501603,-0.3459221357278524,-0.2259336741271706,-1.1759165516991759,True,False,True,False,True,False,-1.823552912101161,0.7808342855964149,0.4129050217349737,-1.387315037073662,0.9117820544758742
TX001465,-0.5709851216627949,2023-02-08 16:52:09,-0.9373369516178799,0.41968205001756725,-0.2067936485059295,-1.0907697286328983,2024-11-04 08:11:18,-1.3835671696771719,-0.09319561903110468,-0.2259336741271706,-0.7156637661167,False,True,False,True,False,False,-0.9361517274444162,-0.30946906371886795,-0.07773708545436095,-0.41463016124217866,0.5983725688651194
TX001466,-0.08436032700541396,2023-04-17 18:42:04,1.3112870641052805,0.7770810620199433,-0.2067936485059295,0.691510838750612,2024-11-04 08:10:58,-0.7435002469177007,-0.32326107206622995,-0.2259336741271706,0.2048418050482517,True,False,True,False,True,False,1.282351234197446,0.7808342855964149,-1.5496634070223647,0.16898076425671127,0.2849630832543645
TX001467,-0.7682524806910405,2023-03-13 16:33:49,-1.162199353190196,-1.038505918952127,-0.2067936485059295,-1.0082809311552543,2024-11-04 08:09:57,-1.0734066865648142,-0.27007770950871146,-0.2259336741271706,-0.7156637661167,True,True,False,False,False,True,-0.9361517274444162,-0.8546207383765094,2.3754734504923123,-0.6091671364084753,-0.3418558879671453
TX001468,-0.9169738432373437,2023-10-13 16:22:08,0.7491310601744904,1.7635023351465013,-0.2067936485059295,1.4874333794506813,2024-11-04 08:12:01,0.9385663727446409,-0.38651819321896963,-0.2259336741271706,-0.2554109805342242,True,False,False,False,False,False,-0.9361517274444162,-0.30946906371886795,-0.5683791926436955,-0.9982410867410686,-0.3418558879671453
TX001469,0.033047668720497296,2023-11-02 16:05:49,-1.443277355155591,0.23383456377633172,1.4528410002061958,-0.882932419061289,2024-11-04 08:09:50,1.1265173480435693,-0.03083788723100251,4.426077714458506,0.2048418050482517,True,False,False,False,False,True,0.8386506418690736,-0.8546207383765094,-1.0590212998330302,0.3635177394230079,-0.028446402356390392
TX001470,-0.8464673783397874,2023-10-16 16:29:39,-1.387061754762512,0.2910184056967119,-0.2067936485059295,-1.023831551468008,2024-11-04 08:09:12,0.9668403303361949,-0.30346157170123067,-0.2259336741271706,0.2048418050482517,True,False,True,False,False,True,-0.9361517274444162,0.7808342855964149,0.9035471289243083,-0.22009318607588202,0.2849630832543645
TX001471,1.7913240494165057,2023-04-03 16:22:48,0.4680530582090954,1.7635023351465013,-0.2067936485059295,0.13013729145039038,2024-11-04 08:10:23,-0.8760360282427063,-0.10524082058288942,-0.2259336741271706,0.2048418050482517,False,False,True,True,False,False,-0.4924511351160437,-0.8546207383765094,-1.5496634070223647,-1.1927780619073654,1.6953057685027615
TX001472,-0.4951341433910799,2023-04-03 18:37:57,0.6366998593883324,-0.052084645825569126,-0.2067936485059295,0.9638377117362984,2024-11-04 08:12:06,-0.8751648046860979,-0.35802000914894305,-0.2259336741271706,-0.7156637661167,True,False,False,True,False,False,-1.823552912101161,0.7808342855964149,0.9035471289243083,-0.9982410867410686,0.5983725688651194
TX001473,-0.838176530669618,2023-06-12 17:36:25,-0.20653414650785276,0.37679416857728215,-0.2067936485059295,0.4811633795852377,2024-11-04 08:11:08,-0.21740886614468272,-0.3770311725502749,-0.2259336741271706,0.6650945906307275,True,True,False,False,False,False,1.282351234197446,-0.30946906371886795,-0.07773708545436095,0.16898076425671127,1.2251915400866291
TX001474,0.2974297822357753,2023-04-17 16:53:29,0.8615622609606484,-0.7811786303104162,-0.2067936485059295,0.6967029254997177,2024-11-04 08:10:13,-0.7442043209136107,-0.2954865544576359,-0.2259336741271706,0.6650945906307275,True,False,False,True,False,False,1.282351234197446,-1.399772413034151,-0.5683791926436955,-0.6091671364084753,0.12825834044898704
TX001475,-0.21300550469750543,2023-07-10 18:34:22,0.35562185742293734,0.7913770225000384,-0.2067936485059295,0.2715081986530774,2024-11-04 08:11:06,0.04623028135723514,-0.3169970427850028,-0.2259336741271706,-0.2554109805342242,True,True,False,False,True,False,-0.9361517274444162,-0.8546207383765094,0.4129050217349737,0.7525916897556012,-0.6552653735779002
TX001476,-0.6281988225271871,2023-06-07 17:35:50,0.6366998593883324,-0.7954745907905113,-0.2067936485059295,1.1305716422091845,2024-11-04 08:06:35,-0.26439378061487173,-0.36834485270301376,-0.2259336741271706,0.6650945906307275,True,False,False,False,False,False,-0.4924511351160437,-0.8546207383765094,1.394189236113643,-0.803704111574772,-1.5954938304101647
TX001477,-0.9763116455709527,2023-05-05 16:35:44,-0.6562589496524849,-0.8383624722307964,-0.2067936485059295,0.33490037286783775,2024-11-04 08:09:03,-0.57507366792854,-0.3880453698184286,-0.2259336741271706,0.2048418050482517,True,True,False,False,False,False,0.3949500495407011,-1.399772413034151,-0.07773708545436095,1.1416656400881946,-2.0656080588262973
TX001478,2.397412421866782,2023-12-22 18:24:01,-1.218414953583275,0.3624982080971871,-0.2067936485059295,-1.0174472077617003,2024-11-04 08:07:23,1.5975438306993623,1.316275758225159,-0.2259336741271706,-0.2554109805342242,True,False,False,False,False,True,-0.4924511351160437,-1.399772413034151,0.9035471289243083,-0.41463016124217866,1.6953057685027615
TX001479,0.26012096772001286,2023-09-25 16:23:23,-0.5438277488663268,1.649134651305741,-0.2067936485059295,0.33744898236344806,2024-11-04 08:11:16,0.7693405010970631,-0.2778070602922751,-0.2259336741271706,0.6650945906307275,True,False,False,True,False,False,0.8386506418690736,0.7808342855964149,-1.0590212998330302,3.6706463172500507,0.12825834044898704
TX001480,0.13174986763685287,2023-04-24 17:18:18,-0.9373369516178799,0.6341214572189929,-0.2067936485059295,-0.8920781837200842,2024-11-04 08:12:13,-0.6782402049898378,0.011630007361679363,-0.2259336741271706,-0.7156637661167,True,True,False,False,False,True,-0.4924511351160437,0.7808342855964149,-0.07773708545436095,0.7525916897556012,-0.028446402356390392
TX001481,0.23754382468430374,2023-12-11 18:43:00,1.1988558633191224,-1.2386493656734576,-0.2067936485059295,0.40600503939929417,2024-11-04 08:11:33,1.4942167821784094,-0.28429399675188793,-0.2259336741271706,0.6650945906307275,True,False,True,False,True,False,0.3949500495407011,2.416289309569339,-0.07773708545436095,-0.22009318607588202,0.5983725688651194
TX001482,-0.6349137239460021,2023-10-19 17:34:53,0.7491310601744904,-0.2522280925468997,-0.2067936485059295,0.5783310396004767,2024-11-04 08:11:23,0.9954584897900461,-0.3619824074099438,-0.2259336741271706,0.2048418050482517,True,True,False,False,False,False,-0.4924511351160437,0.7808342855964149,-0.5683791926436955,0.5580547145893046,0.2849630832543645
TX001483,0.6761707780776046,2023-03-31 16:34:38,-0.2627497469009318,0.17665072185595154,-0.2067936485059295,0.4587951006720535,2024-11-04 08:08:34,-0.9041533919424342,-0.2510741897781046,-0.2259336741271706,1.1253473762132034,True,False,False,True,False,False,0.3949500495407011,0.7808342855964149,-0.07773708545436095,-0.22009318607588202,-0.968674859188655
TX001484,0.9044089069150782,2023-06-23 17:38:26,1.1426402629260435,-1.3816089704744081,-0.2067936485059295,1.701096082155114,2024-11-04 08:06:32,-0.11394187339517649,-0.2980088136785189,-0.2259336741271706,-0.7156637661167,True,False,True,False,False,False,-1.823552912101161,-1.399772413034151,-1.0590212998330302,-1.7763889874062553,-0.968674859188655
TX001485,0.4910998726467985,2023-09-13 18:38:27,-0.15031854611477377,0.40538608953747224,-0.2067936485059295,0.5612394592204574,2024-11-04 08:11:22,0.6573957827445625,-0.2733075382951065,-0.2259336741271706,0.2048418050482517,True,False,True,False,False,False,-0.9361517274444162,1.3259859602540562,0.4129050217349737,-0.9982410867410686,-0.028446402356390392
TX001486,-0.7732201373529188,2023-02-20 16:28:39,-0.8811213512248008,-0.9813220770317469,-0.2067936485059295,1.411490457267095,2024-11-04 08:12:07,-1.2708999865242312,-0.37860595169053574,-0.2259336741271706,1.1253473762132034,True,True,False,False,False,False,0.3949500495407011,0.23568261093877343,1.394189236113643,1.3362026152544912,1.5386010256973839
TX001487,-0.14023789952626642,2023-07-17 17:08:03,0.5242686586021743,0.24813052425642676,-0.2067936485059295,-0.8511953080586074,2024-11-04 08:06:55,0.11150914937494218,-0.11107336828649281,-0.2259336741271706,0.2048418050482517,False,False,True,False,True,False,0.3949500495407011,0.7808342855964149,1.8848313433029775,-0.9982410867410686,-0.028446402356390392
TX001488,-0.4489520662861693,2023-07-13 17:51:44,0.8053466605675694,-0.29511597398718487,-0.2067936485059295,2.014249422946237,2024-11-04 08:09:36,0.07416819868613525,-0.36668088956401973,-0.2259336741271706,-0.7156637661167,False,True,False,False,False,False,-1.3798523197727885,0.23568261093877343,-1.0590212998330302,1.3362026152544912,0.5983725688651194
TX001489,-0.07308888533811767,2023-02-13 17:04:50,0.6366998593883324,0.333906287136997,-0.2067936485059295,-1.280307816906548,2024-11-04 08:11:47,-1.3364766985182606,4.060812721235702,-0.2259336741271706,-0.2554109805342242,True,True,False,False,False,False,0.3949500495407011,-1.399772413034151,-0.5683791926436955,-1.1927780619073654,-1.28208434479941
TX001490,-0.8980624882210896,2023-07-18 16:38:11,1.2550714637122016,0.6341214572189929,-0.2067936485059295,0.14820062535036574,2024-11-04 08:10:12,0.12069486654167554,-0.3796700978547266,-0.2259336741271706,-0.2554109805342242,True,False,False,False,False,False,-0.9361517274444162,1.3259859602540562,0.4129050217349737,-0.41463016124217866,-0.18515114516176784
TX001491,-0.8888808883218937,2023-04-07 16:16:00,0.2994062570298583,0.648417417699088,-0.2067936485059295,1.2218882691570365,2024-11-04 08:07:16,-0.8384514265992096,-0.38432302794821,-0.2259336741271706,-0.2554109805342242,True,True,False,True,False,False,-0.04875054278767131,-0.8546207383765094,-0.07773708545436095,-2.1654629377388486,-2.692427030047807
TX001492,0.7148842403391396,2023-12-18 18:26:07,1.0864246625329645,-0.4809634602284204,-0.2067936485059295,0.29546102552228504,2024-11-04 08:11:53,1.5599195092709341,-0.2332183157200842,-0.2259336741271706,-0.7156637661167,False,False,False,False,True,False,-1.3798523197727885,1.8711376349116977,3.847399772060316,1.3362026152544912,-1.28208434479941
TX001493,1.5030629242230953,2023-04-12 17:06:06,-0.7686901504386429,-1.3101291680739329,-0.2067936485059295,2.3472455090960422,2024-11-04 08:10:23,-0.7911338453275527,-0.2905340242094609,-0.2259336741271706,-0.7156637661167,True,False,True,False,False,False,-1.3798523197727885,0.7808342855964149,1.394189236113643,0.16898076425671127,-0.18515114516176784
TX001494,0.3146281521962093,2023-11-27 18:01:47,0.41183745781601633,0.44827397097775734,-0.2067936485059295,0.34242825765567686,2024-11-04 08:10:57,1.3623213055507661,-0.2733051488014193,-0.2259336741271706,1.5856001617956792,False,False,False,True,False,False,2.613453011182563,1.3259859602540562,-1.0590212998330302,1.1416656400881946,-0.028446402356390392
TX001495,-0.9319110729240953,2023-11-16 16:33:22,0.8615622609606484,0.662713378179183,-0.2067936485059295,0.4171891788558863,2024-11-04 08:06:29,1.2583493818366507,-0.38445286545773943,-0.2259336741271706,-1.1759165516991759,True,False,False,True,False,False,-1.823552912101161,0.23568261093877343,-0.5683791926436955,-0.025556210909585365,0.9117820544758742
TX001496,0.5087778784228623,2023-09-19 17:45:19,-1.105983752797117,1.7635023351465013,-0.2067936485059295,-1.0527405776883372,2024-11-04 08:08:30,0.7134805543532354,0.476308218217291,-0.2259336741271706,0.6650945906307275,True,False,False,False,False,True,-0.4924511351160437,1.3259859602540562,-0.07773708545436095,1.1416656400881946,0.2849630832543645
TX001497,-0.5133945640861224,2023-09-05 16:52:06,-1.218414953583275,-1.4959766543151685,-0.2067936485059295,-0.8724046619295223,2024-11-04 08:12:18,0.5814779975382699,-0.22244454892759177,-0.2259336741271706,0.6650945906307275,True,True,False,False,False,True,1.282351234197446,-1.399772413034151,-1.0590212998330302,-0.9982410867410686,-0.028446402356390392
TX001498,3.190318944504801,2023-02-20 16:36:36,-1.0497681524040379,1.9207579004275468,-0.2067936485059295,-0.8444007253992839,2024-11-04 08:09:05,-1.2708282732686973,0.9330809759738005,-0.2259336741271706,-0.7156637661167,True,False,False,False,False,True,-1.3798523197727885,-0.30946906371886795,-0.07773708545436095,-0.9982410867410686,-0.3418558879671453
TX001499,-0.861164790118724,2023-05-29 17:45:26,1.8172274676429916,2.321044793870208,-0.2067936485059295,-0.0016801761339420456,2024-11-04 08:09:46,-0.3489713495068723,-0.3741283039975437,-0.2259336741271706,-0.2554109805342242,True,False,True,False,True,False,-0.9361517274444162,-0.8546207383765094,0.4129050217349737,1.1416656400881946,0.12825834044898704
TX001500,-0.11039769985387993,2023-05-26 17:56:17,-0.6562589496524849,-0.6096271045492758,-0.2067936485059295,0.02965182390263653,2024-11-04 08:09:20,-0.3771041658352585,-0.29224046697253275,-0.2259336741271706,-0.7156637661167,True,True,False,True,False,False,-0.4924511351160437,-0.8546207383765094,-0.5683791926436955,1.3362026152544912,-1.7521985732155423
TX001501,0.15408719276474722,2023-02-03 17:10:00,-1.387061754762512,-0.40948365782794516,-0.2067936485059295,-1.2243435317348295,2024-11-04 08:09:51,-1.4304519685250676,1.5866182169493503,-0.2259336741271706,-0.7156637661167,True,False,True,False,False,True,-1.3798523197727885,-0.30946906371886795,1.394189236113643,0.5580547145893046,0.2849630832543645
TX001502,0.40997290040315737,2023-02-27 17:01:24,-0.7124745500455638,-1.0670978399123172,-0.2067936485059295,1.366141105004659,2024-11-04 08:11:53,-1.2048694895900247,-0.3134122978496273,-0.2259336741271706,0.6650945906307275,False,False,True,False,False,False,0.3949500495407011,0.7808342855964149,-0.5683791926436955,-0.41463016124217866,-0.18515114516176784
TX001503,-0.9043320135253912,2023-11-03 16:50:08,1.0302090621398854,-0.6239230650293708,-0.2067936485059295,-0.20253060353700156,2024-11-04 08:10:52,1.1362021198231687,-0.37663155893418976,-0.2259336741271706,-0.2554109805342242,True,False,True,False,True,False,-0.4924511351160437,-0.8546207383765094,1.8848313433029775,-1.1927780619073654,-0.8119701163832775
TX001504,-0.7982982385701255,2023-12-04 18:06:30,0.5804842589952534,0.7627851015398482,-0.2067936485059295,0.3020351047443627,2024-11-04 08:11:27,1.4281639768718442,-0.3717461355349457,-0.2259336741271706,0.2048418050482517,True,True,False,False,True,False,-0.4924511351160437,0.23568261093877343,0.4129050217349737,-0.803704111574772,-2.0656080588262973
TX001505,-0.9399621026864496,2023-04-20 16:34:59,-1.330846154369433,0.03369111705500113,-0.2067936485059295,-1.2423299458311141,2024-11-04 08:09:54,-0.7161165566152565,-0.22288379316653475,-0.2259336741271706,0.2048418050482517,False,True,False,False,False,True,-0.04875054278767131,1.8711376349116977,-0.07773708545436095,0.5580547145893046,0.7550773116704967
TX001506,-0.46961066605935997,2023-08-07 16:15:05,1.8734430680360705,-0.1092684877459493,-0.2067936485059295,0.06793224620591962,2024-11-04 08:07:59,0.30860176920252913,-0.3332922791202642,-0.2259336741271706,0.6650945906307275,False,False,False,False,True,False,-0.4924511351160437,-0.8546207383765094,-0.07773708545436095,-0.9982410867410686,0.12825834044898704
TX001507,-0.0641128436456202,2023-09-29 16:53:14,1.0864246625329645,0.8485608644204186,1.4528410002061958,-0.9692441307823485,2024-11-04 08:09:44,0.8071540628158912,0.01846985318408836,4.426077714458506,-0.2554109805342242,True,True,False,False,False,False,-0.4924511351160437,-0.8546207383765094,0.9035471289243083,1.1416656400881946,0.2849630832543645
TX001508,-0.04146718120767811,2023-08-11 18:42:10,0.4680530582090954,-0.15215636918623443,-0.2067936485059295,0.3211496759614408,2024-11-04 08:12:14,0.34714301914556916,-0.3038270189599073,-0.2259336741271706,-0.7156637661167,False,True,False,False,False,False,-1.3798523197727885,0.23568261093877343,0.9035471289243083,0.16898076425671127,1.3818962828920065
TX001509,-0.773322916456268,2023-01-16 18:03:02,-1.274630553976354,1.9779417423479269,-0.2067936485059295,-0.8397598972432931,2024-11-04 08:12:07,-1.5993594289652215,-0.31517347832619064,-0.2259336741271706,-1.1759165516991759,True,False,False,False,False,True,-1.823552912101161,0.7808342855964149,-0.5683791926436955,0.16898076425671127,-0.6552653735779002
TX001510,0.03839218209465609,2023-12-26 16:08:51,0.4680530582090954,-1.1242816818326973,-0.2067936485059295,-0.29428567336588873,2024-11-04 08:09:59,1.634252964754436,-0.23899797345007817,-0.2259336741271706,0.2048418050482517,True,False,False,False,True,False,-0.04875054278767131,0.23568261093877343,-0.5683791926436955,0.16898076425671127,-1.28208434479941
TX001511,-0.5558423337693451,2023-07-28 18:42:51,-0.6562589496524849,-0.5381473021488006,-0.2067936485059295,1.248423037436787,2024-11-04 08:07:24,0.2155487599554343,-0.36527378438274005,-0.2259336741271706,0.6650945906307275,True,True,False,True,False,False,0.8386506418690736,-0.30946906371886795,0.4129050217349737,-0.803704111574772,0.5983725688651194
TX001512,-0.03139482907945579,2023-05-08 16:37:53,1.1988558633191224,-0.681106906949751,-0.2067936485059295,-0.13774105288853128,2024-11-04 08:09:00,-0.5468528151453329,-0.26813179106014745,-0.2259336741271706,1.5856001617956792,True,True,False,False,True,False,1.282351234197446,-0.8546207383765094,-0.07773708545436095,-1.387315037073662,-0.6552653735779002
TX001513,-0.5143538357173816,2023-10-12 16:58:25,1.1426402629260435,1.2202558369028897,-0.2067936485059295,0.6009300779247322,2024-11-04 08:11:31,0.929404378627538,-0.35306744513516003,-0.2259336741271706,0.6650945906307275,False,False,True,False,False,False,-0.04875054278767131,0.7808342855964149,-0.07773708545436095,0.16898076425671127,-2.8491317728531844
TX001514,-0.2858758889720935,2023-10-30 17:07:54,-0.7124745500455638,1.3918073626640302,-0.2067936485059295,0.3289570360360219,2024-11-04 08:10:59,1.0987087104530218,-0.3261512613157889,-0.2259336741271706,0.2048418050482517,True,True,False,True,False,False,-0.4924511351160437,1.8711376349116977,-1.0590212998330302,0.5580547145893046,0.5983725688651194
TX001515,-0.7751386806154373,2023-08-28 16:00:00,0.2431906566367793,0.34820224761709206,3.1124756489183207,0.3155576062331446,2024-11-04 08:09:43,0.5059373870568343,-0.36982091889149515,4.426077714458506,1.1253473762132034,True,False,True,True,False,False,0.8386506418690736,0.23568261093877343,-0.07773708545436095,-0.22009318607588202,0.7550773116704967
TX001516,-0.43589912016081994,2023-03-27 16:56:29,-0.8249057508317219,-0.02349272486537904,-0.2067936485059295,0.23599688928265072,2024-11-04 08:09:24,-0.9416248194042081,-0.3364548871579761,-0.2259336741271706,0.2048418050482517,True,False,False,False,False,False,-0.9361517274444162,0.23568261093877343,1.8848313433029775,0.9471286649218978,-0.18515114516176784
TX001517,2.2887749096266696,2023-12-18 17:22:16,0.4680530582090954,-1.2529453261535526,-0.2067936485059295,-1.114950750919721,2024-11-04 08:08:58,1.559521658493647,2.082162821619712,-0.2259336741271706,0.2048418050482517,True,False,False,True,False,False,-0.4924511351160437,0.23568261093877343,-0.07773708545436095,0.7525916897556012,-0.028446402356390392
TX001518,1.5037823779465396,2023-05-10 17:05:08,0.5804842589952534,0.005099196094811046,-0.2067936485059295,1.2081427002375522,2024-11-04 08:09:38,-0.5278747019050348,-0.2446638130249823,-0.2259336741271706,-0.7156637661167,True,False,False,True,False,False,-0.9361517274444162,2.416289309569339,-0.5683791926436955,1.3362026152544912,1.2251915400866291
TX001519,-0.2883768471535909,2023-07-27 17:30:14,0.018328255064463266,-1.4673847333549783,-0.2067936485059295,-0.3532985467572057,2024-11-04 08:11:26,0.2056461278760185,-0.27971919535984213,-0.2259336741271706,0.6650945906307275,True,False,False,True,False,False,-0.4924511351160437,-0.30946906371886795,-0.07773708545436095,0.16898076425671127,-0.8119701163832775
TX001520,-0.6971978605756217,2023-09-12 16:32:09,-0.9935525520109589,1.1916639159426996,-0.2067936485059295,-1.1454520170764424,2024-11-04 08:10:29,0.6471747394577226,-0.1065783865433713,-0.2259336741271706,1.1253473762132034,True,True,False,False,False,True,0.8386506418690736,-0.8546207383765094,-0.5683791926436955,0.5580547145893046,0.7550773116704967
TX001521,-0.7069961350949128,2023-05-15 16:13:54,1.5361494656775965,-0.4809634602284204,-0.2067936485059295,0.32583665599964573,2024-11-04 08:08:29,-0.4811908960510256,-0.36384066819340627,-0.2259336741271706,-0.2554109805342242,True,False,False,False,True,False,-0.4924511351160437,0.23568261093877343,-0.5683791926436955,-0.025556210909585365,0.2849630832543645
TX001522,-0.11536535651575826,2023-07-26 17:56:54,0.6929154597814113,1.6205427303455509,-0.2067936485059295,-0.24424421307833513,2024-11-04 08:10:43,0.1964227585295966,-0.2673484061759576,-0.2259336741271706,0.2048418050482517,False,True,False,False,True,False,0.8386506418690736,-1.9449240876917921,-0.5683791926436955,0.16898076425671127,-0.028446402356390392
TX001523,-0.7540347047277335,2023-05-23 16:44:55,0.35562185742293734,1.1630719949825095,-0.2067936485059295,1.5295418439842925,2024-11-04 08:08:15,-0.4057695537457133,-0.3781657286107056,-0.2259336741271706,0.6650945906307275,False,False,True,False,False,False,0.3949500495407011,-0.30946906371886795,-0.07773708545436095,-0.41463016124217866,1.6953057685027615
TX001524,-1.0070425974723658,2023-02-13 17:48:36,1.3675026644983594,0.37679416857728215,-0.2067936485059295,1.2570765153519632,2024-11-04 08:11:01,-1.336185927928296,-0.3911905891928779,-0.2259336741271706,0.2048418050482517,True,False,True,False,False,False,-0.4924511351160437,-0.8546207383765094,-0.5683791926436955,-0.803704111574772,0.7550773116704967
TX001525,-0.8692158198810787,2023-11-13 17:43:37,-1.0497681524040379,1.8778700189872617,-0.2067936485059295,-0.8897603336355452,2024-11-04 08:08:21,1.2305893873799783,-0.33950383563210673,-0.2259336741271706,0.2048418050482517,False,False,True,False,False,True,-0.9361517274444162,-1.9449240876917921,1.8848313433029775,0.9471286649218978,0.2849630832543645
TX001526,1.0085583983089417,2023-04-28 16:32:10,-0.9373369516178799,0.17665072185595154,-0.2067936485059295,-1.2119107274649956,2024-11-04 08:07:44,-0.6409034983328455,2.600521765019969,-0.2259336741271706,0.6650945906307275,True,False,False,False,False,True,0.3949500495407011,1.8711376349116977,-0.07773708545436095,-2.1654629377388486,-2.0656080588262973
TX001527,-0.24942356698424126,2023-08-22 16:34:34,-1.49949295554867,0.13376284041566644,-0.2067936485059295,-1.1758276475538032,2024-11-04 08:10:25,0.449745535260839,0.4423217469160094,-0.2259336741271706,1.1253473762132034,True,False,True,False,False,True,-0.04875054278767131,-0.8546207383765094,-1.0590212998330302,-0.9982410867410686,0.2849630832543645
TX001528,-0.7992575102013847,2023-09-04 17:36:40,0.5804842589952534,-0.7525867093502262,-0.2067936485059295,0.6194600586337629,2024-11-04 08:11:58,0.5723689994081852,-0.37513315587617035,-0.2259336741271706,-0.7156637661167,True,False,False,False,True,False,-0.9361517274444162,-0.8546207383765094,1.8848313433029775,1.1416656400881946,-1.28208434479941
TX001529,-0.6365581895995892,2023-12-26 17:40:23,0.9739934617468065,-1.009913997991937,-0.2067936485059295,1.480267017740187,2024-11-04 08:11:34,1.6348402734647802,-0.37173633769002157,-0.2259336741271706,0.6650945906307275,True,False,True,False,False,False,0.3949500495407011,0.23568261093877343,-1.0590212998330302,-0.803704111574772,0.12825834044898704
TX001530,2.1568750603285203,2023-03-20 16:48:00,0.8053466605675694,0.47686589193794743,-0.2067936485059295,0.5103134211904636,2024-11-04 08:10:20,-1.0075014429798028,-0.13555910945001126,-0.2259336741271706,-0.7156637661167,True,False,False,False,True,False,-1.3798523197727885,-1.399772413034151,-0.5683791926436955,1.3362026152544912,-0.3418558879671453
TX001531,1.082970469133768,2023-02-22 17:33:56,0.9177778613537274,-1.1814655237530776,-0.2067936485059295,0.5622342886815207,2024-11-04 08:10:53,-1.2516613550233135,-0.22692822926333223,-0.2259336741271706,0.2048418050482517,False,True,False,False,True,False,-0.04875054278767131,1.8711376349116977,-0.5683791926436955,-0.6091671364084753,1.6953057685027615
TX001532,-0.9302323475693914,2023-03-16 17:00:29,-1.387061754762512,-1.4387928123947882,3.1124756489183207,-1.2215692908150606,2024-11-04 08:10:16,-1.0450281516764952,-0.24597991998209437,4.426077714458506,-0.2554109805342242,True,True,False,False,False,True,0.3949500495407011,-1.399772413034151,-1.0590212998330302,-0.41463016124217866,-1.28208434479941
TX001533,-0.4355907828507724,2023-01-05 16:56:49,0.8615622609606484,1.1344800740223193,-0.2067936485059295,-0.7255827046386383,2024-11-04 08:09:17,-1.70319706715987,-0.24538254810884272,-0.2259336741271706,1.5856001617956792,True,True,False,True,False,False,0.3949500495407011,1.8711376349116977,-0.5683791926436955,3.6706463172500507,-0.3418558879671453
TX001534,0.1599113419545356,2023-09-19 17:23:14,-1.274630553976354,0.04798707753509617,-0.2067936485059295,-0.8194376851082751,2024-11-04 08:09:37,0.7133290750638527,-0.03952081089347387,-0.2259336741271706,-1.1759165516991759,True,True,False,False,False,True,-0.9361517274444162,0.7808342855964149,-0.5683791926436955,-1.387315037073662,-0.028446402356390392
TX001535,1.9703652474508249,2023-04-24 16:47:17,-1.274630553976354,2.406820556750778,-0.2067936485059295,-1.1823324989525592,2024-11-04 08:10:49,-0.6784335804907239,3.0099121606173904,-0.2259336741271706,0.2048418050482517,True,False,True,False,False,True,0.3949500495407011,-0.8546207383765094,-1.0590212998330302,0.16898076425671127,-1.7521985732155423
TX001536,-0.015909444174841927,2023-02-16 16:23:11,-0.4313965480801688,-0.9098422746312717,-0.2067936485059295,-0.9992890061038403,2024-11-04 08:11:13,-1.3085384547253749,0.08065005241617847,-0.2259336741271706,2.045852947378155,True,True,False,True,False,False,2.169752418854191,-0.30946906371886795,0.9035471289243083,-0.6091671364084753,0.5983725688651194
TX001537,-0.9221127984048041,2023-08-31 17:43:38,-1.49949295554867,1.7635023351465013,-0.2067936485059295,-1.0366899786515957,2024-11-04 08:09:03,0.5348248792989201,-0.33978762652502875,-0.2259336741271706,0.6650945906307275,True,False,False,False,False,True,0.3949500495407011,-0.8546207383765094,-0.07773708545436095,0.3635177394230079,0.12825834044898704
TX001538,-0.3034511156448079,2023-03-03 17:08:36,-1.330846154369433,-0.6525149859895609,-0.2067936485059295,-1.2631264967555569,2024-11-04 08:11:19,-1.1672101276937938,1.7819520327350553,-0.2259336741271706,-0.7156637661167,True,False,False,False,False,True,-0.4924511351160437,0.7808342855964149,-0.5683791926436955,-0.9982410867410686,-2.0656080588262973
TX001539,-0.9508566876414657,2023-11-29 17:43:51,1.5361494656775965,0.7341931805796582,-0.2067936485059295,0.5208411783222306,2024-11-04 08:08:00,1.3810278007549295,-0.386394668290882,-0.2259336741271706,0.2048418050482517,True,False,False,False,True,False,-0.04875054278767131,-0.8546207383765094,0.4129050217349737,0.16898076425671127,0.12825834044898704
TX001540,-0.41993409944057636,2023-04-10 16:23:53,-0.9373369516178799,-0.695402867429846,-0.2067936485059295,-0.9282740793433559,2024-11-04 08:09:21,-0.8102070684090293,-0.16189107895136368,-0.2259336741271706,-0.7156637661167,True,False,True,False,False,True,-0.9361517274444162,-0.30946906371886795,-2.0403055142116995,-0.803704111574772,-0.6552653735779002
TX001541,-0.7129230633880504,2023-08-21 16:22:06,-0.20653414650785276,0.20524264281614163,-0.2067936485059295,0.908845180084536,2024-11-04 08:09:01,0.44027111510938394,-0.37160230784419856,-0.2259336741271706,0.6650945906307275,False,True,False,True,False,False,0.3949500495407011,0.23568261093877343,2.3754734504923123,-0.803704111574772,-1.28208434479941
TX001542,-0.779866519369501,2023-10-16 17:43:00,-0.9373369516178799,-1.2672412866336478,-0.2067936485059295,-1.2692236731947535,2024-11-04 08:08:13,0.96732567346166,0.4404810085690036,-0.2259336741271706,-0.2554109805342242,True,True,False,False,False,True,-0.04875054278767131,-0.8546207383765094,-0.07773708545436095,0.7525916897556012,-1.28208434479941
TX001543,-0.5176085073234399,2023-01-25 17:12:17,0.4680530582090954,-0.7382907488701311,-0.2067936485059295,0.506541786816175,2024-11-04 08:10:39,-1.5150617485303277,-0.35131429679264936,-0.2259336741271706,0.2048418050482517,True,False,False,True,False,False,0.3949500495407011,-1.399772413034151,1.8848313433029775,-0.025556210909585365,-2.8491317728531844
TX001544,0.2712896302839601,2023-08-14 17:25:14,-1.330846154369433,-0.4523715392682303,-0.2067936485059295,-1.095505424546774,2024-11-04 08:07:49,0.3748760259127539,0.4865414761309609,-0.2259336741271706,2.045852947378155,False,False,True,False,False,True,2.613453011182563,1.8711376349116977,0.9035471289243083,-0.41463016124217866,-0.6552653735779002
TX001545,-0.5106537879968103,2023-12-22 16:25:16,1.4799338652845175,-0.18074829014642452,-0.2067936485059295,0.14428797133597787,2024-11-04 08:11:52,1.5967392057958447,-0.3405115272740363,-0.2259336741271706,2.045852947378155,False,True,False,False,True,False,2.613453011182563,-0.8546207383765094,-0.07773708545436095,-0.025556210909585365,-0.8119701163832775
TX001546,0.3123670119225267,2023-12-11 16:57:08,-1.0497681524040379,-1.2815372471137427,-0.2067936485059295,-0.8860681830584034,2024-11-04 08:11:05,1.493528596096472,0.06834328195824915,-0.2259336741271706,-0.7156637661167,False,False,True,False,False,True,-1.823552912101161,0.7808342855964149,1.8848313433029775,1.3362026152544912,0.12825834044898704
TX001547,-0.6756485085734045,2023-11-27 17:51:15,1.0302090621398854,-1.009913997991937,-0.2067936485059295,1.296708162206742,2024-11-04 08:09:18,1.3622633037826333,-0.37252042002921987,-0.2259336741271706,-0.2554109805342242,True,True,False,False,False,False,-0.9361517274444162,2.416289309569339,-0.07773708545436095,0.7525916897556012,0.2849630832543645
TX001548,-0.5494015099594615,2023-04-07 16:50:22,1.0864246625329645,-0.8097705512706064,-0.2067936485059295,2.2393116405575957,2024-11-04 08:08:41,-0.8382362868326078,-0.37243904669539873,-0.2259336741271706,0.2048418050482517,True,True,False,False,False,False,1.282351234197446,-0.8546207383765094,-0.5683791926436955,0.16898076425671127,0.12825834044898704
TX001549,1.9620743997806553,2023-08-28 17:56:39,0.35562185742293734,1.5633588884251706,-0.2067936485059295,-0.3654518757402976,2024-11-04 08:08:54,0.5067043597806634,0.07145554514326126,-0.2259336741271706,-1.1759165516991759,True,False,False,False,True,False,-0.4924511351160437,-1.399772413034151,1.8848313433029775,-0.025556210909585365,-0.028446402356390392
TX001550,0.552767334656323,2023-07-18 18:06:23,0.41183745781601633,0.8628568249005136,-0.2067936485059295,0.12964756870022787,2024-11-04 08:08:35,0.12128130468139105,-0.2315000239003807,-0.2259336741271706,1.1253473762132034,True,True,False,True,False,False,0.8386506418690736,0.23568261093877343,0.9035471289243083,-0.9982410867410686,0.5983725688651194
TX001551,0.10194392766558275,2023-09-25 18:48:58,-1.387061754762512,0.7913770225000384,-0.2067936485059295,-1.2235948456455756,2024-11-04 08:11:19,0.7702907289382201,1.4826232643254829,-0.2259336741271706,2.045852947378155,False,True,False,False,False,True,1.282351234197446,1.8711376349116977,-1.5496634070223647,0.16898076425671127,0.5983725688651194
TX001552,1.5744258816485615,2023-01-17 16:53:08,0.4680530582090954,-1.1671695632729824,-0.2067936485059295,-0.10549370718803638,2024-11-04 08:08:06,-1.5903874368878186,-0.0756764913152493,-0.2259336741271706,1.1253473762132034,True,False,True,True,False,False,0.3949500495407011,-0.8546207383765094,1.394189236113643,-0.22009318607588202,-0.028446402356390392
TX001553,-1.0002249169502018,2023-03-08 16:57:30,0.8053466605675694,-1.038505918952127,-0.2067936485059295,1.9457984896421017,2024-11-04 08:11:10,-1.1202708093602798,-0.3910341946201531,-0.2259336741271706,-0.7156637661167,True,False,True,False,False,False,-1.823552912101161,-1.399772413034151,1.394189236113643,0.5580547145893046,0.2849630832543645
TX001554,-0.8577388200070838,2023-08-03 18:18:56,1.5923650660706756,0.5769376152986128,-0.2067936485059295,0.39626699225208273,2024-11-04 08:11:07,0.2717813109283185,-0.37797588795072656,-0.2259336741271706,0.6650945906307275,False,False,True,False,True,False,-0.04875054278767131,-0.30946906371886795,-0.07773708545436095,-0.9982410867410686,0.5983725688651194
TX001555,-0.1993358839520608,2023-11-01 17:23:46,-0.15031854611477377,1.8349821375469764,-0.2067936485059295,0.7041615824642353,2024-11-04 08:07:19,1.1176405746286735,-0.33207844775786055,-0.2259336741271706,0.2048418050482517,False,False,True,False,False,False,-0.04875054278767131,-0.30946906371886795,0.4129050217349737,0.5580547145893046,-1.28208434479941
TX001556,-0.9939211319447836,2023-07-03 16:46:20,0.5804842589952534,-1.295833207593838,-0.2067936485059295,-0.9843434882467849,2024-11-04 08:12:21,-0.020298399619208703,-0.3803915255182825,-0.2259336741271706,1.5856001617956792,True,False,False,True,False,False,0.8386506418690736,-1.399772413034151,-0.07773708545436095,0.9471286649218978,-0.028446402356390392
TX001557,-0.43380927839271943,2023-05-01 17:04:30,-1.0497681524040379,2.4640043986711584,-0.2067936485059295,-0.986889533748939,2024-11-04 08:07:51,-0.6124866583368666,-0.12664808646956002,-0.2259336741271706,-0.2554109805342242,True,True,False,False,False,True,-0.9361517274444162,-1.399772413034151,0.4129050217349737,-0.41463016124217866,-0.6552653735779002
TX001558,-0.12047005198210226,2023-06-13 17:26:54,-0.4313965480801688,2.2066771100294478,6.431744946342571,1.981122627490215,2024-11-04 08:07:46,-0.2080468584256504,-0.3517591200626382,4.426077714458506,-0.2554109805342242,False,False,True,False,False,False,-0.04875054278767131,-0.8546207383765094,-1.5496634070223647,-0.025556210909585365,-0.028446402356390392
TX001559,1.238680810707817,2023-01-31 16:02:23,-1.274630553976354,1.2059598764227946,-0.2067936485059295,-0.992961070253572,2024-11-04 08:06:24,-1.4590774190079336,0.6502473141738747,-0.2259336741271706,2.5061057329606307,True,False,False,False,False,True,2.169752418854191,1.3259859602540562,-0.07773708545436095,1.3362026152544912,0.2849630832543645
TX001560,-0.9115265507598356,2023-12-20 17:15:14,-1.105983752797117,2.335340754350303,-0.2067936485059295,-1.086972454324046,2024-11-04 08:06:33,1.578295840564187,-0.3211883791901112,-0.2259336741271706,1.1253473762132034,True,False,True,False,False,True,0.3949500495407011,-0.8546207383765094,-0.5683791926436955,-0.9982410867410686,0.2849630832543645
TX001561,-0.6370035657141025,2023-06-07 18:18:32,0.1869750562437003,0.2910184056967119,-0.2067936485059295,0.15445933337731238,2024-11-04 08:07:36,-0.26412161847209414,-0.35354005725105175,-0.2259336741271706,2.5061057329606307,False,False,True,True,False,False,2.613453011182563,0.7808342855964149,-1.0590212998330302,1.1416656400881946,-1.7521985732155423
TX001562,-0.1630206007686742,2023-11-06 16:28:15,0.9739934617468065,-0.4523715392682303,-0.2067936485059295,-0.9160694704911371,2024-11-04 08:12:10,1.1642572377229492,-0.07347693906150325,-0.2259336741271706,-0.2554109805342242,True,False,False,False,True,False,-0.9361517274444162,0.23568261093877343,0.4129050217349737,0.16898076425671127,0.2849630832543645
TX001563,0.878953948985591,2023-04-18 17:17:37,0.2431906566367793,-0.16645232966632947,-0.2067936485059295,2.487821578327261,2024-11-04 08:12:11,-0.7346574257573216,-0.3184369445374552,-0.2259336741271706,-1.1759165516991759,True,False,False,False,False,False,-2.2672535044295334,-1.9449240876917921,0.9035471289243083,1.5307395904207879,-0.028446402356390392
TX001564,1.0314438786546984,2023-01-10 16:51:44,-0.7124745500455638,1.4632871650645054,-0.2067936485059295,-0.6479706227149693,2024-11-04 08:11:41,-1.6562351139900113,0.06252978268561946,-0.2259336741271706,0.2048418050482517,False,True,False,True,False,False,-0.4924511351160437,-0.8546207383765094,-1.0590212998330302,-0.41463016124217866,1.3818962828920065
TX001565,-0.9223183566115025,2023-05-18 16:24:16,0.5804842589952534,-0.3094119344672799,-0.2067936485059295,-1.2667673674635718,2024-11-04 08:08:56,-0.45291965899268616,-0.07275637027538435,-0.2259336741271706,1.1253473762132034,True,True,False,False,False,False,0.8386506418690736,0.23568261093877343,0.9035471289243083,-0.803704111574772,-0.968674859188655
TX001566,-0.9619910905042965,2023-11-27 17:01:48,0.2431906566367793,-0.36659577638766006,-0.2067936485059295,1.7262770618899124,2024-11-04 08:09:51,1.3619368397968945,-0.38912065665553563,-0.2259336741271706,0.2048418050482517,True,False,False,False,False,False,-0.04875054278767131,-0.8546207383765094,0.9035471289243083,-0.22009318607588202,-0.028446402356390392
TX001567,2.0528283480380054,2023-11-06 16:35:59,-0.6562589496524849,0.6913052991393731,-0.2067936485059295,1.5467129081614581,2024-11-04 08:06:45,1.1643430977511984,-0.2338619079438788,-0.2259336741271706,0.2048418050482517,True,False,True,False,False,False,-0.9361517274444162,1.3259859602540562,-0.5683791926436955,-0.22009318607588202,-1.5954938304101647
TX001568,-0.4748181406290532,2023-03-06 18:04:32,0.2431906566367793,-1.1671695632729824,-0.2067936485059295,-1.216490019778034,2024-11-04 08:08:35,-1.1386205882493592,0.45054429404331753,-0.2259336741271706,1.5856001617956792,True,False,False,True,False,False,1.282351234197446,0.23568261093877343,-0.07773708545436095,0.16898076425671127,-0.6552653735779002
TX001569,-0.8266310113933903,2023-09-27 17:54:16,1.7047962668568335,1.0772962321019393,-0.2067936485059295,0.32864679282780374,2024-11-04 08:08:12,0.7887582525048227,-0.3746130246593411,-0.2259336741271706,-0.2554109805342242,False,False,True,False,True,False,-0.04875054278767131,1.3259859602540562,0.4129050217349737,0.5580547145893046,0.5983725688651194
TX001570,-0.32068374530635835,2023-01-20 16:34:35,0.41183745781601633,1.36321544170384,-0.2067936485059295,-0.07025161713052612,2024-11-04 08:09:52,-1.5623136017195225,-0.3091271494927683,-0.2259336741271706,-0.2554109805342242,True,False,True,False,True,False,0.8386506418690736,-0.30946906371886795,-0.07773708545436095,-0.41463016124217866,1.2251915400866291
TX001571,-0.8448571723873164,2023-10-31 16:45:07,-0.8811213512248008,-0.6239230650293708,-0.2067936485059295,-0.9691133671160748,2024-11-04 08:10:00,1.1079685349445179,-0.3169024526789697,-0.2259336741271706,1.1253473762132034,True,True,False,False,False,False,1.282351234197446,0.23568261093877343,2.3754734504923123,-0.025556210909585365,0.5983725688651194
TX001572,-0.6725651354729283,2023-08-23 18:19:06,-0.7124745500455638,-0.6382190255094659,-0.2067936485059295,-0.5999624092383001,2024-11-04 08:06:44,0.45985427493658454,-0.32021262339146966,-0.2259336741271706,1.1253473762132034,False,False,True,True,False,False,0.3949500495407011,-1.399772413034151,-1.0590212998330302,-1.5818520122399586,0.12825834044898704
TX001573,0.0079695675032907,2023-10-09 18:41:21,-0.9935525520109589,0.03369111705500113,-0.2067936485059295,-0.9605496289718708,2024-11-04 08:08:59,0.9018865116269552,0.03849866473042516,-0.2259336741271706,1.1253473762132034,True,False,False,False,False,True,0.3949500495407011,-1.399772413034151,0.4129050217349737,0.5580547145893046,0.4416678260597419
TX001574,-0.7538976659232678,2023-02-01 17:12:47,1.2550714637122016,-0.666810946469656,-0.2067936485059295,-0.14817907024932603,2024-11-04 08:10:22,-1.4492414944029373,-0.3583329208174277,-0.2259336741271706,0.2048418050482517,True,False,True,False,True,False,-0.9361517274444162,-0.8546207383765094,-1.0590212998330302,-0.9982410867410686,-0.6552653735779002
TX001575,-0.956680836831254,2023-09-18 16:40:59,-1.330846154369433,-0.5953311440691808,-0.2067936485059295,-0.9796795841496868,2024-11-04 08:10:06,0.7036478943880964,-0.3640550216163069,-0.2259336741271706,0.6650945906307275,True,True,False,False,False,True,0.8386506418690736,-0.30946906371886795,0.4129050217349737,-0.803704111574772,-0.6552653735779002
TX001576,1.4900784974999786,2023-05-22 16:54:00,-1.0497681524040379,-0.052084645825569126,-0.2067936485059295,-1.1980933667287335,2024-11-04 08:12:14,-0.41513841720844613,2.860076513266432,-0.2259336741271706,-0.7156637661167,False,False,False,False,False,True,-1.823552912101161,-0.30946906371886795,-1.0590212998330302,1.5307395904207879,-0.028446402356390392
TX001577,-0.7964824744109561,2023-09-07 16:47:49,-0.6000433492594058,0.4339780104976623,-0.2067936485059295,0.8642804098197424,2024-11-04 08:08:55,0.600276446765083,-0.376832916784104,-0.2259336741271706,-0.7156637661167,True,False,False,True,False,False,-0.9361517274444162,-1.399772413034151,-0.07773708545436095,3.6706463172500507,-0.6552653735779002
TX001578,-0.7897675729921413,2023-06-05 16:24:41,-1.162199353190196,-0.9098422746312717,-0.2067936485059295,-1.0550020199168366,2024-11-04 08:10:33,-0.2836885639213364,-0.2602219237470903,-0.2259336741271706,0.6650945906307275,False,False,False,False,False,True,-0.04875054278767131,1.3259859602540562,-0.07773708545436095,-0.025556210909585365,1.5386010256973839
TX001579,-0.5485450174315514,2023-11-27 17:34:33,0.5804842589952534,-1.038505918952127,-0.2067936485059295,2.34839161417103,2024-11-04 08:08:46,1.362157747093911,-0.37298483655155606,-0.2259336741271706,0.6650945906307275,True,True,False,False,False,False,-0.4924511351160437,-0.8546207383765094,0.4129050217349737,0.16898076425671127,0.2849630832543645
TX001580,0.34522206529315674,2023-06-27 16:52:00,-1.274630553976354,-0.9098422746312717,-0.2067936485059295,-0.833452473340676,2024-11-04 08:09:08,-0.07665337458674493,0.027796671448684432,-0.2259336741271706,-0.7156637661167,True,False,False,False,False,True,-1.3798523197727885,-0.30946906371886795,-2.0403055142116995,-1.970925962572552,-0.8119701163832775
TX001581,0.5888085402307783,2023-11-08 18:24:56,-1.387061754762512,0.41968205001756725,-0.2067936485059295,0.9041299961183108,2024-11-04 08:09:58,1.1838377858382638,-0.28517752825621506,-0.2259336741271706,-0.7156637661167,True,False,False,False,False,True,-1.3798523197727885,-1.399772413034151,-0.07773708545436095,1.1416656400881946,-0.18515114516176784
TX001582,-0.8907994315844122,2023-04-17 18:22:37,0.6929154597814113,0.8914487458607037,-0.2067936485059295,-1.2447836875688398,2024-11-04 08:12:14,-0.7436355118291251,-0.1084250471740919,-0.2259336741271706,1.5856001617956792,True,False,False,False,False,False,1.282351234197446,-0.30946906371886795,-0.07773708545436095,-0.6091671364084753,-0.18515114516176784
TX001583,-0.4705699376906193,2023-08-08 17:06:41,-0.7686901504386429,-1.4959766543151685,-0.2067936485059295,0.10580755754309966,2024-11-04 08:09:07,0.31833344297474636,-0.3349580920029661,-0.2259336741271706,0.2048418050482517,True,False,False,True,False,False,-0.9361517274444162,-0.8546207383765094,0.4129050217349737,0.7525916897556012,-1.7521985732155423
TX001584,0.060969325130365244,2023-05-26 16:52:33,-1.218414953583275,-0.38089173686775507,-0.2067936485059295,-1.0729551020981887,2024-11-04 08:08:08,-0.3775124634600892,0.2739188419064481,-0.2259336741271706,-1.1759165516991759,False,True,False,False,False,True,-1.3798523197727885,-0.30946906371886795,0.9035471289243083,-0.9982410867410686,-0.18515114516176784
TX001585,0.4679060549909941,2023-01-05 16:40:09,-1.330846154369433,0.40538608953747224,6.431744946342571,0.05669939087365675,2024-11-04 08:09:50,-1.7033094795922927,-0.23206708151538633,4.426077714458506,0.6650945906307275,True,False,False,False,False,True,0.8386506418690736,-0.30946906371886795,-0.07773708545436095,-1.387315037073662,0.2849630832543645
TX001586,-0.4511446871576191,2023-03-15 17:40:16,-1.0497681524040379,-0.5095553811886104,-0.2067936485059295,-1.1607667499912122,2024-11-04 08:09:22,-1.0541646816027106,0.16231335598757626,-0.2259336741271706,1.1253473762132034,True,False,False,False,False,True,-0.04875054278767131,1.3259859602540562,1.394189236113643,0.16898076425671127,0.12825834044898704
TX001587,-0.29543434558356974,2023-09-14 17:08:40,0.1307594558506213,1.063000271621844,-0.2067936485059295,-0.0907558728009451,2024-11-04 08:11:24,0.666211507394125,-0.30469583446046994,-0.2259336741271706,0.6650945906307275,True,True,False,True,False,False,1.282351234197446,0.7808342855964149,-1.5496634070223647,-0.803704111574772,-0.3418558879671453
TX001588,-0.19234690492431472,2023-07-24 16:02:33,-1.0497681524040379,0.5483456943384226,-0.2067936485059295,-0.9025931208845694,2024-11-04 08:08:42,0.17688497719641363,-0.0945131981171832,-0.2259336741271706,-0.2554109805342242,True,False,True,False,False,True,0.3949500495407011,-0.8546207383765094,1.8848313433029775,3.6706463172500507,-2.692427030047807
TX001589,-0.9399278429853333,2023-04-13 16:41:41,1.3112870641052805,0.13376284041566644,-0.2067936485059295,2.2213124064940297,2024-11-04 08:10:55,-0.7818945880671582,-0.38859277142705023,-0.2259336741271706,-0.2554109805342242,True,True,False,False,False,False,-0.9361517274444162,-0.8546207383765094,0.9035471289243083,0.16898076425671127,-0.18515114516176784
TX001590,-0.7767146268667919,2023-12-04 16:18:39,1.6485806664637546,0.8056729829801335,-0.2067936485059295,-0.8511568481567622,2024-11-04 08:06:26,1.427492549274508,-0.3143571623900495,-0.2259336741271706,1.5856001617956792,False,True,False,False,True,False,1.282351234197446,2.416289309569339,-0.5683791926436955,-0.22009318607588202,0.9117820544758742
TX001591,2.8986318491997505,2023-10-30 16:18:48,1.1988558633191224,-0.12356444822604433,-0.2067936485059295,0.6572687061410778,2024-11-04 08:10:41,1.0983900816029406,-0.0992991776401107,-0.2259336741271706,-0.7156637661167,True,False,True,False,True,False,-0.4924511351160437,0.23568261093877343,-0.5683791926436955,-0.025556210909585365,0.2849630832543645
TX001592,0.057988731133238214,2023-03-20 17:21:43,1.9858742688222286,1.5633588884251706,-0.2067936485059295,0.5017778869742795,2024-11-04 08:06:44,-1.0072577920251131,-0.3045364954460645,-0.2259336741271706,0.2048418050482517,True,False,False,False,True,False,-0.04875054278767131,-0.8546207383765094,1.394189236113643,0.16898076425671127,0.5983725688651194
TX001593,-0.3966717623825391,2023-05-29 16:09:59,1.8734430680360705,0.03369111705500113,-0.2067936485059295,0.6182883136242114,2024-11-04 08:09:04,-0.3495899987598474,-0.3444508473137451,-0.2259336741271706,0.2048418050482517,False,False,True,False,True,False,-0.04875054278767131,-0.30946906371886795,-1.5496634070223647,3.6706463172500507,-0.028446402356390392
TX001594,1.9084237078323696,2023-11-07 18:57:13,0.6366998593883324,-0.02349272486537904,-0.2067936485059295,-0.5448621898613709,2024-11-04 08:08:54,1.1746533745274734,0.16959533701724908,-0.2259336741271706,-0.2554109805342242,True,True,False,False,True,False,-0.9361517274444162,0.7808342855964149,0.4129050217349737,0.9471286649218978,1.6953057685027615
TX001595,-0.12471825492053619,2023-01-12 17:12:22,1.0864246625329645,-0.9670261165516518,-0.2067936485059295,0.6426129195445899,2024-11-04 08:09:48,-1.6372837707965437,-0.3245799169168923,-0.2259336741271706,1.5856001617956792,True,False,False,False,True,False,1.7260518265258185,0.23568261093877343,-0.5683791926436955,-0.22009318607588202,1.3818962828920065
TX001596,-0.2635043041430826,2023-10-09 18:23:25,1.4799338652845175,1.3918073626640302,-0.2067936485059295,0.11150731499656226,2024-11-04 08:07:05,0.9017818255088615,-0.3137922242122705,-0.2259336741271706,-0.7156637661167,False,False,True,False,True,False,-1.823552912101161,0.7808342855964149,-0.5683791926436955,-0.41463016124217866,-0.028446402356390392
TX001597,-0.9789153828557994,2023-09-05 16:43:36,-0.7686901504386429,0.13376284041566644,-0.2067936485059295,0.4277528318960421,2024-11-04 08:08:52,0.5814449158543817,-0.3884715918818946,-0.2259336741271706,0.6650945906307275,True,True,False,True,False,False,-0.04875054278767131,0.23568261093877343,-0.5683791926436955,0.16898076425671127,-0.968674859188655
TX001598,-0.5993521541871762,2023-08-17 16:26:57,-0.9373369516178799,-1.1242816818326973,-0.2067936485059295,-0.8065792579246872,2024-11-04 08:06:57,0.4027076248036317,-0.2695617951962181,-0.2259336741271706,-0.7156637661167,True,False,True,False,False,True,-1.3798523197727885,-0.8546207383765094,-2.0403055142116995,-0.22009318607588202,-0.8119701163832775
TX001599,0.334258960935908,2023-07-24 16:14:05,0.6366998593883324,-1.4673847333549783,-0.2067936485059295,0.0580557434120651,2024-11-04 08:11:15,0.17694363189251805,-0.24657264666775094,-0.2259336741271706,0.6650945906307275,True,False,True,False,True,False,0.3949500495407011,0.7808342855964149,-1.5496634070223647,0.16898076425671127,-0.6552653735779002
TX001600,1.3946994895919143,2023-07-18 17:22:49,0.35562185742293734,0.4339780104976623,-0.2067936485059295,-0.4734318961609581,2024-11-04 08:10:51,0.12098204602779712,0.03161936861124197,-0.2259336741271706,0.6650945906307275,True,False,True,False,True,False,-0.4924511351160437,2.416289309569339,-0.5683791926436955,-0.803704111574772,-0.6552653735779002
TX001601,0.2476846962147588,2023-10-18 16:44:36,1.3675026644983594,-0.7239947883900362,-0.2067936485059295,0.4684844319435944,2024-11-04 08:11:27,0.9857275777671289,-0.28723354876006263,-0.2259336741271706,-0.7156637661167,True,False,False,False,True,False,-0.4924511351160437,0.7808342855964149,0.9035471289243083,-0.803704111574772,-0.028446402356390392
TX001602,-0.9821357947607412,2023-10-20 17:48:44,1.2550714637122016,2.120901347148877,-0.2067936485059295,0.6289211944876887,2024-11-04 08:08:28,1.0049701268358755,-0.3890716850178688,-0.2259336741271706,0.6650945906307275,True,False,False,False,True,False,0.8386506418690736,0.7808342855964149,-0.5683791926436955,-0.41463016124217866,0.12825834044898704
TX001603,-0.33729970034781365,2023-08-02 17:32:29,-0.7686901504386429,-1.1957614842331725,-0.2067936485059295,0.48381198482564564,2024-11-04 08:10:52,0.2620774954162176,-0.33603411142701467,-0.2259336741271706,-0.2554109805342242,True,True,False,True,False,False,0.3949500495407011,1.3259859602540562,-0.07773708545436095,1.1416656400881946,0.2849630832543645
TX001604,-0.6446434790630603,2023-01-11 18:07:25,1.4237182648914386,0.2910184056967119,-0.2067936485059295,-0.8026973718317756,2024-11-04 08:09:49,-1.6463266055588521,-0.283581588285042,-0.2259336741271706,0.6650945906307275,True,False,False,False,True,False,-0.04875054278767131,1.8711376349116977,-1.5496634070223647,0.16898076425671127,0.4416678260597419
TX001605,0.022461421075528818,2023-11-28 16:09:34,-1.387061754762512,-1.1385776423127922,-0.2067936485059295,-1.1351806592903106,2024-11-04 08:10:17,1.370995127187861,0.47671710795693656,-0.2259336741271706,0.6650945906307275,True,True,False,False,False,True,0.3949500495407011,-1.9449240876917921,1.8848313433029775,-1.387315037073662,0.2849630832543645
TX001606,1.106404104697387,2023-03-27 16:26:46,-0.9373369516178799,-0.3094119344672799,-0.2067936485059295,-1.2565985694156936,2024-11-04 08:07:26,-0.9418060069162931,5.295331594173356,-0.2259336741271706,2.045852947378155,False,True,False,False,False,True,2.169752418854191,0.23568261093877343,-0.07773708545436095,0.7525916897556012,0.9117820544758742
TX001607,1.5766185025200112,2023-01-02 16:30:09,-1.274630553976354,-0.03778868534547408,-0.2067936485059295,-0.9413145500623444,2024-11-04 08:08:27,-1.731572228587003,0.6390754983464498,-0.2259336741271706,0.6650945906307275,True,False,True,False,False,True,0.3949500495407011,1.3259859602540562,-0.07773708545436095,-0.9982410867410686,1.3818962828920065
TX001608,-0.5988039989693138,2023-10-24 16:12:19,0.41183745781601633,-1.5388645357554536,-0.2067936485059295,0.8554859122644674,2024-11-04 08:09:37,1.0419417379354832,-0.3633595476621228,-0.2259336741271706,-0.2554109805342242,True,True,False,False,False,False,-0.4924511351160437,0.7808342855964149,-0.5683791926436955,-1.387315037073662,-0.028446402356390392
TX001609,-0.6897977651344788,2023-07-27 16:01:41,0.9177778613537274,0.7341931805796582,-0.2067936485059295,0.7390447134378566,2024-11-04 08:06:36,0.20509951834256313,-0.368262915861313,-0.2259336741271706,0.2048418050482517,True,False,True,False,True,False,0.8386506418690736,0.23568261093877343,-0.07773708545436095,-0.025556210909585365,0.5983725688651194
TX001610,3.884146411514184,2023-01-17 17:50:51,-0.8249057508317219,-1.009913997991937,-0.2067936485059295,0.11632249470758467,2024-11-04 08:09:18,-1.5900184237626052,0.11303328619164191,-0.2259336741271706,-0.2554109805342242,True,False,False,False,False,False,-0.9361517274444162,0.7808342855964149,-0.5683791926436955,-1.387315037073662,1.3818962828920065
TX001611,-0.5311753489655352,2023-05-16 16:45:46,1.2550714637122016,-0.32370789494737495,-0.2067936485059295,-0.9875536080541331,2024-11-04 08:07:26,-0.47157381113780267,-0.1702881463714609,-0.2259336741271706,-0.2554109805342242,True,False,True,False,False,False,-0.04875054278767131,-0.8546207383765094,-0.07773708545436095,0.16898076425671127,0.2849630832543645
TX001612,-0.8964180225675022,2023-05-08 16:22:52,-1.218414953583275,0.30531436617680696,-0.2067936485059295,-0.8761224524412276,2024-11-04 08:09:24,-0.546953474874269,-0.35033023594048174,-0.2259336741271706,-0.7156637661167,False,True,False,False,False,True,-1.3798523197727885,0.7808342855964149,0.9035471289243083,-0.41463016124217866,0.12825834044898704
TX001613,-0.9343777714044761,2023-02-13 16:53:36,0.7491310601744904,2.4640043986711584,-0.2067936485059295,-0.6468065696857871,2024-11-04 08:12:04,-1.3365518940563093,-0.3730684690541724,-0.2259336741271706,0.2048418050482517,True,True,False,True,False,False,-0.4924511351160437,-0.8546207383765094,-1.0590212998330302,0.5580547145893046,0.12825834044898704
TX001614,-0.6663983892719759,2023-11-14 16:09:22,0.8615622609606484,-0.15215636918623443,-0.2067936485059295,1.7660420364044214,2024-11-04 08:10:18,1.2393634334606949,-0.37503485505353723,-0.2259336741271706,-0.2554109805342242,True,False,True,False,False,False,-0.04875054278767131,-0.30946906371886795,1.394189236113643,0.7525916897556012,-0.3418558879671453
TX001615,-0.6212098434994411,2023-11-28 18:04:26,0.6929154597814113,-0.36659577638766006,-0.2067936485059295,0.9262726436073365,2024-11-04 08:11:49,1.3717351122222023,-0.3657346528560496,-0.2259336741271706,1.5856001617956792,True,False,True,True,False,False,0.3949500495407011,-0.8546207383765094,-0.07773708545436095,-0.025556210909585365,-2.692427030047807
TX001616,0.22695757703933525,2023-10-19 17:41:40,1.5923650660706756,-0.02349272486537904,3.1124756489183207,0.07726261839357187,2024-11-04 08:09:37,0.9955143151316075,-0.25994226242201834,4.426077714458506,1.1253473762132034,True,False,True,False,True,False,1.282351234197446,0.23568261093877343,-1.0590212998330302,-0.025556210909585365,-0.8119701163832775
TX001617,-0.9005291867014704,2023-04-28 16:03:41,0.8053466605675694,-0.681106906949751,-0.2067936485059295,-0.35324983088153505,2024-11-04 08:12:14,-0.6411188557421046,-0.37364574016236474,-0.2259336741271706,1.1253473762132034,False,False,True,False,True,False,0.3949500495407011,2.416289309569339,-0.07773708545436095,-1.387315037073662,-2.692427030047807
TX001618,-0.8002510415337605,2023-10-30 18:14:15,-1.443277355155591,1.7206144537062162,-0.2067936485059295,-0.9970378198491663,2024-11-04 08:08:26,1.0991585778253699,-0.2893911487760888,-0.2259336741271706,0.6650945906307275,False,True,False,False,False,True,0.3949500495407011,0.23568261093877343,0.4129050217349737,-0.41463016124217866,1.2251915400866291
TX001619,-0.6469731387389757,2023-10-17 16:09:20,0.2994062570298583,-1.3816089704744081,4.772110297630446,2.4910599020626294,2024-11-04 08:10:18,0.9761026577182483,-0.37750053380620285,4.426077714458506,-0.2554109805342242,True,False,False,False,False,False,-0.04875054278767131,-0.8546207383765094,-0.07773708545436095,-0.025556210909585365,0.5983725688651194
TX001620,-0.845165509697364,2023-04-24 16:14:34,-0.9373369516178799,0.4339780104976623,-0.2067936485059295,-0.9837024898826978,2024-11-04 08:06:36,-0.678619664962595,-0.3137031810597423,-0.2259336741271706,0.2048418050482517,False,False,True,False,False,True,-0.9361517274444162,0.7808342855964149,0.9035471289243083,-0.803704111574772,0.12825834044898704
TX001621,-0.31091973048818367,2023-09-13 18:47:47,-1.387061754762512,0.4911618524180425,-0.2067936485059295,-1.1947294073140045,2024-11-04 08:10:50,0.6574602049710815,0.4998967532019089,-0.2259336741271706,-0.7156637661167,True,True,False,False,False,True,-1.823552912101161,1.8711376349116977,0.4129050217349737,-1.387315037073662,1.2251915400866291
TX001622,-0.8914161062045075,2023-08-01 17:54:56,-1.387061754762512,-0.5095553811886104,-0.2067936485059295,-0.9217025641147347,2024-11-04 08:12:08,0.2528136445355641,-0.34358295104210607,-0.2259336741271706,1.1253473762132034,True,False,False,False,False,True,1.7260518265258185,-0.8546207383765094,-0.07773708545436095,-0.9982410867410686,-0.028446402356390392
TX001623,-0.49122853746380996,2023-01-02 16:01:26,0.07454385545754227,-0.6382190255094659,-0.2067936485059295,0.7516262293281588,2024-11-04 08:10:33,-1.7317734392235467,-0.3542562581022073,-0.2259336741271706,1.1253473762132034,True,False,True,True,False,False,1.282351234197446,0.7808342855964149,-0.5683791926436955,-0.803704111574772,0.7550773116704967
TX001624,-0.33651172722213635,2023-06-29 17:39:21,-1.162199353190196,-0.5810351835890857,-0.2067936485059295,-0.9699594849566697,2024-11-04 08:08:44,-0.05753727590180797,-0.09791597431089477,-0.2259336741271706,1.1253473762132034,True,False,True,False,False,True,1.282351234197446,1.8711376349116977,-0.07773708545436095,-0.803704111574772,0.12825834044898704
TX001625,0.38677908274735295,2023-07-25 16:47:16,-1.105983752797117,0.20524264281614163,-0.2067936485059295,-0.8386137921683054,2024-11-04 08:10:38,0.1865664843361557,0.04529629883105464,-0.2259336741271706,-0.2554109805342242,False,True,False,False,False,True,-0.4924511351160437,-0.8546207383765094,0.4129050217349737,0.16898076425671127,0.2849630832543645
TX001626,3.6398062231520014,2023-09-25 16:51:23,1.2550714637122016,1.4061033231441251,-0.2067936485059295,0.3813163464081145,2024-11-04 08:11:58,0.7695187504332764,0.012771127057018519,-0.2259336741271706,0.2048418050482517,False,True,False,False,True,False,-0.04875054278767131,1.3259859602540562,-0.07773708545436095,0.3635177394230079,-0.6552653735779002
TX001627,-0.9570919532446509,2023-03-22 17:31:23,0.6366998593883324,-1.3101291680739329,-0.2067936485059295,0.8481426350054854,2024-11-04 08:11:20,-0.9884203847626686,-0.3876544555111939,-0.2259336741271706,2.5061057329606307,True,False,False,True,False,False,2.169752418854191,0.7808342855964149,0.9035471289243083,0.5580547145893046,-0.6552653735779002
TX001628,0.34638689513111437,2023-08-28 16:02:11,0.1307594558506213,2.2352690309896377,-0.2067936485059295,0.7367473753009683,2024-11-04 08:09:04,0.5059558866826929,-0.29385734059297003,-0.2259336741271706,0.2048418050482517,True,False,False,False,False,False,-0.4924511351160437,-0.8546207383765094,-0.07773708545436095,-1.970925962572552,-2.8491317728531844
TX001629,-0.6010993989441128,2023-02-20 16:20:28,-1.274630553976354,0.5054578128981375,-0.2067936485059295,-1.2272869962227175,2024-11-04 08:08:04,-1.270926974213719,0.33815606502557244,-0.2259336741271706,0.2048418050482517,True,False,True,False,False,True,-0.9361517274444162,-0.30946906371886795,-0.07773708545436095,0.16898076425671127,0.9117820544758742
TX001630,0.2761545078424893,2023-01-09 17:12:40,-0.2627497469009318,0.677009338659278,-0.2067936485059295,0.5790797256897304,2024-11-04 08:11:02,-1.665496353158779,-0.29114247837066626,-0.2259336741271706,-0.7156637661167,True,True,False,True,False,False,-1.3798523197727885,-0.8546207383765094,-1.0590212998330302,-0.9982410867410686,0.2849630832543645
TX001631,-0.5921918766538481,2023-11-27 16:33:20,0.2431906566367793,-1.2386493656734576,-0.2067936485059295,-0.5451903810237836,2024-11-04 08:08:17,1.361761202172567,-0.3099166260011677,-0.2259336741271706,1.1253473762132034,True,False,False,True,False,False,0.3949500495407011,-0.30946906371886795,-0.5683791926436955,0.9471286649218978,1.5386010256973839
TX001632,-0.9609632994708044,2023-12-25 16:56:06,0.4680530582090954,-0.2665240530269948,-0.2067936485059295,-0.8960549375708807,2024-11-04 08:11:05,1.6251521282239947,-0.3711757810555641,-0.2259336741271706,0.6650945906307275,True,False,False,False,True,False,-0.04875054278767131,-1.399772413034151,-1.0590212998330302,0.7525916897556012,-2.8491317728531844
TX001633,-0.03612266783351931,2023-04-14 16:00:51,-1.274630553976354,1.320327560263555,-0.2067936485059295,-1.0024324620813234,2024-11-04 08:10:59,-0.7727594728182143,0.07584133430975508,-0.2259336741271706,-0.7156637661167,True,False,False,False,False,True,-0.9361517274444162,0.23568261093877343,-1.0590212998330302,0.16898076425671127,-0.6552653735779002
TX001634,1.9772171876741054,2023-03-03 16:21:27,-0.9373369516178799,0.7627851015398482,-0.2067936485059295,-0.12402625189052324,2024-11-04 08:08:17,-1.1674981777505442,-0.020871053221012206,-0.2259336741271706,0.6650945906307275,True,False,True,True,False,False,-0.04875054278767131,0.7808342855964149,-0.07773708545436095,-0.22009318607588202,-0.3418558879671453
TX001635,5.017971219961525,2023-10-06 16:05:34,-1.162199353190196,0.4339780104976623,-0.2067936485059295,-0.9573856610467367,2024-11-04 08:10:42,0.8726516617040433,2.114489644959024,-0.2259336741271706,1.1253473762132034,True,False,False,False,False,True,0.8386506418690736,0.7808342855964149,-0.5683791926436955,1.5307395904207879,0.5983725688651194
TX001636,-0.8820974675008459,2023-04-19 17:03:11,-0.4876121484732478,2.1351973076289723,-0.2067936485059295,2.3563297379118846,2024-11-04 08:10:40,-0.7253395994976927,-0.3863965605038014,-0.2259336741271706,1.1253473762132034,False,False,False,False,False,False,0.8386506418690736,2.416289309569339,-0.07773708545436095,-0.803704111574772,-1.5954938304101647
TX001637,-0.5913011244248216,2023-06-05 16:19:55,0.2431906566367793,0.8199689434602284,-0.2067936485059295,-0.4867851740816211,2024-11-04 08:11:36,-0.2837265425650107,-0.31556381361773167,-0.2259336741271706,0.6650945906307275,False,False,True,True,False,False,0.3949500495407011,0.23568261093877343,0.4129050217349737,-0.025556210909585365,-0.18515114516176784
TX001638,0.1741976373200755,2023-11-06 17:58:34,-1.162199353190196,0.39109012905737717,-0.2067936485059295,-1.049022787176632,2024-11-04 08:09:55,1.1648616313818803,0.27663588385475163,-0.2259336741271706,1.1253473762132034,True,False,True,False,False,True,0.3949500495407011,0.23568261093877343,-0.07773708545436095,-0.9982410867410686,-1.28208434479941
TX001639,-0.5796528260452448,2023-03-20 17:17:27,1.3675026644983594,-1.2672412866336478,-0.2067936485059295,-0.6419375461121813,2024-11-04 08:11:44,-1.0073182966838035,-0.29531750517389604,-0.2259336741271706,2.045852947378155,True,False,False,False,True,False,0.8386506418690736,-0.30946906371886795,-0.5683791926436955,1.3362026152544912,1.2251915400866291
TX001640,0.0799491995488523,2023-06-22 16:05:35,0.5804842589952534,0.8342649039403235,-0.2067936485059295,1.1120955053627375,2024-11-04 08:10:27,-0.12397585281818789,-0.32520548120831466,-0.2259336741271706,-1.1759165516991759,True,False,True,True,False,False,-0.04875054278767131,0.23568261093877343,-0.07773708545436095,3.6706463172500507,0.2849630832543645
TX001641,-1.0147167705224398,2023-06-07 17:02:33,0.4680530582090954,2.2638609519498276,-0.2067936485059295,-0.9922995599418342,2024-11-04 08:12:04,-0.26464689902514793,-0.3896817027390637,-0.2259336741271706,0.6650945906307275,True,False,False,False,True,False,0.8386506418690736,-0.30946906371886795,0.4129050217349737,0.16898076425671127,-0.968674859188655
TX001642,-0.8464673783397874,2023-04-06 16:03:23,0.5242686586021743,2.4783003591512536,-0.2067936485059295,1.9745152163532047,2024-11-04 08:06:58,-0.8479340083503081,-0.38416214687395717,-0.2259336741271706,2.9663585185431067,True,True,False,False,False,False,2.169752418854191,-0.30946906371886795,0.4129050217349737,1.3362026152544912,1.5386010256973839
TX001643,0.2958538359844207,2023-09-20 17:57:15,-0.7686901504386429,0.333906287136997,-0.2067936485059295,1.2356543500241712,2024-11-04 08:07:55,0.722964441960277,-0.31597847147204955,-0.2259336741271706,0.6650945906307275,False,False,True,True,False,False,0.3949500495407011,1.3259859602540562,0.4129050217349737,1.1416656400881946,-0.028446402356390392
TX001644,-0.975215335135228,2023-08-28 17:08:41,-1.218414953583275,0.5483456943384226,-0.2067936485059295,-1.0751011646211526,2024-11-04 08:10:32,0.5063805075068105,-0.3643405867917115,-0.2259336741271706,0.2048418050482517,True,True,False,False,False,True,-0.4924511351160437,-0.8546207383765094,-1.5496634070223647,-0.803704111574772,0.12825834044898704
TX001645,0.11016625593351927,2023-12-25 17:31:53,0.6366998593883324,1.30603159978346,-0.2067936485059295,0.2295099858380892,2024-11-04 08:09:57,1.6253931674667985,-0.2841222916596365,-0.2259336741271706,0.6650945906307275,True,False,True,False,True,False,-0.04875054278767131,0.23568261093877343,-0.5683791926436955,0.5580547145893046,-0.968674859188655
TX001646,2.3439330284240776,2023-09-25 16:23:57,0.018328255064463266,1.6348386908256458,-0.2067936485059295,-1.1568592239637372,2024-11-04 08:06:45,0.7693736916022799,2.804810593169251,-0.2259336741271706,-0.7156637661167,True,False,True,False,False,False,-0.04875054278767131,-0.8546207383765094,-1.0590212998330302,-0.025556210909585365,-0.6552653735779002
TX001647,-0.879802067526047,2023-11-17 16:40:09,-1.49949295554867,-0.5667392231089906,-0.2067936485059295,-0.8576488795882367,2024-11-04 08:11:29,1.267763188508087,-0.34664008992402995,-0.2259336741271706,0.2048418050482517,True,False,False,False,False,True,-0.04875054278767131,-0.30946906371886795,0.4129050217349737,-0.41463016124217866,-0.6552653735779002
TX001648,-0.679519854799558,2023-06-26 16:53:58,1.0302090621398854,-0.38089173686775507,-0.2067936485059295,-0.6522704397412658,2024-11-04 08:07:33,-0.08603235843303567,-0.3160754448104973,-0.2259336741271706,0.2048418050482517,False,False,True,False,True,False,1.282351234197446,-1.399772413034151,-1.0590212998330302,-0.025556210909585365,-0.6552653735779002
TX001649,-0.5035962895668313,2023-04-17 17:43:23,1.3675026644983594,-0.8669543931909865,-0.2067936485059295,-0.4805341580350435,2024-11-04 08:07:30,-0.7438607719792849,-0.3006207162578775,-0.2259336741271706,0.2048418050482517,True,False,False,False,True,False,-0.4924511351160437,-0.30946906371886795,-0.07773708545436095,-1.387315037073662,0.7550773116704967
TX001650,-0.9184812700864654,2023-07-20 18:26:11,1.5923650660706756,0.13376284041566644,-0.2067936485059295,-0.9961070902245118,2024-11-04 08:09:30,0.14020892482522812,-0.3448000407360073,-0.2259336741271706,1.5856001617956792,True,False,True,False,True,False,0.3949500495407011,2.416289309569339,0.4129050217349737,-0.9982410867410686,-0.028446402356390392
TX001651,-0.8333801725133216,2023-12-25 18:03:33,1.1426402629260435,-1.052801879432222,-0.2067936485059295,0.744990614263129,2024-11-04 08:11:47,1.6255879576449561,-0.3785965459928142,-0.2259336741271706,1.1253473762132034,True,False,False,False,False,False,0.8386506418690736,1.3259859602540562,-0.5683791926436955,-0.803704111574772,-2.8491317728531844
TX001652,-0.9570234338424182,2023-08-16 16:41:21,0.4680530582090954,-1.4530887728748834,-0.2067936485059295,2.3624602462660143,2024-11-04 08:08:43,0.39338794858141685,-0.389404222650212,-0.2259336741271706,1.1253473762132034,True,False,False,False,False,False,1.282351234197446,-0.30946906371886795,0.4129050217349737,-0.9982410867410686,0.2849630832543645
TX001653,1.1520722862855517,2023-12-08 16:06:14,-0.9935525520109589,0.7913770225000384,-0.2067936485059295,-1.226651125845543,2024-11-04 08:09:58,1.4649970584201701,3.368525208642773,-0.2259336741271706,0.2048418050482517,True,False,True,False,False,True,0.3949500495407011,-0.30946906371886795,-0.5683791926436955,-0.22009318607588202,0.2849630832543645
TX001654,-0.7415299138202466,2023-02-17 16:28:12,-1.443277355155591,-0.08067656678575921,-0.2067936485059295,-0.9022803136828949,2024-11-04 08:09:07,-1.299089825228793,-0.29203057628541385,-0.2259336741271706,0.6650945906307275,True,False,False,False,False,True,-0.04875054278767131,0.7808342855964149,-0.07773708545436095,0.16898076425671127,0.7550773116704967
TX001655,-0.7319371975076538,2023-06-14 16:16:25,1.7047962668568335,0.7198972200995631,-0.2067936485059295,0.5894305672730094,2024-11-04 08:06:37,-0.19909739236326338,-0.36966134666104655,-0.2259336741271706,-0.2554109805342242,True,False,True,False,True,False,-0.9361517274444162,-0.30946906371886795,0.9035471289243083,1.1416656400881946,-0.18515114516176784
TX001656,0.38647074543730525,2023-05-19 16:00:10,0.9177778613537274,-0.5953311440691808,-0.2067936485059295,-0.6539190875336979,2024-11-04 08:09:34,-0.4436789870550201,-0.07755845544866286,-0.2259336741271706,0.6650945906307275,False,False,False,False,True,False,0.3949500495407011,-0.30946906371886795,-0.5683791926436955,-0.22009318607588202,-0.6552653735779002
TX001657,-0.42795086950181455,2023-02-20 16:07:41,-0.6562589496524849,-1.4673847333549783,-0.2067936485059295,1.4385662281661353,2024-11-04 08:07:49,-1.2710088078528108,-0.36027765226695363,-0.2259336741271706,0.2048418050482517,True,False,False,False,False,False,-0.04875054278767131,-0.30946906371886795,-0.5683791926436955,-1.387315037073662,-1.28208434479941
TX001658,-0.5403226891636148,2023-01-23 16:05:26,-0.6000433492594058,0.6055295362588028,-0.2067936485059295,-0.5498722330750758,2024-11-04 08:07:25,-1.5342814451200726,-0.2994001969678034,-0.2259336741271706,1.5856001617956792,True,False,False,True,False,False,0.8386506418690736,-0.30946906371886795,0.4129050217349737,-1.1927780619073654,0.12825834044898704
TX001659,-0.45237803639780955,2023-10-02 18:21:39,-0.9373369516178799,-0.06638060630566417,-0.2067936485059295,-1.1159840402826293,2024-11-04 08:08:55,0.8359431805769411,0.03448190258321648,-0.2259336741271706,0.6650945906307275,True,True,False,False,False,True,-0.4924511351160437,-0.8546207383765094,-0.07773708545436095,-0.41463016124217866,-1.5954938304101647
TX001660,-0.8352644560747238,2023-12-05 16:01:44,0.5242686586021743,0.24813052425642676,3.1124756489183207,0.2858998939235615,2024-11-04 08:07:47,1.436775443887663,-0.3749448929312333,4.426077714458506,2.045852947378155,False,False,False,True,False,False,2.169752418854191,-0.30946906371886795,1.8848313433029775,-2.1654629377388486,1.2251915400866291
TX001661,-0.0407819871853501,2023-12-06 18:15:42,1.0302090621398854,-1.2100574447132675,-0.2067936485059295,-0.6568343480935661,2024-11-04 08:07:59,1.4470510066601212,-0.17210634695589833,-0.2259336741271706,1.1253473762132034,True,False,False,False,True,False,0.3949500495407011,-0.8546207383765094,-1.0590212998330302,0.5580547145893046,0.7550773116704967
TX001662,0.8044390990574156,2023-08-24 16:46:58,-1.274630553976354,0.41968205001756725,-0.2067936485059295,-1.046256238237232,2024-11-04 08:09:47,0.46863495911834463,0.618942830459483,-0.2259336741271706,2.045852947378155,True,False,False,False,False,True,1.282351234197446,-0.30946906371886795,0.4129050217349737,-1.387315037073662,0.12825834044898704
TX001663,-0.012826071074365586,2023-08-10 16:23:08,-1.105983752797117,0.34820224761709206,-0.2067936485059295,-0.8190248821618028,2024-11-04 08:09:31,0.33685080670983836,-0.09138146088737306,-0.2259336741271706,-1.1759165516991759,True,False,True,False,False,True,-1.3798523197727885,-1.399772413034151,-1.5496634070223647,-0.025556210909585365,1.3818962828920065
TX001664,-0.9238257834606242,2023-11-03 18:44:38,1.9296586684291497,0.005099196094811046,-0.2067936485059295,-0.8258271568014954,2024-11-04 08:08:30,1.136965174979169,-0.36293154274646794,-0.2259336741271706,1.5856001617956792,True,True,False,False,True,False,1.7260518265258185,-1.399772413034151,-0.07773708545436095,-0.6091671364084753,0.2849630832543645
TX001665,-0.09330210899679506,2023-03-03 16:57:11,-1.105983752797117,-1.1814655237530776,-0.2067936485059295,-0.8541336445595828,2024-11-04 08:07:51,-1.1672620354675265,-0.09418280398156342,-0.2259336741271706,0.2048418050482517,True,False,False,False,False,True,0.3949500495407011,1.8711376349116977,-0.07773708545436095,-0.41463016124217866,1.3818962828920065
TX001666,-0.6335775956024623,2023-09-18 16:28:56,-0.8811213512248008,0.8056729829801335,3.1124756489183207,-1.092600419960731,2024-11-04 08:07:58,0.7035831456975915,-0.13272880328869852,4.426077714458506,1.1253473762132034,True,False,True,True,False,False,1.282351234197446,1.8711376349116977,0.9035471289243083,-0.41463016124217866,1.2251915400866291
TX001667,0.7140962672134622,2023-07-12 16:14:08,-1.330846154369433,-1.4102008914345983,-0.2067936485059295,-1.023139273234794,2024-11-04 08:09:26,0.06412986640998065,0.4918683496279417,-0.2259336741271706,0.2048418050482517,True,True,False,False,False,True,-0.9361517274444162,0.7808342855964149,-0.5683791926436955,0.5580547145893046,0.5983725688651194
TX001668,-0.3105428737759033,2023-08-03 16:19:27,-1.274630553976354,-1.2672412866336478,-0.2067936485059295,-0.8452596632071606,2024-11-04 08:07:36,0.27102413212406157,-0.16834762457509767,-0.2259336741271706,1.5856001617956792,True,True,False,False,False,True,0.8386506418690736,-0.30946906371886795,-1.0590212998330302,0.16898076425671127,0.2849630832543645
TX001669,0.18283108200140885,2023-06-08 16:26:48,1.0302090621398854,0.677009338659278,-0.2067936485059295,0.08964670678773493,2024-11-04 08:08:03,-0.2554519320454853,-0.2657388468546229,-0.2259336741271706,0.2048418050482517,True,False,False,False,True,False,-0.9361517274444162,-1.9449240876917921,-0.5683791926436955,-0.025556210909585365,1.2251915400866291
TX001670,-0.1232108280714145,2023-05-29 18:27:43,-1.387061754762512,0.4339780104976623,-0.2067936485059295,-1.188993753952153,2024-11-04 08:09:33,-0.3486938551189943,0.6833394291465102,-0.2259336741271706,0.2048418050482517,True,True,False,False,False,True,-0.4924511351160437,0.7808342855964149,1.8848313433029775,0.16898076425671127,0.12825834044898704
TX001671,-0.8615416468310044,2023-06-05 17:28:06,0.8053466605675694,-1.2815372471137427,-0.2067936485059295,0.9639864233567667,2024-11-04 08:08:32,-0.2832613313853329,-0.38169707747389964,-0.2259336741271706,0.6650945906307275,True,True,False,False,False,False,0.3949500495407011,0.23568261093877343,0.9035471289243083,0.7525916897556012,0.12825834044898704
TX001672,-0.926189702837656,2023-03-20 16:02:51,1.0302090621398854,-0.39518769734785014,-0.2067936485059295,0.06432983539974993,2024-11-04 08:09:28,-1.007790581249839,-0.3819299471586708,-0.2259336741271706,-0.7156637661167,False,True,False,False,True,False,-1.823552912101161,-0.30946906371886795,3.847399772060316,-1.5818520122399586,0.2849630832543645
TX001673,3.618976324873229,2023-11-15 17:32:11,-1.0497681524040379,0.7341931805796582,-0.2067936485059295,0.7035872479300133,2024-11-04 08:08:50,1.2493159057086,-0.05346641488858317,-0.2259336741271706,-0.2554109805342242,True,True,False,True,False,False,-0.9361517274444162,-0.8546207383765094,0.4129050217349737,-0.41463016124217866,-2.0656080588262973
TX001674,0.11670985884675222,2023-09-11 17:52:59,1.7610118672499127,0.3624982080971871,-0.2067936485059295,0.53895066410442,2024-11-04 08:08:23,0.6383140715994566,-0.301625925811655,-0.2259336741271706,1.1253473762132034,True,False,False,False,True,False,0.3949500495407011,-0.30946906371886795,1.394189236113643,-0.025556210909585365,-0.6552653735779002
TX001675,1.2688293476902515,2023-07-27 17:51:27,0.9739934617468065,1.9064619399474516,-0.2067936485059295,2.165101977950501,2024-11-04 08:08:19,0.20580500701574472,-0.295129024212869,-0.2259336741271706,1.1253473762132034,False,False,False,False,False,False,0.3949500495407011,0.23568261093877343,0.4129050217349737,-1.387315037073662,1.3818962828920065
TX001676,-0.8487970380157027,2023-10-13 16:05:10,0.2431906566367793,0.37679416857728215,-0.2067936485059295,0.7070819710110163,2024-11-04 08:07:16,0.9384866067107921,-0.3794695082709835,-0.2259336741271706,-0.2554109805342242,True,False,False,False,False,False,-1.3798523197727885,0.7808342855964149,-2.0403055142116995,-0.9982410867410686,0.12825834044898704
TX001677,0.885429032496591,2023-07-10 16:41:50,1.5361494656775965,-1.3244251285540278,-0.2067936485059295,0.021982919474698215,2024-11-04 08:07:38,0.04551815458301018,-0.18187159770233413,-0.2259336741271706,-0.2554109805342242,True,False,False,False,True,False,-0.4924511351160437,-1.9449240876917921,-0.5683791926436955,-1.7763889874062553,0.4416678260597419
TX001678,-0.7178564603488125,2023-10-27 17:53:06,-1.49949295554867,2.406820556750778,-0.2067936485059295,-0.854951558472158,2024-11-04 08:09:03,1.0708099688024104,-0.2947599746658391,-0.2259336741271706,1.1253473762132034,False,False,True,False,False,True,0.3949500495407011,1.3259859602540562,-1.0590212998330302,-0.803704111574772,-0.028446402356390392
TX001679,1.536055016398191,2023-12-15 16:38:43,0.7491310601744904,0.10517091945547634,-0.2067936485059295,2.0896128826086886,2024-11-04 08:11:10,1.5310164555788615,-0.28142902401967584,-0.2259336741271706,0.6650945906307275,True,False,False,False,False,False,1.282351234197446,-0.8546207383765094,0.4129050217349737,1.3362026152544912,0.5983725688651194
TX001680,-0.789150898372046,2023-07-03 16:38:45,-1.443277355155591,0.5340497338583277,-0.2067936485059295,-1.1914628796506164,2024-11-04 08:11:37,-0.020343125185254923,-0.1098403544081171,-0.2259336741271706,1.5856001617956792,True,False,True,False,False,True,0.3949500495407011,1.8711376349116977,-0.5683791926436955,1.3362026152544912,0.7550773116704967
TX001681,-0.6987738068269762,2023-08-21 18:11:41,-0.8811213512248008,0.30531436617680696,-0.2067936485059295,1.2202857732468189,2024-11-04 08:09:57,0.4409805213503944,-0.3732782122351543,-0.2259336741271706,1.1253473762132034,True,False,False,True,False,False,0.8386506418690736,-0.30946906371886795,1.8848313433029775,0.3635177394230079,-0.18515114516176784
TX001682,-0.7656487434061938,2023-07-18 16:05:40,-1.274630553976354,-1.009913997991937,-0.2067936485059295,-0.9887791969262677,2024-11-04 08:09:02,0.12049017362261728,-0.27625229684266295,-0.2259336741271706,-0.7156637661167,True,True,False,False,False,True,-1.3798523197727885,0.23568261093877343,-0.5683791926436955,-0.025556210909585365,-0.028446402356390392
TX001683,-0.8786372376880893,2023-03-27 17:53:15,1.8172274676429916,-0.8812503536710816,-0.2067936485059295,0.24440935181293022,2024-11-04 08:10:03,-0.9412584179908805,-0.3785911075833875,-0.2259336741271706,-0.7156637661167,False,True,False,False,True,False,-0.9361517274444162,-0.30946906371886795,-0.07773708545436095,-0.025556210909585365,1.2251915400866291
TX001684,-0.36169260754269217,2023-12-19 16:11:38,1.9296586684291497,0.4911618524180425,-0.2067936485059295,0.014042231740386856,2024-11-04 08:09:02,1.5684622012070906,-0.31893955557542336,-0.2259336741271706,-0.7156637661167,False,False,True,False,True,False,-0.4924511351160437,1.8711376349116977,0.4129050217349737,0.9471286649218978,-0.18515114516176784
TX001685,-0.021665073962397568,2023-06-19 17:58:54,1.8172274676429916,0.019395156574906088,-0.2067936485059295,0.45243126891339636,2024-11-04 08:10:16,-0.15144126793839532,-0.308731620394877,-0.2259336741271706,1.5856001617956792,True,True,False,False,True,False,1.7260518265258185,0.23568261093877343,-0.5683791926436955,-0.025556210909585365,0.5983725688651194
TX001686,-0.003884289082984686,2023-11-09 16:11:59,-1.218414953583275,0.23383456377633172,-0.2067936485059295,-1.1679792635839206,2024-11-04 08:08:19,1.1923826542009919,0.6481603463874989,-0.2259336741271706,-0.2554109805342242,True,True,False,False,False,True,-0.4924511351160437,0.7808342855964149,0.4129050217349737,-0.025556210909585365,-1.5954938304101647
TX001687,0.15158623458324977,2023-06-23 16:10:12,-0.9935525520109589,-0.43807557878813524,-0.2067936485059295,-0.9523345939377302,2024-11-04 08:07:42,-0.11452559100167752,0.08743808645248988,-0.2259336741271706,-0.2554109805342242,False,True,False,False,False,True,-0.4924511351160437,0.23568261093877343,-0.07773708545436095,3.6706463172500507,-2.0656080588262973
TX001688,-0.6823976696933358,2023-06-12 17:09:42,-0.9935525520109589,-1.0242099584720321,-0.2067936485059295,-1.0772856870459615,2024-11-04 08:08:45,-0.21756774528440895,-0.18031097427021253,-0.2259336741271706,0.6650945906307275,True,False,True,False,False,True,-0.04875054278767131,0.7808342855964149,-0.5683791926436955,0.16898076425671127,-0.968674859188655
TX001689,-0.6451573745798064,2023-06-09 16:20:12,-0.4876121484732478,-0.1092684877459493,4.772110297630446,0.31384485860430394,2024-11-04 08:07:21,-0.24608829200652427,-0.3580397953408595,4.426077714458506,0.2048418050482517,True,False,True,True,False,False,-0.4924511351160437,-0.30946906371886795,-0.5683791926436955,-1.5818520122399586,-0.028446402356390392
TX001690,-0.9252989506086295,2023-09-20 18:16:03,-0.2627497469009318,-0.23793213206680466,-0.2067936485059295,2.1874266689749273,2024-11-04 08:06:27,0.7230967686958297,-0.38794596035168405,-0.2259336741271706,-0.2554109805342242,False,False,True,False,False,False,-1.3798523197727885,0.23568261093877343,1.394189236113643,0.16898076425671127,-0.8119701163832775
TX001691,-0.9778190724200745,2023-04-20 18:50:39,1.7610118672499127,-0.6096271045492758,-0.2067936485059295,-0.052578010235916094,2024-11-04 08:07:37,-0.715215842478603,-0.3870331099684494,-0.2259336741271706,2.045852947378155,True,True,False,False,True,False,1.282351234197446,0.23568261093877343,-1.5496634070223647,0.7525916897556012,-0.18515114516176784
TX001692,-0.30793913649105664,2023-11-16 17:48:55,-1.105983752797117,-0.8097705512706064,-0.2067936485059295,-1.1651306668539172,2024-11-04 08:10:55,1.2588137224457,0.32262386550431804,-0.2259336741271706,0.6650945906307275,False,False,True,False,False,True,-0.4924511351160437,0.7808342855964149,0.4129050217349737,1.5307395904207879,0.2849630832543645
TX001693,-0.9312601386028836,2023-07-17 17:15:21,0.018328255064463266,2.249564991469733,-0.2067936485059295,1.7013294055596417,2024-11-04 08:10:33,0.1115330900672297,-0.3875979000944034,-0.2259336741271706,0.6650945906307275,False,False,True,False,False,False,-0.4924511351160437,-1.399772413034151,-1.0590212998330302,-0.22009318607588202,-0.028446402356390392
TX001694,-0.5824963812379063,2023-02-27 17:17:05,0.41183745781601633,-0.6382190255094659,-0.2067936485059295,0.25739854266279166,2024-11-04 08:10:45,-1.204759688869488,-0.3509492666981106,-0.2259336741271706,0.2048418050482517,True,False,False,False,True,False,-0.4924511351160437,-0.30946906371886795,-0.5683791926436955,-0.41463016124217866,-0.6552653735779002
TX001695,0.3236041938887068,2023-06-19 16:32:01,0.8615622609606484,0.7484891410597533,-0.2067936485059295,-0.18732868633431135,2024-11-04 08:06:25,-0.15198341579737895,-0.2162443299410827,-0.2259336741271706,1.5856001617956792,True,False,False,True,False,False,0.8386506418690736,-0.30946906371886795,0.4129050217349737,-0.22009318607588202,0.4416678260597419
TX001696,0.7654172994858331,2023-10-13 17:54:57,-0.20653414650785276,-0.666810946469656,-0.2067936485059295,-0.2845399342383081,2024-11-04 08:07:07,0.9392043921941032,-0.1363661509945991,-0.2259336741271706,1.5856001617956792,False,True,False,True,False,False,0.3949500495407011,-0.8546207383765094,-0.5683791926436955,-1.1927780619073654,0.2849630832543645
TX001697,1.8917049736875646,2023-08-16 16:28:30,-1.105983752797117,2.1351973076289723,-0.2067936485059295,-1.2154413464543874,2024-11-04 08:07:50,0.39330981486749667,4.0613672498014415,-0.2259336741271706,0.6650945906307275,True,False,False,False,False,True,-0.04875054278767131,0.7808342855964149,-1.0590212998330302,-1.5818520122399586,0.2849630832543645
TX001698,-0.42856754412190984,2023-11-14 16:23:09,1.3112870641052805,-1.2672412866336478,-0.2067936485059295,0.44532900703931105,2024-11-04 08:11:14,1.2394473347050297,-0.3424483259366742,-0.2259336741271706,1.1253473762132034,True,False,True,False,False,False,0.3949500495407011,-0.30946906371886795,-0.07773708545436095,1.3362026152544912,-0.8119701163832775
TX001699,-0.11015788194606514,2023-01-17 16:41:18,-0.8249057508317219,0.7056012596194681,-0.2067936485059295,1.175967146353835,2024-11-04 08:09:38,-1.5904747115933395,-0.33815485246850446,-0.2259336741271706,0.6650945906307275,True,False,False,True,False,False,0.8386506418690736,-1.9449240876917921,-0.07773708545436095,-0.41463016124217866,-0.028446402356390392
TX001700,-0.49763510157257723,2023-10-12 17:10:20,0.5804842589952534,-0.06638060630566417,-0.2067936485059295,0.445931545501553,2024-11-04 08:08:11,0.9295039501431883,-0.3482434410350942,-0.2259336741271706,-0.2554109805342242,True,True,False,False,False,False,-0.4924511351160437,0.7808342855964149,-0.07773708545436095,-0.41463016124217866,0.9117820544758742
TX001701,-0.9471566399208943,2023-04-25 16:11:22,-0.9373369516178799,0.47686589193794743,-0.2067936485059295,-1.0680578745965632,2024-11-04 08:10:17,-0.6692624453820202,-0.3481956069883351,-0.2259336741271706,0.2048418050482517,True,True,False,False,False,True,-0.4924511351160437,0.7808342855964149,0.4129050217349737,-0.41463016124217866,-1.5954938304101647
TX001702,-0.6373804224263829,2023-12-28 16:27:12,0.07454385545754227,-0.2665240530269948,-0.2067936485059295,1.8221960570919098,2024-11-04 08:08:09,1.6531890729619023,-0.3739756996255475,-0.2259336741271706,1.1253473762132034,True,False,False,False,False,False,-0.04875054278767131,-0.8546207383765094,-2.0403055142116995,-0.22009318607588202,0.4416678260597419
TX001703,0.08299831294821207,2023-07-14 16:20:55,-0.7124745500455638,-1.0956897608725071,-0.2067936485059295,0.35542001249899474,2024-11-04 08:08:22,0.08298544683429804,-0.2946596832354904,-0.2259336741271706,-0.7156637661167,False,True,False,True,False,False,-0.9361517274444162,-0.8546207383765094,-0.07773708545436095,-0.41463016124217866,-0.028446402356390392
TX001704,3.416432971873057,2023-12-11 16:53:08,0.018328255064463266,2.278156912429923,-0.2067936485059295,1.234164669826033,2024-11-04 08:11:44,1.4934982349457984,-0.13570182470739398,-0.2259336741271706,-0.7156637661167,False,True,False,True,False,False,-0.9361517274444162,0.23568261093877343,0.4129050217349737,3.6706463172500507,-1.7521985732155423
TX001705,-0.5098658148711329,2023-03-30 18:20:58,1.2550714637122016,0.7913770225000384,-0.2067936485059295,-0.76301444510787,2024-11-04 08:11:51,-0.9128827124571046,-0.2552925401119161,-0.2259336741271706,-0.7156637661167,True,True,False,False,True,False,-0.04875054278767131,-0.30946906371886795,-1.0590212998330302,-0.803704111574772,-0.028446402356390392
TX001706,-0.9713097292079581,2023-02-06 18:18:26,0.6929154597814113,0.4911618524180425,-0.2067936485059295,-0.30912863148469016,2024-11-04 08:08:27,-1.4017895187904845,-0.3848311507789717,-0.2259336741271706,0.2048418050482517,True,True,False,False,True,False,-0.04875054278767131,-1.399772413034151,1.8848313433029775,0.16898076425671127,-1.5954938304101647
TX001707,3.379295455862877,2023-08-09 17:32:04,-0.15031854611477377,0.019395156574906088,-0.2067936485059295,1.5198320007651005,2024-11-04 08:07:52,0.3279095022470948,-0.16347954819784477,-0.2259336741271706,-1.1759165516991759,True,False,False,False,False,False,-1.3798523197727885,-0.8546207383765094,-1.0590212998330302,-0.025556210909585365,0.12825834044898704
TX001708,0.9206822649453694,2023-08-07 16:39:52,-1.162199353190196,-0.7668826698303213,-0.2067936485059295,-1.2139183343413165,2024-11-04 08:07:18,0.3087680481925988,2.529723434713918,-0.2259336741271706,1.5856001617956792,False,False,False,False,False,True,0.8386506418690736,-0.30946906371886795,-0.5683791926436955,1.3362026152544912,1.3818962828920065
TX001709,-0.31205030062502503,2023-12-18 17:09:29,0.35562185742293734,2.2209730705095425,-0.2067936485059295,-0.3057723640503301,2024-11-04 08:07:22,1.55944863938217,-0.28848104034644034,-0.2259336741271706,0.6650945906307275,True,False,False,False,True,False,-0.04875054278767131,-0.30946906371886795,1.8848313433029775,-0.025556210909585365,-0.18515114516176784
TX001710,-0.3996523563796661,2023-07-24 16:41:18,1.7047962668568335,-0.8955463141511766,-0.2067936485059295,0.6527124897691464,2024-11-04 08:10:34,0.17712579879656032,-0.34550561775941135,-0.2259336741271706,-0.2554109805342242,True,True,False,False,True,False,-0.4924511351160437,-0.30946906371886795,-2.0403055142116995,1.3362026152544912,-0.028446402356390392
TX001711,-0.7526643166830773,2023-12-25 17:42:00,-1.330846154369433,0.11946687993557138,-0.2067936485059295,-1.1408701607699478,2024-11-04 08:08:41,1.6254674924342185,-0.16201577022335573,-0.2259336741271706,-1.1759165516991759,True,True,False,False,False,True,-2.2672535044295334,0.23568261093877343,-1.5496634070223647,0.16898076425671127,-1.7521985732155423
TX001712,0.07306299962445542,2023-05-19 18:54:32,-1.330846154369433,-0.8526584327108915,-0.2067936485059295,-1.0120217976080668,2024-11-04 08:09:03,-0.4425371248542343,0.14441034206752498,-0.2259336741271706,-1.1759165516991759,False,True,False,False,False,True,-0.9361517274444162,1.3259859602540562,0.4129050217349737,-0.6091671364084753,-1.7521985732155423
TX001713,0.9788209777399042,2023-02-03 16:30:45,0.8053466605675694,0.319610326656902,-0.2067936485059295,0.20042917205618455,2024-11-04 08:11:17,-1.4307176013881304,-0.1975783297234772,-0.2259336741271706,1.1253473762132034,False,False,True,True,False,False,0.3949500495407011,-0.8546207383765094,-0.5683791926436955,0.16898076425671127,-0.6552653735779002
TX001714,-0.6746207175399125,2023-01-12 16:44:29,1.0302090621398854,0.2767224452166169,-0.2067936485059295,-1.0231751691431827,2024-11-04 08:12:10,-1.6374812815079158,-0.21604819457353455,-0.2259336741271706,-0.2554109805342242,True,False,True,False,True,False,-0.4924511351160437,1.3259859602540562,-0.07773708545436095,-1.7763889874062553,0.5983725688651194
TX001715,1.0005416282477033,2023-09-21 16:05:38,0.9739934617468065,1.2917356393033648,-0.2067936485059295,-0.7884031083126327,2024-11-04 08:11:53,0.7316119288358556,0.17583035376963727,-0.2259336741271706,1.1253473762132034,True,False,True,False,True,False,1.282351234197446,1.3259859602540562,0.4129050217349737,-0.41463016124217866,1.3818962828920065
TX001716,-0.24551796105697132,2023-03-13 17:57:47,-1.105983752797117,1.1344800740223193,-0.2067936485059295,-0.833306325713664,2024-11-04 08:08:39,-1.072849956647801,-0.15394439902011303,-0.2259336741271706,-1.1759165516991759,False,True,False,False,False,True,-0.9361517274444162,2.416289309569339,1.394189236113643,-0.025556210909585365,0.9117820544758742
TX001717,1.2126434378593511,2023-03-10 17:34:34,1.5361494656775965,-0.5381473021488006,-0.2067936485059295,-0.7149754637097245,2024-11-04 08:09:47,-1.1012154329766903,0.1582267495632598,-0.2259336741271706,-0.7156637661167,True,False,True,False,True,False,-1.3798523197727885,-0.30946906371886795,-0.07773708545436095,-0.41463016124217866,-0.6552653735779002
TX001718,-0.7421465884403418,2023-01-09 17:27:58,-0.3751809476870898,0.5340497338583277,-0.2067936485059295,0.20819807222892053,2024-11-04 08:09:06,-1.6653838319050276,-0.36506888580631336,-0.2259336741271706,-0.7156637661167,True,False,True,False,False,False,-1.823552912101161,0.7808342855964149,1.394189236113643,3.6706463172500507,0.2849630832543645
TX001719,-0.36213798365720545,2023-06-27 16:37:04,-1.105983752797117,-1.5102726147952634,-0.2067936485059295,-1.2088544472650282,2024-11-04 08:09:55,-0.07675599309959551,0.5492229165013236,-0.2259336741271706,0.6650945906307275,True,True,False,False,False,True,-0.04875054278767131,-0.30946906371886795,-0.5683791926436955,-1.1927780619073654,-0.028446402356390392
TX001720,0.024517003142513046,2023-02-27 16:07:57,1.8734430680360705,0.07657899849528625,-0.2067936485059295,-0.8199556117864574,2024-11-04 08:07:01,-1.2051867037628343,-0.07964378995818996,-0.2259336741271706,0.2048418050482517,False,True,False,False,True,False,-0.4924511351160437,0.7808342855964149,1.394189236113643,0.3635177394230079,-0.028446402356390392
TX001721,-0.3291116317809934,2023-11-06 16:31:43,1.3112870641052805,2.392524596270683,-0.2067936485059295,-0.6106004180886899,2024-11-04 08:12:21,1.1642786755246792,-0.24708295305086003,-0.2259336741271706,-0.7156637661167,True,False,True,False,True,False,-0.9361517274444162,0.7808342855964149,-0.5683791926436955,0.5580547145893046,1.2251915400866291
TX001722,-0.9905979409364927,2023-02-10 17:45:34,-1.274630553976354,0.30531436617680696,-0.2067936485059295,-1.0253417436137973,2024-11-04 08:07:47,-1.3643911104401876,-0.3770349980170332,-0.2259336741271706,-0.7156637661167,True,False,False,False,False,True,-0.9361517274444162,-1.399772413034151,1.8848313433029775,-1.7763889874062553,1.2251915400866291
TX001723,0.4741070608930629,2023-10-12 16:29:09,-0.8249057508317219,-0.20934021110661458,-0.2067936485059295,0.5691493790332927,2024-11-04 08:11:05,0.9292161177290953,-0.2751348145661515,-0.2259336741271706,-0.7156637661167,True,True,False,True,False,False,-1.823552912101161,-0.30946906371886795,-0.07773708545436095,-0.22009318607588202,0.2849630832543645
TX001724,1.5267706373956458,2023-07-07 17:31:07,-1.443277355155591,-0.15215636918623443,-0.2067936485059295,-1.0487022879945884,2024-11-04 08:08:46,0.017626051033442093,1.032389056563009,-0.2259336741271706,-0.2554109805342242,False,False,True,False,False,True,-0.4924511351160437,0.23568261093877343,0.9035471289243083,0.16898076425671127,-0.18515114516176784
TX001725,-0.9638068546634659,2023-02-13 17:58:45,0.6929154597814113,-1.0813938003924122,-0.2067936485059295,1.501735334950193,2024-11-04 08:09:04,-1.336106923643747,-0.3889932131465236,-0.2259336741271706,1.1253473762132034,True,False,False,False,False,False,0.8386506418690736,2.416289309569339,0.4129050217349737,0.9471286649218978,0.2849630832543645
TX001726,-0.02306972170816996,2023-06-05 17:45:07,0.018328255064463266,-1.1957614842331725,-0.2067936485059295,2.4403005236072977,2024-11-04 08:10:45,-0.28316469804555416,-0.35285560801469795,-0.2259336741271706,0.6650945906307275,True,False,True,False,False,False,-0.4924511351160437,0.23568261093877343,-0.07773708545436095,1.1416656400881946,-1.28208434479941
TX001727,-0.7258389707089341,2023-03-01 16:09:58,-0.20653414650785276,2.092309426188687,-0.2067936485059295,2.516315237607662,2024-11-04 08:08:37,-1.1863796576510635,-0.3806248624018348,-0.2259336741271706,0.6650945906307275,True,False,False,False,False,False,-0.04875054278767131,0.7808342855964149,1.394189236113643,0.5580547145893046,-0.6552653735779002
TX001728,0.88429846235975,2023-01-23 17:35:42,-1.274630553976354,-0.666810946469656,-0.2067936485059295,-1.098397609165535,2024-11-04 08:08:24,-1.5336984892628716,0.9212886568459454,-0.2259336741271706,-0.2554109805342242,False,True,False,False,False,True,-0.4924511351160437,-1.399772413034151,1.8848313433029775,0.16898076425671127,0.2849630832543645
TX001729,-0.8824058048108935,2023-01-09 17:17:53,-1.218414953583275,1.1487760345024145,-0.2067936485059295,0.33190819250427905,2024-11-04 08:12:08,-1.6654694742906198,-0.37963716735200775,-0.2259336741271706,0.2048418050482517,True,True,False,False,False,True,0.3949500495407011,0.23568261093877343,-0.07773708545436095,-0.9982410867410686,0.9117820544758742
TX001730,-0.7694173105289982,2023-10-18 18:26:25,-1.105983752797117,-0.8240665117507014,-0.2067936485059295,-0.7991898287834909,2024-11-04 08:10:12,0.9864005288630653,-0.3201285136505944,-0.2259336741271706,-0.7156637661167,False,False,True,False,False,True,-1.823552912101161,1.8711376349116977,0.9035471289243083,1.3362026152544912,-0.6552653735779002
TX001731,0.16624938666107014,2023-12-29 17:55:30,-0.03788734532861574,-1.5388645357554536,-0.2067936485059295,2.0434943323093484,2024-11-04 08:11:00,1.663149162702808,-0.3399403637139637,-0.2259336741271706,1.5856001617956792,True,True,False,False,False,False,1.282351234197446,0.7808342855964149,-0.5683791926436955,-0.22009318607588202,-0.3418558879671453
TX001732,-1.012935266064387,2023-10-19 18:06:08,0.1307594558506213,0.7913770225000384,6.431744946342571,0.1460930227292472,2024-11-04 08:08:33,0.9956810294069914,-0.3912394207776592,4.426077714458506,-0.2554109805342242,True,True,False,False,False,False,-1.3798523197727885,-0.30946906371886795,-0.5683791926436955,-0.025556210909585365,0.12825834044898704
TX001733,-0.1530167680426846,2023-02-06 16:05:08,1.7047962668568335,1.4632871650645054,-0.2067936485059295,-0.6035468720902754,2024-11-04 08:07:53,-1.4026561718512924,-0.21195668123749142,-0.2259336741271706,1.1253473762132034,True,False,False,False,True,False,-0.04875054278767131,0.23568261093877343,-0.5683791926436955,1.1416656400881946,-2.692427030047807
TX001734,-0.20231647794918783,2023-04-07 16:04:01,-1.443277355155591,-1.5388645357554536,4.772110297630446,-1.088515978384768,2024-11-04 08:07:18,-0.8385298867771155,0.1468125843388159,4.426077714458506,1.1253473762132034,True,False,False,False,False,True,-0.04875054278767131,0.7808342855964149,-1.0590212998330302,-1.970925962572552,-0.18515114516176784
TX001735,2.4448621079129995,2023-08-21 18:51:11,0.9177778613537274,0.13376284041566644,-0.2067936485059295,0.18578876942043454,2024-11-04 08:09:59,0.4412382102564709,-0.0517216058624296,-0.2259336741271706,-0.2554109805342242,True,True,False,False,True,False,-0.9361517274444162,1.8711376349116977,0.9035471289243083,0.16898076425671127,1.2251915400866291
TX001736,-0.8184429428265702,2023-03-03 16:00:01,1.2550714637122016,0.30531436617680696,-0.2067936485059295,0.980226757909278,2024-11-04 08:07:12,-1.16763104859274,-0.3790044014163594,-0.2259336741271706,-0.7156637661167,True,True,False,False,False,False,-1.3798523197727885,-0.8546207383765094,-0.07773708545436095,-1.1927780619073654,-0.18515114516176784
TX001737,-0.9936470543358524,2023-02-06 16:38:45,-0.2627497469009318,0.3624982080971871,-0.2067936485059295,0.8754542933025092,2024-11-04 08:07:19,-1.4024329793063757,-0.3901651188879351,-0.2259336741271706,0.6650945906307275,True,False,False,False,False,False,0.3949500495407011,-0.8546207383765094,1.394189236113643,1.1416656400881946,-0.6552653735779002
TX001738,0.8318468599505375,2023-02-22 16:42:17,0.018328255064463266,2.1780851890692574,-0.2067936485059295,-1.202136784409395,2024-11-04 08:06:52,-1.251972366380394,2.0957868605924395,-0.2259336741271706,2.045852947378155,True,True,False,False,False,False,1.282351234197446,-0.30946906371886795,2.3754734504923123,-0.41463016124217866,0.5983725688651194
TX001739,-0.1146116430911975,2023-07-28 17:36:30,1.0864246625329645,0.07657899849528625,-0.2067936485059295,0.8576447947547128,2024-11-04 08:07:21,0.21511586871034463,-0.3305689078055943,-0.2259336741271706,-0.2554109805342242,True,False,False,False,False,False,-0.9361517274444162,0.23568261093877343,0.4129050217349737,1.5307395904207879,-1.28208434479941
TX001740,-0.16939290517632502,2023-06-15 16:41:00,1.7047962668568335,1.1773679554626044,-0.2067936485059295,-0.6320430953641325,2024-11-04 08:08:53,-0.18954951781501708,-0.2079537100631487,-0.2259336741271706,-1.1759165516991759,True,False,False,False,True,False,-1.823552912101161,-0.30946906371886795,0.4129050217349737,0.16898076425671127,-0.6552653735779002
TX001741,-0.9361592758625291,2023-11-29 17:15:02,0.5242686586021743,-0.1378604087061394,-0.2067936485059295,0.39609007670359453,2024-11-04 08:09:23,1.3808306165075432,-0.38472654846572807,-0.2259336741271706,2.045852947378155,True,True,False,True,False,False,0.8386506418690736,0.23568261093877343,-0.07773708545436095,-0.6091671364084753,-0.028446402356390392
TX001742,0.4488576611702743,2023-01-09 16:12:00,1.1988558633191224,-0.8240665117507014,-0.2067936485059295,1.7493453110166801,2024-11-04 08:09:42,-1.6658837570885223,-0.321371379349463,-0.2259336741271706,2.045852947378155,True,False,False,False,False,False,2.169752418854191,1.8711376349116977,-0.5683791926436955,0.16898076425671127,1.6953057685027615
TX001743,-0.616447745044261,2023-08-03 18:19:53,-0.31896534729401077,0.0908749589753813,-0.2067936485059295,0.43071680833158105,2024-11-04 08:07:55,0.2718084074391348,-0.35788875707499523,-0.2259336741271706,1.5856001617956792,False,True,False,False,False,False,0.3949500495407011,-0.30946906371886795,-0.07773708545436095,1.3362026152544912,0.5983725688651194
TX001744,-0.45152154386989946,2023-05-04 17:46:15,0.8615622609606484,2.392524596270683,-0.2067936485059295,-0.7819008209073329,2024-11-04 08:07:57,-0.5840082254689115,-0.23422513267157252,-0.2259336741271706,0.2048418050482517,True,False,True,True,False,False,0.3949500495407011,-0.30946906371886795,0.4129050217349737,-0.9982410867410686,-0.6552653735779002
TX001745,-0.028825351495725602,2023-08-29 16:17:55,1.1426402629260435,-0.7954745907905113,-0.2067936485059295,-0.506274088343326,2024-11-04 08:11:11,0.5154469564974207,-0.2110181675262658,-0.2259336741271706,1.5856001617956792,True,False,False,False,True,False,0.3949500495407011,1.3259859602540562,0.9035471289243083,-0.22009318607588202,-1.28208434479941
TX001746,-0.589964996081282,2023-07-31 16:52:24,-1.330846154369433,0.2910184056967119,-0.2067936485059295,-1.2593343504336174,2024-11-04 08:06:49,0.2430378981252721,0.8174897205706764,-0.2259336741271706,1.5856001617956792,True,False,False,False,False,True,0.8386506418690736,0.23568261093877343,1.394189236113643,-0.22009318607588202,1.5386010256973839
TX001747,0.025990170290518377,2023-06-05 17:48:33,0.7491310601744904,1.3775114021839352,-0.2067936485059295,-0.16412198156090105,2024-11-04 08:08:22,-0.2831267194018799,-0.2579328480249223,-0.2259336741271706,-0.2554109805342242,True,False,True,False,True,False,-0.9361517274444162,-1.399772413034151,-0.07773708545436095,1.3362026152544912,0.12825834044898704
TX001748,0.7170768612105892,2023-11-01 17:44:46,1.0864246625329645,-0.9098422746312717,-0.2067936485059295,1.630076027407717,2024-11-04 08:10:09,1.1177591898768253,-0.3051052025079594,-0.2259336741271706,0.6650945906307275,False,True,False,False,False,False,-0.04875054278767131,-1.399772413034151,-0.5683791926436955,0.9471286649218978,0.5983725688651194
TX001749,0.7075526643002295,2023-04-14 17:35:50,-1.105983752797117,-0.2665240530269948,-0.2067936485059295,-1.027398066365789,2024-11-04 08:10:41,-0.7721373412827247,0.5017278630623669,-0.2259336741271706,-0.7156637661167,False,True,False,False,False,True,-1.823552912101161,0.23568261093877343,-1.0590212998330302,-0.9982410867410686,-1.28208434479941
TX001750,-0.8753483063809147,2023-01-20 18:31:25,-0.8811213512248008,-0.02349272486537904,-0.2067936485059295,0.10563064199461149,2024-11-04 08:06:50,-1.561530958724378,-0.3769459869458569,-0.2259336741271706,1.1253473762132034,True,True,False,True,False,False,0.8386506418690736,0.23568261093877343,-0.5683791926436955,-0.025556210909585365,0.4416678260597419
TX001751,1.0609757410170373,2023-01-23 16:47:11,-0.7124745500455638,-0.5095553811886104,-0.2067936485059295,1.170559684154396,2024-11-04 08:10:16,-1.5340274561391678,-0.2686644465912532,-0.2259336741271706,-0.2554109805342242,True,False,False,False,False,False,-0.04875054278767131,0.7808342855964149,0.9035471289243083,-0.803704111574772,-1.28208434479941
TX001752,-0.7047007351201139,2023-05-15 16:19:03,1.8172274676429916,0.07657899849528625,-0.2067936485059295,-1.0462023943746486,2024-11-04 08:10:48,-0.48117239642516707,-0.2174544728900551,-0.2259336741271706,1.5856001617956792,True,False,True,False,True,False,1.282351234197446,-0.30946906371886795,-0.5683791926436955,-0.22009318607588202,0.12825834044898704
TX001753,0.01999472259514794,2023-06-06 17:32:57,-1.274630553976354,-1.2815372471137427,-0.2067936485059295,-0.8412623974087134,2024-11-04 08:08:11,-0.27382521634153784,-0.0669105917963649,-0.2259336741271706,0.6650945906307275,True,True,False,False,False,True,-0.04875054278767131,-1.399772413034151,3.847399772060316,-0.22009318607588202,-0.6552653735779002
TX001754,1.2716729028829126,2023-10-23 17:25:04,-1.387061754762512,0.30531436617680696,-0.2067936485059295,-1.0590890254862562,2024-11-04 08:09:12,1.0330173007786694,0.9424244775067457,-0.2259336741271706,1.1253473762132034,True,False,False,False,False,True,-0.04875054278767131,0.23568261093877343,-0.5683791926436955,0.16898076425671127,0.2849630832543645
TX001755,-0.0926854343766998,2023-04-03 18:22:02,-1.387061754762512,0.2767224452166169,-0.2067936485059295,-1.2421325183349754,2024-11-04 08:09:42,-0.875253058783576,1.57095789498533,-0.2259336741271706,1.1253473762132034,False,False,False,False,False,True,0.3949500495407011,-0.30946906371886795,-1.5496634070223647,-1.970925962572552,-0.968674859188655
TX001756,-0.17014661860088587,2023-08-14 18:08:27,-0.4313965480801688,-0.5810351835890857,-0.2067936485059295,1.2017891244527203,2024-11-04 08:09:24,0.37514786159154573,-0.34221643269999946,-0.2259336741271706,1.1253473762132034,True,True,False,True,False,False,-0.04875054278767131,0.7808342855964149,-1.5496634070223647,0.5580547145893046,-0.18515114516176784
TX001757,-0.9007690046092852,2023-04-25 16:34:55,-1.443277355155591,-0.695402867429846,-0.2067936485059295,-1.0834674752692175,2024-11-04 08:11:38,-0.6691174953723521,-0.3153406426194582,-0.2259336741271706,0.6650945906307275,True,False,True,False,False,True,0.3949500495407011,1.3259859602540562,-1.5496634070223647,-1.970925962572552,0.12825834044898704
TX001758,0.09742164711821744,2023-05-09 16:54:49,-1.49949295554867,0.24813052425642676,-0.2067936485059295,-1.2368865877232864,2024-11-04 08:11:46,-0.537358154226762,1.80738063664839,-0.2259336741271706,0.2048418050482517,False,False,True,False,False,True,-0.4924511351160437,-0.30946906371886795,-1.5496634070223647,0.9471286649218978,-0.18515114516176784
TX001759,-0.5116130596280695,2023-05-08 17:33:08,-1.105983752797117,-0.8955463141511766,-0.2067936485059295,-1.0654938811402148,2024-11-04 08:12:13,-0.5465130749575073,-0.08840275871782471,-0.2259336741271706,0.6650945906307275,True,False,False,False,False,True,-0.4924511351160437,-0.30946906371886795,-0.5683791926436955,-0.22009318607588202,0.9117820544758742
TX001760,2.703111734928441,2023-05-22 17:40:46,-1.443277355155591,-1.1671695632729824,-0.2067936485059295,-0.8996111964948361,2024-11-04 08:10:48,-0.4148237059261939,0.9367674642618958,-0.2259336741271706,1.1253473762132034,True,False,True,False,False,True,0.3949500495407011,0.7808342855964149,-0.5683791926436955,-0.803704111574772,-0.028446402356390392
TX001761,0.2617311736724839,2023-10-23 16:27:20,0.8615622609606484,0.2910184056967119,-0.2067936485059295,0.8912946448758303,2024-11-04 08:07:10,1.0326536198985563,-0.3063866356625819,-0.2259336741271706,-0.2554109805342242,True,False,False,False,False,False,-1.3798523197727885,0.23568261093877343,-1.0590212998330302,-0.025556210909585365,-0.968674859188655
TX001762,-0.14818615018527187,2023-09-14 17:04:03,0.2431906566367793,-0.5810351835890857,-0.2067936485059295,0.08891340465921935,2024-11-04 08:11:06,0.666183322670023,-0.3004251475966049,-0.2259336741271706,-0.2554109805342242,True,False,True,True,False,False,-0.9361517274444162,-0.8546207383765094,-0.5683791926436955,0.16898076425671127,-2.0656080588262973
TX001763,1.787966598707098,2023-10-05 16:27:27,-1.105983752797117,-1.338721089034123,-0.2067936485059295,-0.8486313146022589,2024-11-04 08:08:37,0.8634059839852626,0.499788425220167,-0.2259336741271706,0.2048418050482517,True,False,False,False,False,True,-0.9361517274444162,-0.30946906371886795,-0.5683791926436955,0.9471286649218978,-0.6552653735779002
TX001764,-0.9715838068168893,2023-09-06 16:24:45,0.2431906566367793,0.7627851015398482,-0.2067936485059295,0.7335269995197948,2024-11-04 08:09:26,0.5907203017958647,-0.3884580468196248,-0.2259336741271706,0.6650945906307275,True,False,False,True,False,False,0.8386506418690736,-0.8546207383765094,-2.0403055142116995,-0.9982410867410686,-0.028446402356390392
TX001765,-0.8237189367984962,2023-06-15 18:45:38,-0.2627497469009318,-0.6525149859895609,-0.2067936485059295,-1.2543268712133686,2024-11-04 08:08:46,-0.18873499017059872,0.11117065097493417,-0.2259336741271706,-1.1759165516991759,True,False,False,True,False,False,-2.2672535044295334,1.3259859602540562,-0.5683791926436955,-1.7763889874062553,-0.8119701163832775
TX001766,-0.052533064668276175,2023-06-26 16:55:17,-0.4313965480801688,2.2638609519498276,-0.2067936485059295,0.44687765908694554,2024-11-04 08:08:20,-0.08602887615052111,-0.3110499445739867,-0.2259336741271706,-1.1759165516991759,True,False,True,True,False,False,-2.2672535044295334,-1.399772413034151,-0.07773708545436095,1.3362026152544912,0.5983725688651194
TX001767,-0.8586638319372266,2023-06-30 16:44:37,0.07454385545754227,-1.5388645357554536,-0.2067936485059295,-0.791090173454886,2024-11-04 08:11:10,-0.04850837026955783,-0.34645735286758467,-0.2259336741271706,0.2048418050482517,True,False,True,True,False,False,-0.9361517274444162,-0.30946906371886795,0.4129050217349737,1.1416656400881946,-0.6552653735779002
TX001768,0.6016216684483129,2023-08-07 16:02:07,-0.6000433492594058,0.7627851015398482,-0.2067936485059295,-1.2475835684231722,2024-11-04 08:10:30,0.3085006741882787,3.333852476781833,-0.2259336741271706,1.1253473762132034,True,False,True,False,False,False,0.3949500495407011,-0.30946906371886795,0.9035471289243083,0.16898076425671127,0.5983725688651194
TX001769,-0.3584379359366339,2023-03-13 16:10:01,0.8053466605675694,0.2910184056967119,-0.2067936485059295,-0.5372240533549087,2024-11-04 08:06:34,-1.0735399926923241,-0.2663749459170611,-0.2259336741271706,1.5856001617956792,True,False,False,False,True,False,1.7260518265258185,0.7808342855964149,-0.5683791926436955,-0.803704111574772,-0.968674859188655
TX001770,-0.4405926992137671,2023-05-01 18:38:15,-1.49949295554867,1.1916639159426996,-0.2067936485059295,-0.9206615827714574,2024-11-04 08:10:01,-0.6118886851363217,-0.1741409104462764,-0.2259336741271706,0.2048418050482517,True,False,False,False,False,True,0.3949500495407011,0.7808342855964149,-1.5496634070223647,-0.22009318607588202,-1.28208434479941
TX001771,-1.0133121227766675,2023-04-13 17:35:38,1.9858742688222286,-0.8526584327108915,-0.2067936485059295,0.1171968164761997,2024-11-04 08:09:18,-0.7815317777576738,-0.39126471351385855,-0.2259336741271706,0.2048418050482517,True,False,True,False,True,False,-0.9361517274444162,1.8711376349116977,-0.5683791926436955,0.7525916897556012,-0.3418558879671453
TX001772,-0.8794252108137667,2023-06-01 18:27:12,0.5804842589952534,-1.1814655237530776,-0.2067936485059295,-0.9230281487316668,2024-11-04 08:11:02,-0.3205004253105893,-0.338880408023769,-0.2259336741271706,-0.2554109805342242,True,False,False,False,False,False,-0.4924511351160437,-0.30946906371886795,-0.5683791926436955,-1.1927780619073654,1.3818962828920065
TX001773,-0.7492040868703207,2023-03-01 17:07:06,0.9177778613537274,0.5340497338583277,-0.2067936485059295,-0.8453160710632003,2024-11-04 08:10:43,-1.1860203296240936,-0.3066531476276662,-0.2259336741271706,0.2048418050482517,True,False,True,False,False,False,0.8386506418690736,-0.30946906371886795,1.8848313433029775,-0.9982410867410686,-0.968674859188655
TX001774,-0.4372352485043597,2023-12-07 17:33:16,-1.274630553976354,-1.5388645357554536,-0.2067936485059295,0.2960943319060032,2024-11-04 08:09:12,1.4561681663898494,-0.33864997595240953,-0.2259336741271706,0.6650945906307275,False,False,False,False,False,True,-0.04875054278767131,0.7808342855964149,-0.07773708545436095,0.7525916897556012,-0.028446402356390392
TX001775,-0.9585993800937727,2023-02-22 17:01:35,0.9177778613537274,0.6055295362588028,6.431744946342571,-0.7262262669961818,2024-11-04 08:11:03,-1.2518736654353724,-0.37659675335675363,4.426077714458506,1.5856001617956792,True,True,False,False,True,False,0.8386506418690736,-0.30946906371886795,-0.5683791926436955,0.9471286649218978,0.12825834044898704
TX001776,0.6475639276454087,2023-11-28 16:17:29,0.1869750562437003,0.14805880089576146,-0.2067936485059295,-0.7967899309083487,2024-11-04 08:06:34,1.3710710844752096,0.0842611165238844,-0.2259336741271706,-0.2554109805342242,False,False,False,True,False,False,0.8386506418690736,1.3259859602540562,1.8848313433029775,0.3635177394230079,-0.968674859188655
TX001777,-0.5120584357425827,2023-03-17 16:34:52,0.7491310601744904,-0.9098422746312717,-0.2067936485059295,-0.749948334454318,2024-11-04 08:07:00,-1.0357719182888423,-0.2590449431317191,-0.2259336741271706,0.6650945906307275,True,True,False,False,True,False,-0.4924511351160437,1.8711376349116977,-0.5683791926436955,0.9471286649218978,-0.6552653735779002
TX001778,-0.45590678561279896,2023-12-25 16:11:46,0.9177778613537274,0.6055295362588028,-0.2067936485059295,1.5185089801416247,2024-11-04 08:11:17,1.62486135763403,-0.3626234857848696,-0.2259336741271706,-0.2554109805342242,True,False,False,False,False,False,-1.3798523197727885,-0.30946906371886795,-0.07773708545436095,-0.22009318607588202,-1.5954938304101647
TX001779,1.450200205400486,2023-12-18 17:10:48,-0.9935525520109589,0.005099196094811046,-0.2067936485059295,-1.196678042340829,2024-11-04 08:10:01,1.5594399336758837,2.768974977327625,-0.2259336741271706,0.2048418050482517,True,False,False,False,False,True,-0.04875054278767131,-0.30946906371886795,-0.5683791926436955,-0.9982410867410686,-0.18515114516176784
TX001780,-0.09898921938211795,2023-10-03 16:16:01,0.4680530582090954,-0.8097705512706064,-0.2067936485059295,-0.7716499750688518,2024-11-04 08:06:40,0.8445397390707444,-0.14121563694021796,-0.2259336741271706,-0.2554109805342242,True,False,False,False,True,False,-0.04875054278767131,-0.30946906371886795,0.4129050217349737,1.3362026152544912,-0.6552653735779002
TX001781,1.1639604025729435,2023-09-01 16:19:43,0.35562185742293734,2.2638609519498276,-0.2067936485059295,0.01774207429789781,2024-11-04 08:09:55,0.5436734679897138,-0.1503938454047527,-0.2259336741271706,0.2048418050482517,True,False,False,False,True,False,-0.04875054278767131,0.23568261093877343,0.4129050217349737,0.16898076425671127,-0.18515114516176784
TX001782,-0.27693410698071247,2023-11-09 17:26:27,0.1307594558506213,0.2624264847365218,-0.2067936485059295,-1.1462750589759303,2024-11-04 08:09:35,1.1928605974761135,0.26869163427558573,-0.2259336741271706,0.6650945906307275,False,False,True,True,False,False,0.3949500495407011,0.23568261093877343,-0.07773708545436095,0.16898076425671127,0.9117820544758742
TX001783,0.41257663768800396,2023-06-06 17:56:44,0.07454385545754227,-0.1378604087061394,-0.2067936485059295,1.51212976442223,2024-11-04 08:06:33,-0.27365926381545397,-0.3173349715982731,-0.2259336741271706,1.5856001617956792,True,False,False,False,False,False,0.3949500495407011,-0.8546207383765094,-0.07773708545436095,-0.6091671364084753,1.5386010256973839
TX001784,-0.01906133667755101,2023-09-04 16:20:20,0.07454385545754227,0.4911618524180425,-0.2067936485059295,-1.0673835443175437,2024-11-04 08:07:11,0.5719018294445929,0.21053580483382386,-0.2259336741271706,1.1253473762132034,False,False,False,True,False,False,-0.04875054278767131,-1.399772413034151,-0.07773708545436095,-0.41463016124217866,0.5983725688651194
TX001785,-0.1582585023134942,2023-07-05 16:52:09,0.6929154597814113,0.8342649039403235,-0.2067936485059295,-0.6544934220679198,2024-11-04 08:11:03,-0.001447607333348826,-0.1991769798165887,-0.2259336741271706,1.5856001617956792,True,False,False,False,True,False,1.282351234197446,-0.30946906371886795,0.4129050217349737,-1.5818520122399586,1.2251915400866291
TX001786,-0.3872503445755284,2023-11-30 16:07:36,-1.330846154369433,-0.38089173686775507,-0.2067936485059295,-0.9140721195886417,2024-11-04 08:06:41,1.3898101172566182,-0.15801963087995297,-0.2259336741271706,0.2048418050482517,True,False,True,False,False,True,-0.4924511351160437,0.7808342855964149,0.9035471289243083,0.16898076425671127,-0.6552653735779002
TX001787,-0.9038866374108779,2023-01-16 17:39:25,-1.0497681524040379,1.5347669674649806,-0.2067936485059295,-0.4771060987839055,2024-11-04 08:08:48,-1.5994919733434316,-0.371526936315919,-0.2259336741271706,-0.7156637661167,True,False,True,True,False,False,-1.823552912101161,0.7808342855964149,-1.0590212998330302,-1.1927780619073654,0.2849630832543645
TX001788,-0.1512010038835153,2023-05-22 16:27:35,0.018328255064463266,-0.8526584327108915,-0.2067936485059295,-0.9679980299625632,2024-11-04 08:07:11,-0.4152779261516852,-0.020288833081369667,-0.2259336741271706,0.6650945906307275,True,False,False,True,False,False,-0.4924511351160437,-0.30946906371886795,-1.0590212998330302,-0.025556210909585365,0.5983725688651194
TX001789,4.504384040525534,2023-07-24 17:46:13,1.1426402629260435,0.7627851015398482,-0.2067936485059295,-0.30863121675415855,2024-11-04 08:08:21,0.17756413110807898,0.41791036505172785,-0.2259336741271706,0.6650945906307275,True,False,False,False,True,False,0.3949500495407011,-1.399772413034151,0.4129050217349737,-0.22009318607588202,1.5386010256973839
TX001790,-0.544433853297583,2023-06-14 16:06:24,-1.274630553976354,-1.0813938003924122,-0.2067936485059295,-1.258434388730439,2024-11-04 08:08:39,-0.19917607018382644,0.923013984705578,-0.2259336741271706,0.2048418050482517,False,True,False,False,False,True,-0.04875054278767131,-1.9449240876917921,1.8848313433029775,0.9471286649218978,0.12825834044898704
TX001791,-0.8737381004284437,2023-07-31 16:25:38,-1.49949295554867,0.37679416857728215,-0.2067936485059295,-0.19303357177468675,2024-11-04 08:07:12,0.24286062818101592,-0.37273966621936383,-0.2259336741271706,0.2048418050482517,True,False,True,False,False,True,-0.4924511351160437,0.7808342855964149,1.394189236113643,1.1416656400881946,0.12825834044898704
TX001792,1.3127160248203629,2023-02-27 16:38:41,-1.330846154369433,0.648417417699088,-0.2067936485059295,-1.1643948007319451,2024-11-04 08:09:04,-1.204999422256349,1.9382239069877962,-0.2259336741271706,1.1253473762132034,True,True,False,False,False,True,1.282351234197446,0.23568261093877343,0.9035471289243083,-0.025556210909585365,0.2849630832543645
TX001793,-0.8351274172702582,2023-05-31 17:21:07,1.4237182648914386,0.1623547613758565,-0.2067936485059295,-0.1368436551788093,2024-11-04 08:11:45,-0.33033874398481455,-0.36882383773962096,-0.2259336741271706,0.2048418050482517,True,True,False,False,True,False,-0.4924511351160437,0.23568261093877343,-1.0590212998330302,0.5580547145893046,-1.28208434479941
TX001794,-0.9815533798417625,2023-10-31 16:54:40,0.35562185742293734,-0.35229981590756504,-0.2067936485059295,-0.544657070384863,2024-11-04 08:10:21,1.1080286043178937,-0.3846221508016667,-0.2259336741271706,0.6650945906307275,True,True,False,True,False,False,0.3949500495407011,0.7808342855964149,-0.5683791926436955,0.16898076425671127,1.3818962828920065
TX001795,-0.8900114584587349,2023-07-24 16:44:34,1.0302090621398854,1.0772962321019393,-0.2067936485059295,0.024275129624673666,2024-11-04 08:11:06,0.1771436454944474,-0.3776487882967743,-0.2259336741271706,-0.2554109805342242,True,True,False,False,True,False,-0.4924511351160437,-0.30946906371886795,0.9035471289243083,0.16898076425671127,0.12825834044898704
TX001796,0.5193298663667142,2023-12-25 17:01:44,1.2550714637122016,-0.995618037511842,-0.2067936485059295,-1.0482407691724458,2024-11-04 08:09:23,1.6252000096085697,0.46736345635580356,-0.2259336741271706,-0.2554109805342242,True,False,True,False,True,False,-0.4924511351160437,-1.9449240876917921,0.4129050217349737,-1.970925962572552,0.4416678260597419
TX001797,2.8716694644211413,2023-09-06 16:03:15,-0.8249057508317219,1.8635740585071665,-0.2067936485059295,2.1588817298253997,2024-11-04 08:07:14,0.5905942866973695,-0.22704863240641884,-0.2259336741271706,-1.1759165516991759,True,False,False,False,False,False,-1.823552912101161,1.3259859602540562,-0.5683791926436955,0.9471286649218978,-0.028446402356390392
TX001798,2.13168442853455e-05,2023-10-03 16:48:49,-0.31896534729401077,0.6055295362588028,-0.2067936485059295,-0.9366609019390718,2024-11-04 08:09:49,0.8447333322142875,0.007955894506019374,-0.2259336741271706,0.2048418050482517,True,False,True,False,False,False,-0.04875054278767131,0.7808342855964149,-0.07773708545436095,-0.22009318607588202,-0.6552653735779002
TX001799,1.3229596754541673,2023-02-20 18:56:31,-0.7124745500455638,-0.19504425062651956,-0.2067936485059295,0.31265772963401456,2024-11-04 08:07:48,-1.2699063389729708,-0.17985295279650426,-0.2259336741271706,0.6650945906307275,True,True,False,False,False,False,-0.04875054278767131,-0.30946906371886795,-0.07773708545436095,-0.41463016124217866,-0.6552653735779002
TX001800,-0.9462316279907514,2023-02-13 16:14:00,0.1869750562437003,0.13376284041566644,-0.2067936485059295,0.8813207103306349,2024-11-04 08:12:21,-1.3368123034956,-0.38699061043903893,-0.2259336741271706,-0.2554109805342242,False,False,True,True,False,False,-0.4924511351160437,-0.30946906371886795,-0.07773708545436095,0.7525916897556012,0.2849630832543645
TX001801,0.06285360869176743,2023-09-29 18:23:17,1.8734430680360705,-0.38089173686775507,-0.2067936485059295,-0.2154556945504543,2024-11-04 08:06:28,0.8077633534346085,-0.2467136415730612,-0.2259336741271706,-0.2554109805342242,True,False,False,False,True,False,-0.4924511351160437,0.23568261093877343,-0.07773708545436095,-0.803704111574772,0.9117820544758742
TX001802,0.11554502900879443,2023-06-05 17:24:29,0.9177778613537274,0.24813052425642676,6.431744946342571,2.0358715797636244,2024-11-04 08:07:35,-0.2832787427979056,-0.3420491399671133,4.426077714458506,-0.2554109805342242,True,True,False,False,False,False,-1.3798523197727885,1.3259859602540562,-0.07773708545436095,-0.22009318607588202,-0.968674859188655
TX001803,-0.2529523161992307,2023-08-11 16:02:33,1.6485806664637546,-0.1378604087061394,-0.2067936485059295,-0.2594948461566961,2024-11-04 08:10:57,0.34610921652406285,-0.2847712294517585,-0.2259336741271706,1.1253473762132034,False,True,False,False,True,False,-0.04875054278767131,1.8711376349116977,-1.0590212998330302,1.3362026152544912,0.2849630832543645
TX001804,-0.2794350651622098,2023-10-27 18:28:05,-0.15031854611477377,2.5783720825119185,-0.2067936485059295,1.3713434477275903,2024-11-04 08:09:44,1.0710339230966273,-0.3513460655598628,-0.2259336741271706,0.2048418050482517,True,False,False,False,False,False,-0.04875054278767131,-0.30946906371886795,0.9035471289243083,0.5580547145893046,0.2849630832543645
TX001805,-0.9598669890350795,2023-11-08 17:24:54,1.6485806664637546,0.4339780104976623,-0.2067936485059295,0.4453674669411564,2024-11-04 08:12:14,1.1834310117120332,-0.38691193720244843,-0.2259336741271706,0.2048418050482517,True,False,False,False,True,False,-0.4924511351160437,-0.30946906371886795,0.4129050217349737,-1.970925962572552,-1.5954938304101647
TX001806,0.665721569237102,2023-01-09 17:15:18,1.8734430680360705,0.5054578128981375,-0.2067936485059295,-0.6903201026334774,2024-11-04 08:09:09,-1.6654668625787339,0.006951673874301331,-0.2259336741271706,0.6650945906307275,True,False,True,False,True,False,-0.4924511351160437,-0.8546207383765094,0.9035471289243083,-0.22009318607588202,-0.6552653735779002
TX001807,0.17991900740651476,2023-03-13 17:10:34,1.6485806664637546,0.8342649039403235,-0.2067936485059295,-0.1218571134264524,2024-11-04 08:08:12,-1.0731553092957953,-0.2436688478101123,-0.2259336741271706,-0.7156637661167,False,False,True,False,True,False,-1.823552912101161,-1.9449240876917921,-1.0590212998330302,-0.41463016124217866,-0.028446402356390392
TX001808,-0.27244608613446375,2023-11-06 18:42:53,-1.218414953583275,1.7635023351465013,-0.2067936485059295,-1.1975600560898132,2024-11-04 08:06:31,1.1651731868456037,0.5716614666686801,-0.2259336741271706,-0.2554109805342242,True,True,False,False,False,True,-0.4924511351160437,0.23568261093877343,2.3754734504923123,-0.22009318607588202,-0.028446402356390392
TX001809,-0.022281748582492836,2023-11-20 18:53:47,0.1869750562437003,-0.666810946469656,-0.2067936485059295,0.3072912913298771,2024-11-04 08:08:42,1.2968603794503455,-0.3013305025661018,-0.2259336741271706,2.045852947378155,True,True,False,True,False,False,1.282351234197446,-0.8546207383765094,2.866115557681647,0.7525916897556012,-2.0656080588262973
TX001810,0.4266916345479618,2023-11-17 17:31:06,-1.0497681524040379,-0.15215636918623443,-0.2067936485059295,-0.943032425678098,2024-11-04 08:07:24,1.2681225165350567,0.1850970691498175,-0.2259336741271706,0.2048418050482517,False,True,False,False,False,True,-0.9361517274444162,-0.30946906371886795,1.394189236113643,-1.387315037073662,-2.8491317728531844
TX001811,1.0812917437790643,2023-03-15 17:45:31,0.9177778613537274,0.5340497338583277,-0.2067936485059295,-0.4705397115421971,2024-11-04 08:10:22,-1.0541369321639227,-0.02462841699097565,-0.2259336741271706,-0.2554109805342242,True,False,False,False,True,False,-0.9361517274444162,0.23568261093877343,-1.0590212998330302,-0.803704111574772,1.2251915400866291
TX001812,-0.7666080150374532,2023-01-05 18:29:09,1.3675026644983594,-0.7239947883900362,-0.2067936485059295,0.2322944827316836,2024-11-04 08:06:50,-1.7025782002642378,-0.36781737837086437,-0.2259336741271706,-0.2554109805342242,True,False,True,False,False,False,-0.9361517274444162,-0.8546207383765094,-0.5683791926436955,-0.025556210909585365,-0.6552653735779002
TX001813,-0.7888768207631148,2023-04-13 18:15:52,0.8053466605675694,-1.1957614842331725,-0.2067936485059295,0.20811346044486081,2024-11-04 08:07:11,-0.7812552627617529,-0.369588618181568,-0.2259336741271706,0.6650945906307275,True,False,True,True,False,False,1.282351234197446,-1.399772413034151,1.8848313433029775,-0.41463016124217866,0.5983725688651194
TX001814,-0.9273202729744972,2023-05-18 18:15:02,0.9739934617468065,-1.0956897608725071,-0.2067936485059295,-0.88185041382271,2024-11-04 08:07:16,-0.4521855503100881,-0.36034964664706903,-0.2259336741271706,0.2048418050482517,True,False,False,False,True,False,-0.4924511351160437,-0.30946906371886795,1.8848313433029775,-0.41463016124217866,-0.18515114516176784
TX001815,-0.9568521353368361,2023-02-13 16:21:46,0.1869750562437003,0.5054578128981375,-0.2067936485059295,-0.3540318488857214,2024-11-04 08:08:03,-1.3367335168537084,-0.38227935850807165,-0.2259336741271706,1.5856001617956792,True,False,True,True,False,False,0.3949500495407011,2.416289309569339,-0.5683791926436955,-0.025556210909585365,0.2849630832543645
TX001816,0.06970554891504792,2023-01-25 17:46:40,0.5242686586021743,0.062283038015191215,-0.2067936485059295,-0.5430007306120619,2024-11-04 08:11:41,-1.51484399705184,-0.18352452032048824,-0.2259336741271706,-0.7156637661167,True,False,False,True,False,False,-1.3798523197727885,-0.30946906371886795,-1.0590212998330302,0.9471286649218978,1.5386010256973839
TX001817,-0.40499686975382493,2023-03-13 17:16:57,-0.2627497469009318,0.7627851015398482,-0.2067936485059295,1.6798969842580247,2024-11-04 08:10:30,-1.0731286480702933,-0.36170105059277596,-0.2259336741271706,0.2048418050482517,True,False,True,False,False,False,-0.4924511351160437,0.23568261093877343,-1.0590212998330302,1.3362026152544912,0.2849630832543645
TX001818,2.1287478457119535,2023-05-01 16:43:40,1.3112870641052805,0.2767224452166169,-0.2067936485059295,0.4851478254164032,2024-11-04 08:07:44,-0.612621923248291,-0.13427032972012964,-0.2259336741271706,-0.2554109805342242,True,False,True,False,False,False,-0.9361517274444162,-0.30946906371886795,1.394189236113643,3.6706463172500507,0.2849630832543645
TX001819,-0.9718578844258204,2023-05-29 17:30:14,-0.4313965480801688,1.2774396788232698,-0.2067936485059295,-0.6098363480386981,2024-11-04 08:09:58,-0.3490719004144799,-0.3819140801501172,-0.2259336741271706,-0.2554109805342242,True,False,False,True,False,False,-0.9361517274444162,0.23568261093877343,0.9035471289243083,-1.1927780619073654,1.5386010256973839
TX001820,0.23240486951684336,2023-11-23 16:51:06,-1.105983752797117,0.8056729829801335,-0.2067936485059295,-1.0360566722678777,2024-11-04 08:09:24,1.3242612635227053,0.27623613550066645,-0.2259336741271706,0.6650945906307275,True,False,False,False,False,True,1.282351234197446,-0.8546207383765094,1.394189236113643,1.3362026152544912,-2.692427030047807
TX001821,-0.11649592665259967,2023-01-23 16:03:04,1.4799338652845175,-1.4816806938350733,-0.2067936485059295,0.482555628032035,2024-11-04 08:12:00,-1.5343268236140903,-0.3178997316861945,-0.2259336741271706,0.2048418050482517,True,True,False,False,True,False,0.8386506418690736,-0.30946906371886795,-1.0590212998330302,0.16898076425671127,-1.5954938304101647
TX001822,-0.831804226261967,2023-06-01 16:15:49,-0.6000433492594058,0.2910184056967119,-0.2067936485059295,-0.043796332647922494,2024-11-04 08:08:57,-0.3213446611777099,-0.37013256422041874,-0.2259336741271706,0.6650945906307275,True,True,False,True,False,False,-0.4924511351160437,-0.30946906371886795,-0.07773708545436095,-0.6091671364084753,-2.8491317728531844
TX001823,-0.5348068772838739,2023-09-20 16:57:04,-1.162199353190196,-0.6382190255094659,-0.2067936485059295,-0.8842503116978523,2024-11-04 08:11:28,0.7225483091997885,-0.22511447680436186,-0.2259336741271706,1.1253473762132034,True,False,True,False,False,True,0.3949500495407011,-0.30946906371886795,-1.0590212998330302,0.5580547145893046,-1.28208434479941
TX001824,-0.9120061865754654,2023-01-09 17:09:31,-1.387061754762512,-1.4959766543151685,-0.2067936485059295,-1.055291751177404,2024-11-04 08:06:27,-1.665486994524521,-0.3302059383534984,-0.2259336741271706,-0.7156637661167,True,False,False,False,False,True,-1.3798523197727885,1.8711376349116977,-1.0590212998330302,1.1416656400881946,1.2251915400866291
TX001825,-0.6981228725057647,2023-06-26 17:37:20,-0.31896534729401077,0.8056729829801335,-0.2067936485059295,0.8481067390970962,2024-11-04 08:11:15,-0.08577336367101619,-0.37002367416334364,-0.2259336741271706,-0.2554109805342242,True,False,True,True,False,False,-1.3798523197727885,-0.8546207383765094,-0.07773708545436095,-1.970925962572552,-0.028446402356390392
TX001826,-0.999985099042387,2023-12-01 17:35:32,-1.330846154369433,-0.19504425062651956,-0.2067936485059295,-0.9817230869343967,2024-11-04 08:10:30,1.3997615012912377,-0.38318612882235836,-0.2259336741271706,1.1253473762132034,True,True,False,False,False,True,0.3949500495407011,-0.8546207383765094,-0.07773708545436095,0.16898076425671127,1.2251915400866291
TX001827,-0.4083885801643488,2023-08-15 18:22:03,-0.6000433492594058,-0.3094119344672799,-0.2067936485059295,0.8602523760998192,2024-11-04 08:09:32,0.3846379520143162,-0.3505311444731987,-0.2259336741271706,0.2048418050482517,True,False,True,True,False,False,-0.4924511351160437,-1.399772413034151,-1.0590212998330302,-1.387315037073662,1.2251915400866291
TX001828,-0.5847575215115888,2023-08-23 16:04:43,-1.274630553976354,-1.1099857213526023,-0.2067936485059295,-1.133698671072541,2024-11-04 08:08:11,0.45896738110866075,-0.03248344592211648,-0.2259336741271706,-0.2554109805342242,True,False,False,False,False,True,-0.9361517274444162,0.23568261093877343,-0.5683791926436955,-0.41463016124217866,0.2849630832543645
TX001829,-0.8959041270507563,2023-06-16 16:19:02,0.4680530582090954,0.677009338659278,-0.2067936485059295,1.8473462689052322,2024-11-04 08:07:59,-0.18028490518506352,-0.38615141304329004,-0.2259336741271706,-0.2554109805342242,True,True,False,False,False,False,-0.9361517274444162,1.3259859602540562,-2.0403055142116995,-0.9982410867410686,-0.8119701163832775
TX001830,-0.7051461112346271,2023-03-15 17:39:11,0.35562185742293734,0.7770810620199433,-0.2067936485059295,1.0580131913879784,2024-11-04 08:07:12,-1.0541576082163528,-0.37239792132358945,-0.2259336741271706,1.5856001617956792,True,True,False,False,False,False,1.282351234197446,1.3259859602540562,-0.07773708545436095,0.5580547145893046,0.9117820544758742
TX001831,-0.3380534137723745,2023-10-23 16:47:56,-0.4876121484732478,-0.2808200135070898,-0.2067936485059295,-0.5793709777903654,2024-11-04 08:10:19,1.0327675558295792,-0.2550555804508501,-0.2259336741271706,0.6650945906307275,True,False,True,True,False,False,0.8386506418690736,-0.30946906371886795,-0.5683791926436955,-0.803704111574772,-0.6552653735779002
TX001832,-0.54741444729471,2023-10-26 16:52:14,0.7491310601744904,-1.0813938003924122,-0.2067936485059295,-0.6365967477426074,2024-11-04 08:07:40,1.0610194226914316,-0.2890591272503529,-0.2259336741271706,-0.2554109805342242,True,True,False,True,False,False,-0.9361517274444162,-1.399772413034151,-0.07773708545436095,-0.22009318607588202,0.5983725688651194
TX001833,-0.5506005994985355,2023-07-18 17:41:52,-1.162199353190196,-0.695402867429846,-0.2067936485059295,0.6029607607421602,2024-11-04 08:10:54,0.12110610234237787,-0.3558923108545797,-0.2259336741271706,0.6650945906307275,False,True,False,False,False,True,0.3949500495407011,0.23568261093877343,-0.07773708545436095,-0.22009318607588202,0.5983725688651194
TX001834,-0.5636535456238848,2023-09-13 16:22:48,-1.330846154369433,0.5054578128981375,-0.2067936485059295,-0.8828631912379677,2024-11-04 08:08:41,0.6565276061851543,-0.23554774670017228,-0.2259336741271706,0.2048418050482517,True,True,False,False,False,True,-0.4924511351160437,-0.30946906371886795,1.394189236113643,1.1416656400881946,-0.968674859188655
TX001835,-1.015641782452583,2023-10-23 16:15:08,-0.09410294572169475,0.24813052425642676,-0.2067936485059295,2.2562160494153014,2024-11-04 08:11:37,1.0325449073913053,-0.39174542077506413,-0.2259336741271706,0.2048418050482517,True,True,False,False,False,False,-0.04875054278767131,0.23568261093877343,-0.5683791926436955,0.16898076425671127,-0.18515114516176784
TX001836,-0.14133420996199147,2023-08-21 16:42:02,1.3675026644983594,-0.29511597398718487,-0.2067936485059295,0.6044171090253663,2024-11-04 08:07:03,0.4404141063351375,-0.3245128340609085,-0.2259336741271706,1.1253473762132034,True,True,False,False,True,False,0.3949500495407011,0.7808342855964149,0.4129050217349737,0.16898076425671127,0.2849630832543645
TX001837,-0.8273162054157184,2023-03-27 17:25:28,-0.4876121484732478,-0.15215636918623443,-0.2067936485059295,1.5407926472707496,2024-11-04 08:06:58,-0.9414196911998355,-0.3819973864452812,-0.2259336741271706,-0.2554109805342242,True,True,False,False,False,False,-0.9361517274444162,0.23568261093877343,1.8848313433029775,0.9471286649218978,0.2849630832543645
TX001838,-0.6149403181951394,2023-09-25 16:07:30,0.2994062570298583,-0.995618037511842,-0.2067936485059295,0.7338910865905963,2024-11-04 08:12:07,0.7692312444831692,-0.36282244944597586,-0.2259336741271706,2.045852947378155,True,False,False,True,False,False,1.7260518265258185,0.23568261093877343,0.9035471289243083,0.16898076425671127,1.6953057685027615
TX001839,-0.547243148789128,2023-08-28 16:16:57,1.1988558633191224,0.005099196094811046,-0.2067936485059295,0.7519262165625514,2024-11-04 08:11:15,0.5060380467857705,-0.35825297669765205,-0.2259336741271706,-0.7156637661167,False,False,True,False,False,False,-1.3798523197727885,0.23568261093877343,-0.07773708545436095,0.3635177394230079,-0.968674859188655
TX001840,1.7684385690707485,2023-08-07 17:42:03,0.5242686586021743,-0.9241382351113667,-0.2067936485059295,2.518148492928951,2024-11-04 08:08:31,0.309166116612543,-0.2848694704954489,-0.2259336741271706,2.045852947378155,False,False,False,False,False,False,1.282351234197446,0.7808342855964149,1.8848313433029775,-0.9982410867410686,0.2849630832543645
TX001841,-0.20426928091282276,2023-01-09 17:26:46,1.3675026644983594,-0.7239947883900362,-0.2067936485059295,2.1465361013330817,2024-11-04 08:06:37,-1.665375452662727,-0.3572424765336391,-0.2259336741271706,-1.1759165516991759,True,False,False,False,False,False,-0.4924511351160437,0.23568261093877343,-1.0590212998330302,-0.803704111574772,-0.8119701163832775
TX001842,1.3271050992892521,2023-01-09 16:19:47,-1.330846154369433,-1.2672412866336478,-0.2067936485059295,-1.1762660904348388,2024-11-04 08:07:05,-1.6658158525794886,2.1583167213148413,-0.2259336741271706,2.045852947378155,True,False,False,False,False,True,0.8386506418690736,0.7808342855964149,-0.07773708545436095,1.1416656400881946,0.2849630832543645
TX001843,1.9906127308106192,2023-04-06 16:59:33,0.8615622609606484,0.2767224452166169,-0.2067936485059295,-0.0410067077674153,2024-11-04 08:07:05,-0.8475680422222949,-0.04356480137206178,-0.2259336741271706,0.6650945906307275,True,False,False,True,False,False,0.8386506418690736,-0.8546207383765094,-0.07773708545436095,-1.387315037073662,-0.8119701163832775
TX001844,-0.07206109430462555,2023-04-10 17:26:14,1.3112870641052805,-1.4959766543151685,-0.2067936485059295,0.9815677264869482,2024-11-04 08:08:57,-0.809797356106927,-0.3311553869494353,-0.2259336741271706,2.045852947378155,True,True,False,False,False,False,1.282351234197446,-0.30946906371886795,-1.5496634070223647,0.9471286649218978,-0.028446402356390392
TX001845,-0.9895701499030005,2023-06-15 16:10:51,1.9296586684291497,1.1344800740223193,-0.2067936485059295,-0.27426601245871973,2024-11-04 08:10:17,-0.1897555165900183,-0.3876572604230701,-0.2259336741271706,1.5856001617956792,True,False,False,False,True,False,0.8386506418690736,-0.30946906371886795,0.9035471289243083,-0.41463016124217866,-1.28208434479941
TX001846,1.1644400383885731,2023-09-18 16:27:52,1.1426402629260435,1.2488477578630797,-0.2067936485059295,-0.2475415086631992,2024-11-04 08:08:09,0.703574984097948,-0.09011311660236991,-0.2259336741271706,1.1253473762132034,True,False,True,False,True,False,-0.04875054278767131,0.7808342855964149,0.9035471289243083,-0.803704111574772,0.12825834044898704
TX001847,-0.666158571364161,2023-08-30 17:56:47,0.35562185742293734,0.8485608644204186,-0.2067936485059295,1.6086102741911672,2024-11-04 08:07:27,0.5255190233854349,-0.37411320561554606,-0.2259336741271706,0.2048418050482517,True,True,False,False,False,False,-0.4924511351160437,-0.30946906371886795,0.4129050217349737,-1.387315037073662,-0.028446402356390392
TX001848,0.712623100065457,2023-02-14 17:56:46,0.41183745781601633,0.9057447063407987,-0.2067936485059295,0.05980951493620751,2024-11-04 08:10:09,-1.3267247839789276,-0.20619232917090505,-0.2259336741271706,0.6650945906307275,True,True,False,False,True,False,-0.04875054278767131,-1.9449240876917921,1.394189236113643,-0.22009318607588202,0.4416678260597419
TX001849,0.25443385733469015,2023-02-20 17:28:57,0.07454385545754227,-0.40948365782794516,-0.2067936485059295,-0.9704338237460943,2024-11-04 08:08:19,-1.270481459694514,0.1571997341712307,-0.2259336741271706,0.6650945906307275,True,False,False,False,False,False,-0.4924511351160437,-0.8546207383765094,-0.5683791926436955,-0.41463016124217866,0.7550773116704967
TX001850,-0.9706930545878628,2023-11-27 17:04:28,0.2994062570298583,-1.1814655237530776,-0.2067936485059295,-0.6765488937794296,2024-11-04 08:09:14,1.3619582775986248,-0.3805946119942521,-0.2259336741271706,0.2048418050482517,True,True,False,True,False,False,-0.4924511351160437,-0.30946906371886795,0.9035471289243083,0.16898076425671127,-0.6552653735779002
TX001851,-0.974461621710667,2023-05-01 17:36:10,-0.09410294572169475,-0.3094119344672799,-0.2067936485059295,-1.0499150568994413,2024-11-04 08:10:30,-0.6122972004038095,-0.36657053607829904,-0.2259336741271706,1.1253473762132034,True,True,False,True,False,False,1.282351234197446,0.23568261093877343,0.4129050217349737,0.16898076425671127,0.2849630832543645
TX001852,-0.4442584872332222,2023-06-26 17:54:14,-0.2627497469009318,0.23383456377633172,1.4528410002061958,2.360778266558649,2024-11-04 08:08:14,-0.08564332218336357,-0.36887329541305236,4.426077714458506,0.2048418050482517,True,False,False,False,False,False,-0.4924511351160437,0.7808342855964149,-0.5683791926436955,-0.41463016124217866,0.5983725688651194
TX001853,-0.7694173105289982,2023-05-09 17:02:28,0.6366998593883324,-0.2665240530269948,-0.2067936485059295,-0.58489381969534,2024-11-04 08:09:48,-0.5372953643201716,-0.3412960075627721,-0.2259336741271706,2.5061057329606307,True,False,False,False,True,False,2.169752418854191,-0.30946906371886795,0.9035471289243083,1.1416656400881946,0.5983725688651194
TX001854,-0.3292144108843426,2023-07-14 18:11:41,0.9177778613537274,1.0915921925820342,-0.2067936485059295,1.8035173647624108,2024-11-04 08:08:48,0.08370584402949505,-0.3593228203484771,-0.2259336741271706,1.1253473762132034,False,False,True,False,False,False,0.3949500495407011,0.23568261093877343,-0.07773708545436095,1.5307395904207879,-1.5954938304101647
TX001855,-0.5046240806003233,2023-08-07 17:25:53,-0.20653414650785276,1.2059598764227946,-0.2067936485059295,2.3734315742657293,2024-11-04 08:08:30,0.30906066874514937,-0.3713609681992351,-0.2259336741271706,-0.7156637661167,True,False,True,False,False,False,-0.9361517274444162,0.7808342855964149,-1.5496634070223647,-1.970925962572552,-0.6552653735779002
TX001856,-0.9383518967339789,2023-10-26 17:51:32,0.07454385545754227,-1.2529453261535526,-0.2067936485059295,0.7264144816718839,2024-11-04 08:11:44,1.0613800565743443,-0.3860484758253602,-0.2259336741271706,-0.7156637661167,True,False,False,False,False,False,-1.3798523197727885,2.416289309569339,1.394189236113643,0.16898076425671127,-0.3418558879671453
TX001857,-0.8496535305436128,2023-08-25 16:45:20,0.1869750562437003,0.39109012905737717,-0.2067936485059295,0.23658660777761092,2024-11-04 08:09:56,0.4780254780254648,-0.3757711792676672,-0.2259336741271706,-1.1759165516991759,True,True,False,True,False,False,-2.2672535044295334,-1.399772413034151,-1.5496634070223647,-0.803704111574772,0.2849630832543645
TX001858,1.4475964681156395,2023-02-14 17:58:31,-1.274630553976354,-0.33800385542746997,-0.2067936485059295,-1.2120722590527455,2024-11-04 08:07:31,-1.3266961639695112,3.25422371736234,-0.2259336741271706,1.5856001617956792,False,False,False,False,False,True,1.282351234197446,-0.30946906371886795,0.4129050217349737,-1.1927780619073654,0.9117820544758742
TX001859,-0.5573155009173504,2023-10-31 16:46:18,-1.443277355155591,-0.2665240530269948,-0.2067936485059295,-1.0338875338038067,2024-11-04 08:09:40,1.1079784376854187,-0.14714928793461513,-0.2259336741271706,2.045852947378155,True,False,True,False,False,True,0.8386506418690736,-0.8546207383765094,-0.07773708545436095,-0.22009318607588202,1.5386010256973839
TX001860,-0.6188116644212929,2023-07-12 16:52:54,-1.49949295554867,2.564076122031824,-0.2067936485059295,-1.1242093312905954,2024-11-04 08:08:24,0.06438973174262877,-0.077413542785838,-0.2259336741271706,0.6650945906307275,True,False,False,False,False,True,-0.04875054278767131,-0.30946906371886795,-0.07773708545436095,-1.1927780619073654,1.3818962828920065
TX001861,-0.9816561589451116,2023-11-01 17:59:04,-0.6000433492594058,-1.5245685752753584,3.1124756489183207,-0.5979471103816102,2024-11-04 08:07:08,1.1178722552372196,-0.384099367839111,4.426077714458506,0.2048418050482517,True,False,False,True,False,False,0.8386506418690736,-0.30946906371886795,-0.5683791926436955,-0.6091671364084753,0.12825834044898704
TX001862,-0.7170684872231351,2023-01-20 16:46:06,0.2994062570298583,2.392524596270683,-0.2067936485059295,0.033749085445881545,2024-11-04 08:09:17,-1.5622345974349738,-0.35884799038137233,-0.2259336741271706,1.5856001617956792,False,False,True,True,False,False,1.282351234197446,0.7808342855964149,-0.5683791926436955,-0.22009318607588202,0.5983725688651194
TX001863,-0.9996425020312228,2023-06-23 17:36:28,-1.105983752797117,1.4632871650645054,-0.2067936485059295,-0.980305198553036,2024-11-04 08:08:02,-0.11396450823152106,-0.38307138939746527,-0.2259336741271706,1.1253473762132034,True,False,False,False,False,True,-0.04875054278767131,-0.30946906371886795,0.4129050217349737,0.5580547145893046,0.5983725688651194
TX001864,-0.6650280012273198,2023-01-30 16:04:17,-0.7124745500455638,-1.2386493656734576,-0.2067936485059295,0.3538175165887769,2024-11-04 08:09:34,-1.468487852218184,-0.3606069808717163,-0.2259336741271706,0.6650945906307275,True,False,False,True,False,False,-0.4924511351160437,0.23568261093877343,-1.0590212998330302,-0.9982410867410686,-1.28208434479941
TX001865,-0.4825608330813601,2023-02-24 18:22:31,1.4237182648914386,0.23383456377633172,-0.2067936485059295,-0.2845912141074351,2024-11-04 08:08:30,-1.2325242538219607,-0.3150261326004214,-0.2259336741271706,0.6650945906307275,True,False,False,False,True,False,0.8386506418690736,1.8711376349116977,0.4129050217349737,-1.387315037073662,1.3818962828920065
TX001866,0.7110471538141024,2023-01-03 17:33:54,1.3112870641052805,0.8485608644204186,-0.2067936485059295,-0.6637750783799015,2024-11-04 08:11:16,-1.7217722150204378,0.0008949852128807404,-0.2259336741271706,1.1253473762132034,True,False,False,False,True,False,0.3949500495407011,0.23568261093877343,0.4129050217349737,0.16898076425671127,-2.692427030047807
TX001867,-0.9131367567123065,2023-11-20 16:59:13,0.07454385545754227,-0.8383624722307964,-0.2067936485059295,1.512742558858297,2024-11-04 08:07:24,1.2961208297013185,-0.38636672222169377,-0.2259336741271706,-0.2554109805342242,True,False,False,False,False,False,-0.4924511351160437,-0.8546207383765094,-0.5683791926436955,-2.1654629377388486,0.2849630832543645
TX001868,-0.9934757558302704,2023-09-21 18:13:38,0.2994062570298583,0.6198254967388979,-0.2067936485059295,0.2976019600583361,2024-11-04 08:08:10,0.7324719437956202,-0.38952418013706624,-0.2259336741271706,-0.2554109805342242,True,False,False,False,False,False,-0.4924511351160437,1.8711376349116977,0.4129050217349737,-1.7763889874062553,0.2849630832543645
TX001869,-0.07343148234928158,2023-02-13 16:14:17,0.4680530582090954,-0.695402867429846,-0.2067936485059295,-0.8668766920376348,2024-11-04 08:11:57,-1.3368078418211284,-0.07908105135909699,-0.2259336741271706,0.2048418050482517,False,False,False,False,True,False,-0.4924511351160437,-0.30946906371886795,1.394189236113643,0.7525916897556012,-2.692427030047807
TX001870,-0.5201437252060537,2023-04-05 16:08:13,1.3112870641052805,1.677726572265931,-0.2067936485059295,0.04632547334927073,2024-11-04 08:11:25,-0.857333668249029,-0.33783129213772195,-0.2259336741271706,1.1253473762132034,True,False,False,False,True,False,0.8386506418690736,-0.30946906371886795,-0.5683791926436955,-0.025556210909585365,0.5983725688651194
TX001871,0.2461430096645207,2023-11-20 17:11:02,-0.6000433492594058,-1.4387928123947882,-0.2067936485059295,-0.02452022984309443,2024-11-04 08:08:32,1.296190584172938,-0.24731442345000362,-0.2259336741271706,0.6650945906307275,True,False,True,True,False,False,1.282351234197446,-1.399772413034151,-1.5496634070223647,0.16898076425671127,0.5983725688651194
TX001872,0.8950902682114167,2023-03-15 17:27:37,0.8615622609606484,-0.35229981590756504,-0.2067936485059295,1.2127732724197173,2024-11-04 08:11:19,-1.0542600090865464,-0.28038745324526176,-0.2259336741271706,2.045852947378155,True,False,False,False,False,False,1.7260518265258185,0.7808342855964149,-0.07773708545436095,-0.025556210909585365,-0.028446402356390392
TX001873,0.4507076850305599,2023-03-09 16:21:09,-1.0497681524040379,1.4061033231441251,-0.2067936485059295,-1.1287142677933997,2024-11-04 08:11:30,-1.1111081623152053,0.7903611982491741,-0.2259336741271706,0.2048418050482517,True,True,False,False,False,True,-0.04875054278767131,0.7808342855964149,-0.5683791926436955,0.16898076425671127,-0.6552653735779002
TX001874,-0.8936772464781899,2023-02-06 17:21:37,-0.6562589496524849,0.19094668233604659,-0.2067936485059295,0.28287950963198305,2024-11-04 08:07:57,-1.402157226059755,-0.3802992854870092,-0.2259336741271706,0.6650945906307275,True,True,False,False,False,False,0.3949500495407011,-1.9449240876917921,0.4129050217349737,0.16898076425671127,1.2251915400866291
TX001875,-0.7484161137446435,2023-04-12 17:21:31,0.6929154597814113,-1.395904930954503,-0.2067936485059295,-0.7396462087467098,2024-11-04 08:08:52,-0.7910232828577158,-0.32220240560778335,-0.2259336741271706,1.1253473762132034,False,False,True,False,True,False,0.3949500495407011,0.23568261093877343,-1.0590212998330302,-0.41463016124217866,-2.692427030047807
TX001876,-0.5656748679897526,2023-08-09 18:38:49,-0.4876121484732478,-0.2665240530269948,-0.2067936485059295,1.0765559920642906,2024-11-04 08:07:12,0.32834968452119934,-0.3639624672692899,-0.2259336741271706,0.6650945906307275,True,True,False,True,False,False,0.8386506418690736,0.23568261093877343,0.4129050217349737,0.5580547145893046,1.3818962828920065
TX001877,-0.5519709875431916,2023-08-14 16:46:26,0.41183745781601633,0.2624264847365218,4.772110297630446,-0.12711586400542324,2024-11-04 08:09:36,0.3746110459776625,-0.33386380984427017,4.426077714458506,-0.7156637661167,True,False,True,True,False,False,-1.823552912101161,0.23568261093877343,-0.07773708545436095,-2.554536888071442,1.3818962828920065
TX001878,-0.3214717184320357,2023-10-02 16:33:09,0.5804842589952534,-1.1814655237530776,-0.2067936485059295,0.41866347509328666,2024-11-04 08:09:45,0.8352293126614588,-0.33258531044383893,-0.2259336741271706,1.5856001617956792,True,True,False,False,True,False,0.3949500495407011,0.23568261093877343,-1.0590212998330302,-0.9982410867410686,0.12825834044898704
TX001879,1.5531848669563921,2023-09-08 18:16:31,1.8734430680360705,-1.3244251285540278,-0.2067936485059295,0.005145174446857623,2024-11-04 08:11:09,0.6102431746070323,-0.10462025020454377,-0.2259336741271706,-0.2554109805342242,True,True,False,False,True,False,-0.9361517274444162,0.7808342855964149,-1.0590212998330302,0.5580547145893046,0.12825834044898704
TX001880,-1.016669573486075,2024-01-01 16:45:56,0.41183745781601633,-1.2672412866336478,-0.2067936485059295,-0.7452921223375892,2024-11-04 08:07:14,1.6909260244654105,-0.3911591523914636,-0.2259336741271706,2.045852947378155,True,False,False,True,False,False,2.613453011182563,0.23568261093877343,1.394189236113643,-0.22009318607588202,-0.028446402356390392
TX001881,-0.13845639506821356,2023-07-10 17:00:03,1.2550714637122016,-1.3101291680739329,-0.2067936485059295,2.1080761994878543,2024-11-04 08:10:15,0.04562001134656069,-0.35402292383207284,-0.2259336741271706,0.2048418050482517,True,False,True,False,False,False,-0.4924511351160437,-0.30946906371886795,-0.5683791926436955,-1.387315037073662,1.5386010256973839
TX001882,1.6104328275219004,2023-05-08 17:44:34,1.0302090621398854,0.5054578128981375,-0.2067936485059295,-0.8493517967634928,2024-11-04 08:12:04,-0.5464374441341445,0.4447039695161449,-0.2259336741271706,0.6650945906307275,True,False,False,False,False,False,-0.04875054278767131,0.23568261093877343,-1.5496634070223647,-0.22009318607588202,-0.028446402356390392
TX001883,-0.3950272967289518,2023-05-10 16:55:57,0.5242686586021743,0.04798707753509617,-0.2067936485059295,-1.1773634796341559,2024-11-04 08:08:24,-0.5279266096787674,0.2923404526114519,-0.2259336741271706,0.2048418050482517,True,False,True,False,False,False,-0.4924511351160437,0.7808342855964149,-1.0590212998330302,-0.41463016124217866,-0.028446402356390392
TX001884,-0.3874216430811105,2023-09-04 16:34:53,0.5242686586021743,-0.02349272486537904,-0.2067936485059295,1.0941424231813852,2024-11-04 08:09:30,0.5719817042997704,-0.35327232521470514,-0.2259336741271706,1.1253473762132034,False,False,True,False,False,False,-0.04875054278767131,0.7808342855964149,-0.5683791926436955,-0.22009318607588202,-2.692427030047807
TX001885,0.5266271827045079,2023-12-04 16:57:39,0.9739934617468065,0.662713378179183,6.431744946342571,-0.5515183168740516,2024-11-04 08:07:38,1.4277393560477265,-0.0927972675913908,4.426077714458506,1.1253473762132034,True,False,False,False,True,False,0.8386506418690736,-1.399772413034151,0.4129050217349737,-0.025556210909585365,1.6953057685027615
TX001886,-0.5258650952924929,2023-07-07 17:24:42,0.6929154597814113,-1.2815372471137427,-0.2067936485059295,1.643349821531233,2024-11-04 08:10:03,0.01757577557963831,-0.3673416447611628,-0.2259336741271706,2.045852947378155,True,True,False,False,False,False,2.613453011182563,1.8711376349116977,1.8848313433029775,1.3362026152544912,0.12825834044898704
TX001887,-0.7711645552859347,2023-04-10 17:48:18,-0.2627497469009318,-1.2815372471137427,-0.2067936485059295,1.95102390830614,2024-11-04 08:11:48,-0.8096718851150748,-0.380712805661954,-0.2259336741271706,0.2048418050482517,True,False,False,False,False,False,0.3949500495407011,0.23568261093877343,0.4129050217349737,-0.41463016124217866,1.6953057685027615
TX001888,-0.7656487434061938,2023-09-08 16:09:45,1.3675026644983594,-0.695402867429846,4.772110297630446,-0.3061902949837148,2024-11-04 08:08:28,0.609432999815757,-0.35477481739773276,4.426077714458506,-1.1759165516991759,False,False,True,False,True,False,-1.823552912101161,0.7808342855964149,2.3754734504923123,1.3362026152544912,-0.6552653735779002
TX001889,-0.9436621504070213,2023-05-03 16:26:08,-0.03788734532861574,-0.666810946469656,-0.2067936485059295,0.5993404019817962,2024-11-04 08:11:03,-0.5939537331517878,-0.38606751634123404,-0.2259336741271706,0.2048418050482517,True,True,False,False,False,False,-0.4924511351160437,-0.30946906371886795,-1.0590212998330302,1.3362026152544912,0.4416678260597419
TX001890,1.6455832808673294,2023-06-12 18:56:58,0.9739934617468065,-0.32370789494737495,-0.2067936485059295,0.49928055734779614,2024-11-04 08:09:32,-0.21687248581611382,-0.17551152204934994,-0.2259336741271706,0.2048418050482517,True,True,False,False,False,False,-0.04875054278767131,-1.399772413034151,0.4129050217349737,-0.9982410867410686,-0.028446402356390392
TX001891,1.6872088177237587,2023-05-26 17:32:29,-0.9373369516178799,1.1058881530621294,-0.2067936485059295,-1.0585531508538792,2024-11-04 08:10:46,-0.377268921326728,1.181080148267274,-0.2259336741271706,0.2048418050482517,True,False,True,False,False,True,-0.9361517274444162,-0.30946906371886795,0.4129050217349737,0.3635177394230079,0.7550773116704967
TX001892,0.37252704708292944,2023-10-02 16:41:51,0.8053466605675694,-0.23793213206680466,-0.2067936485059295,-0.20921237048424562,2024-11-04 08:07:41,0.8352996112397212,-0.20623178783594293,-0.2259336741271706,0.6650945906307275,False,True,False,True,False,False,-0.4924511351160437,-0.30946906371886795,0.4129050217349737,1.5307395904207879,0.7550773116704967
TX001893,1.6095763349939904,2023-09-07 16:28:19,0.6366998593883324,-1.3244251285540278,-0.2067936485059295,1.9704384667576107,2024-11-04 08:08:55,0.6001491258106448,-0.2741237252977918,-0.2259336741271706,0.2048418050482517,True,False,False,False,False,False,-0.9361517274444162,0.7808342855964149,-0.5683791926436955,-0.22009318607588202,1.6953057685027615
TX001894,-1.0038564452685403,2023-10-19 16:13:30,-1.330846154369433,0.21953860329623667,-0.2067936485059295,-1.1033025286475298,2024-11-04 08:06:26,0.9949594351771801,-0.3808284986263336,-0.2259336741271706,-0.2554109805342242,False,False,True,False,False,True,-0.04875054278767131,0.23568261093877343,-0.07773708545436095,-0.22009318607588202,0.2849630832543645
TX001895,0.5147048067159997,2023-08-15 16:22:06,0.4680530582090954,-0.4523715392682303,-0.2067936485059295,2.0919050927586644,2024-11-04 08:07:29,0.3838681499359441,-0.32562612660168244,-0.2259336741271706,0.2048418050482517,False,True,False,False,False,False,-0.4924511351160437,-1.399772413034151,-0.5683791926436955,-0.025556210909585365,0.2849630832543645
TX001896,-0.8493794529346815,2023-02-20 18:48:52,-1.330846154369433,0.37679416857728215,-0.2067936485059295,-1.0951746693909048,2024-11-04 08:08:23,-1.2699600967092892,-0.2762797205033887,-0.2259336741271706,0.6650945906307275,True,False,True,False,False,True,0.3949500495407011,1.8711376349116977,-0.5683791926436955,-0.025556210909585365,0.2849630832543645
TX001897,-0.7529041345908922,2023-12-27 16:40:01,0.2431906566367793,0.37679416857728215,-0.2067936485059295,-0.6776052590834452,2024-11-04 08:10:31,1.6438551411456435,-0.3300647581343197,-0.2259336741271706,-1.1759165516991759,False,True,False,True,False,False,-2.2672535044295334,-0.8546207383765094,0.4129050217349737,-0.22009318607588202,0.2849630832543645
TX001898,1.3884642239887288,2023-06-07 17:06:21,-1.443277355155591,0.9200406668208938,-0.2067936485059295,-0.9940097435772187,2024-11-04 08:11:14,-0.26461664669580276,0.7230409867058997,-0.2259336741271706,0.6650945906307275,True,False,False,False,False,True,-0.04875054278767131,-0.8546207383765094,-1.5496634070223647,0.16898076425671127,-1.7521985732155423
TX001899,-0.5619748202691811,2023-01-24 18:43:06,-1.105983752797117,0.8199689434602284,-0.2067936485059295,-1.110330434711381,2024-11-04 08:06:58,-1.5238468943865595,-0.05757573179422989,-0.2259336741271706,1.1253473762132034,True,False,True,False,False,True,0.8386506418690736,-0.30946906371886795,-0.5683791926436955,0.16898076425671127,0.2849630832543645
TX001900,1.9543659670294646,2023-01-12 16:35:36,0.2431906566367793,-0.009196764385283997,-0.2067936485059295,-0.3033904141293822,2024-11-04 08:09:57,-1.6375248100393476,0.04180747149923894,-0.2259336741271706,1.1253473762132034,False,False,True,True,False,False,-0.04875054278767131,0.7808342855964149,-1.5496634070223647,-1.1927780619073654,-0.028446402356390392
TX001901,-0.8384163485774327,2023-03-31 17:25:22,-1.162199353190196,-0.7096988279099411,-0.2067936485059295,-1.06491441861908,2024-11-04 08:11:49,-0.9038433599773108,-0.28393026716148034,-0.2259336741271706,1.1253473762132034,True,True,False,False,False,True,0.3949500495407011,-0.8546207383765094,-1.5496634070223647,-0.6091671364084753,-0.18515114516176784
TX001902,-0.4062987383962482,2023-09-06 16:01:35,1.8734430680360705,0.019395156574906088,-0.2067936485059295,0.5632009142145642,2024-11-04 08:10:18,0.5905633814400528,-0.3438114388051261,-0.2259336741271706,0.2048418050482517,True,False,False,False,True,False,0.3949500495407011,-1.399772413034151,-1.5496634070223647,-0.41463016124217866,0.5983725688651194
TX001903,2.982876454244984,2023-06-12 16:25:21,1.5923650660706756,-1.1814655237530776,-0.2067936485059295,-0.9560011045803086,2024-11-04 08:09:53,-0.2178647186901027,1.2631768321477588,-0.2259336741271706,0.2048418050482517,False,False,True,False,True,False,-0.9361517274444162,2.416289309569339,-0.5683791926436955,1.1416656400881946,1.2251915400866291
TX001904,0.2964019912022832,2023-05-15 16:35:43,0.7491310601744904,-1.5388645357554536,-0.2067936485059295,0.7148970230659667,2024-11-04 08:06:36,-0.4810361521217854,-0.2964268104519813,-0.2259336741271706,-0.7156637661167,True,False,False,False,True,False,-0.4924511351160437,0.7808342855964149,0.4129050217349737,-0.41463016124217866,1.6953057685027615
TX001905,-0.23976233126941568,2023-08-07 16:16:26,1.4799338652845175,-0.8383624722307964,-0.2067936485059295,-0.1817930244620549,2024-11-04 08:07:41,0.3086125425140585,-0.29042306595561745,-0.2259336741271706,0.2048418050482517,True,False,True,False,True,False,-0.04875054278767131,0.23568261093877343,-1.0590212998330302,0.9471286649218978,0.5983725688651194
TX001906,-0.8796650287215815,2023-08-16 16:40:51,0.1869750562437003,-1.367313009994313,-0.2067936485059295,-0.3000341466950221,2024-11-04 08:12:04,0.39336281085451497,-0.37157369842773946,-0.2259336741271706,1.1253473762132034,True,False,False,True,False,False,-0.04875054278767131,0.7808342855964149,-1.0590212998330302,-0.025556210909585365,-0.18515114516176784
TX001907,-0.9518502189738415,2023-03-31 17:50:09,-1.387061754762512,1.7206144537062162,-0.2067936485059295,-0.9207974744246438,2024-11-04 08:10:08,-0.9036705517075264,-0.3664342040707185,-0.2259336741271706,0.6650945906307275,True,False,False,False,False,True,-0.4924511351160437,0.23568261093877343,1.8848313433029775,-0.6091671364084753,-0.6552653735779002
TX001908,0.6394443784808213,2023-05-29 16:40:15,1.2550714637122016,-0.6096271045492758,-0.2067936485059295,0.7507365235988058,2024-11-04 08:06:44,-0.3493771442411457,-0.2736289761305861,-0.2259336741271706,0.2048418050482517,True,True,False,False,False,False,-0.9361517274444162,-0.8546207383765094,-0.07773708545436095,0.7525916897556012,-0.028446402356390392
TX001909,0.6751429870441128,2023-06-19 16:59:35,-0.6562589496524849,-0.1378604087061394,-0.2067936485059295,0.10707929829744853,2024-11-04 08:06:25,-0.1518034253199083,-0.21626493555843082,-0.2259336741271706,2.5061057329606307,True,False,True,False,False,False,2.169752418854191,-1.399772413034151,1.8848313433029775,0.7525916897556012,0.5983725688651194
TX001910,0.013279821176333122,2023-01-26 16:13:15,-1.330846154369433,2.449708438191063,-0.2067936485059295,-1.167533128722516,2024-11-04 08:09:25,-1.5060369781085636,0.6624607357829775,-0.2259336741271706,0.2048418050482517,True,True,False,False,False,True,-0.9361517274444162,-0.8546207383765094,-0.5683791926436955,-0.025556210909585365,0.12825834044898704
TX001911,-0.3374709988533956,2023-05-19 16:54:16,1.4237182648914386,-0.43807557878813524,-0.2067936485059295,-0.8860604910780343,2024-11-04 08:08:46,-0.44332052959867885,-0.15621574058066032,-0.2259336741271706,2.045852947378155,True,False,True,False,False,False,0.8386506418690736,2.416289309569339,0.4129050217349737,-0.22009318607588202,0.5983725688651194
TX001912,-0.8861058525314651,2023-10-18 16:44:17,-0.9935525520109589,-0.995618037511842,-0.2067936485059295,-1.1237426844815397,2024-11-04 08:08:49,0.9857427039318015,-0.287443169719684,-0.2259336741271706,0.2048418050482517,True,False,True,True,False,False,-0.9361517274444162,0.7808342855964149,-0.5683791926436955,0.5580547145893046,1.5386010256973839
TX001913,0.7480476310198173,2023-12-22 16:42:33,-0.8811213512248008,-1.1814655237530776,-0.2067936485059295,-0.9549370472959239,2024-11-04 08:11:10,1.596856624009382,0.33684901997458755,-0.2259336741271706,0.6650945906307275,True,False,False,True,False,False,0.3949500495407011,0.23568261093877343,-0.07773708545436095,-0.41463016124217866,-0.3418558879671453
TX001914,-0.8758964615987771,2023-02-13 16:44:18,0.1869750562437003,0.23383456377633172,-0.2067936485059295,-0.008472194799809155,2024-11-04 08:06:24,-1.3365756171059395,-0.37569785431809094,-0.2259336741271706,-0.2554109805342242,True,False,False,True,False,False,-0.9361517274444162,-0.8546207383765094,0.9035471289243083,-0.6091671364084753,0.12825834044898704
TX001915,-0.5473116681913608,2023-11-13 16:03:01,-0.9935525520109589,-0.5238513416687055,-0.2067936485059295,-1.0548148483945232,2024-11-04 08:09:26,1.229925468454314,-0.12147023307999344,-0.2259336741271706,-0.7156637661167,True,False,False,False,False,True,-1.3798523197727885,0.23568261093877343,-0.07773708545436095,-2.1654629377388486,0.9117820544758742
TX001916,-0.692881138234955,2023-07-26 16:27:19,-1.330846154369433,0.1623547613758565,-0.2067936485059295,-0.8908346468937551,2024-11-04 08:07:22,0.1958597169755257,-0.27774637659737755,-0.2259336741271706,-0.2554109805342242,True,False,True,False,False,True,-0.9361517274444162,-0.8546207383765094,-0.5683791926436955,-0.41463016124217866,0.12825834044898704
TX001917,-0.70045253218168,2023-01-02 16:47:11,1.2550714637122016,0.44827397097775734,-0.2067936485059295,0.09217993232260727,2024-11-04 08:07:53,-1.731457313264023,-0.35848365659288095,-0.2259336741271706,1.1253473762132034,True,False,True,False,True,False,1.282351234197446,-0.8546207383765094,-0.07773708545436095,-0.803704111574772,0.5983725688651194
TX001918,3.8717443997100465,2023-01-24 17:26:34,1.0864246625329645,0.5626416548185177,-0.2067936485059295,-0.867922801367825,2024-11-04 08:09:30,-1.5243631427693414,1.2291719589982837,-0.2259336741271706,0.6650945906307275,True,True,False,False,False,False,-0.04875054278767131,-0.30946906371886795,-0.5683791926436955,-0.9982410867410686,-0.18515114516176784
TX001919,-0.7477651794234319,2023-12-06 16:10:00,0.35562185742293734,-0.15215636918623443,-0.2067936485059295,2.482919222838723,2024-11-04 08:07:06,1.4462360437303885,-0.3813751822640072,-0.2259336741271706,0.2048418050482517,False,False,True,False,False,False,-0.9361517274444162,-0.8546207383765094,1.394189236113643,3.6706463172500507,-0.6552653735779002
TX001920,-0.756124546495834,2023-05-10 17:49:57,0.5804842589952534,0.17665072185595154,-0.2067936485059295,0.5794515047409009,2024-11-04 08:10:31,-0.527587848882899,-0.371424584669458,-0.2259336741271706,2.045852947378155,True,False,False,False,False,False,1.282351234197446,0.7808342855964149,0.9035471289243083,-0.025556210909585365,0.12825834044898704
TX001921,-0.2188639135884102,2023-03-13 17:30:20,-1.443277355155591,2.5354842010716334,-0.2067936485059295,-0.9954250679651231,2024-11-04 08:12:09,-1.0730520378549733,-0.019517556465427924,-0.2259336741271706,1.1253473762132034,True,False,True,False,False,True,0.3949500495407011,-0.30946906371886795,-1.5496634070223647,-0.025556210909585365,0.12825834044898704
TX001922,-0.9684319143141802,2023-05-22 16:51:28,-1.0497681524040379,0.005099196094811046,-0.2067936485059295,0.3838188040215107,2024-11-04 08:07:33,-0.41512437925705936,-0.3874734092784144,-0.2259336741271706,-0.2554109805342242,True,True,False,True,False,False,-0.9361517274444162,-0.8546207383765094,-0.07773708545436095,-0.41463016124217866,-0.6552653735779002
TX001923,-0.18988020644393375,2023-06-08 16:28:29,0.8615622609606484,0.39109012905737717,-0.2067936485059295,-1.0847187040759156,2024-11-04 08:10:41,-0.2554581348612143,0.14585532146596236,-0.2259336741271706,1.1253473762132034,True,False,False,False,False,False,0.3949500495407011,0.23568261093877343,1.394189236113643,-0.41463016124217866,0.12825834044898704
TX001924,-0.5982215840503349,2023-07-24 16:15:58,1.9296586684291497,1.5490629279450756,-0.2067936485059295,-0.014951406264001916,2024-11-04 08:09:50,0.17696517851557683,-0.34412949656179964,-0.2259336741271706,-0.2554109805342242,True,False,True,False,True,False,-0.4924511351160437,-1.399772413034151,-1.0590212998330302,-0.803704111574772,0.12825834044898704
TX001925,-0.5763981544391866,2023-08-28 16:31:48,0.41183745781601633,0.14805880089576146,-0.2067936485059295,0.5262794084431458,2024-11-04 08:09:41,0.5061452357944214,-0.3564535303477685,-0.2259336741271706,-0.2554109805342242,True,False,False,True,False,False,-0.4924511351160437,0.7808342855964149,0.4129050217349737,-0.025556210909585365,-0.6552653735779002
TX001926,-0.5456329428366571,2023-07-07 17:58:29,-1.330846154369433,-0.7239947883900362,-0.2067936485059295,-1.2516757019795044,2024-11-04 08:09:17,0.01780136219378384,0.7716656690785513,-0.2259336741271706,-0.2554109805342242,True,False,True,False,False,True,-1.3798523197727885,0.7808342855964149,0.4129050217349737,-0.025556210909585365,-1.5954938304101647
TX001927,-0.8848725032912745,2023-10-30 17:24:55,-1.105983752797117,0.8342649039403235,-0.2067936485059295,-0.9942969108443297,2024-11-04 08:06:47,1.0988472400043037,-0.32949333642680445,-0.2259336741271706,1.1253473762132034,True,False,True,False,False,True,-0.04875054278767131,-1.9449240876917921,-1.0590212998330302,-0.41463016124217866,-2.692427030047807
TX001928,-0.704872033625696,2023-10-16 16:50:31,-1.330846154369433,0.40538608953747224,-0.2067936485059295,-1.1056485826600886,2024-11-04 08:12:14,0.9669567691577751,-0.16721297694397094,-0.2259336741271706,0.6650945906307275,True,False,True,False,False,True,-0.4924511351160437,0.23568261093877343,-1.0590212998330302,-0.025556210909585365,0.2849630832543645
TX001929,-0.06815548837735572,2023-06-22 16:38:46,0.7491310601744904,-0.18074829014642452,-0.2067936485059295,-0.9463963850928272,2024-11-04 08:11:43,-0.12376745997395794,-0.008834500244445478,-0.2259336741271706,-0.7156637661167,True,True,False,True,False,False,-0.9361517274444162,-0.8546207383765094,-0.5683791926436955,-0.025556210909585365,-0.6552653735779002
TX001930,-0.6288840165495152,2023-11-24 16:30:21,0.35562185742293734,0.7484891410597533,-0.2067936485059295,2.121514089192577,2024-11-04 08:11:42,1.3335129264145578,-0.3751751317282997,-0.2259336741271706,-0.7156637661167,True,False,False,False,False,False,-1.3798523197727885,-0.8546207383765094,-0.07773708545436095,-0.6091671364084753,-2.692427030047807
TX001931,0.017253946505835702,2023-02-28 17:24:26,-0.9935525520109589,-1.5674564567156437,-0.2067936485059295,-0.5930575748603535,2024-11-04 08:07:17,-1.1952869010379616,-0.17974035947993597,-0.2259336741271706,0.2048418050482517,False,True,False,True,False,False,-0.4924511351160437,1.3259859602540562,-1.0590212998330302,0.16898076425671127,-0.028446402356390392
TX001932,-0.9126913805977934,2023-04-25 16:23:59,0.41183745781601633,-0.6525149859895609,-0.2067936485059295,0.1106765811167054,2024-11-04 08:09:33,-0.6691752794978278,-0.38085959385142854,-0.2259336741271706,1.5856001617956792,True,False,False,True,False,False,0.8386506418690736,0.23568261093877343,-0.07773708545436095,-1.5818520122399586,1.3818962828920065
TX001933,-0.6327211030745523,2023-11-15 18:04:22,-0.9935525520109589,0.21953860329623667,-0.2067936485059295,-0.08969437951001698,2024-11-04 08:09:36,1.2495210339129728,-0.3453583634150617,-0.2259336741271706,1.1253473762132034,False,False,True,True,False,False,0.8386506418690736,-0.8546207383765094,0.9035471289243083,-1.387315037073662,1.2251915400866291
TX001934,1.5234131866862382,2023-06-20 17:04:02,-0.9935525520109589,-1.1957614842331725,-0.2067936485059295,0.7060948335303221,2024-11-04 08:10:01,-0.1423957126428725,-0.20659529122449571,-0.2259336741271706,1.1253473762132034,True,False,True,True,False,False,0.8386506418690736,-0.30946906371886795,-0.07773708545436095,-0.803704111574772,-0.028446402356390392
TX001935,-0.13975826371063685,2023-02-24 16:49:51,-1.0497681524040379,-0.5667392231089906,-0.2067936485059295,-1.0219880401728934,2024-11-04 08:09:22,-1.2331349591179495,0.05480837789251697,-0.2259336741271706,-0.2554109805342242,True,False,False,False,False,True,-0.9361517274444162,-1.9449240876917921,-0.07773708545436095,1.3362026152544912,1.3818962828920065
TX001936,0.27779897349607663,2023-01-06 17:23:59,0.8615622609606484,1.706318493226121,-0.2067936485059295,0.6442641313304782,2024-11-04 08:07:11,-1.693603814117606,-0.2943771486795397,-0.2259336741271706,0.2048418050482517,True,False,False,False,False,False,-0.4924511351160437,-0.8546207383765094,-1.5496634070223647,-0.9982410867410686,1.6953057685027615
TX001937,0.9398676975705545,2023-09-20 17:44:37,0.41183745781601633,-0.009196764385283997,-0.2067936485059295,-0.2790324762940715,2024-11-04 08:06:42,0.7228898993501999,-0.1128876293916219,-0.2259336741271706,-1.1759165516991759,True,False,True,False,True,False,-0.9361517274444162,-1.399772413034151,0.9035471289243083,-0.025556210909585365,-1.7521985732155423
TX001938,-0.9294101147425978,2023-08-11 16:38:16,1.8172274676429916,0.6198254967388979,-0.2067936485059295,0.5080442869815953,2024-11-04 08:06:54,0.34636886421405383,-0.38462294147464887,-0.2259336741271706,-0.7156637661167,False,False,True,False,True,False,-0.4924511351160437,-1.399772413034151,-0.07773708545436095,1.3362026152544912,-0.028446402356390392
TX001939,-0.3152364528288504,2023-08-16 17:49:13,-1.387061754762512,0.5626416548185177,-0.2067936485059295,-0.9262049366240828,2024-11-04 08:07:55,0.3938362924551648,-0.12317913090407469,-0.2259336741271706,2.9663585185431067,True,False,True,False,False,True,2.613453011182563,0.23568261093877343,-0.5683791926436955,1.1416656400881946,-2.692427030047807
TX001940,0.8085845228925004,2023-12-20 16:17:11,0.1869750562437003,-0.06638060630566417,-0.2067936485059295,-0.3736694747678946,2024-11-04 08:11:43,1.5778830812648843,-0.10531445719891677,-0.2259336741271706,2.5061057329606307,True,False,True,True,False,False,2.613453011182563,-1.399772413034151,0.4129050217349737,-0.41463016124217866,0.2849630832543645
TX001941,0.4488919208713907,2023-06-05 16:02:04,0.5804842589952534,-0.681106906949751,-0.2067936485059295,-0.4207674705675601,2024-11-04 08:10:24,-0.2838352550722617,-0.1495312838979976,-0.2259336741271706,1.1253473762132034,True,True,False,False,True,False,-0.04875054278767131,0.7808342855964149,-0.07773708545436095,1.3362026152544912,-0.028446402356390392
TX001942,0.21798153534683798,2023-04-17 17:58:55,1.0864246625329645,0.677009338659278,-0.2067936485059295,0.49931901724964123,2024-11-04 08:10:24,-0.7437782854122216,-0.2914275479804355,-0.2259336741271706,1.1253473762132034,True,False,False,False,True,False,-0.04875054278767131,-1.399772413034151,2.3754734504923123,1.3362026152544912,-0.028446402356390392
TX001943,1.8489831263954106,2023-11-27 16:14:25,-1.105983752797117,1.3775114021839352,-0.2067936485059295,0.23034071971794606,2024-11-04 08:07:12,1.3616447633509867,-0.11837214528502618,-0.2259336741271706,1.5856001617956792,True,True,False,False,False,True,0.3949500495407011,-1.399772413034151,0.4129050217349737,0.9471286649218978,-0.6552653735779002
TX001944,-0.6178523927900336,2023-04-03 16:35:30,-0.7686901504386429,-0.666810946469656,-0.2067936485059295,2.200003056878317,2024-11-04 08:08:29,-0.8759407007588705,-0.3750872016640955,-0.2259336741271706,0.6650945906307275,False,False,True,False,False,False,-0.04875054278767131,1.8711376349116977,0.4129050217349737,0.9471286649218978,0.2849630832543645
TX001945,-0.5561164113782763,2023-08-10 16:16:41,0.1869750562437003,0.1623547613758565,-0.2067936485059295,1.1015446722898634,2024-11-04 08:09:32,0.33680858403434943,-0.3636694392266333,-0.2259336741271706,0.2048418050482517,True,False,False,False,False,False,-0.04875054278767131,-0.30946906371886795,2.3754734504923123,-0.41463016124217866,0.2849630832543645
TX001946,-0.3854003207152427,2023-08-08 16:21:01,0.4680530582090954,-1.3816089704744081,-0.2067936485059295,0.2567395963445102,2024-11-04 08:10:41,0.3180250433295518,-0.3324539486355506,-0.2259336741271706,0.2048418050482517,True,True,False,False,True,False,-0.9361517274444162,-1.399772413034151,-0.07773708545436095,1.1416656400881946,-2.8491317728531844
TX001947,-0.6305627419042188,2023-09-22 16:42:46,-0.3751809476870898,2.1923811495493526,-0.2067936485059295,0.11971465805033385,2024-11-04 08:08:45,0.7412770039549821,-0.35194705411853816,-0.2259336741271706,0.6650945906307275,True,False,True,True,False,False,-0.04875054278767131,-0.30946906371886795,-0.5683791926436955,-0.22009318607588202,-0.8119701163832775
TX001948,0.19653496244796986,2023-11-29 16:27:38,1.3675026644983594,-0.33800385542746997,-0.2067936485059295,0.40988948948566206,2024-11-04 08:08:19,1.380528093214092,-0.2880394362408794,-0.2259336741271706,0.2048418050482517,True,False,True,False,False,False,-0.4924511351160437,-0.30946906371886795,0.4129050217349737,1.3362026152544912,1.6953057685027615
TX001949,-0.25137636994787615,2023-01-23 18:45:00,0.4680530582090954,-1.1814655237530776,-0.2067936485059295,0.842673636963094,2024-11-04 08:12:18,-1.5332714743695253,-0.33947711027621974,-0.2259336741271706,-0.2554109805342242,True,True,False,False,False,False,-1.3798523197727885,-0.30946906371886795,-1.0590212998330302,-0.9982410867410686,0.12825834044898704
TX001950,1.5057351809101747,2023-07-19 16:11:01,0.8615622609606484,-0.39518769734785014,-0.2067936485059295,-0.12053665679643302,2024-11-04 08:11:08,0.1299135565709685,-0.08016223552726702,-0.2259336741271706,0.6650945906307275,True,False,False,False,True,False,-0.4924511351160437,-0.30946906371886795,-0.5683791926436955,-0.41463016124217866,-1.7521985732155423
TX001951,-0.2548023400595164,2023-07-17 16:20:27,-0.9935525520109589,-0.33800385542746997,-0.2067936485059295,-0.8666510606134761,2024-11-04 08:08:15,0.11118964995423244,-0.1391780444456859,-0.2259336741271706,1.1253473762132034,True,False,False,False,False,True,-0.04875054278767131,-0.8546207383765094,0.4129050217349737,0.16898076425671127,1.6953057685027615
TX001952,0.8896087160327922,2023-10-04 17:06:57,1.3675026644983594,-0.9527301560715568,-0.2067936485059295,0.031490207210838415,2024-11-04 08:09:49,0.8542538926090603,-0.1829008354300072,-0.2259336741271706,-0.2554109805342242,True,False,False,False,False,False,-1.3798523197727885,0.23568261093877343,0.9035471289243083,-0.9982410867410686,-0.028446402356390392
TX001953,4.107656701597594,2023-02-27 16:18:28,-0.6562589496524849,-0.35229981590756504,-0.2067936485059295,-1.0628375839194377,2024-11-04 08:06:37,-1.2051154257926147,2.6390089661773213,-0.2259336741271706,-0.7156637661167,True,False,True,True,False,False,-1.823552912101161,-0.30946906371886795,0.9035471289243083,-0.803704111574772,0.5983725688651194
TX001954,-0.9255387685164443,2023-11-06 17:23:43,0.9739934617468065,0.6341214572189929,-0.2067936485059295,0.21439524441291463,2024-11-04 08:08:43,1.164641921119478,-0.3828483284701719,-0.2259336741271706,1.5856001617956792,True,False,False,False,True,False,1.282351234197446,2.416289309569339,-1.0590212998330302,0.16898076425671127,0.2849630832543645
TX001955,0.04281168353867189,2023-11-24 16:49:29,-0.4876121484732478,0.662713378179183,-0.2067936485059295,1.243074547086844,2024-11-04 08:10:52,1.3336432943661962,-0.3307627460501658,-0.2259336741271706,-0.2554109805342242,True,True,False,False,False,False,-0.4924511351160437,-0.30946906371886795,0.4129050217349737,1.1416656400881946,0.5983725688651194
TX001956,-0.7441679108062096,2023-03-06 16:25:52,0.41183745781601633,-0.052084645825569126,-0.2067936485059295,1.1662521751477302,2024-11-04 08:09:54,-1.139273407399508,-0.37556562938042476,-0.2259336741271706,0.2048418050482517,True,False,True,False,False,False,-0.4924511351160437,0.7808342855964149,-1.0590212998330302,0.5580547145893046,0.2849630832543645
TX001957,-0.9301295684660421,2023-12-01 17:45:05,1.1988558633191224,-0.06638060630566417,-0.2067936485059295,0.032997835363171364,2024-11-04 08:10:24,1.3998245088404853,-0.38212830281004634,-0.2259336741271706,0.2048418050482517,False,True,False,False,False,False,0.3949500495407011,-0.30946906371886795,-1.0590212998330302,-0.41463016124217866,0.5983725688651194
TX001958,1.8758769917717872,2023-01-09 16:21:35,1.5923650660706756,0.9057447063407987,-0.2067936485059295,-0.8747455879551683,2024-11-04 08:11:10,-1.665830761101504,0.5826874325424294,-0.2259336741271706,1.1253473762132034,False,True,False,False,True,False,-0.04875054278767131,-0.8546207383765094,-0.07773708545436095,3.6706463172500507,1.3818962828920065
TX001959,-0.8149141936115807,2023-05-22 16:38:39,-0.9935525520109589,-0.9098422746312717,-0.2067936485059295,-1.1059460059010249,2024-11-04 08:10:10,-0.41522514780732406,-0.2455770312539871,-0.2259336741271706,1.1253473762132034,True,False,False,False,False,True,-0.04875054278767131,-0.8546207383765094,-1.0590212998330302,0.7525916897556012,0.12825834044898704
TX001960,1.5799759532294186,2023-06-23 16:12:15,0.8615622609606484,-0.08067656678575921,-0.2067936485059295,0.5428402421777008,2024-11-04 08:08:24,-0.11451677647406257,-0.18579646173897887,-0.2259336741271706,1.5856001617956792,True,False,False,True,False,False,0.8386506418690736,0.23568261093877343,-1.5496634070223647,0.7525916897556012,-0.028446402356390392
TX001961,0.013416859980798609,2023-02-24 16:33:33,-1.274630553976354,2.349636714830398,-0.2067936485059295,-1.0414923383953365,2024-11-04 08:11:09,-1.2332530302594584,0.17046198938110615,-0.2259336741271706,-0.2554109805342242,True,False,False,False,False,True,-0.9361517274444162,-1.399772413034151,0.4129050217349737,-0.803704111574772,1.3818962828920065
TX001962,0.4126108973891203,2023-09-04 17:46:40,0.7491310601744904,0.5912335757787078,-0.2067936485059295,1.4376278065611117,2024-11-04 08:08:43,0.572455512364406,-0.31531228256148364,-0.2259336741271706,-0.2554109805342242,True,False,True,False,False,False,-0.4924511351160437,0.7808342855964149,0.4129050217349737,-0.6091671364084753,-0.028446402356390392
TX001963,-0.615077356999605,2023-05-24 17:07:57,-0.7124745500455638,-1.2672412866336478,-0.2067936485059295,2.165632724595965,2024-11-04 08:07:10,-0.3962099264939804,-0.37480361181965827,-0.2259336741271706,0.2048418050482517,False,True,False,False,False,False,1.282351234197446,1.8711376349116977,-0.07773708545436095,-1.5818520122399586,-0.6552653735779002
TX001964,0.6383480680450965,2023-10-16 18:57:30,1.4237182648914386,-0.06638060630566417,-0.2067936485059295,-0.506722787198187,2024-11-04 08:06:59,0.9678201575787257,-0.08903542140918419,-0.2259336741271706,0.6650945906307275,True,False,False,False,True,False,-0.04875054278767131,1.8711376349116977,-0.07773708545436095,-0.803704111574772,-0.18515114516176784
TX001965,-0.7491355674680878,2023-02-17 16:41:31,-0.3751809476870898,0.3624982080971871,-0.2067936485059295,1.2312135133577757,2024-11-04 08:12:17,-1.299023553039688,-0.37627033846221364,-0.2259336741271706,1.1253473762132034,True,False,False,False,False,False,0.3949500495407011,1.8711376349116977,0.9035471289243083,-0.22009318607588202,0.2849630832543645
TX001966,-0.8940541031904704,2023-05-04 17:02:55,1.7047962668568335,2.020829623788212,-0.2067936485059295,0.7249504414083089,2024-11-04 08:07:35,-0.5842887668539898,-0.38284607584210345,-0.2259336741271706,0.2048418050482517,True,False,False,False,True,False,-0.4924511351160437,1.8711376349116977,-0.07773708545436095,0.16898076425671127,0.7550773116704967
TX001967,-0.7185759140722568,2023-12-13 17:25:54,0.2431906566367793,-0.8097705512706064,-0.2067936485059295,-0.3489756537898022,2024-11-04 08:07:16,1.5125456673724016,-0.3459341936871396,-0.2259336741271706,0.2048418050482517,True,True,False,True,False,False,-0.9361517274444162,-1.399772413034151,-0.07773708545436095,0.5580547145893046,0.12825834044898704
TX001968,2.412692248564698,2023-07-17 17:46:06,-0.7686901504386429,-0.9241382351113667,-0.2067936485059295,1.1844437087205228,2024-11-04 08:11:43,0.1117262479254585,-0.18972505358729214,-0.2259336741271706,0.6650945906307275,True,False,True,False,False,False,-0.04875054278767131,-0.30946906371886795,0.4129050217349737,-0.6091671364084753,1.2251915400866291
TX001969,1.3969263701644803,2023-09-12 18:52:56,0.8053466605675694,0.062283038015191215,-0.2067936485059295,-0.02848159973315281,2024-11-04 08:12:18,0.6480820916954194,-0.1149971089792549,-0.2259336741271706,0.6650945906307275,True,False,True,False,False,False,-0.04875054278767131,-1.9449240876917921,-0.07773708545436095,3.6706463172500507,-1.7521985732155423
TX001970,-0.5174714685189743,2023-08-03 18:35:54,0.5242686586021743,0.062283038015191215,6.431744946342571,-0.2632869924786354,2024-11-04 08:07:38,0.27191483469848565,-0.32148515116340914,4.426077714458506,0.2048418050482517,True,False,True,False,True,False,-0.4924511351160437,-0.8546207383765094,0.4129050217349737,0.9471286649218978,-0.6552653735779002
TX001971,-0.6190857420302242,2023-11-20 16:31:15,1.4799338652845175,1.5204710069848855,-0.2067936485059295,-0.059995643305132136,2024-11-04 08:06:37,1.295943342114405,-0.3448610637047723,-0.2259336741271706,1.5856001617956792,True,False,True,False,True,False,1.282351234197446,-0.8546207383765094,-0.5683791926436955,0.5580547145893046,-0.8119701163832775
TX001972,-0.6549899088002139,2023-01-16 16:37:34,0.6929154597814113,-0.46666749974832533,-0.2067936485059295,-0.9753233592673508,2024-11-04 08:07:01,-1.5998841654116325,-0.23249134772996868,-0.2259336741271706,-0.2554109805342242,True,True,False,False,True,False,-0.4924511351160437,-0.8546207383765094,-0.5683791926436955,-0.9982410867410686,1.5386010256973839
TX001973,2.707565496073574,2023-03-27 18:06:17,1.8734430680360705,-0.23793213206680466,-0.2067936485059295,-0.6668416145536942,2024-11-04 08:12:04,-0.9411864870926894,0.458078069490381,-0.2259336741271706,3.4266113041255823,True,False,False,False,True,False,2.169752418854191,0.7808342855964149,0.4129050217349737,-0.41463016124217866,0.2849630832543645
TX001974,0.9826238045638249,2023-01-02 16:51:47,-1.218414953583275,-1.1242816818326973,-0.2067936485059295,-0.16386045422835338,2024-11-04 08:11:29,-1.731450783984308,-0.13540979151497684,-0.2259336741271706,0.6650945906307275,True,False,False,False,False,True,0.3949500495407011,0.23568261093877343,-1.0590212998330302,-0.6091671364084753,-0.6552653735779002
TX001975,0.98457660752746,2023-06-12 16:25:22,0.5804842589952534,0.019395156574906088,-0.2067936485059295,0.3606890190517909,2024-11-04 08:07:59,-0.21785220423731605,-0.21569567985445187,-0.2259336741271706,-1.1759165516991759,False,True,False,False,True,False,-1.823552912101161,-0.30946906371886795,0.4129050217349737,-0.6091671364084753,0.12825834044898704
TX001976,-0.7481762958368287,2023-11-24 17:52:34,0.6366998593883324,0.2910184056967119,-0.2067936485059295,-0.8972087346262375,2024-11-04 08:07:01,1.334080320821772,-0.2956114765436939,-0.2259336741271706,-0.2554109805342242,True,True,False,False,True,False,-0.9361517274444162,0.23568261093877343,-1.5496634070223647,-0.6091671364084753,0.12825834044898704
TX001977,-0.4264091829515765,2023-10-05 16:46:31,-1.387061754762512,2.406820556750778,-0.2067936485059295,-0.9291817330269032,2024-11-04 08:07:24,0.8635384195421439,-0.16383486799606892,-0.2259336741271706,0.2048418050482517,False,False,True,False,False,True,-0.9361517274444162,1.3259859602540562,0.4129050217349737,-0.41463016124217866,0.2849630832543645
TX001978,0.1305507780977787,2023-01-30 17:47:41,1.9858742688222286,-0.8955463141511766,-0.2067936485059295,0.3813009624473763,2024-11-04 08:10:11,-1.4678167510848334,-0.292016320457707,-0.2259336741271706,0.2048418050482517,True,False,False,False,True,False,-0.9361517274444162,-0.30946906371886795,-1.5496634070223647,-0.9982410867410686,-2.0656080588262973
TX001979,3.1789789834352717,2023-11-27 16:02:08,0.2994062570298583,-0.15215636918623443,-0.2067936485059295,0.8965944193501028,2024-11-04 08:11:41,1.3615352890944357,-0.11234569327565179,-0.2259336741271706,0.6650945906307275,False,False,True,False,False,False,-0.04875054278767131,-0.30946906371886795,-0.5683791926436955,1.5307395904207879,-0.6552653735779002
TX001980,0.4289870345227608,2023-11-20 16:07:20,-0.9373369516178799,1.0487043111417491,-0.2067936485059295,-0.8166378042539425,2024-11-04 08:10:28,1.2957620457809915,0.038422321661840536,-0.2259336741271706,1.5856001617956792,True,True,False,False,False,True,0.8386506418690736,0.23568261093877343,-0.07773708545436095,-0.22009318607588202,1.5386010256973839
TX001981,-0.5555682561604138,2023-10-06 16:14:51,0.6929154597814113,-0.39518769734785014,-0.2067936485059295,0.05167139970575744,2024-11-04 08:08:57,0.8727237014235629,-0.34186404979404844,-0.2259336741271706,1.1253473762132034,True,False,False,False,True,False,0.8386506418690736,1.8711376349116977,0.9035471289243083,-1.387315037073662,-0.028446402356390392
TX001982,0.9842340105162959,2023-12-19 17:19:47,-1.0497681524040379,0.019395156574906088,-0.2067936485059295,-1.1706817126869118,2024-11-04 08:11:03,1.5688940042388944,1.699382181470257,-0.2259336741271706,-0.7156637661167,True,False,False,False,False,True,-1.3798523197727885,1.3259859602540562,1.394189236113643,0.5580547145893046,1.2251915400866291
TX001983,0.038871817910285676,2023-04-03 16:35:29,-1.105983752797117,0.677009338659278,-0.2067936485059295,-0.8160275738113315,2024-11-04 08:07:47,-0.8759362390843988,-0.0778598059738323,-0.2259336741271706,1.1253473762132034,True,False,True,False,False,True,1.282351234197446,-0.8546207383765094,1.8848313433029775,-0.803704111574772,1.5386010256973839
TX001984,-0.005700053242153925,2023-02-20 17:26:39,-0.4876121484732478,-0.03778868534547408,-0.2067936485059295,-1.041923089296003,2024-11-04 08:09:56,-1.2705070327067303,0.1609360913521161,-0.2259336741271706,-1.1759165516991759,True,True,False,False,False,False,-1.823552912101161,-0.30946906371886795,-0.07773708545436095,-0.22009318607588202,0.2849630832543645
TX001985,4.163911130830727,2023-08-08 17:15:50,-1.443277355155591,-0.995618037511842,-0.2067936485059295,1.243302742504459,2024-11-04 08:09:45,0.3183890506736506,-0.09360125359713152,-0.2259336741271706,0.6650945906307275,True,False,True,False,False,True,-0.04875054278767131,1.3259859602540562,0.4129050217349737,0.16898076425671127,1.2251915400866291
TX001986,-0.7542402629344319,2023-06-26 16:28:59,0.7491310601744904,2.120901347148877,-0.2067936485059295,-0.8111636782246383,2024-11-04 08:10:59,-0.0862178987982639,-0.3139515084385089,-0.2259336741271706,0.2048418050482517,True,True,False,False,True,False,-0.04875054278767131,0.23568261093877343,0.4129050217349737,-0.025556210909585365,-1.7521985732155423
TX001987,-0.7026451530531297,2023-09-25 16:22:10,-0.2627497469009318,-0.7096988279099411,-0.2067936485059295,0.30284532667656877,2024-11-04 08:08:25,0.7693511655872638,-0.3630447116007077,-0.2259336741271706,0.6650945906307275,False,False,True,True,False,False,-0.4924511351160437,-1.9449240876917921,0.9035471289243083,-1.387315037073662,0.2849630832543645
TX001988,-0.6846930696681348,2023-09-04 16:46:29,-0.20653414650785276,0.24813052425642676,-0.2067936485059295,-0.2565718936164587,2024-11-04 08:07:15,0.57207213482382,-0.345238618411683,-0.2259336741271706,1.5856001617956792,False,False,True,True,False,False,2.169752418854191,1.3259859602540562,0.4129050217349737,-0.025556210909585365,1.5386010256973839
TX001989,-0.02026042621662498,2023-08-07 18:07:57,-1.330846154369433,-0.42377961830804023,-0.2067936485059295,-0.9392633552972656,2024-11-04 08:11:59,0.30931259012081114,0.002741184750996411,-0.2259336741271706,-0.2554109805342242,True,False,False,False,False,True,-1.3798523197727885,-1.399772413034151,-0.5683791926436955,0.16898076425671127,-0.8119701163832775
TX001990,-0.8244041308208241,2023-06-26 17:38:30,-1.274630553976354,0.21953860329623667,-0.2067936485059295,-0.9016162393777006,2024-11-04 08:07:18,-0.08573995552314226,-0.3219161106891252,-0.2259336741271706,0.6650945906307275,True,False,False,False,False,True,-0.04875054278767131,-0.30946906371886795,0.4129050217349737,-0.025556210909585365,-2.8491317728531844
TX001991,0.47691635638460794,2023-07-03 16:15:11,-0.9935525520109589,-0.39518769734785014,-0.2067936485059295,-0.9891817438989144,2024-11-04 08:10:00,-0.02048644287499427,0.2906031551820674,-0.2259336741271706,-0.7156637661167,True,False,True,False,False,True,-1.823552912101161,-0.30946906371886795,-0.5683791926436955,-1.5818520122399586,0.2849630832543645
TX001992,-0.13054240411032458,2023-06-09 16:31:56,1.5361494656775965,2.4640043986711584,-0.2067936485059295,0.5656956798475912,2024-11-04 08:07:31,-0.24601277000449004,-0.3222774951274492,-0.2259336741271706,2.045852947378155,True,False,True,False,True,False,1.282351234197446,-1.399772413034151,-0.5683791926436955,-0.9982410867410686,-0.028446402356390392
TX001993,1.468597664899994,2023-02-13 17:13:49,0.6929154597814113,0.39109012905737717,-0.2067936485059295,-0.7599479089340772,2024-11-04 08:06:49,-1.3363856150662394,0.27130255711220547,-0.2259336741271706,1.5856001617956792,True,False,True,False,True,False,0.3949500495407011,0.23568261093877343,-1.0590212998330302,-0.803704111574772,0.9117820544758742
TX001994,0.9287332947077237,2023-04-25 18:47:16,1.5361494656775965,-0.2665240530269948,-0.2067936485059295,-0.5574796016600618,2024-11-04 08:08:39,-0.6682338661842857,-0.012029906159936333,-0.2259336741271706,0.6650945906307275,True,False,False,False,True,False,-0.4924511351160437,-0.30946906371886795,-0.5683791926436955,-1.387315037073662,0.5983725688651194
TX001995,-0.7537948868199187,2023-12-13 17:02:21,0.2431906566367793,1.5061750465047905,-0.2067936485059295,1.9711025410628051,2024-11-04 08:07:54,1.5123877676246325,-0.38000328199585864,-0.2259336741271706,1.5856001617956792,True,False,True,False,False,False,0.3949500495407011,1.8711376349116977,-0.5683791926436955,0.9471286649218978,0.2849630832543645
TX001996,2.4039560247800145,2023-05-22 17:45:50,-0.8811213512248008,-1.1385776423127922,-0.2067936485059295,-0.21586080551655734,2024-11-04 08:12:15,-0.4148000916978921,0.0674904633896564,-0.2259336741271706,2.5061057329606307,True,False,True,True,False,False,2.613453011182563,1.3259859602540562,0.4129050217349737,-0.41463016124217866,0.2849630832543645
TX001997,-0.9710356515990267,2023-01-09 16:49:07,1.6485806664637546,2.435412477710968,-0.2067936485059295,0.07319099678489044,2024-11-04 08:10:20,-1.6656455472002616,-0.38675546653351917,-0.2259336741271706,1.5856001617956792,False,True,False,False,True,False,1.282351234197446,-0.8546207383765094,-1.5496634070223647,-0.9982410867410686,1.3818962828920065
TX001998,2.895754034305972,2023-07-14 17:44:23,0.9177778613537274,-1.0242099584720321,-0.2067936485059295,-0.6786667523743736,2024-11-04 08:11:26,0.08351040092336608,0.5176784833813026,-0.2259336741271706,0.6650945906307275,False,True,False,False,True,False,0.8386506418690736,0.7808342855964149,1.8848313433029775,1.3362026152544912,0.9117820544758742
TX001999,-0.8094326414329563,2023-09-20 18:18:00,-0.9935525520109589,0.13376284041566644,-0.2067936485059295,0.6212804939877702,2024-11-04 08:06:27,0.7231095007912736,-0.3759229744511114,-0.2259336741271706,1.1253473762132034,True,False,False,True,False,False,0.3949500495407011,-0.8546207383765094,-0.5683791926436955,0.16898076425671127,-0.028446402356390392
TX002000,-0.9248535744941163,2023-06-09 17:14:26,0.5242686586021743,-1.3816089704744081,-0.2067936485059295,0.611309123436031,2024-11-04 08:08:22,-0.2457408255043696,-0.38466567453793665,-0.2259336741271706,1.5856001617956792,True,False,True,True,False,False,0.8386506418690736,0.7808342855964149,-2.0403055142116995,1.3362026152544912,-0.18515114516176784
TX002001,-1.0063574034500378,2023-04-17 16:27:27,-0.8811213512248008,-1.2529453261535526,-0.2067936485059295,1.382532715171095,2024-11-04 08:08:51,-0.7443653764799085,-0.3911865265706884,-0.2259336741271706,2.9663585185431067,True,False,False,False,False,False,2.169752418854191,0.7808342855964149,0.9035471289243083,0.9471286649218978,-0.028446402356390392
TX002002,0.4577994431616554,2023-04-21 16:25:49,1.5923650660706756,0.13376284041566644,-0.2067936485059295,0.3568250809130736,2024-11-04 08:07:30,-0.7067585752853817,-0.26171122852888185,-0.2259336741271706,1.5856001617956792,False,True,False,False,True,False,0.8386506418690736,-0.30946906371886795,1.394189236113643,-0.6091671364084753,-0.028446402356390392
TX002003,-0.4078404249464863,2023-12-15 16:16:30,0.5804842589952534,-0.7525867093502262,-0.2067936485059295,0.6292288737024505,2024-11-04 08:12:21,1.5308636704335357,-0.345564481344031,-0.2259336741271706,0.6650945906307275,True,True,False,True,False,False,-0.04875054278767131,-0.30946906371886795,-0.07773708545436095,-0.9982410867410686,0.5983725688651194
TX002004,-0.1673030634082245,2023-05-24 16:12:18,-1.49949295554867,-0.9098422746312717,-0.2067936485059295,-1.1711919473847252,2024-11-04 08:06:33,-0.39656925452095027,0.5007894901638883,-0.2259336741271706,-1.1759165516991759,True,False,False,False,False,True,-1.823552912101161,1.3259859602540562,0.4129050217349737,0.9471286649218978,0.4416678260597419
TX002005,-0.7586255046773314,2023-11-21 16:45:29,-1.218414953583275,-0.29511597398718487,-0.2067936485059295,-1.0363797354433775,2024-11-04 08:12:04,1.3054028537438447,-0.2524939732471022,-0.2259336741271706,-1.1759165516991759,True,False,False,False,False,True,-2.2672535044295334,-0.30946906371886795,-1.5496634070223647,0.7525916897556012,-0.3418558879671453
TX002006,0.17012073288722362,2023-01-30 18:49:52,1.3675026644983594,1.8635740585071665,-0.2067936485059295,0.5536295266420153,2024-11-04 08:08:01,-1.4673965919351877,-0.2981261017756663,-0.2259336741271706,-0.7156637661167,True,False,False,False,False,False,-0.9361517274444162,-0.30946906371886795,-0.5683791926436955,0.5580547145893046,-0.18515114516176784
TX002007,-0.92348318644946,2023-02-15 16:37:09,0.6929154597814113,0.37679416857728215,6.431744946342571,1.5597379949197088,2024-11-04 08:12:17,-1.3178563898063325,-0.3869872023501057,4.426077714458506,0.2048418050482517,True,False,False,False,False,False,-0.4924511351160437,0.7808342855964149,-1.5496634070223647,-0.9982410867410686,1.5386010256973839
TX002008,0.09725034861263558,2023-07-20 16:58:39,-1.443277355155591,2.249564991469733,-0.2067936485059295,-1.1107099057429204,2024-11-04 08:08:23,0.13964468623654286,0.42563638305102475,-0.2259336741271706,0.2048418050482517,True,False,False,False,False,True,-0.9361517274444162,1.3259859602540562,1.8848313433029775,-0.9982410867410686,-1.7521985732155423
TX002009,-0.16456228731891226,2023-11-20 16:05:05,1.7610118672499127,1.8063902165867864,-0.2067936485059295,-0.1716216624207204,2024-11-04 08:11:08,1.2957430020484901,-0.28162916384342984,-0.2259336741271706,-0.2554109805342242,True,True,False,False,True,False,-0.9361517274444162,0.23568261093877343,-1.5496634070223647,-0.803704111574772,-0.18515114516176784
TX002010,-0.9598327293339631,2023-02-23 16:21:38,0.6366998593883324,-1.2386493656734576,-0.2067936485059295,1.4216259234000403,2024-11-04 08:08:36,-1.2427163506353984,-0.388694041823788,-0.2259336741271706,0.6650945906307275,True,False,False,False,False,False,-0.4924511351160437,1.3259859602540562,-0.5683791926436955,0.5580547145893046,-2.8491317728531844
TX002011,-0.34117104657396713,2023-04-24 17:46:41,-1.0497681524040379,-1.1385776423127922,-0.2067936485059295,-1.246965646000192,2024-11-04 08:10:09,-0.6780413884225229,1.1522191603960568,-0.2259336741271706,0.2048418050482517,False,True,False,False,False,True,-0.4924511351160437,-0.30946906371886795,0.4129050217349737,1.1416656400881946,-0.028446402356390392
TX002012,0.9866321895944442,2023-09-04 16:13:40,-1.218414953583275,-0.9241382351113667,-0.2067936485059295,-0.8679843372107774,2024-11-04 08:09:16,0.5718446982470886,0.27307652837633156,-0.2259336741271706,0.6650945906307275,True,True,False,False,False,True,0.3949500495407011,-1.9449240876917921,-0.07773708545436095,0.9471286649218978,-0.028446402356390392
TX002013,0.4696190400468142,2023-12-05 18:33:02,-0.9935525520109589,0.062283038015191215,-0.2067936485059295,-0.9784642512513777,2024-11-04 08:10:09,1.4377478712798504,0.2654220661853326,-0.2259336741271706,1.5856001617956792,False,False,True,False,False,True,1.282351234197446,-1.399772413034151,-0.5683791926436955,-1.1927780619073654,-0.6552653735779002
TX002014,0.7300955476348222,2023-06-07 16:35:27,-0.9935525520109589,2.4925963196313483,-0.2067936485059295,0.18311452424546298,2024-11-04 08:07:57,-0.2647969636372592,-0.21979427187225933,-0.2259336741271706,1.1253473762132034,False,False,True,False,False,True,0.8386506418690736,-0.8546207383765094,-0.07773708545436095,-0.025556210909585365,-0.6552653735779002
TX002015,0.11780616928247707,2023-08-28 16:40:01,1.6485806664637546,-1.5388645357554536,-0.2067936485059295,0.6375849283766903,2024-11-04 08:09:26,0.5062005170293399,-0.30611176594177475,-0.2259336741271706,-1.1759165516991759,True,False,False,False,True,False,-1.823552912101161,-0.30946906371886795,-0.07773708545436095,0.3635177394230079,0.4416678260597419
TX002016,-0.33592931230315753,2023-10-10 17:24:33,0.6366998593883324,2.120901347148877,-0.2067936485059295,1.151086153853429,2024-11-04 08:10:49,0.9107752553879948,-0.35109133880432747,-0.2259336741271706,1.1253473762132034,True,False,True,True,False,False,-0.04875054278767131,0.7808342855964149,-0.07773708545436095,1.1416656400881946,-2.692427030047807
TX002017,-0.289918533703829,2023-11-14 16:56:34,0.8053466605675694,0.8342649039403235,-0.2067936485059295,-0.2394521093084199,2024-11-04 08:10:42,1.2396690037513465,-0.29184370474189647,-0.2259336741271706,-0.7156637661167,True,False,True,True,False,False,-1.823552912101161,-1.9449240876917921,-0.07773708545436095,-0.025556210909585365,0.2849630832543645
TX002018,-0.09261691497446704,2023-02-17 16:57:32,-1.218414953583275,0.2767224452166169,-0.2067936485059295,-0.9860767478232764,2024-11-04 08:08:05,-1.298891552768121,0.026816589616015938,-0.2259336741271706,2.045852947378155,True,False,True,False,False,True,1.282351234197446,2.416289309569339,-0.07773708545436095,0.9471286649218978,1.2251915400866291
TX002019,0.030067074723370262,2023-06-27 18:26:08,-1.0497681524040379,0.005099196094811046,-0.2067936485059295,1.1526091659665,2024-11-04 08:07:43,-0.07602950190999803,-0.32927846102495556,-0.2259336741271706,1.1253473762132034,True,False,False,True,False,False,0.3949500495407011,1.3259859602540562,-1.0590212998330302,1.1416656400881946,0.12825834044898704
TX002020,1.18341991280706,2023-10-02 17:47:19,-0.3751809476870898,-0.4952594207085154,-0.2067936485059295,1.7627678167606642,2024-11-04 08:07:01,0.8357314142715251,-0.28654861128332615,-0.2259336741271706,0.2048418050482517,False,False,False,False,False,False,-0.9361517274444162,-0.30946906371886795,-0.07773708545436095,1.3362026152544912,0.5983725688651194
TX002021,-0.682157851785521,2023-02-16 17:14:41,0.1307594558506213,-1.5388645357554536,-0.2067936485059295,1.1344689122628344,2024-11-04 08:11:29,-1.308203937961321,-0.37162587315260465,-0.2259336741271706,1.5856001617956792,True,True,False,True,False,False,0.3949500495407011,-0.30946906371886795,-1.0590212998330302,-0.41463016124217866,0.7550773116704967
TX002022,2.0261743005694446,2023-08-29 17:55:07,-0.4876121484732478,0.7056012596194681,-0.2067936485059295,-0.07369506034240222,2024-11-04 08:11:23,0.516080296629754,-0.03014220745039146,-0.2259336741271706,2.045852947378155,True,False,True,True,False,False,1.282351234197446,-0.30946906371886795,-0.07773708545436095,-0.025556210909585365,-0.6552653735779002
TX002023,0.8231448958669715,2023-09-19 16:44:21,-0.9935525520109589,0.20524264281614163,-0.2067936485059295,-1.2361635415685959,2024-11-04 08:09:27,0.7130762831175622,3.201519265698099,-0.2259336741271706,1.5856001617956792,True,False,True,False,False,True,0.3949500495407011,0.23568261093877343,-0.07773708545436095,1.1416656400881946,0.2849630832543645
TX002024,-0.19327191685445755,2023-05-30 18:29:15,-1.105983752797117,0.6055295362588028,-0.2067936485059295,-0.940670987704801,2024-11-04 08:06:56,-0.3392645958188998,-0.06434761770002137,-0.2259336741271706,1.1253473762132034,True,False,False,False,False,True,-0.04875054278767131,0.23568261093877343,-1.5496634070223647,0.9471286649218978,0.2849630832543645
TX002025,-0.5723212500063347,2023-04-05 17:20:36,1.0864246625329645,-0.36659577638766006,-0.2067936485059295,1.5615533022868036,2024-11-04 08:09:50,-0.8568507191927927,-0.3690196787672634,-0.2259336741271706,2.5061057329606307,True,False,False,False,False,False,1.282351234197446,-0.8546207383765094,2.3754734504923123,0.16898076425671127,0.2849630832543645
TX002026,1.7222222322647218,2023-12-04 16:25:27,-1.387061754762512,-0.5095553811886104,-0.2067936485059295,-1.1335166275371404,2024-11-04 08:11:42,1.4275025608367373,1.8722845524491674,-0.2259336741271706,1.1253473762132034,False,True,False,False,False,True,-0.04875054278767131,-0.8546207383765094,-2.0403055142116995,0.16898076425671127,-0.028446402356390392
TX002027,-0.9893645916963021,2023-05-22 16:57:30,0.6929154597814113,0.648417417699088,-0.2067936485059295,2.1561510767943886,2024-11-04 08:09:40,-0.41509880624484313,-0.39062662363110295,-0.2259336741271706,0.2048418050482517,True,False,True,False,False,False,0.3949500495407011,-0.8546207383765094,1.394189236113643,-0.025556210909585365,-1.5954938304101647
TX002028,-0.9218387207958729,2023-06-02 16:54:12,-1.387061754762512,0.6198254967388979,-0.2067936485059295,-1.1414368033238007,2024-11-04 08:08:28,-0.3116887270501841,-0.30746069803350723,-0.2259336741271706,2.045852947378155,True,False,False,False,False,True,1.282351234197446,0.23568261093877343,-0.07773708545436095,-0.22009318607588202,0.5983725688651194
TX002029,0.4581077804717029,2023-05-01 16:18:16,-1.218414953583275,-0.29511597398718487,-0.2067936485059295,-1.223428186070913,2024-11-04 08:09:29,-0.6127991931925473,2.0732669357827698,-0.2259336741271706,-0.2554109805342242,False,False,True,False,False,True,-0.4924511351160437,-0.8546207383765094,-1.5496634070223647,-0.22009318607588202,0.2849630832543645
TX002030,2.013566730558609,2023-08-22 18:41:50,0.1307594558506213,-0.8669543931909865,-0.2067936485059295,0.6794216096039287,2024-11-04 08:10:03,0.4505788889951016,-0.16791559516812726,-0.2259336741271706,0.6650945906307275,False,False,False,True,False,False,-0.4924511351160437,1.8711376349116977,-1.0590212998330302,0.9471286649218978,-0.028446402356390392
TX002031,-0.336991363037766,2023-09-04 16:04:27,-0.8811213512248008,-0.9384341955914618,-0.2067936485059295,1.2101272311727658,2024-11-04 08:07:46,0.5717943139719562,-0.35210887880038877,-0.2259336741271706,-1.1759165516991759,True,False,False,True,False,False,-1.823552912101161,0.7808342855964149,-0.07773708545436095,0.16898076425671127,1.2251915400866291
TX002032,-0.8747658914619358,2023-10-26 16:19:25,-0.03788734532861574,0.7341931805796582,-0.2067936485059295,-1.2423914816740664,2024-11-04 08:09:35,1.0607926390426716,-0.08414705771345227,-0.2259336741271706,0.6650945906307275,True,False,False,False,False,False,-0.04875054278767131,1.8711376349116977,-0.5683791926436955,-1.387315037073662,-0.028446402356390392
TX002033,-0.45063079164087305,2023-07-14 16:06:06,-0.8249057508317219,0.7484891410597533,-0.2067936485059295,0.07265768614596997,2024-11-04 08:07:04,0.08289719273681997,-0.33147634318685215,-0.2259336741271706,2.045852947378155,True,False,False,True,False,False,0.8386506418690736,1.3259859602540562,-1.0590212998330302,-0.803704111574772,-0.18515114516176784
TX002034,0.20599063995609712,2023-08-07 17:29:48,0.4680530582090954,-1.353017049514218,-0.2067936485059295,0.6525868540897855,2024-11-04 08:11:19,0.3090678509528356,-0.3001657957751485,-0.2259336741271706,-0.7156637661167,True,False,False,False,True,False,-1.823552912101161,1.3259859602540562,-1.5496634070223647,-1.5818520122399586,0.7550773116704967
TX002035,0.9961906462059203,2023-01-05 17:48:29,-0.9373369516178799,2.349636714830398,-0.2067936485059295,-0.817458282159974,2024-11-04 08:07:39,-1.7028490565510723,0.20792081027848278,-0.2259336741271706,-1.1759165516991759,True,False,True,False,False,True,-2.2672535044295334,-0.8546207383765094,1.8848313433029775,0.5580547145893046,-1.5954938304101647
TX002036,-0.7700682448502099,2023-11-10 16:50:35,1.3112870641052805,0.10517091945547634,-0.2067936485059295,0.46083091147639405,2024-11-04 08:06:49,1.2020466411068327,-0.371210519614784,-0.2259336741271706,-0.2554109805342242,True,False,True,False,False,False,-0.4924511351160437,1.3259859602540562,-1.0590212998330302,-0.9982410867410686,0.5983725688651194
TX002037,-0.4633068810539419,2023-11-22 16:10:32,-0.4876121484732478,0.39109012905737717,-0.2067936485059295,0.6186241967669932,2024-11-04 08:09:02,1.314596623688893,-0.34953500531192166,-0.2259336741271706,0.6650945906307275,True,False,True,True,False,False,1.282351234197446,2.416289309569339,0.4129050217349737,-2.1654629377388486,1.2251915400866291
TX002038,0.9840284523095977,2023-10-17 16:11:26,-0.09410294572169475,-0.15215636918623443,-0.2067936485059295,1.783718207292488,2024-11-04 08:09:47,0.9761197426668353,-0.29673315465715266,-0.2259336741271706,-0.2554109805342242,False,False,True,False,False,False,-1.3798523197727885,-0.30946906371886795,-0.07773708545436095,0.16898076425671127,-0.6552653735779002
TX002039,-0.8888466286207773,2023-10-06 16:37:16,1.5361494656775965,0.13376284041566644,-0.2067936485059295,-0.9458143585782359,2024-11-04 08:12:23,0.8728476489168151,-0.3393642931981228,-0.2259336741271706,0.2048418050482517,False,False,True,False,True,False,-0.4924511351160437,0.7808342855964149,-1.0590212998330302,1.3362026152544912,1.3818962828920065
TX002040,0.6164903787328316,2023-08-21 17:20:05,-1.218414953583275,-0.9670261165516518,-0.2067936485059295,-0.9014162478881054,2024-11-04 08:06:48,0.4406641777482135,0.19459033876664938,-0.2259336741271706,0.2048418050482517,False,False,False,False,False,True,-0.4924511351160437,0.23568261093877343,-0.5683791926436955,-0.9982410867410686,-0.3418558879671453
TX002041,1.1716003159219013,2023-12-18 16:25:18,0.8615622609606484,-1.0956897608725071,-0.2067936485059295,1.6953553008063496,2024-11-04 08:12:02,1.5591296840681033,-0.28476452880067427,-0.2259336741271706,-0.2554109805342242,True,True,False,False,False,False,-1.3798523197727885,-1.399772413034151,-1.0590212998330302,1.3362026152544912,1.2251915400866291
TX002042,-0.8200531487790411,2023-07-26 17:25:23,-0.9373369516178799,-1.2243534051933627,-0.2067936485059295,1.0449445167409703,2024-11-04 08:09:59,0.19622176553571005,-0.3794592007467595,-0.2259336741271706,0.2048418050482517,True,False,True,False,False,True,-0.9361517274444162,1.3259859602540562,-1.0590212998330302,1.1416656400881946,-0.6552653735779002
TX002043,1.6397248719764248,2023-02-22 17:15:20,1.8734430680360705,-0.29511597398718487,-0.2067936485059295,-0.05600606948705401,2024-11-04 08:06:38,-1.2517550501872206,-0.08049388442019997,-0.2259336741271706,0.2048418050482517,False,False,True,False,True,False,-0.4924511351160437,-1.399772413034151,-0.07773708545436095,-0.22009318607588202,-0.028446402356390392
TX002044,-0.1673030634082245,2023-03-20 18:51:53,-1.330846154369433,-0.03778868534547408,-0.2067936485059295,0.27292865102789465,2024-11-04 08:09:07,-1.0066846300874843,-0.3128232886802988,-0.2259336741271706,1.5856001617956792,True,True,False,False,False,True,1.282351234197446,-0.8546207383765094,-1.5496634070223647,1.1416656400881946,-2.692427030047807
TX002045,-0.3733751656233854,2024-01-01 17:16:23,1.2550714637122016,-1.338721089034123,-0.2067936485059295,0.5264563239916338,2024-11-04 08:06:23,1.691130390920483,-0.3402162525220988,-0.2259336741271706,1.5856001617956792,True,False,True,False,True,False,1.282351234197446,2.416289309569339,-1.0590212998330302,-0.803704111574772,0.2849630832543645
TX002046,1.294250045918622,2023-12-29 16:45:06,0.6366998593883324,-1.2672412866336478,-0.2067936485059295,-0.10496808852948489,2024-11-04 08:11:11,1.6626883043762735,-0.10995545404796359,-0.2259336741271706,0.6650945906307275,False,False,True,False,True,False,-0.4924511351160437,-1.399772413034151,-0.07773708545436095,1.1416656400881946,0.12825834044898704
TX002047,-0.6946969023941244,2023-03-21 16:36:30,1.2550714637122016,-0.9098422746312717,-0.2067936485059295,-0.9862613553521334,2024-11-04 08:12:17,-0.9981870990026884,-0.24507815440109823,-0.2259336741271706,0.6650945906307275,False,True,False,False,True,False,-0.04875054278767131,-0.8546207383765094,-0.07773708545436095,-0.025556210909585365,-0.8119701163832775
TX002048,0.4371065836873482,2023-02-20 16:16:39,0.8053466605675694,0.21953860329623667,-0.2067936485059295,0.1733892970655333,2024-11-04 08:11:26,-1.2709738762063367,-0.24767711066275372,-0.2259336741271706,0.2048418050482517,False,False,True,True,False,False,-0.4924511351160437,0.23568261093877343,-0.07773708545436095,0.16898076425671127,0.12825834044898704
TX002049,-0.847289611166581,2023-02-02 16:20:28,0.8615622609606484,-0.7811786303104162,-0.2067936485059295,0.15763355727627185,2024-11-04 08:06:46,-1.4401574163570972,-0.37466751819258803,-0.2259336741271706,1.5856001617956792,True,True,False,True,False,False,0.3949500495407011,-0.8546207383765094,-0.07773708545436095,0.16898076425671127,1.3818962828920065
TX002050,1.942957486557703,2023-08-25 16:35:39,-0.6000433492594058,-0.8812503536710816,-0.2067936485059295,0.5807642693905514,2024-11-04 08:11:10,0.47795420005524514,-0.16172395579812962,-0.2259336741271706,1.1253473762132034,False,True,False,True,False,False,0.3949500495407011,0.7808342855964149,-0.07773708545436095,0.16898076425671127,0.5983725688651194
TX002051,-0.77739982088912,2023-11-22 17:01:08,-1.105983752797117,-0.20934021110661458,-0.2067936485059295,-0.932240577220327,2024-11-04 08:10:55,1.3149147084323312,-0.2980457669366022,-0.2259336741271706,2.045852947378155,True,False,True,False,False,True,0.8386506418690736,-0.8546207383765094,-0.5683791926436955,-0.803704111574772,-2.0656080588262973
TX002052,-0.1227311922557849,2023-01-12 18:07:21,-0.9373369516178799,-1.052801879432222,-0.2067936485059295,-1.0998488294618283,2024-11-04 08:11:48,-1.6369378277929894,0.23092100616818018,-0.2259336741271706,0.6650945906307275,True,False,True,False,False,True,-0.4924511351160437,-1.399772413034151,0.4129050217349737,0.9471286649218978,0.12825834044898704
TX002053,-0.39184114452512636,2023-10-05 18:40:15,-0.9935525520109589,-0.8097705512706064,-0.2067936485059295,-1.0486433161450923,2024-11-04 08:07:27,0.8642806898243854,-0.04087457261227629,-0.2259336741271706,1.1253473762132034,True,False,False,False,False,True,-0.04875054278767131,0.7808342855964149,1.394189236113643,-0.22009318607588202,-0.6552653735779002
TX002054,-0.8197448114689935,2023-07-31 16:21:15,-0.8811213512248008,2.2209730705095425,4.772110297630446,0.23414055802025446,2024-11-04 08:06:58,0.2428335316701996,-0.37290065343969625,4.426077714458506,1.1253473762132034,False,True,False,True,False,False,0.3949500495407011,-0.8546207383765094,-0.07773708545436095,-0.025556210909585365,-1.28208434479941
TX002055,-0.4821497166679633,2023-01-30 16:37:53,0.35562185742293734,-0.2522280925468997,-0.2067936485059295,2.3945255484311083,2024-11-04 08:10:27,-1.4682742359501821,-0.37058628501332347,-0.2259336741271706,-0.7156637661167,True,False,False,False,False,False,-0.9361517274444162,-0.30946906371886795,0.4129050217349737,-0.22009318607588202,1.3818962828920065
TX002056,-0.6061355750082239,2023-12-25 18:16:39,-0.15031854611477377,1.6205427303455509,-0.2067936485059295,0.06672460528797947,2024-11-04 08:12:08,1.6256712059613194,-0.3478049530030231,-0.2259336741271706,1.1253473762132034,True,False,False,False,False,False,0.3949500495407011,0.23568261093877343,-0.5683791926436955,-0.025556210909585365,0.12825834044898704
TX002057,0.03777550747456082,2023-10-06 18:59:06,0.8053466605675694,-0.2665240530269948,-0.2067936485059295,1.0342577920149099,2024-11-04 08:06:47,0.8738102823894304,-0.3256356050418874,-0.2259336741271706,-0.2554109805342242,False,True,False,True,False,False,-0.4924511351160437,-0.8546207383765094,-0.07773708545436095,0.3635177394230079,-0.968674859188655
TX002058,0.7167685239005417,2023-12-20 16:17:24,0.8053466605675694,-1.1242816818326973,-0.2067936485059295,-0.6043519660355687,2024-11-04 08:08:00,1.5779087630984292,-0.030920618170358526,-0.2259336741271706,-1.1759165516991759,True,False,False,True,False,False,-2.2672535044295334,-0.8546207383765094,-1.5496634070223647,0.9471286649218978,-0.6552653735779002
TX002059,0.10550693658168847,2023-11-09 16:47:01,-0.20653414650785276,-0.16645232966632947,-0.2067936485059295,-0.6641955733067426,2024-11-04 08:11:57,1.192587673584036,-0.1363815195594331,-0.2259336741271706,-0.2554109805342242,True,False,False,True,False,False,-1.3798523197727885,-1.399772413034151,-0.07773708545436095,1.3362026152544912,-0.18515114516176784
TX002060,1.708552611519277,2023-03-22 16:03:01,1.2550714637122016,-0.7954745907905113,-0.2067936485059295,-0.9270151585562888,2024-11-04 08:08:32,-0.9889790734635963,0.6511832606932209,-0.2259336741271706,2.045852947378155,True,True,False,False,True,False,1.7260518265258185,0.23568261093877343,-0.07773708545436095,0.5580547145893046,-0.028446402356390392
TX002061,-0.7712673343892839,2023-10-17 18:02:43,-0.8811213512248008,-0.681106906949751,-0.2067936485059295,-0.9765592041133109,2024-11-04 08:11:10,0.9768373105074892,-0.28293704643219775,-0.2259336741271706,0.2048418050482517,True,False,True,False,False,False,-0.9361517274444162,-0.30946906371886795,0.4129050217349737,-0.803704111574772,0.2849630832543645
TX002062,-0.06164614516523913,2023-05-31 16:28:06,-1.105983752797117,0.1623547613758565,-0.2067936485059295,-0.8213504242267109,2024-11-04 08:06:53,-0.33065312880308106,-0.10459861042005421,-0.2259336741271706,1.5856001617956792,True,False,False,False,False,True,0.3949500495407011,-0.30946906371886795,0.9035471289243083,-0.025556210909585365,1.6953057685027615
TX002063,0.02263271958111087,2023-06-08 16:06:13,-1.105983752797117,-0.2522280925468997,-0.2067936485059295,-1.2026829150155973,2024-11-04 08:10:19,-0.25560112608696794,1.0154810829832932,-0.2259336741271706,-0.7156637661167,True,False,True,False,False,True,-1.3798523197727885,1.8711376349116977,-0.5683791926436955,-0.803704111574772,-0.18515114516176784
TX002064,0.1842699894482978,2023-06-26 18:41:55,1.0864246625329645,-1.4102008914345983,-0.2067936485059295,0.6390310206860709,2024-11-04 08:06:32,-0.08532088458678218,-0.3011654861976345,-0.2259336741271706,1.5856001617956792,True,True,False,False,True,False,0.8386506418690736,-0.8546207383765094,1.394189236113643,3.6706463172500507,-0.18515114516176784
TX002065,-0.7246741408709766,2023-11-20 18:40:45,-0.7686901504386429,-1.3816089704744081,-0.2067936485059295,-1.0952721011422464,2024-11-04 08:12:19,1.2967516669430945,-0.19145400530200804,-0.2259336741271706,1.1253473762132034,True,True,False,False,False,False,1.282351234197446,-1.9449240876917921,-2.0403055142116995,-0.22009318607588202,-1.5954938304101647
TX002066,1.0514515441066776,2023-08-08 18:39:24,-0.9373369516178799,-0.5667392231089906,-0.2067936485059295,-1.12940911002007,2024-11-04 08:06:32,0.3189556833315646,1.2797865087943123,-0.2259336741271706,-0.2554109805342242,True,False,False,False,False,True,-0.9361517274444162,1.3259859602540562,0.4129050217349737,-0.41463016124217866,-2.692427030047807
TX002067,-0.13324892049852044,2023-02-22 17:12:15,-0.9935525520109589,0.04798707753509617,-0.2067936485059295,-0.9630187546703345,2024-11-04 08:06:36,-1.2517749644903506,-0.018024754528307523,-0.2259336741271706,1.5856001617956792,True,False,False,False,False,True,0.3949500495407011,-0.30946906371886795,-0.07773708545436095,-0.803704111574772,1.3818962828920065
TX002068,2.388025263760888,2023-06-21 16:00:07,0.9177778613537274,0.5483456943384226,-0.2067936485059295,2.1598663033126373,2024-11-04 08:09:25,-0.13340696208086827,-0.2475799527021346,-0.2259336741271706,0.6650945906307275,True,False,True,False,False,False,-0.04875054278767131,-0.30946906371886795,2.3754734504923123,-0.025556210909585365,-0.028446402356390392
TX002069,-0.9802857709004555,2023-01-31 17:14:32,1.7047962668568335,-0.7954745907905113,-0.2067936485059295,0.5497271286014528,2024-11-04 08:08:10,-1.458617866537342,-0.38880493349051787,-0.2259336741271706,2.9663585185431067,False,True,False,False,True,False,2.613453011182563,1.3259859602540562,0.4129050217349737,-1.387315037073662,-0.028446402356390392
TX002070,-0.8011075340616705,2023-06-27 17:44:24,1.3675026644983594,-0.2808200135070898,-0.2067936485059295,-0.034368528708928966,2024-11-04 08:10:22,-0.07631929310800553,-0.3667594733185329,-0.2259336741271706,0.6650945906307275,True,False,False,False,True,False,-0.04875054278767131,1.3259859602540562,1.394189236113643,0.9471286649218978,-0.028446402356390392
TX002071,0.5112788366043595,2023-06-26 18:51:31,0.5804842589952534,0.333906287136997,-0.2067936485059295,-0.8950395961621668,2024-11-04 08:09:33,-0.08527790016199324,0.14847201939069332,-0.2259336741271706,1.1253473762132034,False,True,False,False,True,False,0.3949500495407011,-0.8546207383765094,-0.07773708545436095,-0.6091671364084753,0.7550773116704967
TX002072,-0.8018612474862313,2023-05-22 18:23:18,-1.0497681524040379,0.23383456377633172,-0.2067936485059295,-0.1826904221717769,2024-11-04 08:07:31,-0.4145245560939286,-0.3635535975204906,-0.2259336741271706,0.2048418050482517,True,False,False,True,False,False,-0.04875054278767131,1.3259859602540562,-1.0590212998330302,-0.9982410867410686,-1.5954938304101647
TX002073,-0.7416669526247122,2023-10-16 18:07:26,0.1869750562437003,-0.1378604087061394,-0.2067936485059295,-0.7853340081453837,2024-11-04 08:07:46,0.9674881437052293,-0.31426483925346643,-0.2259336741271706,0.2048418050482517,True,False,True,True,False,False,-0.4924511351160437,-0.30946906371886795,-0.07773708545436095,-0.41463016124217866,1.3818962828920065
TX002074,0.49219618308252333,2023-02-27 16:07:46,0.7491310601744904,-0.46666749974832533,6.431744946342571,2.202628586177618,2024-11-04 08:11:41,-1.205218370769451,-0.32865619831534226,4.426077714458506,0.6650945906307275,False,True,False,False,False,False,0.8386506418690736,-0.8546207383765094,-0.5683791926436955,0.16898076425671127,1.2251915400866291
TX002075,-0.4338435380938358,2023-12-28 16:46:46,1.0864246625329645,-0.7239947883900362,-0.2067936485059295,2.118009110137748,2024-11-04 08:06:53,1.6533250996226267,-0.3667963464434625,-0.2259336741271706,0.2048418050482517,True,True,False,False,False,False,0.3949500495407011,-0.8546207383765094,-1.0590212998330302,-0.803704111574772,-1.7521985732155423
TX002076,-0.8533535782641843,2023-01-09 17:22:18,-1.274630553976354,-0.7239947883900362,-0.2067936485059295,-0.4489739625808499,2024-11-04 08:10:53,-1.6654324750389027,-0.36357804458298454,-0.2259336741271706,1.5856001617956792,True,True,False,False,False,True,1.282351234197446,1.3259859602540562,-0.5683791926436955,0.7525916897556012,-0.028446402356390392
TX002077,0.0939956770065772,2023-01-11 17:04:19,0.8615622609606484,-0.19504425062651956,-0.2067936485059295,2.1556664820311386,2024-11-04 08:10:08,-1.6467406707140977,-0.3446855592921938,-0.2259336741271706,0.2048418050482517,True,True,False,False,False,False,-0.04875054278767131,-1.399772413034151,1.394189236113643,-0.803704111574772,0.12825834044898704
TX002078,-0.5884575692321603,2023-05-29 17:14:03,0.6929154597814113,0.2624264847365218,-0.2067936485059295,0.25526017212019697,2024-11-04 08:11:30,-0.34918757748676,-0.3514527688877587,-0.2259336741271706,1.5856001617956792,True,False,False,False,True,False,0.8386506418690736,0.23568261093877343,0.9035471289243083,1.1416656400881946,1.5386010256973839
TX002079,0.7168370433027744,2023-04-24 17:27:12,-0.4313965480801688,-1.0670978399123172,-0.2067936485059295,1.2464820943903314,2024-11-04 08:07:31,-0.678151406785717,-0.2921026261122998,-0.2259336741271706,-0.2554109805342242,True,True,False,True,False,False,-1.3798523197727885,0.23568261093877343,0.4129050217349737,0.5580547145893046,-0.18515114516176784
TX002080,1.5120389659155928,2023-10-09 18:54:21,-0.20653414650785276,0.7627851015398482,-0.2067936485059295,2.2414115511983455,2024-11-04 08:08:51,0.9019722628338759,-0.28714294959335046,-0.2259336741271706,1.1253473762132034,True,True,False,False,False,False,1.282351234197446,0.23568261093877343,-0.5683791926436955,-0.22009318607588202,1.2251915400866291
TX002081,-0.4016394190444174,2023-05-30 16:12:10,-0.6562589496524849,-0.9241382351113667,-0.2067936485059295,1.228390556562336,2024-11-04 08:06:40,-0.3401579101052098,-0.35613734193857927,-0.2259336741271706,0.6650945906307275,False,False,True,True,False,False,-0.4924511351160437,2.416289309569339,0.9035471289243083,-0.22009318607588202,1.3818962828920065
TX002082,-0.2483615162496328,2023-12-11 17:28:44,-0.9373369516178799,-1.2100574447132675,-0.2067936485059295,-0.914472102567832,2024-11-04 08:07:08,1.4937607119903322,-0.10635729738812534,-0.2259336741271706,2.045852947378155,True,False,False,False,False,True,0.8386506418690736,-0.30946906371886795,-1.5496634070223647,-1.5818520122399586,0.2849630832543645
TX002083,0.21212312645593304,2023-11-30 18:08:39,1.9296586684291497,0.5340497338583277,-0.2067936485059295,0.5229051930545913,2024-11-04 08:12:11,1.3905645755276608,-0.2931889757788434,-0.2259336741271706,2.045852947378155,True,False,True,False,True,False,1.282351234197446,-0.8546207383765094,0.4129050217349737,-1.387315037073662,1.3818962828920065
TX002084,1.4487270382524808,2023-12-07 16:10:40,0.5242686586021743,-1.0813938003924122,-0.2067936485059295,-0.5160711073400337,2024-11-04 08:08:35,1.4556328742745661,0.06430683132925234,-0.2259336741271706,1.1253473762132034,True,True,False,False,True,False,0.3949500495407011,1.8711376349116977,0.4129050217349737,1.1416656400881946,1.2251915400866291
TX002085,2.8057880591742994,2023-02-23 16:54:09,0.6366998593883324,-0.22363617158670962,-0.2067936485059295,-0.9541037494226106,2024-11-04 08:07:14,-1.242495116874396,1.181550828416701,-0.2259336741271706,-0.2554109805342242,True,False,False,False,True,False,-1.3798523197727885,-1.399772413034151,-0.07773708545436095,1.1416656400881946,1.2251915400866291
TX002086,-0.02101413964118593,2023-02-08 16:29:56,0.6929154597814113,0.21953860329623667,-0.2067936485059295,0.5200360843769372,2024-11-04 08:10:03,-1.383704066908525,-0.31174937383194873,-0.2259336741271706,-0.2554109805342242,True,False,False,False,True,False,-0.9361517274444162,-0.8546207383765094,0.9035471289243083,-0.025556210909585365,0.7550773116704967
TX002087,3.0674636563013817,2023-12-04 18:30:00,-1.218414953583275,-0.666810946469656,-0.2067936485059295,-1.2279356865671738,2024-11-04 08:08:01,1.4283398321388288,6.793978023872898,-0.2259336741271706,1.1253473762132034,True,True,False,False,False,True,-0.04875054278767131,-0.30946906371886795,-0.07773708545436095,1.1416656400881946,-0.6552653735779002
TX002088,-0.6829800846123146,2023-04-10 17:58:46,-0.9373369516178799,0.40538608953747224,-0.2067936485059295,-1.1624230897640133,2024-11-04 08:08:58,-0.8095850456948682,-0.06009251414896314,-0.2259336741271706,0.6650945906307275,True,False,True,False,False,True,-0.4924511351160437,0.7808342855964149,0.4129050217349737,-1.387315037073662,0.2849630832543645
TX002089,-0.6753059115622405,2023-02-17 16:53:25,-1.49949295554867,-0.22363617158670962,-0.2067936485059295,0.26550332597830945,2024-11-04 08:12:12,-1.2989453105044393,-0.3598124601041006,-0.2259336741271706,1.1253473762132034,False,True,False,False,False,True,-0.04875054278767131,-0.30946906371886795,1.394189236113643,0.5580547145893046,-0.6552653735779002
TX002090,-0.8622953602555653,2023-07-04 18:55:57,0.6366998593883324,2.0637175052284973,-0.2067936485059295,0.14972363746343664,2024-11-04 08:07:45,-0.010019898670878923,-0.37608404732001094,-0.2259336741271706,1.1253473762132034,True,True,False,True,False,False,0.3949500495407011,-0.8546207383765094,0.9035471289243083,0.9471286649218978,-0.8119701163832775
TX002091,-0.1349276458532242,2023-11-27 17:19:31,-0.31896534729401077,1.5061750465047905,-0.2067936485059295,1.140491732891797,2024-11-04 08:10:11,1.362050340442603,-0.3388624491991351,-0.2259336741271706,2.5061057329606307,True,False,True,False,False,False,1.282351234197446,0.23568261093877343,0.4129050217349737,1.3362026152544912,-0.028446402356390392
TX002092,2.6774512187922554,2023-05-05 16:42:25,0.4680530582090954,1.30603159978346,-0.2067936485059295,-0.7886825835993748,2024-11-04 08:07:41,-0.575021107226836,0.6476734349279599,-0.2259336741271706,1.1253473762132034,True,False,True,True,False,False,0.8386506418690736,2.416289309569339,-1.0590212998330302,0.5580547145893046,-0.6552653735779002
TX002093,-0.034546721582164874,2023-05-22 16:57:31,-1.274630553976354,1.9350538609076418,-0.2067936485059295,-1.2631905965919656,2024-11-04 08:08:19,-0.4150898828958996,2.6022295550314465,-0.2259336741271706,-0.7156637661167,True,False,True,False,False,True,-1.3798523197727885,-0.8546207383765094,0.4129050217349737,-0.803704111574772,-2.0656080588262973
TX002094,0.697891428585404,2023-05-22 18:27:37,-1.0497681524040379,0.37679416857728215,-0.2067936485059295,0.8732390029562243,2024-11-04 08:08:07,-0.4145002889376553,-0.2763275078145186,-0.2259336741271706,0.2048418050482517,False,False,True,True,False,False,-0.9361517274444162,0.7808342855964149,-0.07773708545436095,-0.803704111574772,-0.028446402356390392
TX002095,-0.9301295684660421,2023-02-17 16:21:21,-0.9935525520109589,-1.2529453261535526,-0.2067936485059295,-0.9431862652854788,2024-11-04 08:07:09,-1.299121709878067,-0.35621660489443063,-0.2259336741271706,2.045852947378155,True,False,False,False,False,True,0.8386506418690736,0.7808342855964149,-0.07773708545436095,1.1416656400881946,0.2849630832543645
TX002096,0.4768135772812586,2023-09-28 16:14:49,-1.387061754762512,0.8056729829801335,-0.2067936485059295,-1.0995975581031059,2024-11-04 08:09:11,0.7975046579680801,0.6460652576049394,-0.2259336741271706,-0.7156637661167,True,False,False,False,False,True,-1.3798523197727885,1.3259859602540562,-0.5683791926436955,-1.387315037073662,0.12825834044898704
TX002097,-0.017862247138476846,2023-05-15 16:49:14,1.3112870641052805,1.4918790860246955,-0.2067936485059295,0.17680966433630224,2024-11-04 08:09:42,-0.48096813879142314,-0.2929533581060673,-0.2259336741271706,-0.2554109805342242,True,False,False,False,False,False,-1.3798523197727885,-0.30946906371886795,-1.0590212998330302,1.1416656400881946,-1.28208434479941
TX002098,2.497073892414397,2023-06-21 16:40:17,0.4680530582090954,0.648417417699088,-0.2067936485059295,-0.5076278768882782,2024-11-04 08:07:24,-0.13313153529823327,0.25124728965108306,-0.2259336741271706,-0.7156637661167,True,True,False,False,True,False,-0.9361517274444162,-0.30946906371886795,0.9035471289243083,0.7525916897556012,1.2251915400866291
TX002099,-0.9329046042564708,2023-07-27 18:34:19,0.2994062570298583,0.07657899849528625,-0.2067936485059295,0.0667630651898246,2024-11-04 08:06:44,0.20609523349906653,-0.3826638628377911,-0.2259336741271706,0.2048418050482517,True,False,True,True,False,False,-0.9361517274444162,-0.8546207383765094,0.9035471289243083,1.1416656400881946,0.7550773116704967
TX002100,-0.596953975109028,2023-08-11 17:00:56,-0.7686901504386429,-1.5674564567156437,-0.2067936485059295,0.44558540638494587,2024-11-04 08:09:58,0.3464968380964634,-0.35654544625138396,-0.2259336741271706,0.6650945906307275,False,False,True,False,False,False,-0.4924511351160437,-0.8546207383765094,-0.07773708545436095,1.1416656400881946,-1.28208434479941
TX002101,-0.5415560384038052,2023-09-22 18:02:42,-1.218414953583275,-1.2672412866336478,-0.2067936485059295,-0.9087005532975915,2024-11-04 08:08:00,0.7418038080066359,-0.21745482228891622,-0.2259336741271706,1.1253473762132034,True,True,False,False,False,True,0.3949500495407011,1.3259859602540562,-1.0590212998330302,0.9471286649218978,-2.692427030047807
TX002102,-0.844137718663872,2023-03-13 18:45:47,-1.49949295554867,-0.5238513416687055,-0.2067936485059295,-1.1239785718795239,2024-11-04 08:06:44,-1.072524036768705,-0.2544162093703536,-0.2259336741271706,0.6650945906307275,True,False,True,False,False,True,-0.04875054278767131,0.23568261093877343,-0.07773708545436095,1.5307395904207879,1.2251915400866291
TX002103,-0.5986669601648482,2023-11-29 17:38:53,0.1307594558506213,0.10517091945547634,3.1124756489183207,2.069421434139944,2024-11-04 08:07:00,1.3810019012787276,-0.3736032756349778,4.426077714458506,1.5856001617956792,False,False,True,False,False,False,1.282351234197446,-1.399772413034151,-0.07773708545436095,-2.1654629377388486,0.2849630832543645
TX002104,-0.4666643317633494,2023-11-09 16:06:17,-1.162199353190196,-0.2665240530269948,-0.2067936485059295,-0.31125931004691576,2024-11-04 08:10:55,1.1923284611793592,-0.3106399258933915,-0.2259336741271706,0.2048418050482517,False,False,True,False,False,True,-0.9361517274444162,0.7808342855964149,-0.07773708545436095,0.7525916897556012,0.12825834044898704
TX002105,-1.0109482033996358,2023-04-17 16:04:21,1.0302090621398854,-1.2529453261535526,-0.2067936485059295,-0.05711115066674008,2024-11-04 08:11:22,-0.7445326348619354,-0.3908984844157622,-0.2259336741271706,0.2048418050482517,True,False,True,False,True,False,0.3949500495407011,-0.30946906371886795,-0.5683791926436955,-0.22009318607588202,-1.28208434479941
TX002106,-0.9420519444545503,2023-05-10 16:35:02,1.0864246625329645,-0.2522280925468997,-0.2067936485059295,0.6583558393665695,2024-11-04 08:11:17,-0.528082006535979,-0.3861222560576863,-0.2259336741271706,0.6650945906307275,True,False,False,False,False,False,0.3949500495407011,1.3259859602540562,-0.07773708545436095,-1.387315037073662,-0.6552653735779002
TX002107,-0.58503159912052,2023-02-20 16:40:25,0.6929154597814113,-1.1528736027928874,-0.2067936485059295,0.2529833459309595,2024-11-04 08:10:31,-1.2708127118187105,-0.3510719361797855,-0.2259336741271706,-0.2554109805342242,True,True,False,False,True,False,-0.9361517274444162,-0.30946906371886795,-1.0590212998330302,0.5580547145893046,-0.028446402356390392
TX002108,-0.8598971811774172,2023-08-30 17:54:55,0.5804842589952534,-0.7382907488701311,-0.2067936485059295,-0.9105773965076386,2024-11-04 08:06:23,0.525513799961663,-0.33336642966419394,-0.2259336741271706,0.2048418050482517,True,False,True,False,False,False,-0.4924511351160437,0.7808342855964149,0.4129050217349737,0.7525916897556012,0.5983725688651194
TX002109,-0.18429587516196008,2023-01-03 16:42:41,0.6929154597814113,-1.0242099584720321,-0.2067936485059295,2.209779563927374,2024-11-04 08:10:09,-1.722099331934148,-0.35703106735800344,-0.2259336741271706,0.6650945906307275,True,True,False,False,False,False,0.3949500495407011,-0.8546207383765094,1.394189236113643,-0.803704111574772,-0.3418558879671453
TX002110,-0.2264010478340188,2023-08-28 17:22:16,0.8615622609606484,-0.33800385542746997,-0.2067936485059295,0.17342775696737844,2024-11-04 08:12:09,0.5064586412207307,-0.31337574701242443,-0.2259336741271706,0.2048418050482517,False,True,False,False,True,False,-0.9361517274444162,0.7808342855964149,-0.07773708545436095,-0.9982410867410686,1.3818962828920065
TX002111,-0.41983132033722714,2023-01-02 17:05:16,-0.31896534729401077,-1.2243534051933627,-0.2067936485059295,-0.9402043408957456,2024-11-04 08:08:09,-1.7313409832637714,-0.15446086536888284,-0.2259336741271706,1.1253473762132034,True,False,True,True,False,False,0.3949500495407011,-0.30946906371886795,-1.0590212998330302,1.1416656400881946,-0.3418558879671453
TX002112,1.5935770545726304,2023-05-02 17:24:54,1.0864246625329645,1.7777982956265963,-0.2067936485059295,-1.2582036293193677,2024-11-04 08:06:39,-0.6029434631057492,6.8088780600198175,-0.2259336741271706,1.1253473762132034,True,False,False,False,False,False,0.8386506418690736,-0.30946906371886795,-1.5496634070223647,-0.41463016124217866,1.5386010256973839
TX002113,-0.902961625480735,2023-05-22 17:09:30,0.6929154597814113,-1.1671695632729824,-0.2067936485059295,-0.5223118674127859,2024-11-04 08:09:59,-0.41502252249350885,-0.3701873410504371,-0.2259336741271706,0.2048418050482517,True,True,False,True,False,False,-0.4924511351160437,1.3259859602540562,1.8848313433029775,-0.803704111574772,1.5386010256973839
TX002114,-0.9649031650991908,2023-03-14 17:10:00,-1.105983752797117,-0.9670261165516518,-0.2067936485059295,-0.8028640314064382,2024-11-04 08:11:39,-1.0637793724467046,-0.3761122919806755,-0.2259336741271706,1.1253473762132034,True,True,False,False,False,True,-0.04875054278767131,0.7808342855964149,-0.07773708545436095,-0.025556210909585365,-0.028446402356390392
TX002115,2.1547166991581865,2023-11-24 17:24:24,0.6929154597814113,-0.18074829014642452,-0.2067936485059295,-0.5113123354850508,2024-11-04 08:06:24,1.3339004391656297,0.19130659088328436,-0.2259336741271706,2.045852947378155,True,False,False,True,False,False,1.282351234197446,-0.30946906371886795,-0.07773708545436095,0.5580547145893046,-0.6552653735779002
TX002116,-0.6717771623472512,2023-03-23 16:17:51,0.07454385545754227,1.1344800740223193,-0.2067936485059295,-0.5286526232303358,2024-11-04 08:11:54,-0.9795020416002552,-0.3265947416449227,-0.2259336741271706,0.6650945906307275,False,False,True,True,False,False,0.3949500495407011,-1.399772413034151,0.9035471289243083,0.5580547145893046,1.2251915400866291
TX002117,0.04051628356387306,2023-10-18 16:51:31,-0.9935525520109589,-1.1099857213526023,-0.2067936485059295,0.8846180059154987,2024-11-04 08:10:21,0.9857799208261757,-0.320936659441235,-0.2259336741271706,-0.2554109805342242,True,True,False,True,False,False,-0.9361517274444162,-0.30946906371886795,-0.5683791926436955,-0.803704111574772,0.12825834044898704
TX002118,-0.1370174876213246,2023-12-18 16:30:46,0.8053466605675694,2.4783003591512536,-0.2067936485059295,0.7272605995124789,2024-11-04 08:09:57,1.5591789801299498,-0.3282621412427179,-0.2259336741271706,-0.7156637661167,False,False,True,False,True,False,-1.823552912101161,-1.399772413034151,-0.5683791926436955,0.9471286649218978,1.6953057685027615
TX002119,1.538898571590852,2023-11-27 16:29:16,-1.330846154369433,-0.7954745907905113,-0.2067936485059295,-0.8754737620967714,2024-11-04 08:07:44,1.3617382408722367,0.47069917051504223,-0.2259336741271706,1.1253473762132034,False,True,False,False,False,True,0.3949500495407011,-0.30946906371886795,-2.0403055142116995,1.1416656400881946,0.2849630832543645
TX002120,-0.7385835795242359,2023-12-25 17:27:57,-1.218414953583275,0.5197537733782326,-0.2067936485059295,-1.2375993779041512,2024-11-04 08:07:14,1.6253852235098123,0.16663658360484288,-0.2259336741271706,0.6650945906307275,False,True,False,False,False,True,0.3949500495407011,-1.399772413034151,-0.07773708545436095,-0.025556210909585365,-0.968674859188655
TX002121,0.6146060951714295,2023-01-10 16:00:32,-1.218414953583275,0.9629285482611789,-0.2067936485059295,-1.015296017251824,2024-11-04 08:10:10,-1.656559510370507,0.4190961561681022,-0.2259336741271706,1.5856001617956792,True,False,True,False,False,True,0.3949500495407011,-0.30946906371886795,0.9035471289243083,-1.7763889874062553,-0.028446402356390392
TX002122,0.0771399040573073,2023-08-31 16:26:37,-1.218414953583275,0.14805880089576146,-0.2067936485059295,-0.26609712930679336,2024-11-04 08:07:38,0.534331265752483,-0.23767143370661808,-0.2259336741271706,2.5061057329606307,True,True,False,False,False,True,1.282351234197446,0.23568261093877343,-0.5683791926436955,0.9471286649218978,-2.0656080588262973
TX002123,0.12263678713988972,2023-09-11 16:36:59,1.3112870641052805,-1.2100574447132675,-0.2067936485059295,1.413859587220761,2024-11-04 08:08:37,0.6378163228425334,-0.3302878311828334,-0.2259336741271706,-0.2554109805342242,True,False,False,False,False,False,-0.9361517274444162,0.23568261093877343,-1.0590212998330302,1.1416656400881946,1.2251915400866291
TX002124,-0.9842598962299581,2023-12-07 16:59:06,0.1307594558506213,1.1058881530621294,-0.2067936485059295,0.6889494092877196,2024-11-04 08:10:12,1.4559385533865463,-0.38931285851663844,-0.2259336741271706,2.045852947378155,True,False,False,True,False,False,1.282351234197446,0.23568261093877343,0.4129050217349737,-1.7763889874062553,0.12825834044898704
TX002125,1.5069685301503652,2023-01-03 16:28:03,0.4680530582090954,-0.6382190255094659,4.772110297630446,-1.148705724772549,2024-11-04 08:07:37,-1.7221783362186969,1.8891220477011281,4.426077714458506,1.5856001617956792,False,True,False,False,False,False,0.3949500495407011,1.3259859602540562,-1.0590212998330302,-0.6091671364084753,-2.8491317728531844
TX002126,0.4075404616238929,2023-05-05 17:31:53,-0.6562589496524849,-0.666810946469656,-0.2067936485059295,-1.0746575937532044,2024-11-04 08:07:20,-0.5746958402757115,0.49379911522479475,-0.2259336741271706,1.5856001617956792,True,False,True,True,False,False,0.8386506418690736,1.3259859602540562,0.4129050217349737,0.9471286649218978,1.3818962828920065
TX002127,-0.7286482662004792,2023-10-16 18:38:15,-1.49949295554867,-0.7382907488701311,-0.2067936485059295,-0.8826401238072655,2024-11-04 08:06:59,0.9676944689442163,-0.29218813233591684,-0.2259336741271706,2.045852947378155,True,False,True,False,False,True,1.282351234197446,0.23568261093877343,-0.07773708545436095,-0.9982410867410686,-0.028446402356390392
TX002128,-0.6805476458330502,2023-12-29 17:37:37,1.7047962668568335,-0.666810946469656,-0.2067936485059295,0.14269060341267265,2024-11-04 08:07:52,1.6630528558270152,-0.3576320634612364,-0.2259336741271706,0.2048418050482517,True,True,False,False,True,False,-0.9361517274444162,-0.30946906371886795,0.4129050217349737,0.16898076425671127,0.2849630832543645
TX002129,-0.9574002905546987,2023-02-17 18:46:59,0.7491310601744904,-1.0242099584720321,-0.2067936485059295,0.2324380663652392,2024-11-04 08:11:08,-1.2981968374064687,-0.38598826824232824,-0.2259336741271706,-0.2554109805342242,False,False,False,False,True,False,-1.3798523197727885,-0.30946906371886795,-1.0590212998330302,-0.025556210909585365,-0.6552653735779002
TX002130,2.9367286368411896,2023-08-02 17:52:47,0.35562185742293734,-0.16645232966632947,-0.2067936485059295,0.2733209420267159,2024-11-04 08:11:47,0.2622040546213557,-0.02487891233516511,-0.2259336741271706,2.9663585185431067,True,False,False,False,False,False,2.169752418854191,-0.8546207383765094,-0.5683791926436955,-1.970925962572552,-0.8119701163832775
TX002131,-0.2825184382626861,2023-01-05 16:02:42,0.07454385545754227,-0.08067656678575921,-0.2067936485059295,-0.296811206920392,2024-11-04 08:08:16,-1.7035437719127247,-0.28511539410541303,-0.2259336741271706,0.2048418050482517,True,False,True,True,False,False,-0.4924511351160437,0.23568261093877343,-0.07773708545436095,-0.803704111574772,1.3818962828920065
TX002132,-0.2707331010786436,2023-10-16 16:30:38,0.9739934617468065,-0.2522280925468997,-0.2067936485059295,2.24491909424663,2024-11-04 08:08:19,0.9668525183249959,-0.36094911273575897,-0.2259336741271706,-0.2554109805342242,False,True,False,False,False,False,-1.3798523197727885,0.23568261093877343,-0.07773708545436095,0.9471286649218978,0.5983725688651194
TX002133,0.15172327338771546,2023-06-14 16:34:43,-0.09410294572169475,-0.43807557878813524,-0.2067936485059295,-0.24480572764527536,2024-11-04 08:11:00,-0.19900652655389942,-0.2304699796847964,-0.2259336741271706,0.6650945906307275,True,False,False,True,False,False,-0.4924511351160437,1.3259859602540562,-1.0590212998330302,-0.41463016124217866,-0.028446402356390392
TX002134,1.3509498512662679,2023-07-10 16:37:18,-1.443277355155591,-0.8383624722307964,-0.2067936485059295,-1.0332003835575054,2024-11-04 08:12:13,0.04545862931627714,0.8602005438846402,-0.2259336741271706,1.1253473762132034,True,False,True,False,False,True,-0.04875054278767131,0.7808342855964149,-0.5683791926436955,-1.387315037073662,0.2849630832543645
TX002135,-0.846775715649835,2023-07-10 16:06:28,-0.7124745500455638,-0.9813220770317469,-0.2067936485059295,1.199937921177237,2024-11-04 08:09:10,0.04527722416153493,-0.38179178196640534,-0.2259336741271706,-0.7156637661167,True,True,False,False,False,False,-0.9361517274444162,-0.30946906371886795,-0.5683791926436955,0.16898076425671127,-0.028446402356390392
TX002136,0.489352627889862,2023-09-21 17:41:34,1.8734430680360705,-1.3816089704744081,-0.2067936485059295,0.0022914497299417187,2024-11-04 08:07:52,0.7322645303433475,-0.22304792382117714,-0.2259336741271706,2.045852947378155,True,True,False,False,True,False,1.282351234197446,0.23568261093877343,1.394189236113643,1.1416656400881946,0.12825834044898704
TX002137,0.00492045410393073,2023-01-19 17:27:01,-0.31896534729401077,-0.9670261165516518,-0.2067936485059295,-0.9571446456618401,2024-11-04 08:10:02,-1.5713745008223752,0.03309868943088525,-0.2259336741271706,0.6650945906307275,True,True,False,True,False,False,-0.4924511351160437,0.7808342855964149,-0.07773708545436095,0.16898076425671127,-0.8119701163832775
TX002138,-1.012763967558805,2023-12-25 17:41:33,1.1988558633191224,0.7198972200995631,-0.2067936485059295,1.667825703065536,2024-11-04 08:10:47,1.6254508427709458,-0.39157161614392033,-0.2259336741271706,0.2048418050482517,True,False,False,False,False,False,-0.4924511351160437,0.7808342855964149,-0.07773708545436095,0.16898076425671127,0.2849630832543645
TX002139,-0.42531287251585165,2023-12-25 16:25:43,-0.7686901504386429,0.5912335757787078,-0.2067936485059295,1.0161918941214785,2024-11-04 08:07:11,1.6249792111328818,-0.3543719432119396,-0.2259336741271706,-0.7156637661167,True,False,False,True,False,False,-1.823552912101161,-0.8546207383765094,-0.5683791926436955,1.5307395904207879,1.2251915400866291
TX002140,0.48363125780342275,2023-02-13 16:48:50,-1.274630553976354,-0.666810946469656,-0.2067936485059295,-0.8435828114867088,2024-11-04 08:11:13,-1.3365774670685253,0.08036792799096051,-0.2259336741271706,-0.2554109805342242,True,True,False,False,False,True,-0.4924511351160437,0.23568261093877343,0.9035471289243083,-2.1654629377388486,-0.028446402356390392
TX002141,0.7606552010306533,2023-11-23 17:42:11,1.4799338652845175,-1.1385776423127922,-0.2067936485059295,-0.24485444352094612,2024-11-04 08:06:37,1.3246129740566746,-0.14652960375614868,-0.2259336741271706,1.5856001617956792,False,False,True,False,True,False,0.3949500495407011,1.8711376349116977,-0.07773708545436095,3.6706463172500507,-1.7521985732155423
TX002142,1.511148213686566,2023-03-07 16:36:08,0.2994062570298583,0.062283038015191215,-0.2067936485059295,2.3686240865350756,2024-11-04 08:11:40,-1.1298157457326545,-0.2907998828925134,-0.2259336741271706,1.1253473762132034,True,False,True,False,False,False,-0.04875054278767131,0.23568261093877343,0.9035471289243083,0.3635177394230079,0.12825834044898704
TX002143,-0.5017462657065456,2023-06-01 16:18:49,1.0864246625329645,-1.1671695632729824,-0.2067936485059295,-0.7583684889649666,2024-11-04 08:11:40,-0.32134281121512404,-0.2542818184124283,-0.2259336741271706,-0.7156637661167,True,False,True,False,True,False,-1.3798523197727885,2.416289309569339,1.8848313433029775,0.9471286649218978,0.5983725688651194
TX002144,-0.7599616330208712,2023-08-07 17:48:31,0.35562185742293734,0.40538608953747224,-0.2067936485059295,0.832630474594577,2024-11-04 08:09:47,0.3092000688670598,-0.37410612247574676,-0.2259336741271706,0.2048418050482517,True,True,False,True,False,False,-0.9361517274444162,0.7808342855964149,-1.0590212998330302,-0.41463016124217866,1.3818962828920065
TX002145,0.5033648456464705,2023-04-04 16:11:34,-0.9935525520109589,-1.4673847333549783,-0.2067936485059295,0.07955995653046014,2024-11-04 08:06:58,-0.8666849026565319,-0.23094602648406787,-0.2259336741271706,1.1253473762132034,True,False,True,True,False,False,-0.04875054278767131,-0.30946906371886795,1.8848313433029775,3.6706463172500507,-1.28208434479941
TX002146,-1.0014240064892757,2023-03-08 18:51:57,0.41183745781601633,2.2352690309896377,-0.2067936485059295,1.5767500915025807,2024-11-04 08:09:14,-1.1195109100228084,-0.3909837938304893,-0.2259336741271706,0.2048418050482517,True,False,True,False,False,False,-0.04875054278767131,-0.30946906371886795,-0.07773708545436095,0.5580547145893046,-0.18515114516176784
TX002147,-0.6850699263804153,2023-05-15 16:05:06,0.1869750562437003,0.10517091945547634,-0.2067936485059295,1.8853061920264715,2024-11-04 08:11:10,-0.48126587394641696,-0.37652301882872496,-0.2259336741271706,0.2048418050482517,False,False,True,False,False,False,-0.4924511351160437,0.23568261093877343,1.8848313433029775,-1.5818520122399586,-0.6552653735779002
TX002148,-0.13924436819389088,2023-05-04 16:37:21,-1.0497681524040379,-0.695402867429846,-0.2067936485059295,-0.6622956541555884,2024-11-04 08:08:10,-0.5844595075185312,-0.19255504971085,-0.2259336741271706,-0.7156637661167,True,True,False,True,False,False,-1.3798523197727885,-0.30946906371886795,-1.0590212998330302,0.3635177394230079,-0.028446402356390392
TX002149,1.4980610078601004,2023-12-08 16:36:30,0.1869750562437003,2.435412477710968,-0.2067936485059295,0.2891484736327551,2024-11-04 08:08:49,1.4652021866245426,-0.16065487620884417,-0.2259336741271706,2.045852947378155,False,True,False,True,False,False,0.8386506418690736,0.23568261093877343,0.4129050217349737,-1.387315037073662,0.2849630832543645
TX002150,3.2661356630753997,2023-02-28 17:45:06,-0.4876121484732478,-0.18074829014642452,1.4528410002061958,1.654203205831956,2024-11-04 08:08:33,-1.195160233011495,-0.17943900586321712,4.426077714458506,2.045852947378155,True,False,False,False,False,False,0.8386506418690736,-0.30946906371886795,1.394189236113643,0.16898076425671127,-0.8119701163832775
TX002151,-0.7308066273708126,2023-06-12 17:09:17,-0.31896534729401077,0.319610326656902,-0.2067936485059295,2.1721529599554597,2024-11-04 08:07:40,-0.21756339243126577,-0.3797200027735899,-0.2259336741271706,1.5856001617956792,True,True,False,False,False,False,0.8386506418690736,1.8711376349116977,-1.5496634070223647,-0.22009318607588202,0.5983725688651194
TX002152,2.157868591660896,2023-08-07 18:52:42,-1.162199353190196,-0.35229981590756504,-0.2067936485059295,-1.0134089180679513,2024-11-04 08:07:13,0.3096358982880212,1.1750103313751679,-0.2259336741271706,1.1253473762132034,True,False,False,False,False,True,-0.04875054278767131,0.23568261093877343,-0.5683791926436955,-1.387315037073662,-0.028446402356390392
TX002153,-0.3258227004738187,2023-12-28 16:30:32,0.1869750562437003,-0.7239947883900362,-0.2067936485059295,0.5981276330769434,2024-11-04 08:08:28,1.6532087696223752,-0.33849503698265077,-0.2259336741271706,0.6650945906307275,False,False,False,True,False,False,-0.4924511351160437,-0.8546207383765094,-0.07773708545436095,-0.41463016124217866,-0.6552653735779002
TX002154,-0.4885562807767306,2023-08-28 17:07:08,-1.105983752797117,-0.9527301560715568,-0.2067936485059295,-0.9473937785473466,2024-11-04 08:08:06,0.5063862750372252,-0.17752063074746144,-0.2259336741271706,1.5856001617956792,True,True,False,False,False,True,1.282351234197446,1.3259859602540562,-0.5683791926436955,0.9471286649218978,0.2849630832543645
TX002155,0.6301599994782761,2023-09-12 17:21:48,0.7491310601744904,2.249564991469733,-0.2067936485059295,0.263639302735544,2024-11-04 08:11:54,0.647489668382632,-0.23792080328588416,-0.2259336741271706,0.6650945906307275,True,True,False,False,True,False,-0.4924511351160437,2.416289309569339,0.9035471289243083,-0.22009318607588202,0.2849630832543645
TX002156,-0.427128636675021,2023-08-28 16:56:05,-1.387061754762512,1.320327560263555,-0.2067936485059295,-1.2045469382583627,2024-11-04 08:08:14,0.5063132559257484,0.42204669528313743,-0.2259336741271706,2.045852947378155,True,False,True,False,False,True,0.8386506418690736,-0.8546207383765094,1.8848313433029775,0.16898076425671127,0.7550773116704967
TX002157,-0.07538428531291669,2023-10-10 16:49:03,0.4680530582090954,1.692022532746026,-0.2067936485059295,0.30740154304850015,2024-11-04 08:10:12,0.9105474923472776,-0.30615933870434053,-0.2259336741271706,-0.2554109805342242,False,True,False,False,True,False,-1.3798523197727885,-0.30946906371886795,-1.0590212998330302,-0.9982410867410686,1.2251915400866291
TX002158,-0.30968638124799325,2024-01-01 16:12:32,0.8615622609606484,0.19094668233604659,-0.2067936485059295,0.7637205864617544,2024-11-04 08:06:23,1.6907134964106945,-0.34161365235348884,-0.2259336741271706,0.2048418050482517,True,False,True,True,False,False,-0.04875054278767131,-0.30946906371886795,-0.5683791926436955,1.3362026152544912,-0.8119701163832775
TX002159,-0.5508061577052339,2023-08-25 18:24:06,-0.7686901504386429,-1.5102726147952634,-0.2067936485059295,0.28584092207406564,2024-11-04 08:08:03,0.47868265002875704,-0.34876163506374036,-0.2259336741271706,-0.2554109805342242,True,True,False,True,False,False,-1.3798523197727885,-1.9449240876917921,2.866115557681647,0.9471286649218978,0.12825834044898704
TX002160,1.1182579612836625,2023-02-16 17:34:34,-1.0497681524040379,0.17665072185595154,6.431744946342571,-0.03541463803911913,2024-11-04 08:11:42,-1.3080755287935972,-0.14559945594796816,4.426077714458506,0.2048418050482517,True,True,False,True,False,False,-0.4924511351160437,-0.8546207383765094,0.9035471289243083,-0.025556210909585365,0.5983725688651194
TX002161,-0.40499686975382493,2023-08-10 18:31:00,-0.8249057508317219,-1.3101291680739329,-0.2067936485059295,0.9300135100601491,2024-11-04 08:08:34,0.33769188675843015,-0.3515963320374898,-0.2259336741271706,2.045852947378155,True,False,True,True,False,False,1.7260518265258185,0.7808342855964149,-0.07773708545436095,0.16898076425671127,0.12825834044898704
TX002162,-0.9847737917467043,2023-02-23 16:51:34,0.8053466605675694,-0.8812503536710816,6.431744946342571,0.5232436401908291,2024-11-04 08:11:00,-1.2425365778005848,-0.38911981231918397,4.426077714458506,1.5856001617956792,True,False,False,False,False,False,0.8386506418690736,1.8711376349116977,-1.5496634070223647,0.9471286649218978,-0.028446402356390392
TX002163,-0.9294443744437142,2023-12-12 16:57:29,-0.7124745500455638,-1.2386493656734576,-0.2067936485059295,0.6049555476511993,2024-11-04 08:09:28,1.5029435998025227,-0.3849938665812759,-0.2259336741271706,-0.2554109805342242,True,False,False,False,False,False,-0.9361517274444162,0.23568261093877343,0.4129050217349737,-0.22009318607588202,-0.6552653735779002
TX002164,0.07505006228920671,2023-06-09 16:03:24,-0.8811213512248008,-0.7239947883900362,-0.2067936485059295,-0.7045861622246004,2024-11-04 08:10:45,-0.24622018345676278,-0.12675557991115577,-0.2259336741271706,0.6650945906307275,False,True,False,True,False,False,-0.4924511351160437,-0.30946906371886795,0.4129050217349737,-0.6091671364084753,-0.6552653735779002
TX002165,-0.3945819206144386,2023-03-22 16:59:56,0.35562185742293734,0.24813052425642676,-0.2067936485059295,-0.5289551744581849,2024-11-04 08:10:41,-0.9886214865778836,-0.274491794956453,-0.2259336741271706,-0.2554109805342242,True,True,False,False,True,False,-0.9361517274444162,1.3259859602540562,-0.5683791926436955,-1.387315037073662,0.2849630832543645
TX002166,1.4355713130237822,2023-04-10 16:04:28,-0.03788734532861574,1.7349104141863112,-0.2067936485059295,0.4802608538886029,2024-11-04 08:10:05,-0.810338633395282,-0.19044743733516356,-0.2259336741271706,0.2048418050482517,True,False,False,False,False,False,-0.9361517274444162,1.3259859602540562,-0.07773708545436095,0.16898076425671127,0.2849630832543645
TX002167,-0.25569309228854287,2023-03-23 17:26:31,1.1426402629260435,0.4339780104976623,-0.2067936485059295,0.5784643672602067,2024-11-04 08:12:21,-0.9790566359023789,-0.33248375947492714,-0.2259336741271706,0.6650945906307275,False,False,False,False,False,False,0.3949500495407011,-0.8546207383765094,-0.5683791926436955,-0.41463016124217866,0.12825834044898704
TX002168,-0.7462577525743102,2023-01-23 16:50:55,1.3112870641052805,0.677009338659278,-0.2067936485059295,-0.026663728372601687,2024-11-04 08:08:44,-1.5339930685993366,-0.3606337954886957,-0.2259336741271706,0.2048418050482517,True,False,False,False,True,False,-0.4924511351160437,-0.8546207383765094,-0.07773708545436095,1.5307395904207879,-0.3418558879671453
TX002169,0.4573198073460256,2023-07-17 18:24:15,0.8053466605675694,-1.353017049514218,-0.2067936485059295,0.4220120505472779,2024-11-04 08:06:52,0.11200700695319389,-0.2666475948274898,-0.2259336741271706,2.9663585185431067,True,True,False,False,True,False,2.613453011182563,-0.30946906371886795,-0.07773708545436095,1.3362026152544912,-2.8491317728531844
TX002170,1.0094491505379681,2023-10-16 16:49:07,0.41183745781601633,0.2910184056967119,-0.2067936485059295,1.205781262264255,2024-11-04 08:07:20,0.9669796216367768,-0.2733983205377174,-0.2259336741271706,2.5061057329606307,True,False,False,False,False,False,1.282351234197446,-0.8546207383765094,-0.5683791926436955,-0.9982410867410686,1.2251915400866291
TX002171,-0.33370243173059133,2023-07-18 18:11:40,0.41183745781601633,-0.16645232966632947,-0.2067936485059295,-0.18572106243718073,2024-11-04 08:12:17,0.1212916427076061,-0.30233726240207776,-0.2259336741271706,2.5061057329606307,False,True,False,False,True,False,2.613453011182563,-0.8546207383765094,-1.0590212998330302,-0.025556210909585365,-0.028446402356390392
TX002172,-0.00032128016687875725,2023-03-27 17:16:41,1.5923650660706756,-0.5667392231089906,-0.2067936485059295,0.42404273336470594,2024-11-04 08:07:49,-0.9414825899277545,-0.30556303453065425,-0.2259336741271706,1.5856001617956792,False,True,False,False,True,False,0.3949500495407011,0.7808342855964149,-0.5683791926436955,0.16898076425671127,0.2849630832543645
TX002173,0.1653586344320437,2023-11-20 16:41:44,0.35562185742293734,0.3624982080971871,-0.2067936485059295,-0.9255152223843248,2024-11-04 08:09:26,1.2959933999255517,0.05938243156353858,-0.2259336741271706,2.045852947378155,True,False,False,False,True,False,0.8386506418690736,-1.399772413034151,-0.5683791926436955,-2.1654629377388486,0.9117820544758742
TX002174,0.15857521361099597,2023-12-11 16:37:20,1.0302090621398854,-0.32370789494737495,-0.2067936485059295,0.35174837386950375,2024-11-04 08:12:01,1.493393222363719,-0.2877642724183098,-0.2259336741271706,0.2048418050482517,True,False,True,False,True,False,-0.9361517274444162,0.23568261093877343,-0.07773708545436095,1.1416656400881946,-0.6552653735779002
TX002175,-0.9629503621355558,2023-01-04 17:00:58,-1.105983752797117,0.21953860329623667,-0.2067936485059295,-1.0970745885420592,2024-11-04 08:07:28,-1.7125602719135167,-0.3531088606808394,-0.2259336741271706,0.2048418050482517,False,False,True,False,False,True,-0.4924511351160437,0.7808342855964149,-0.07773708545436095,-0.6091671364084753,0.2849630832543645
TX002176,-0.4641976332829684,2023-12-06 17:34:01,-0.20653414650785276,0.44827397097775734,-0.2067936485059295,0.8877435139387876,2024-11-04 08:08:09,1.4467777563040578,-0.3547793565810635,-0.2259336741271706,2.5061057329606307,True,True,False,True,False,False,1.7260518265258185,-0.8546207383765094,0.4129050217349737,-0.22009318607588202,-0.6552653735779002
TX002177,-0.895801347947407,2023-11-29 17:55:07,-1.274630553976354,1.6348386908256458,-0.2067936485059295,-0.9028520842236607,2024-11-04 08:08:11,1.381100166938435,-0.3473892992042445,-0.2259336741271706,-0.2554109805342242,True,False,True,False,False,True,-1.3798523197727885,-0.30946906371886795,0.9035471289243083,-0.22009318607588202,0.5983725688651194
TX002178,0.196363663942388,2023-12-18 16:33:07,1.6485806664637546,1.020112390181559,-0.2067936485059295,-0.31838464786210824,2024-11-04 08:09:08,1.55919965618238,-0.21190142824386915,-0.2259336741271706,2.045852947378155,True,False,False,False,True,False,0.8386506418690736,-0.8546207383765094,-0.07773708545436095,-0.9982410867410686,0.2849630832543645
TX002179,-0.8879558763917507,2023-04-11 16:06:20,-0.2627497469009318,-0.03778868534547408,-0.2067936485059295,1.0295400440552287,2024-11-04 08:07:27,-0.8009070888472873,-0.38364187453741033,-0.2259336741271706,1.1253473762132034,True,False,False,False,False,False,-0.04875054278767131,0.23568261093877343,-0.5683791926436955,1.1416656400881946,0.4416678260597419
TX002180,-0.8361894680048666,2023-03-31 16:18:37,0.2431906566367793,-0.9241382351113667,-0.2067936485059295,-0.740176955392174,2024-11-04 08:08:36,-0.9042581868818563,-0.3447238919479006,-0.2259336741271706,0.2048418050482517,True,True,False,True,False,False,-0.4924511351160437,-0.8546207383765094,-1.5496634070223647,1.5307395904207879,-0.028446402356390392
TX002181,0.6886070495828588,2023-10-23 18:41:35,0.6929154597814113,0.2624264847365218,-0.2067936485059295,-0.6396761038836819,2024-11-04 08:11:11,1.0335039497600775,-0.018104566823316785,-0.2259336741271706,-0.7156637661167,True,False,True,False,True,False,-1.823552912101161,0.23568261093877343,1.8848313433029775,0.7525916897556012,1.2251915400866291
TX002182,-0.9739819858950374,2023-06-06 16:36:30,-1.218414953583275,-0.8097705512706064,-0.2067936485059295,-1.256690873180122,2024-11-04 08:09:17,-0.2742009763891232,-0.269807056756522,-0.2259336741271706,0.6650945906307275,True,False,False,False,False,True,-0.4924511351160437,-0.8546207383765094,-0.07773708545436095,0.7525916897556012,-0.028446402356390392
TX002183,-0.36981215670727957,2023-09-25 16:32:45,-1.330846154369433,-0.8526584327108915,-0.2067936485059295,0.8570884081746851,2024-11-04 08:11:01,0.7694032910036535,-0.34785535964752295,-0.2259336741271706,0.6650945906307275,True,False,False,False,False,True,-0.4924511351160437,-1.399772413034151,-0.07773708545436095,0.5580547145893046,1.3818962828920065
TX002184,-0.14482869947586446,2023-09-13 16:14:04,1.9858742688222286,-1.3244251285540278,-0.2067936485059295,0.3016069178371525,2024-11-04 08:07:29,0.6564784189446363,-0.3121807881236139,-0.2259336741271706,0.2048418050482517,True,False,False,False,True,False,-0.4924511351160437,1.8711376349116977,0.4129050217349737,0.16898076425671127,-1.28208434479941
TX002185,-0.22982701794565905,2023-02-17 18:01:18,0.35562185742293734,-0.9098422746312717,-0.2067936485059295,1.1302255030925779,2024-11-04 08:10:49,-1.2984930490628626,-0.3443537506098411,-0.2259336741271706,0.6650945906307275,False,True,False,True,False,False,-0.4924511351160437,0.7808342855964149,0.4129050217349737,0.5580547145893046,0.5983725688651194
TX002186,-0.20505725403849998,2023-06-12 18:51:29,0.9177778613537274,0.4625699314578524,-0.2067936485059295,1.7129571158841823,2024-11-04 08:10:26,-0.2169141643849598,-0.35231154745326293,-0.2259336741271706,0.6650945906307275,True,False,False,False,False,False,-0.04875054278767131,-0.8546207383765094,-1.5496634070223647,-1.7763889874062553,1.2251915400866291
TX002187,0.7371530460648011,2023-04-11 16:37:54,0.41183745781601633,-1.338721089034123,-0.2067936485059295,0.0018094189601481733,2024-11-04 08:07:06,-0.8006986960030574,-0.19524484601143666,-0.2259336741271706,2.9663585185431067,True,False,False,False,False,False,2.169752418854191,-0.30946906371886795,-1.0590212998330302,-1.387315037073662,0.12825834044898704
TX002188,-0.5009582925808683,2023-04-03 16:55:21,0.5242686586021743,-0.9527301560715568,-0.2067936485059295,0.8311895102721089,2024-11-04 08:08:41,-0.8758124004124752,-0.3563218943314683,-0.2259336741271706,0.6650945906307275,True,False,False,True,False,False,-0.4924511351160437,-0.30946906371886795,1.394189236113643,-0.41463016124217866,-1.28208434479941
TX002189,-0.7283056691893152,2023-01-23 18:35:43,-1.105983752797117,0.5340497338583277,-0.2067936485059295,-0.9781386240824215,2024-11-04 08:08:58,-1.5333103235838281,-0.2634758001141917,-0.2259336741271706,-0.2554109805342242,False,False,False,False,False,True,-1.3798523197727885,-0.8546207383765094,0.4129050217349737,1.3362026152544912,-2.692427030047807
TX002190,0.5031935471408887,2023-01-16 16:15:57,0.6929154597814113,-0.8383624722307964,-0.2067936485059295,0.24322991482300982,2024-11-04 08:10:42,-1.6000493561884164,-0.2479062303233218,-0.2259336741271706,1.1253473762132034,True,False,True,False,True,False,0.3949500495407011,-0.30946906371886795,-0.5683791926436955,1.1416656400881946,-0.028446402356390392
TX002191,-0.3885179535168353,2023-04-24 16:28:14,1.2550714637122016,-0.8812503536710816,-0.2067936485059295,0.634426088438469,2024-11-04 08:10:28,-0.6785556780213902,-0.3442283198027426,-0.2259336741271706,1.1253473762132034,True,False,False,False,True,False,-0.04875054278767131,-1.399772413034151,0.4129050217349737,-0.803704111574772,-0.18515114516176784
TX002192,1.9927368322798358,2023-11-07 17:44:12,-1.162199353190196,0.24813052425642676,-0.2067936485059295,-1.279036076152199,2024-11-04 08:08:02,1.1741822869960523,13.225590148499991,-0.2259336741271706,2.045852947378155,False,False,True,False,False,True,1.282351234197446,1.3259859602540562,0.9035471289243083,-0.9982410867410686,0.5983725688651194
TX002193,-0.8277615815302316,2023-09-25 16:41:04,-1.162199353190196,-0.46666749974832533,-0.2067936485059295,0.4955525108622654,2024-11-04 08:12:04,0.7694507371029142,-0.3763022316554612,-0.2259336741271706,0.2048418050482517,False,True,False,False,False,True,-0.9361517274444162,0.7808342855964149,0.4129050217349737,1.3362026152544912,0.2849630832543645
TX002194,-0.8314273695496867,2023-02-13 16:08:58,-0.20653414650785276,2.2209730705095425,-0.2067936485059295,0.7212429068704291,2024-11-04 08:07:25,-1.3368129564235716,-0.3782998127294365,-0.2259336741271706,-0.2554109805342242,False,False,False,True,False,False,-1.3798523197727885,-0.8546207383765094,-0.07773708545436095,-1.387315037073662,-0.8119701163832775
TX002195,2.569807237884519,2023-10-16 16:32:31,-1.387061754762512,0.2767224452166169,-0.2067936485059295,-0.8267655784065191,2024-11-04 08:10:42,0.9668492536851384,0.6966907095369353,-0.2259336741271706,1.1253473762132034,True,False,True,False,False,True,-0.04875054278767131,0.7808342855964149,-0.07773708545436095,-0.6091671364084753,-0.028446402356390392
TX002196,0.3293940833773788,2023-12-04 18:11:56,-1.0497681524040379,-0.42377961830804023,-0.2067936485059295,-0.8577181074115581,2024-11-04 08:06:52,1.4282293784903206,0.04510920240968996,-0.2259336741271706,0.6650945906307275,True,False,True,False,False,True,0.3949500495407011,0.23568261093877343,0.9035471289243083,-0.22009318607588202,1.3818962828920065
TX002197,-0.8176207099997764,2023-01-16 16:16:42,-0.8249057508317219,-1.338721089034123,-0.2067936485059295,-0.13802565616218612,2024-11-04 08:08:38,-1.6000309653838864,-0.3666071916376504,-0.2259336741271706,-0.2554109805342242,True,False,True,True,False,False,-1.3798523197727885,0.7808342855964149,-0.5683791926436955,-0.025556210909585365,0.7550773116704967
TX002198,0.7467800220785105,2023-01-02 17:26:34,-0.9935525520109589,-0.9098422746312717,-0.2067936485059295,1.0654333884506513,2024-11-04 08:06:54,-1.7311937480062032,-0.2826487166366042,-0.2259336741271706,0.6650945906307275,True,False,False,True,False,False,-0.4924511351160437,-0.30946906371886795,0.4129050217349737,-1.387315037073662,-0.8119701163832775
TX002199,0.11838858420145577,2023-10-16 17:12:32,0.8053466605675694,-0.20934021110661458,-0.2067936485059295,1.1884512304927954,2024-11-04 08:07:16,0.9671329508887455,-0.32498196883364533,-0.2259336741271706,2.5061057329606307,True,False,False,False,False,False,1.282351234197446,-0.30946906371886795,-1.0590212998330302,-0.025556210909585365,-1.5954938304101647
TX002200,-0.4099302667145869,2023-09-26 16:08:25,-1.443277355155591,0.7627851015398482,-0.2067936485059295,-1.2797052784443061,2024-11-04 08:11:29,0.7786435276560052,2.4218566040378615,-0.2259336741271706,-0.7156637661167,True,False,True,False,False,True,-1.823552912101161,-0.8546207383765094,-0.07773708545436095,0.7525916897556012,-0.6552653735779002
TX002201,-0.7842517611124005,2023-09-18 16:15:19,0.2431906566367793,0.30531436617680696,-0.2067936485059295,-0.10148105742885084,2024-11-04 08:06:27,0.7035041414130426,-0.3633167302022554,-0.2259336741271706,2.5061057329606307,True,False,True,True,False,False,1.7260518265258185,0.7808342855964149,-0.07773708545436095,0.16898076425671127,-0.968674859188655
TX002202,3.8848658652376287,2023-12-11 16:23:59,-1.387061754762512,-0.5095553811886104,-0.2067936485059295,-1.010809028703214,2024-11-04 08:08:41,1.4933278207452425,2.005757214203528,-0.2259336741271706,1.1253473762132034,True,False,True,False,False,True,0.3949500495407011,-0.8546207383765094,0.4129050217349737,-1.387315037073662,-2.692427030047807
TX002203,-0.19721178248284385,2023-02-27 17:25:09,-0.6562589496524849,-1.2672412866336478,-0.2067936485059295,0.690592929093239,2024-11-04 08:09:41,-1.2047000547814264,-0.3315170057183621,-0.2259336741271706,1.5856001617956792,True,False,True,True,False,False,0.3949500495407011,-1.399772413034151,0.9035471289243083,-2.554536888071442,0.2849630832543645
TX002204,-0.44281957978633324,2023-06-27 18:14:30,1.0864246625329645,1.7206144537062162,-0.2067936485059295,0.6073349335786908,2024-11-04 08:11:10,-0.07612798521236258,-0.3477159333736336,-0.2259336741271706,0.2048418050482517,True,False,False,False,True,False,-0.04875054278767131,0.7808342855964149,-1.0590212998330302,1.1416656400881946,-0.6552653735779002
TX002205,0.607000441523588,2023-10-06 18:26:45,0.07454385545754227,2.349636714830398,-0.2067936485059295,0.866687999675254,2024-11-04 08:06:24,0.8736015630812147,-0.2821150155196107,-0.2259336741271706,2.045852947378155,True,False,True,True,False,False,0.8386506418690736,0.23568261093877343,-1.5496634070223647,0.9471286649218978,0.2849630832543645
TX002206,0.5279633110480475,2023-03-01 16:56:01,-0.8811213512248008,-0.23793213206680466,-0.2067936485059295,0.9949235684010675,2024-11-04 08:10:51,-1.1860935663782277,-0.29325754299580387,-0.2259336741271706,-0.2554109805342242,True,False,True,True,False,False,-1.3798523197727885,0.23568261093877343,-0.5683791926436955,-0.6091671364084753,0.12825834044898704
TX002207,-0.1841245766563781,2023-12-20 16:41:44,-0.31896534729401077,-1.0956897608725071,-0.2067936485059295,-0.1378205366856782,2024-11-04 08:08:53,1.5780618747077406,-0.2872554155031755,-0.2259336741271706,1.1253473762132034,True,True,False,True,False,False,0.8386506418690736,-0.8546207383765094,0.4129050217349737,-1.5818520122399586,0.9117820544758742
TX002208,-0.9998138005368049,2023-08-28 17:13:52,-0.3751809476870898,0.6341214572189929,-0.2067936485059295,0.19114238775729023,2024-11-04 08:09:21,0.506422077254328,-0.3899755543698071,-0.2259336741271706,1.1253473762132034,True,True,False,True,False,False,0.3949500495407011,0.23568261093877343,0.4129050217349737,1.1416656400881946,0.5983725688651194
TX002209,0.4710236877925866,2023-07-24 16:01:27,0.5804842589952534,-0.5953311440691808,-0.2067936485059295,-0.7719909861985461,2024-11-04 08:11:15,0.17686114532545472,0.01426950656908637,-0.2259336741271706,1.5856001617956792,True,False,True,True,False,False,0.8386506418690736,-0.30946906371886795,-2.0403055142116995,0.9471286649218978,-0.3418558879671453
TX002210,-0.5817769275144618,2023-04-25 16:41:32,-1.387061754762512,0.7198972200995631,-0.2067936485059295,-1.0429409946981734,2024-11-04 08:10:26,-0.6690664581692483,-0.1522892292830577,-0.2259336741271706,0.2048418050482517,True,False,False,False,False,True,-0.9361517274444162,-1.9449240876917921,0.4129050217349737,-0.41463016124217866,0.7550773116704967
TX002211,-0.9402704399964974,2023-11-15 17:23:40,0.1307594558506213,-0.38089173686775507,-0.2067936485059295,1.3902580274550733,2024-11-04 08:09:21,1.24925692454851,-0.38759218176659505,-0.2259336741271706,0.6650945906307275,False,False,True,False,False,False,-0.04875054278767131,-1.399772413034151,-2.0403055142116995,0.5580547145893046,0.2849630832543645
TX002212,0.8505869164612098,2023-01-02 16:31:28,-0.9935525520109589,-1.1242816818326973,-0.2067936485059295,-0.06520055002151963,2024-11-04 08:09:44,-1.7315720109443458,-0.17128982838444587,-0.2259336741271706,1.5856001617956792,True,True,False,True,False,False,0.3949500495407011,-0.8546207383765094,-1.0590212998330302,3.6706463172500507,0.7550773116704967
TX002213,-0.9468825623119631,2023-12-04 16:20:16,0.5804842589952534,-1.1814655237530776,-0.2067936485059295,1.1438274883785065,2024-11-04 08:07:18,1.4274974462342942,-0.38755513580832324,-0.2259336741271706,1.5856001617956792,True,False,True,True,False,False,0.8386506418690736,-1.399772413034151,0.4129050217349737,-0.9982410867410686,-0.6552653735779002
TX002214,0.43145373300314166,2023-08-10 17:08:52,0.2994062570298583,-0.5524432626288956,-0.2067936485059295,0.08694425768474362,2024-11-04 08:07:23,0.33716334156551897,-0.23935625099956848,-0.2259336741271706,0.6650945906307275,False,True,False,False,False,False,-0.4924511351160437,-0.30946906371886795,0.9035471289243083,0.9471286649218978,0.2849630832543645
TX002215,-0.5327170355157734,2023-06-08 17:08:06,-1.49949295554867,-0.15215636918623443,-0.2067936485059295,-0.915002849213296,2024-11-04 08:11:56,-0.25520762816282405,-0.21140512651596688,-0.2259336741271706,0.2048418050482517,False,False,True,False,False,True,-0.9361517274444162,0.23568261093877343,-0.5683791926436955,-0.803704111574772,-0.3418558879671453
TX002216,3.822170612194612,2023-11-06 18:59:24,0.7491310601744904,1.1344800740223193,-0.2067936485059295,0.5532346716497376,2024-11-04 08:11:26,1.165248926490295,-0.01015808072887806,-0.2259336741271706,0.2048418050482517,True,False,False,True,False,False,-0.9361517274444162,0.23568261093877343,1.8848313433029775,-0.803704111574772,-0.18515114516176784
TX002217,-0.6284729001361183,2023-02-21 16:47:54,-1.443277355155591,-0.9670261165516518,-0.2067936485059295,-0.8978856288987135,2024-11-04 08:08:38,-1.2613493914427705,-0.2529081564703169,-0.2259336741271706,-0.2554109805342242,True,False,False,False,False,True,-0.4924511351160437,-0.30946906371886795,1.8848313433029775,1.1416656400881946,0.2849630832543645
TX002218,-0.07404815696937685,2023-12-15 16:04:20,1.5361494656775965,-0.7525867093502262,-0.2067936485059295,0.2658212611668966,2024-11-04 08:07:16,1.5308174213688892,-0.30377447628132626,-0.2259336741271706,1.1253473762132034,False,False,True,False,True,False,-0.04875054278767131,1.8711376349116977,0.4129050217349737,-0.41463016124217866,-1.7521985732155423
TX002219,1.0041046371638092,2023-09-25 16:56:21,-0.9935525520109589,-1.3816089704744081,-0.2067936485059295,-1.0928004114503262,2024-11-04 08:09:15,0.7695689170657517,0.9682122488782754,-0.2259336741271706,1.5856001617956792,True,True,False,False,False,True,0.3949500495407011,-0.8546207383765094,0.4129050217349737,-0.6091671364084753,-1.7521985732155423
TX002220,-0.49736102396364607,2023-10-23 16:45:37,-0.15031854611477377,0.8056729829801335,-0.2067936485059295,1.0326450401308669,2024-11-04 08:12:18,1.0327394799268057,-0.35915431699854217,-0.2259336741271706,0.6650945906307275,True,False,False,False,False,False,0.3949500495407011,0.23568261093877343,-1.5496634070223647,0.16898076425671127,-0.028446402356390392
TX002221,0.3363488027040084,2023-02-27 16:24:11,-0.09410294572169475,-0.02349272486537904,-0.2067936485059295,0.336315697255742,2024-11-04 08:08:17,-1.20508898220977,-0.2709272001157598,-0.2259336741271706,1.1253473762132034,False,True,False,False,False,False,0.8386506418690736,1.3259859602540562,-1.0590212998330302,-0.9982410867410686,-2.0656080588262973
TX002222,1.0879723854967625,2023-02-06 16:40:27,-1.0497681524040379,0.2910184056967119,-0.2067936485059295,-1.25627807023365,2024-11-04 08:06:37,-1.4024173090350602,5.213338062594055,-0.2259336741271706,2.045852947378155,True,False,True,False,False,True,2.169752418854191,-0.30946906371886795,0.9035471289243083,-1.387315037073662,0.2849630832543645
TX002223,-0.30756227977877626,2023-02-28 16:34:45,-1.443277355155591,-1.2815372471137427,-0.2067936485059295,-1.2525833556630517,2024-11-04 08:07:02,-1.1956096650985288,1.383088523702181,-0.2259336741271706,0.6650945906307275,False,False,True,False,False,True,-0.4924511351160437,-0.30946906371886795,0.9035471289243083,-0.22009318607588202,-0.6552653735779002
TX002224,-0.26405245936094507,2023-06-07 16:07:22,0.6929154597814113,0.4625699314578524,-0.2067936485059295,-0.8515568311359526,2024-11-04 08:07:19,-0.2649761923654298,-0.1504275089398698,-0.2259336741271706,1.5856001617956792,True,False,False,False,True,False,0.3949500495407011,-1.399772413034151,1.394189236113643,0.16898076425671127,0.2849630832543645
TX002225,-0.05523958105647185,2023-08-18 17:02:15,-0.6000433492594058,0.319610326656902,-0.2067936485059295,-0.1735369655326128,2024-11-04 08:11:13,0.4123124129067251,-0.2673192347672024,-0.2259336741271706,0.6650945906307275,True,False,False,True,False,False,-0.4924511351160437,1.3259859602540562,-0.5683791926436955,-0.22009318607588202,1.2251915400866291
TX002226,-0.8211494592147659,2023-11-28 16:45:08,0.7491310601744904,-0.32370789494737495,-0.2067936485059295,-0.3777385323831196,2024-11-04 08:07:03,1.3712484632407944,-0.3606684734969813,-0.2259336741271706,1.1253473762132034,False,True,False,True,False,False,0.3949500495407011,0.7808342855964149,-1.0590212998330302,-2.554536888071442,-0.968674859188655
TX002227,-0.9151238193770579,2023-12-04 16:27:11,-0.7124745500455638,-0.5953311440691808,-0.2067936485059295,1.6326348928771528,2024-11-04 08:07:38,1.427540430659083,-0.38669153813084506,-0.2259336741271706,0.2048418050482517,False,True,False,False,False,False,-0.9361517274444162,-0.30946906371886795,1.8848313433029775,-0.41463016124217866,0.2849630832543645
TX002228,2.9291572428944646,2023-09-13 17:58:16,1.1426402629260435,0.8628568249005136,-0.2067936485059295,0.6289135025073197,2024-11-04 08:11:45,0.6571309116307996,-0.092710522082753,-0.2259336741271706,1.5856001617956792,True,True,False,False,True,False,0.3949500495407011,0.23568261093877343,0.4129050217349737,-0.803704111574772,-0.028446402356390392
TX002229,0.5327254095032274,2023-06-05 16:24:22,0.1869750562437003,-0.32370789494737495,-0.2067936485059295,0.40878953629288856,2024-11-04 08:08:12,-0.2836752877192497,-0.2592402690362796,-0.2259336741271706,1.5856001617956792,True,True,False,False,False,False,0.8386506418690736,0.23568261093877343,-1.0590212998330302,0.7525916897556012,-0.028446402356390392
TX002230,0.4346741449080837,2023-02-27 16:05:35,-1.274630553976354,-0.052084645825569126,-0.2067936485059295,0.09672589272071327,2024-11-04 08:08:43,-1.2052132561670077,-0.240079604991547,-0.2259336741271706,2.045852947378155,True,False,True,False,False,True,0.8386506418690736,0.7808342855964149,0.9035471289243083,-0.41463016124217866,1.3818962828920065
TX002231,-0.2370558148812199,2023-01-05 16:22:12,1.2550714637122016,-0.052084645825569126,-0.2067936485059295,1.1497272373215643,2024-11-04 08:09:36,-1.7034251566645728,-0.34516235802197126,-0.2259336741271706,0.6650945906307275,True,False,False,False,False,False,-0.4924511351160437,2.416289309569339,-1.5496634070223647,0.7525916897556012,0.9117820544758742
TX002232,-0.7894249759809772,2023-07-03 18:03:48,1.0302090621398854,-1.0242099584720321,-0.2067936485059295,2.383523452509917,2024-11-04 08:08:55,-0.019770180890283283,-0.38274958216998034,-0.2259336741271706,-0.2554109805342242,True,False,True,False,False,False,-0.4924511351160437,-0.30946906371886795,1.8848313433029775,-0.9982410867410686,0.2849630832543645
TX002233,-0.04352276327466234,2023-12-18 17:53:03,0.4680530582090954,-0.06638060630566417,-0.2067936485059295,1.1856667335992013,2024-11-04 08:06:51,1.5597364717962632,-0.3344403099842468,-0.2259336741271706,0.6650945906307275,True,False,True,False,False,False,-0.4924511351160437,0.7808342855964149,-0.5683791926436955,0.5580547145893046,0.2849630832543645
TX002234,-0.6129189958292717,2023-02-13 18:36:21,-0.6562589496524849,2.5211882405915387,-0.2067936485059295,-1.119173648142327,2024-11-04 08:10:00,-1.335867516720872,-0.08114187614120041,-0.2259336741271706,-0.2554109805342242,True,False,True,False,False,False,-1.3798523197727885,0.23568261093877343,1.8848313433029775,-0.22009318607588202,0.9117820544758742
TX002235,-0.2612774235705165,2023-10-18 18:17:05,-0.9935525520109589,2.2352690309896377,-0.2067936485059295,-1.0073604575044253,2024-11-04 08:09:51,0.9863418741669608,-0.025406751203103865,-0.2259336741271706,1.5856001617956792,True,False,False,False,False,True,0.8386506418690736,0.7808342855964149,1.8848313433029775,1.1416656400881946,-1.28208434479941
TX002236,-0.1551408695119016,2023-03-29 16:10:33,-1.0497681524040379,0.7484891410597533,-0.2067936485059295,-0.9050135307073625,2024-11-04 08:12:07,-0.9231381432837755,-0.07928678041881747,-0.2259336741271706,0.2048418050482517,False,False,False,False,False,True,-0.9361517274444162,0.7808342855964149,0.4129050217349737,-0.6091671364084753,0.2849630832543645
TX002237,-0.8179290473098241,2023-05-15 17:15:25,1.4799338652845175,-0.06638060630566417,-0.2067936485059295,-0.8524003849830912,2024-11-04 08:06:34,-0.4807767220744516,-0.32734470491054024,-0.2259336741271706,0.6650945906307275,False,False,True,False,True,False,-0.4924511351160437,-0.30946906371886795,0.9035471289243083,-1.1927780619073654,-0.6552653735779002
TX002238,-0.3525795270457291,2023-04-24 16:32:48,-0.7124745500455638,0.648417417699088,-0.2067936485059295,2.4049943337133795,2024-11-04 08:11:54,-0.6785352196116172,-0.3655204022271939,-0.2259336741271706,0.6650945906307275,True,False,True,False,False,False,-0.4924511351160437,-0.30946906371886795,-1.5496634070223647,0.9471286649218978,0.5983725688651194
TX002239,0.4657134341195442,2023-10-19 17:06:57,-0.3751809476870898,1.5919508093853607,-0.2067936485059295,0.32152914699298024,2024-11-04 08:09:08,0.995290796122705,-0.2581848077260986,-0.2259336741271706,-0.2554109805342242,True,True,False,False,False,False,-0.9361517274444162,1.8711376349116977,2.3754734504923123,-0.803704111574772,1.2251915400866291
TX002240,-0.40883395627886204,2023-10-16 16:55:59,0.8053466605675694,-0.8669543931909865,-0.2067936485059295,-1.0197445458985885,2024-11-04 08:08:51,0.9670145532832508,-0.08419935789843795,-0.2259336741271706,1.1253473762132034,True,False,False,False,True,False,0.3949500495407011,-0.30946906371886795,-2.0403055142116995,-0.025556210909585365,1.3818962828920065
TX002241,-0.3081446946977551,2023-09-11 16:52:21,-0.6000433492594058,-0.3094119344672799,-0.2067936485059295,0.007563020276194329,2024-11-04 08:09:29,0.6379109973983977,-0.31261265145512285,-0.2259336741271706,-0.2554109805342242,True,False,True,True,False,False,-0.4924511351160437,-0.8546207383765094,0.9035471289243083,1.5307395904207879,-0.3418558879671453
TX002242,-0.2075924719211138,2023-02-10 16:50:10,0.2431906566367793,-0.06638060630566417,-0.2067936485059295,2.2837738510841348,2024-11-04 08:08:13,-1.3647556618909293,-0.3587015362146898,-0.2259336741271706,1.5856001617956792,True,False,True,False,False,False,0.3949500495407011,0.23568261093877343,-1.5496634070223647,-0.9982410867410686,1.2251915400866291
TX002243,2.987432994493465,2023-12-25 17:12:21,-0.9373369516178799,-0.08067656678575921,-0.2067936485059295,0.21336195505000627,2024-11-04 08:11:33,1.6252551820221597,-0.005558777806449558,-0.2259336741271706,-0.7156637661167,True,False,True,False,False,True,-1.823552912101161,1.3259859602540562,-1.0590212998330302,-0.22009318607588202,-0.18515114516176784
TX002244,0.1714226015296469,2023-12-13 16:41:13,-1.105983752797117,2.1780851890692574,-0.2067936485059295,-0.9523345939377302,2024-11-04 08:08:39,1.5122448852202075,0.09555710244136939,-0.2259336741271706,0.6650945906307275,False,False,True,False,False,True,-0.4924511351160437,-0.30946906371886795,2.3754734504923123,0.9471286649218978,0.12825834044898704
TX002245,0.754008819014071,2023-04-05 17:52:24,-0.7686901504386429,-1.367313009994313,-0.2067936485059295,1.5874983520715937,2024-11-04 08:08:06,-0.8566317706796905,-0.3019573075309075,-0.2259336741271706,1.1253473762132034,True,False,False,False,False,False,0.3949500495407011,-0.30946906371886795,-1.5496634070223647,1.5307395904207879,0.9117820544758742
TX002246,-0.8953559718328937,2023-11-27 18:28:57,0.41183745781601633,-0.6239230650293708,-0.2067936485059295,-1.2618034761320809,2024-11-04 08:10:09,1.3625039077401229,-0.024922186807551757,-0.2259336741271706,2.5061057329606307,True,True,False,False,False,False,1.282351234197446,-0.30946906371886795,0.4129050217349737,0.16898076425671127,1.2251915400866291
TX002247,-0.860136999085232,2023-06-22 17:27:50,-0.15031854611477377,-1.2243534051933627,-0.2067936485059295,-0.1656808895823609,2024-11-04 08:07:22,-0.12341868761586029,-0.37145198997153445,-0.2259336741271706,0.6650945906307275,True,False,False,True,False,False,-0.04875054278767131,0.7808342855964149,-0.07773708545436095,-1.5818520122399586,-0.3418558879671453
TX002248,-0.30876136931785036,2023-10-02 18:57:19,0.4680530582090954,-1.5388645357554536,-0.2067936485059295,-0.8782710789576476,2024-11-04 08:07:01,0.8361884638515594,-0.15071061417900233,-0.2259336741271706,-0.2554109805342242,True,False,False,False,False,False,-0.4924511351160437,0.23568261093877343,0.4129050217349737,-0.9982410867410686,0.7550773116704967
TX002249,-0.3353811570852951,2023-04-03 18:41:57,-0.09410294572169475,2.363932675310493,-0.2067936485059295,0.6307800897435414,2024-11-04 08:08:58,-0.8751182291574658,-0.3401164830034244,-0.2259336741271706,-0.2554109805342242,True,False,False,True,False,False,-1.3798523197727885,0.23568261093877343,-1.0590212998330302,0.16898076425671127,-0.18515114516176784
TX002250,0.03527454929306338,2023-07-10 16:34:43,0.9739934617468065,-0.42377961830804023,-0.2067936485059295,-0.6350378397211475,2024-11-04 08:11:34,0.0454460060421619,-0.16265833838360857,-0.2259336741271706,0.2048418050482517,False,False,True,False,True,False,-0.9361517274444162,-1.399772413034151,-0.5683791926436955,-0.41463016124217866,-0.6552653735779002
TX002251,0.36327692778150084,2023-06-08 16:56:16,-0.7686901504386429,0.677009338659278,3.1124756489183207,-0.4641553678358893,2024-11-04 08:07:58,-0.25525899182991363,-0.15197628576582842,4.426077714458506,0.2048418050482517,True,True,False,True,False,False,-0.4924511351160437,1.8711376349116977,-0.5683791926436955,0.5580547145893046,-0.6552653735779002
TX002252,-0.9508224279403493,2023-04-19 16:41:27,-0.9935525520109589,0.34820224761709206,-0.2067936485059295,-1.1971523811302536,2024-11-04 08:10:01,-0.7254772584783459,-0.3035847598398335,-0.2259336741271706,0.6650945906307275,True,False,False,False,False,True,-0.04875054278767131,0.23568261093877343,-1.5496634070223647,-0.6091671364084753,0.5983725688651194
TX002253,-0.20906563906911912,2023-09-01 17:51:34,1.9296586684291497,-0.1092684877459493,-0.2067936485059295,-0.41678558872985083,2024-11-04 08:06:31,0.5442953818825463,-0.25872661250324297,-0.2259336741271706,1.5856001617956792,True,False,False,False,True,False,0.3949500495407011,-1.399772413034151,2.3754734504923123,-1.5818520122399586,-0.968674859188655
TX002254,-1.0184510779441278,2023-08-04 17:44:36,-0.31896534729401077,0.23383456377633172,-0.2067936485059295,0.5241512938743765,2024-11-04 08:09:57,0.28096691927372325,-0.3918185651831381,-0.2259336741271706,0.6650945906307275,True,False,False,True,False,False,-0.04875054278767131,1.8711376349116977,2.3754734504923123,0.16898076425671127,0.2849630832543645
TX002255,-0.9706245351856301,2023-09-15 17:03:44,-1.218414953583275,-0.5524432626288956,-0.2067936485059295,-0.9017034151552165,2024-11-04 08:07:23,0.6756076850103314,-0.3743559255043451,-0.2259336741271706,1.1253473762132034,True,False,False,False,False,True,-0.04875054278767131,-0.8546207383765094,3.847399772060316,0.16898076425671127,-0.6552653735779002
TX002256,-0.22352323294024098,2023-05-12 16:14:22,-0.6562589496524849,0.47686589193794743,-0.2067936485059295,-0.23795217313645595,2024-11-04 08:08:22,-0.5093935756723599,-0.28289064747683595,-0.2259336741271706,1.1253473762132034,False,True,False,True,False,False,-0.04875054278767131,-0.30946906371886795,0.4129050217349737,-0.025556210909585365,0.2849630832543645
TX002257,0.06830090116927533,2023-02-24 18:25:34,-0.03788734532861574,-0.22363617158670962,-0.2067936485059295,0.2880331364792436,2024-11-04 08:06:39,-1.2324922603513584,-0.29191387524081225,-0.2259336741271706,0.2048418050482517,True,False,True,True,False,False,-0.9361517274444162,0.23568261093877343,-0.07773708545436095,1.1416656400881946,0.7550773116704967
TX002258,-0.7637302001436753,2023-05-15 17:37:32,-0.09410294572169475,2.335340754350303,-0.2067936485059295,-0.42689285093477664,2024-11-04 08:11:01,-0.48066137146615723,-0.3493897895989165,-0.2259336741271706,0.6650945906307275,True,False,False,True,False,False,-0.04875054278767131,0.23568261093877343,-0.5683791926436955,0.16898076425671127,-0.18515114516176784
TX002259,-0.7968250714221202,2023-10-24 17:28:18,-0.8811213512248008,-0.7525867093502262,-0.2067936485059295,1.3129920846480112,2024-11-04 08:09:26,1.042439051407092,-0.37942917225033435,-0.2259336741271706,0.6650945906307275,False,False,True,False,False,False,-0.4924511351160437,2.416289309569339,-1.5496634070223647,0.9471286649218978,-0.028446402356390392
TX002260,-1.0180057018296147,2023-07-26 17:29:24,-0.6000433492594058,0.7484891410597533,-0.2067936485059295,0.9117373647032968,2024-11-04 08:10:09,0.19624690326261196,-0.39180441925186305,-0.2259336741271706,0.6650945906307275,True,True,False,True,False,False,-0.4924511351160437,1.3259859602540562,0.4129050217349737,-0.22009318607588202,0.2849630832543645
TX002261,0.22795110837171098,2023-02-03 16:06:00,1.0302090621398854,-0.8383624722307964,-0.2067936485059295,0.790657901714152,2024-11-04 08:10:23,-1.430873324709328,-0.3046552676294857,-0.2259336741271706,1.5856001617956792,True,False,False,False,False,False,0.8386506418690736,-1.399772413034151,-0.5683791926436955,1.1416656400881946,1.6953057685027615
TX002262,0.14572782569234502,2023-02-06 17:23:52,-1.162199353190196,-1.2529453261535526,3.1124756489183207,-1.016511350150133,2024-11-04 08:11:48,-1.4021676729072987,0.18878195469069173,4.426077714458506,1.5856001617956792,True,True,False,False,False,True,0.3949500495407011,2.416289309569339,-0.07773708545436095,-0.22009318607588202,0.2849630832543645
TX002263,-0.9653828009148204,2023-03-02 18:36:55,1.3675026644983594,-1.5531604962355485,4.772110297630446,0.8385661194460237,2024-11-04 08:12:06,-1.176040760865372,-0.38820246630187155,4.426077714458506,1.5856001617956792,True,True,False,False,False,False,1.282351234197446,0.23568261093877343,-1.0590212998330302,0.16898076425671127,1.3818962828920065
TX002264,-0.25672088332203497,2023-06-28 16:05:19,-0.31896534729401077,-0.4523715392682303,-0.2067936485059295,2.3978664319047303,2024-11-04 08:10:50,-0.06756712011433334,-0.36167014091997707,-0.2259336741271706,1.5856001617956792,True,False,True,False,False,False,0.3949500495407011,-0.8546207383765094,1.394189236113643,0.9471286649218978,0.5983725688651194
TX002265,1.1670437756734195,2023-03-09 18:04:32,0.1869750562437003,-0.7954745907905113,-0.2067936485059295,0.1490903310797185,2024-11-04 08:11:49,-1.110435211219269,-0.17180135861676085,-0.2259336741271706,1.1253473762132034,True,True,False,True,False,False,-0.04875054278767131,0.23568261093877343,-0.5683791926436955,0.3635177394230079,-0.6552653735779002
TX002266,-0.19316913775110833,2023-09-25 16:37:04,-0.7686901504386429,-0.16645232966632947,-0.2067936485059295,-0.9982762286885827,2024-11-04 08:09:16,0.7694429019672565,-0.004069382935190543,-0.2259336741271706,0.2048418050482517,True,False,False,True,False,False,-0.4924511351160437,1.3259859602540562,-0.5683791926436955,-0.6091671364084753,0.9117820544758742
TX002267,-0.4331583440715078,2023-09-28 16:33:08,0.35562185742293734,-1.1099857213526023,-0.2067936485059295,0.259526657231561,2024-11-04 08:11:02,0.7976121734407168,-0.3370288730409265,-0.2259336741271706,2.5061057329606307,True,False,True,False,True,False,1.282351234197446,-1.9449240876917921,2.3754734504923123,0.16898076425671127,-0.18515114516176784
TX002268,3.6420673634256846,2023-04-19 16:38:41,-0.8811213512248008,-0.02349272486537904,-0.2067936485059295,-0.5775787463643777,2024-11-04 08:06:27,-0.725472035054574,0.5419066454570312,-0.2259336741271706,0.6650945906307275,True,True,False,True,False,False,-0.4924511351160437,-0.30946906371886795,0.4129050217349737,-0.803704111574772,-0.028446402356390392
TX002269,-0.8905596136765974,2023-09-25 17:29:01,-0.9935525520109589,-0.15215636918623443,-0.2067936485059295,-1.2057238112548267,2024-11-04 08:11:02,0.7697705629876097,-0.2127131011733263,-0.2259336741271706,1.1253473762132034,False,False,True,False,False,True,-0.04875054278767131,1.3259859602540562,-1.0590212998330302,0.5580547145893046,-0.028446402356390392
TX002270,-0.9312601386028836,2023-10-02 16:32:31,1.3112870641052805,-1.4530887728748834,-0.2067936485059295,-0.20069991220916866,2024-11-04 08:06:40,0.83524530939676,-0.38022087647959146,-0.2259336741271706,0.2048418050482517,True,False,True,False,True,False,-0.9361517274444162,0.7808342855964149,-1.0590212998330302,0.16898076425671127,0.5983725688651194
TX002271,1.6862838057936156,2023-07-10 16:04:39,-0.2627497469009318,-0.36659577638766006,-0.2067936485059295,2.2649772150556444,2024-11-04 08:07:32,0.045276027126920554,-0.28067005192223776,-0.2259336741271706,1.5856001617956792,True,False,False,False,False,False,0.8386506418690736,0.23568261093877343,-1.0590212998330302,0.9471286649218978,0.12825834044898704
TX002272,0.03856348060023814,2023-11-29 18:03:46,-1.387061754762512,-1.2386493656734576,1.4528410002061958,-1.2258742358282697,2024-11-04 08:08:15,1.3811562099226535,1.4237327102223245,4.426077714458506,1.1253473762132034,False,True,False,False,False,True,-0.04875054278767131,-1.399772413034151,0.4129050217349737,-0.025556210909585365,1.5386010256973839
TX002273,3.9635946584031214,2023-09-22 16:13:06,-0.9935525520109589,-1.4244968519146932,-0.2067936485059295,-1.0064374198601398,2024-11-04 08:07:18,0.7410927694456968,2.0093423939609,-0.2259336741271706,0.2048418050482517,True,False,False,False,False,True,-0.9361517274444162,-0.8546207383765094,-0.5683791926436955,0.7525916897556012,0.7550773116704967
TX002274,1.7451077126104788,2023-03-07 17:48:05,-1.105983752797117,-1.5531604962355485,-0.2067936485059295,-1.2850999206764635,2024-11-04 08:08:53,-1.1293277908953034,14.970281071658968,-0.2259336741271706,1.1253473762132034,True,False,True,False,False,True,-0.04875054278767131,-1.399772413034151,-0.07773708545436095,1.3362026152544912,0.2849630832543645
TX002275,0.23028076804762637,2023-06-26 17:34:00,-1.105983752797117,-0.9527301560715568,-0.2067936485059295,-1.0176677111989463,2024-11-04 08:07:19,-0.08576944610318733,0.23336756966265135,-0.2259336741271706,0.6650945906307275,True,False,True,False,False,True,-0.4924511351160437,0.7808342855964149,-0.5683791926436955,-1.387315037073662,1.3818962828920065
TX002276,0.6619872618154141,2023-06-01 18:04:35,-1.0497681524040379,-0.08067656678575921,-0.2067936485059295,0.9204651984287073,2024-11-04 08:09:41,-0.3206392813258569,-0.28113810387445076,-0.2259336741271706,1.5856001617956792,True,False,False,True,False,False,0.3949500495407011,1.8711376349116977,-0.5683791926436955,-0.22009318607588202,0.2849630832543645
TX002277,2.4796699642472646,2023-01-27 18:59:43,0.9177778613537274,0.07657899849528625,-0.2067936485059295,0.28433585791518906,2024-11-04 08:08:46,-1.4955436638576178,-0.06952125163136516,-0.2259336741271706,2.5061057329606307,True,True,False,False,False,False,1.282351234197446,0.23568261093877343,0.9035471289243083,1.3362026152544912,0.5983725688651194
TX002278,0.046888587971523774,2023-05-22 16:41:12,0.2431906566367793,1.1201841135422244,-0.2067936485059295,-1.276443878767831,2024-11-04 08:09:13,-0.41520229532832237,4.0732105728524735,-0.2259336741271706,2.045852947378155,True,True,False,False,False,False,1.282351234197446,1.3259859602540562,0.4129050217349737,-0.9982410867410686,0.2849630832543645
TX002279,-0.7282371497870824,2023-04-10 16:52:51,0.35562185742293734,-1.0242099584720321,-0.2067936485059295,-0.1324899942899297,2024-11-04 08:06:59,-0.8100024843112996,-0.3555797745115877,-0.2259336741271706,-0.2554109805342242,True,False,False,False,True,False,-0.9361517274444162,-0.8546207383765094,-0.5683791926436955,-0.803704111574772,-0.028446402356390392
TX002280,0.03479491347743379,2023-04-12 17:54:47,1.0864246625329645,-0.8097705512706064,-0.2067936485059295,-1.0391155164613015,2024-11-04 08:10:03,-0.7908138018002001,0.1770930043942738,-0.2259336741271706,0.6650945906307275,True,True,False,False,False,False,-0.04875054278767131,-1.399772413034151,0.4129050217349737,-0.22009318607588202,0.5983725688651194
TX002281,0.12359605877114908,2023-07-06 18:09:06,-0.4876121484732478,-0.7382907488701311,-0.2067936485059295,1.0573337331220463,2024-11-04 08:08:44,0.008472109694653986,-0.3209545112595945,-0.2259336741271706,-0.2554109805342242,True,False,True,True,False,False,-1.3798523197727885,-0.30946906371886795,-1.5496634070223647,-0.6091671364084753,1.6953057685027615
TX002282,1.0013981207756135,2023-10-20 16:29:44,0.6366998593883324,1.33462352074365,3.1124756489183207,1.1000370441375302,2024-11-04 08:12:03,1.0044309171527634,-0.2686928124188066,4.426077714458506,2.5061057329606307,True,True,False,True,False,False,2.169752418854191,-1.9449240876917921,-0.5683791926436955,1.3362026152544912,0.12825834044898704
TX002283,0.2551875707592509,2023-03-06 16:37:23,1.1988558633191224,-0.8097705512706064,-0.2067936485059295,2.1066890790279698,2024-11-04 08:12:15,-1.1392135556687895,-0.33707553904305676,-0.2259336741271706,-0.7156637661167,True,True,False,False,False,False,-1.3798523197727885,-0.30946906371886795,-2.0403055142116995,-0.41463016124217866,0.5983725688651194
TX002284,0.7033729807640282,2023-09-18 17:13:32,-1.0497681524040379,0.30531436617680696,-0.2067936485059295,-1.223810221095909,2024-11-04 08:08:40,0.7038697810770702,2.4949570359591773,-0.2259336741271706,2.045852947378155,False,False,True,False,False,True,1.282351234197446,0.7808342855964149,-0.07773708545436095,1.1416656400881946,0.12825834044898704
TX002285,-0.6638974310904785,2023-09-27 16:39:38,-0.4876121484732478,-1.2243534051933627,-0.2067936485059295,0.49493458843928545,2024-11-04 08:11:54,0.7882467922604985,-0.3629599628081337,-0.2259336741271706,0.6650945906307275,True,False,False,False,False,False,-0.4924511351160437,-0.30946906371886795,-0.5683791926436955,-0.803704111574772,1.3818962828920065
TX002286,-0.7816822835286702,2023-02-06 17:38:53,-0.8249057508317219,0.6055295362588028,-0.2067936485059295,1.0685563324804837,2024-11-04 08:08:31,-1.4020481870885182,-0.3772123345329834,-0.2259336741271706,0.6650945906307275,True,False,False,True,False,False,-0.04875054278767131,-0.8546207383765094,-1.0590212998330302,-0.025556210909585365,-0.6552653735779002
TX002287,-0.6413202880547693,2023-09-21 16:52:18,0.6366998593883324,-0.8240665117507014,-0.2067936485059295,0.9038223169035493,2024-11-04 08:08:33,0.7319383928215943,-0.3668041266636027,-0.2259336741271706,2.5061057329606307,False,False,False,False,False,False,1.282351234197446,-0.30946906371886795,-1.0590212998330302,0.16898076425671127,-0.028446402356390392
TX002288,-0.07517872710621827,2023-08-14 16:52:32,-0.9373369516178799,-1.5102726147952634,-0.2067936485059295,-0.04018622986138383,2024-11-04 08:08:18,0.37465936264755184,-0.28269272541814155,-0.2259336741271706,1.1253473762132034,False,True,False,True,False,False,-0.04875054278767131,-0.30946906371886795,0.9035471289243083,1.3362026152544912,0.2849630832543645
TX002289,0.13161282883238717,2023-11-09 18:45:10,1.0302090621398854,0.019395156574906088,4.772110297630446,1.2368440429879173,2024-11-04 08:08:51,1.1933793487494524,-0.32548985023033317,4.426077714458506,1.1253473762132034,True,False,True,False,False,False,-0.04875054278767131,0.23568261093877343,-0.07773708545436095,-0.41463016124217866,0.12825834044898704
TX002290,-0.15688811426883809,2023-04-03 16:14:34,0.9739934617468065,-0.2522280925468997,-0.2067936485059295,1.7133519708764597,2024-11-04 08:10:15,-0.876088915408396,-0.3499753741727383,-0.2259336741271706,1.1253473762132034,True,False,False,False,False,False,-0.04875054278767131,-0.30946906371886795,-0.5683791926436955,-0.803704111574772,0.2849630832543645
TX002291,0.12496644681580511,2023-08-11 17:27:16,0.8053466605675694,1.1487760345024145,-0.2067936485059295,0.5621522408909176,2024-11-04 08:10:28,0.34666551115576183,-0.3020959418307317,-0.2259336741271706,0.6650945906307275,True,True,False,True,False,False,-0.4924511351160437,-0.30946906371886795,0.4129050217349737,0.16898076425671127,-0.18515114516176784
TX002292,-0.8398895157254381,2023-09-06 18:56:24,-0.9935525520109589,-0.46666749974832533,-0.2067936485059295,-0.5016589001218987,2024-11-04 08:09:31,0.5917099229579676,-0.3592909674339217,-0.2259336741271706,2.045852947378155,True,False,True,False,False,True,1.282351234197446,-0.8546207383765094,1.8848313433029775,-0.025556210909585365,-0.028446402356390392
TX002293,2.512113901204497,2023-09-04 17:22:24,-1.105983752797117,-1.1528736027928874,-0.2067936485059295,-0.8134276844465941,2024-11-04 08:11:01,0.5722820511666501,0.6505136569214252,-0.2259336741271706,-0.7156637661167,True,False,False,False,False,True,-1.823552912101161,0.7808342855964149,1.394189236113643,0.7525916897556012,-0.028446402356390392
TX002294,-0.5352179936972707,2023-07-21 16:54:10,0.07454385545754227,-0.6096271045492758,-0.2067936485059295,-1.0498355731022946,2024-11-04 08:11:41,0.14899602946537438,-0.11982129379660414,-0.2259336741271706,1.1253473762132034,True,False,True,True,False,False,1.282351234197446,0.23568261093877343,-1.5496634070223647,3.6706463172500507,0.4416678260597419
TX002295,-0.2942695157456121,2023-11-13 16:58:19,0.2994062570298583,1.2202558369028897,-0.2067936485059295,1.8354288273201245,2024-11-04 08:07:08,1.2303015549658851,-0.3580205623988057,-0.2259336741271706,1.1253473762132034,False,False,True,False,False,False,0.3949500495407011,-1.399772413034151,-0.07773708545436095,0.5580547145893046,0.12825834044898704
TX002296,-0.8091928235251414,2023-01-30 16:45:11,-0.20653414650785276,-1.4244968519146932,1.4528410002061958,0.7124227693805902,2024-11-04 08:08:27,-1.4682135136488348,-0.37662530380609316,4.426077714458506,-0.7156637661167,True,True,False,True,False,False,-1.823552912101161,0.7808342855964149,-0.07773708545436095,-0.41463016124217866,-0.028446402356390392
TX002297,0.036439379131021174,2023-04-17 16:12:22,0.8615622609606484,-1.3816089704744081,-0.2067936485059295,-0.24708511782796927,2024-11-04 08:11:35,-0.7444817064801601,-0.24604791109173335,-0.2259336741271706,-0.7156637661167,True,False,False,False,True,False,-1.823552912101161,0.7808342855964149,-0.07773708545436095,0.16898076425671127,-0.6552653735779002
TX002298,-0.6378600582420126,2023-12-27 17:18:17,-1.330846154369433,0.8771527853806086,-0.2067936485059295,-1.0025709177279665,2024-11-04 08:10:44,1.6441035802387907,-0.21028253475218844,-0.2259336741271706,2.9663585185431067,True,True,False,False,False,True,1.7260518265258185,0.23568261093877343,0.4129050217349737,-2.554536888071442,0.12825834044898704
TX002299,1.2946611623320188,2023-03-15 16:16:53,0.9177778613537274,0.5626416548185177,-0.2067936485059295,-0.8259399725135748,2024-11-04 08:10:47,-1.0547183645225235,0.3087649069888247,-0.2259336741271706,2.5061057329606307,True,False,False,False,True,False,1.282351234197446,-0.30946906371886795,1.394189236113643,1.3362026152544912,1.3818962828920065
TX002300,-0.9177275566619046,2023-07-19 17:16:18,-1.0497681524040379,-1.1671695632729824,-0.2067936485059295,-1.0396180591787458,2024-11-04 08:07:50,0.13036135633807358,-0.3368554819253761,-0.2259336741271706,0.6650945906307275,True,False,False,False,False,True,-0.4924511351160437,-0.8546207383765094,-0.07773708545436095,0.16898076425671127,-0.028446402356390392
TX002301,0.014170573405359557,2023-06-27 16:40:58,1.2550714637122016,0.6198254967388979,-0.2067936485059295,-1.0572788461060743,2024-11-04 08:07:10,-0.07671257338949224,0.2058112072722154,-0.2259336741271706,-1.1759165516991759,True,False,True,False,False,False,-2.2672535044295334,-0.30946906371886795,-1.5496634070223647,-0.41463016124217866,1.2251915400866291
TX002302,-0.010222333789519028,2023-09-28 18:53:02,0.8615622609606484,-0.6525149859895609,-0.2067936485059295,0.5797925158705953,2024-11-04 08:07:33,0.7985483633304872,-0.31344295893656565,-0.2259336741271706,-0.2554109805342242,True,True,False,False,True,False,-1.3798523197727885,1.8711376349116977,0.4129050217349737,-0.025556210909585365,0.9117820544758742
TX002303,-0.6549213893979811,2023-04-17 17:32:12,0.41183745781601633,0.6341214572189929,-0.2067936485059295,1.0996498811256221,2024-11-04 08:10:35,-0.7439539230365491,-0.36967218624036835,-0.2259336741271706,1.5856001617956792,False,False,False,True,False,False,0.3949500495407011,0.23568261093877343,1.394189236113643,-0.9982410867410686,-0.6552653735779002
TX002304,0.2875287286131349,2023-11-20 16:42:12,-0.4876121484732478,-0.5810351835890857,-0.2067936485059295,0.17553535958849698,2024-11-04 08:11:07,1.2959854559685655,-0.26267419294093297,-0.2259336741271706,0.6650945906307275,True,False,True,False,False,False,-0.04875054278767131,-1.9449240876917921,-0.07773708545436095,0.16898076425671127,0.2849630832543645
TX002305,2.8955142163981575,2023-03-15 17:10:12,-1.105983752797117,-0.695402867429846,-0.2067936485059295,-0.9269792626478999,2024-11-04 08:10:03,-1.05436545695394,1.104878571736685,-0.2259336741271706,-0.2554109805342242,False,False,True,False,False,True,-0.9361517274444162,-0.8546207383765094,0.4129050217349737,0.16898076425671127,0.5983725688651194
TX002306,-1.0001563975479688,2023-12-04 18:43:37,-0.2627497469009318,-1.2386493656734576,-0.2067936485059295,0.08213420596063402,2024-11-04 08:11:43,1.4284045808293337,-0.3898606778543801,-0.2259336741271706,2.9663585185431067,True,True,False,True,False,False,2.613453011182563,0.7808342855964149,2.3754734504923123,-0.22009318607588202,0.12825834044898704
TX002307,-0.3032112977369931,2023-11-07 18:44:46,0.1869750562437003,1.1916639159426996,-0.2067936485059295,1.0221377949467503,2024-11-04 08:06:31,1.1745876464450113,-0.34677475995750573,-0.2259336741271706,-0.2554109805342242,True,False,False,False,False,False,-1.3798523197727885,0.7808342855964149,-0.07773708545436095,0.9471286649218978,-0.6552653735779002
TX002308,0.7681580755751453,2023-11-16 17:26:37,0.1307594558506213,-1.2243534051933627,-0.2067936485059295,-0.09316089866300002,2024-11-04 08:07:27,1.2586907543444048,-0.17617416565815475,-0.2259336741271706,0.6650945906307275,True,False,False,True,False,False,-0.04875054278767131,-1.399772413034151,-0.07773708545436095,0.16898076425671127,-0.6552653735779002
TX002309,0.996156386504804,2023-01-09 16:08:44,-0.6562589496524849,0.20524264281614163,-0.2067936485059295,0.8514219826361549,2024-11-04 08:10:22,-1.665909438922067,-0.2548868511399045,-0.2259336741271706,-0.2554109805342242,True,False,True,True,False,False,-1.3798523197727885,0.23568261093877343,-0.5683791926436955,1.1416656400881946,1.3818962828920065
TX002310,-0.5170603521055775,2023-10-31 16:05:00,-1.387061754762512,2.1923811495493526,-0.2067936485059295,-0.9088210609900399,2024-11-04 08:11:06,1.1076994197989405,-0.20845980593076152,-0.2259336741271706,1.5856001617956792,True,False,True,False,False,True,0.3949500495407011,-0.30946906371886795,0.9035471289243083,0.9471286649218978,-2.8491317728531844
TX002311,-0.414795144273116,2023-03-14 17:06:18,1.5923650660706756,-0.36659577638766006,6.431744946342571,0.517356711215053,2024-11-04 08:08:41,-1.0637841605851621,-0.34328892221682333,4.426077714458506,0.2048418050482517,False,False,True,False,True,False,-0.9361517274444162,-0.30946906371886795,-0.07773708545436095,-1.7763889874062553,-0.028446402356390392
TX002312,-0.8231022621784009,2023-10-23 16:03:49,-0.9935525520109589,-0.5524432626288956,-0.2067936485059295,-1.0291005580208041,2024-11-04 08:10:22,1.0324791793088433,-0.2896493003892134,-0.2259336741271706,0.2048418050482517,True,False,True,False,False,True,-0.9361517274444162,-1.9449240876917921,-1.5496634070223647,-0.803704111574772,0.2849630832543645
TX002313,-0.009674178571656698,2023-10-10 17:16:59,1.8172274676429916,-0.2665240530269948,-0.2067936485059295,-0.7287210326292088,2024-11-04 08:10:02,0.9107309651072628,-0.13714901776382737,-0.2259336741271706,1.1253473762132034,True,False,True,False,True,False,-0.04875054278767131,2.416289309569339,-0.07773708545436095,-0.22009318607588202,1.2251915400866291
TX002314,1.9998285904109316,2023-08-31 17:29:03,-0.7686901504386429,-0.8669543931909865,-0.2067936485059295,-0.7246801789420036,2024-11-04 08:06:52,0.5347439162304569,0.36453710287326524,-0.2259336741271706,-0.2554109805342242,True,False,True,True,False,False,-1.3798523197727885,-0.30946906371886795,-1.5496634070223647,1.1416656400881946,-2.0656080588262973
TX002315,-0.46251890792826467,2023-02-22 16:18:32,1.0864246625329645,-1.4387928123947882,-0.2067936485059295,0.5103698290465034,2024-11-04 08:08:46,-1.2521398424050783,-0.34695381848032847,-0.2259336741271706,2.5061057329606307,True,True,False,False,True,False,1.282351234197446,-0.8546207383765094,0.4129050217349737,-0.803704111574772,-0.18515114516176784
TX002316,-0.8271791666112528,2023-12-28 18:53:29,-0.7686901504386429,-0.6096271045492758,-0.2067936485059295,2.090069273443919,2024-11-04 08:09:03,1.6541383214111023,-0.3835915124674148,-0.2259336741271706,-0.2554109805342242,True,True,False,False,False,False,-1.3798523197727885,-1.399772413034151,-1.0590212998330302,-0.803704111574772,-0.6552653735779002
TX002317,0.7775452336810396,2023-09-19 16:32:00,-0.31896534729401077,0.7913770225000384,-0.2067936485059295,0.8149517397130539,2024-11-04 08:07:00,0.713011643248386,-0.2676521049172617,-0.2259336741271706,-0.2554109805342242,True,False,False,False,False,False,-0.9361517274444162,-0.8546207383765094,0.4129050217349737,-0.22009318607588202,-2.0656080588262973
TX002318,0.8147170093923363,2023-05-12 18:38:11,-1.218414953583275,-0.1378604087061394,-0.2067936485059295,-1.1441725843417248,2024-11-04 08:08:50,-0.5084576034252467,1.2192844445297613,-0.2259336741271706,-0.2554109805342242,True,True,False,False,False,True,-1.3798523197727885,1.3259859602540562,1.8848313433029775,-1.5818520122399586,-0.028446402356390392
TX002319,-0.824815247234221,2023-08-14 17:29:30,0.018328255064463266,0.9343366273009888,-0.2067936485059295,0.7341936378184453,2024-11-04 08:09:53,0.3748903903281264,-0.3779107280180014,-0.2259336741271706,2.9663585185431067,True,False,False,True,False,False,2.169752418854191,-1.399772413034151,0.4129050217349737,0.7525916897556012,-0.028446402356390392
TX002320,-0.5538210114034773,2023-01-18 16:48:32,1.4799338652845175,1.9779417423479269,-0.2067936485059295,-0.10360917199762014,2024-11-04 08:10:02,-1.5810279320593437,-0.3352184998867935,-0.2259336741271706,0.2048418050482517,True,True,False,False,True,False,-0.4924511351160437,0.23568261093877343,-0.5683791926436955,-0.803704111574772,0.5983725688651194
TX002321,-0.858184196121597,2023-07-03 17:26:49,-0.15031854611477377,0.8342649039403235,-0.2067936485059295,0.30608108641848053,2024-11-04 08:09:40,-0.02001655237818752,-0.377239723917405,-0.2259336741271706,3.4266113041255823,False,True,False,False,False,False,2.613453011182563,0.23568261093877343,0.4129050217349737,-0.22009318607588202,-1.7521985732155423
TX002322,-0.5945557960308798,2023-10-25 16:50:02,0.9177778613537274,1.4346952441043153,-0.2067936485059295,0.4859375354009586,2024-11-04 08:12:09,1.051573622549393,-0.3571431004849381,-0.2259336741271706,1.1253473762132034,False,True,False,False,False,False,-0.04875054278767131,1.8711376349116977,0.9035471289243083,-1.387315037073662,-2.8491317728531844
TX002323,1.7311297545549864,2023-08-28 18:32:00,-1.443277355155591,0.7913770225000384,-0.2067936485059295,-0.8052664932750369,2024-11-04 08:11:17,0.506919608368594,0.4069076589340433,-0.2259336741271706,1.5856001617956792,True,False,False,False,False,True,1.282351234197446,0.23568261093877343,1.8848313433029775,-0.6091671364084753,0.12825834044898704
TX002324,-0.3577870016154223,2023-04-06 16:41:31,1.0864246625329645,-0.15215636918623443,-0.2067936485059295,-0.7204162578240961,2024-11-04 08:07:13,-0.8476866574704467,-0.22731156446309286,-0.2259336741271706,0.6650945906307275,True,False,False,False,True,False,-0.4924511351160437,1.3259859602540562,-1.0590212998330302,0.5580547145893046,1.3818962828920065
TX002325,0.8356839464755746,2023-06-28 17:47:15,0.1869750562437003,0.5912335757787078,-0.2067936485059295,0.2494604189219367,2024-11-04 08:08:36,-0.06688698681071079,-0.2171640510427839,-0.2259336741271706,2.045852947378155,False,True,False,True,False,False,0.8386506418690736,-1.399772413034151,-0.5683791926436955,0.16898076425671127,-0.18515114516176784
TX002326,-0.9504455712280688,2023-01-02 16:45:05,1.8172274676429916,-0.4809634602284204,-0.2067936485059295,-0.3191999977812271,2024-11-04 08:08:39,-1.7314760305325385,-0.3816680520072856,-0.2259336741271706,0.2048418050482517,True,False,False,False,True,False,-0.4924511351160437,0.7808342855964149,0.4129050217349737,0.7525916897556012,-0.028446402356390392
TX002327,-0.8962809837630366,2023-08-17 16:14:47,-0.2627497469009318,0.19094668233604659,-0.2067936485059295,1.5468667477688391,2024-11-04 08:06:59,0.4026279675911114,-0.3855658328442474,-0.2259336741271706,-0.7156637661167,False,True,False,False,False,False,-1.823552912101161,-1.9449240876917921,-1.5496634070223647,0.9471286649218978,-0.6552653735779002
TX002328,-0.08343531507527116,2023-12-12 16:56:18,0.35562185742293734,0.7627851015398482,-0.2067936485059295,-0.7466587308498229,2024-11-04 08:10:05,1.502931847099036,-0.1482578693724289,-0.2259336741271706,1.5856001617956792,True,True,False,False,True,False,1.282351234197446,1.8711376349116977,0.9035471289243083,-0.025556210909585365,0.12825834044898704
TX002329,1.2534124821878705,2023-12-12 17:20:46,1.2550714637122016,0.39109012905737717,-0.2067936485059295,0.20075736321859708,2024-11-04 08:11:40,1.5030812587831757,-0.17092409683503457,-0.2259336741271706,1.5856001617956792,True,False,False,False,True,False,0.8386506418690736,-0.30946906371886795,-0.5683791926436955,-0.9982410867410686,-2.8491317728531844
TX002330,0.1585066942087632,2023-02-13 16:44:51,0.6929154597814113,-0.7096988279099411,-0.2067936485059295,-0.4706602192346454,2024-11-04 08:09:48,-1.3365942255531267,-0.18592425206127003,-0.2259336741271706,0.6650945906307275,True,True,False,True,False,False,-0.4924511351160437,-0.8546207383765094,0.4129050217349737,0.16898076425671127,1.3818962828920065
TX002331,-0.7818535820342523,2023-01-11 16:09:36,1.3675026644983594,2.292452872910018,1.4528410002061958,1.7839771706315792,2024-11-04 08:11:12,-1.6471048957008536,-0.38061646326677184,4.426077714458506,-0.2554109805342242,True,True,False,False,False,False,-1.3798523197727885,0.23568261093877343,-1.5496634070223647,0.5580547145893046,0.5983725688651194
TX002332,-0.7611264628588288,2023-08-14 16:01:57,1.8172274676429916,2.092309426188687,-0.2067936485059295,-0.941611973303281,2024-11-04 08:11:19,0.3743093932548398,-0.28920050019551236,-0.2259336741271706,0.2048418050482517,True,False,False,False,True,False,-0.4924511351160437,1.8711376349116977,0.4129050217349737,0.3635177394230079,0.12825834044898704
TX002333,0.40099685871065993,2023-04-03 16:27:24,-0.7124745500455638,-0.6525149859895609,-0.2067936485059295,0.5484169279452588,2024-11-04 08:09:17,-0.875998811348332,-0.2796125577617528,-0.2259336741271706,2.5061057329606307,True,True,False,False,False,False,1.7260518265258185,-0.8546207383765094,-0.5683791926436955,0.7525916897556012,0.2849630832543645
TX002334,-0.7222074423905954,2023-01-23 16:31:30,-0.6562589496524849,0.662713378179183,-0.2067936485059295,0.9438231788160422,2024-11-04 08:07:48,-1.5341137514527314,-0.37252245578578363,-0.2259336741271706,3.4266113041255823,True,True,False,False,False,False,2.169752418854191,-0.30946906371886795,-1.0590212998330302,0.5580547145893046,1.6953057685027615
TX002335,2.769164438680866,2023-03-06 17:37:32,-0.6000433492594058,-1.1957614842331725,-0.2067936485059295,-0.6353532109162783,2024-11-04 08:11:22,-1.138815051963531,0.4318912656040541,-0.2259336741271706,1.1253473762132034,True,False,False,True,False,False,-0.04875054278767131,0.23568261093877343,0.9035471289243083,0.3635177394230079,0.9117820544758742
TX002336,-0.9712412098057251,2023-12-25 17:13:46,0.018328255064463266,-0.666810946469656,-0.2067936485059295,0.4704689628788081,2024-11-04 08:08:16,1.625285869636819,-0.38792074784230846,-0.2259336741271706,-0.2554109805342242,True,True,False,True,False,False,-1.3798523197727885,0.23568261093877343,0.4129050217349737,-1.387315037073662,-1.28208434479941
TX002337,-0.8025807012096758,2023-12-26 17:10:01,-1.218414953583275,0.062283038015191215,-0.2067936485059295,-1.1081510402734847,2024-11-04 08:12:02,1.634638954006908,-0.23507571106747824,-0.2259336741271706,-0.7156637661167,False,True,False,False,False,True,-1.823552912101161,1.3259859602540562,-1.0590212998330302,1.3362026152544912,-1.28208434479941
TX002338,1.0575155112042807,2023-06-22 17:05:42,-0.8811213512248008,-1.1099857213526023,-0.2067936485059295,1.1677649312869762,2024-11-04 08:09:33,-0.12357745793425795,-0.26873072675503107,-0.2259336741271706,0.2048418050482517,True,True,False,False,False,False,-0.9361517274444162,0.23568261093877343,-2.0403055142116995,0.16898076425671127,-1.28208434479941
TX002339,-1.0042333019808207,2023-08-14 16:20:49,-0.9935525520109589,0.17665072185595154,-0.2067936485059295,-0.9570241379693917,2024-11-04 08:10:24,0.37443856417186383,-0.38555541618399686,-0.2259336741271706,-0.2554109805342242,True,True,False,False,False,True,-1.3798523197727885,-0.30946906371886795,0.4129050217349737,0.16898076425671127,-1.28208434479941
TX002340,-0.0294077664147045,2023-08-28 16:41:21,1.1988558633191224,-0.33800385542746997,-0.2067936485059295,-0.22769363531760556,2024-11-04 08:08:12,0.5062172755139411,-0.2575899014836034,-0.2259336741271706,2.045852947378155,True,False,True,False,True,False,0.8386506418690736,1.3259859602540562,-0.5683791926436955,-0.41463016124217866,0.7550773116704967
TX002341,0.14079442873158307,2023-10-23 18:46:51,-1.49949295554867,0.7056012596194681,-0.2067936485059295,-1.019549682395906,2024-11-04 08:06:32,1.0335686984505823,0.19233991436686637,-0.2259336741271706,1.5856001617956792,True,True,False,False,False,True,0.3949500495407011,-0.30946906371886795,0.4129050217349737,3.6706463172500507,-0.6552653735779002
TX002342,-0.6847273293692512,2023-05-29 17:55:23,1.3675026644983594,0.5197537733782326,-0.2067936485059295,0.7104587503930273,2024-11-04 08:08:27,-0.3488977862887525,-0.3675599640807583,-0.2259336741271706,2.045852947378155,True,True,False,False,False,False,0.8386506418690736,1.3259859602540562,-0.5683791926436955,0.16898076425671127,-0.968674859188655
TX002343,2.478916250822704,2023-10-16 17:32:16,-1.387061754762512,-0.22363617158670962,-0.2067936485059295,1.10578808146012,2024-11-04 08:07:50,0.967258095416612,-0.17911852488329882,-0.2259336741271706,0.2048418050482517,True,False,False,False,False,True,-0.9361517274444162,-0.30946906371886795,-0.07773708545436095,-0.025556210909585365,-2.8491317728531844
TX002344,-0.9249563535974654,2023-03-10 16:28:07,0.5242686586021743,-1.338721089034123,-0.2067936485059295,-0.36784664562852715,2024-11-04 08:09:16,-1.1016459301525512,-0.3771690566843771,-0.2259336741271706,1.5856001617956792,False,False,False,False,True,False,0.3949500495407011,-0.8546207383765094,0.4129050217349737,1.1416656400881946,1.6953057685027615
TX002345,-0.04598946175504322,2023-05-24 16:02:39,0.35562185742293734,0.9915204692213689,-0.2067936485059295,-0.4191470267031478,2024-11-04 08:08:05,-0.3966422736324272,-0.23150633473152585,-0.2259336741271706,3.4266113041255823,True,False,False,False,True,False,2.613453011182563,-1.9449240876917921,0.4129050217349737,0.16898076425671127,0.5983725688651194
TX002346,-0.7584542061717494,2023-01-10 16:41:42,-1.274630553976354,-0.7239947883900362,-0.2067936485059295,-1.1408163169073644,2024-11-04 08:10:44,-1.6562944216140871,-0.1670740502438257,-0.2259336741271706,2.045852947378155,True,True,False,False,False,True,0.8386506418690736,-0.8546207383765094,-1.0590212998330302,-0.6091671364084753,1.5386010256973839
TX002347,0.12743314529618618,2023-11-20 17:51:05,1.3675026644983594,2.4640043986711584,-0.2067936485059295,-1.1512876661830918,2024-11-04 08:08:26,1.2964527347534862,0.6603105766173664,-0.2259336741271706,3.4266113041255823,False,True,False,False,False,False,2.169752418854191,0.7808342855964149,0.9035471289243083,-0.025556210909585365,0.4416678260597419
TX002348,0.9829664015749889,2023-08-25 17:47:07,1.6485806664637546,-0.6239230650293708,-0.2067936485059295,-0.47683687947098896,2024-11-04 08:08:49,0.47843616971952424,-0.039177014711222855,-0.2259336741271706,3.8868640897080584,True,False,False,False,True,False,2.613453011182563,2.416289309569339,-1.0590212998330302,-1.387315037073662,0.4416678260597419
TX002349,0.46108837446882994,2023-05-19 16:31:11,-1.49949295554867,0.6055295362588028,-0.2067936485059295,-1.13725236600304,2024-11-04 08:08:30,-0.44346950599750434,0.8570282546957907,-0.2259336741271706,0.6650945906307275,True,True,False,False,False,True,-0.4924511351160437,-0.8546207383765094,-0.07773708545436095,-0.9982410867410686,-0.6552653735779002
TX002350,-0.5585831098586572,2023-10-09 16:44:50,0.8053466605675694,0.648417417699088,-0.2067936485059295,2.4968468352936077,2024-11-04 08:08:25,0.9011294416440269,-0.3741099555086349,-0.2259336741271706,-0.2554109805342242,True,False,True,False,False,False,-0.9361517274444162,-0.30946906371886795,-0.07773708545436095,3.6706463172500507,-0.028446402356390392
TX002351,-0.808302071296115,2023-02-10 16:34:00,-1.0497681524040379,-0.4809634602284204,-0.2067936485059295,0.15155689278472573,2024-11-04 08:06:48,-1.3648519687667222,-0.37067800254484573,-0.2259336741271706,1.5856001617956792,True,False,False,False,False,True,0.3949500495407011,-1.399772413034151,-1.0590212998330302,-0.22009318607588202,-0.968674859188655
TX002352,-0.9772366575010956,2023-02-06 18:39:50,-1.105983752797117,-1.395904930954503,-0.2067936485059295,-0.8377728023146231,2024-11-04 08:11:12,-1.401667747723804,-0.37877604484944194,-0.2259336741271706,2.5061057329606307,True,True,False,False,False,True,1.7260518265258185,-0.8546207383765094,-0.07773708545436095,-0.803704111574772,0.12825834044898704
TX002353,-0.2889592620725697,2023-02-23 17:30:07,-1.105983752797117,-0.8097705512706064,-0.2067936485059295,-1.1375190213225004,2024-11-04 08:08:03,-1.2422656126924216,0.22529796690134196,-0.2259336741271706,-0.2554109805342242,True,True,False,False,False,True,-1.3798523197727885,1.8711376349116977,-0.07773708545436095,-0.9982410867410686,-0.3418558879671453
TX002354,-0.8998782523802589,2023-10-16 16:11:52,-0.7686901504386429,-0.681106906949751,-0.2067936485059295,-0.5907269048085328,2024-11-04 08:11:12,0.966711159419171,-0.36749703897583086,-0.2259336741271706,-0.2554109805342242,True,True,False,True,False,False,-1.3798523197727885,0.7808342855964149,-0.07773708545436095,-0.803704111574772,-0.8119701163832775
TX002355,2.267602414336733,2023-01-10 16:28:02,1.2550714637122016,-1.1957614842331725,-0.2067936485059295,1.414587761362364,2024-11-04 08:07:57,-1.6563654819416496,-0.21461861022299003,-0.2259336741271706,1.1253473762132034,True,True,False,False,False,False,-0.04875054278767131,-1.399772413034151,0.9035471289243083,0.9471286649218978,0.7550773116704967
TX002356,0.13048225869554597,2023-11-06 17:20:40,-1.162199353190196,0.319610326656902,-0.2067936485059295,-1.0064579318077906,2024-11-04 08:11:20,1.164604921867761,0.1623007713777017,-0.2259336741271706,-1.1759165516991759,True,False,True,False,False,True,-2.2672535044295334,-0.8546207383765094,-0.5683791926436955,0.5580547145893046,1.2251915400866291
TX002357,0.432926900151147,2023-01-30 18:50:14,-0.09410294572169475,-0.6382190255094659,-0.2067936485059295,0.8358816182972265,2024-11-04 08:08:41,-1.467398550719102,-0.2924584478791059,-0.2259336741271706,2.045852947378155,True,False,False,False,False,False,1.282351234197446,0.7808342855964149,-1.5496634070223647,-0.9982410867410686,-0.028446402356390392
TX002358,0.2185296905647003,2023-03-02 17:02:57,1.5361494656775965,-0.695402867429846,3.1124756489183207,-0.0362504999058888,2024-11-04 08:12:17,-1.1766554925505182,-0.24916801961466317,4.426077714458506,0.2048418050482517,False,False,True,False,True,False,-0.4924511351160437,1.3259859602540562,0.9035471289243083,-0.9982410867410686,-0.6552653735779002
TX002359,-0.263024668327453,2023-12-29 16:30:53,-0.15031854611477377,-1.2672412866336478,-0.2067936485059295,-0.20926621434682893,2024-11-04 08:08:24,1.6626136529448678,-0.29099660880399575,-0.2259336741271706,0.2048418050482517,True,True,False,True,False,False,-0.9361517274444162,-0.30946906371886795,-0.5683791926436955,-0.803704111574772,-1.28208434479941
TX002360,1.438106530906396,2023-01-02 17:00:33,-1.274630553976354,0.2624264847365218,-0.2067936485059295,-1.1792890387198736,2024-11-04 08:09:39,-1.7313815736193314,2.339987556124506,-0.2259336741271706,2.045852947378155,False,False,True,False,False,True,0.8386506418690736,0.23568261093877343,-0.07773708545436095,-0.803704111574772,-0.028446402356390392
TX002361,0.37180759335948504,2023-08-03 17:32:39,-0.15031854611477377,-0.19504425062651956,-0.2067936485059295,1.3812814863643972,2024-11-04 08:11:29,0.27147672002962414,-0.31593747807485795,-0.2259336741271706,-0.2554109805342242,True,False,False,False,False,False,-1.3798523197727885,-0.8546207383765094,-0.5683791926436955,0.9471286649218978,0.5983725688651194
TX002362,0.44618540448319477,2023-05-10 17:02:51,0.1307594558506213,-1.295833207593838,-0.2067936485059295,-0.46696550466404724,2024-11-04 08:09:49,-0.5278908074616646,-0.1367449031597635,-0.2259336741271706,1.5856001617956792,True,False,False,True,False,False,0.3949500495407011,-1.399772413034151,0.4129050217349737,1.5307395904207879,-0.6552653735779002
TX002363,0.4077802795317077,2023-03-06 17:26:59,-1.0497681524040379,-0.7525867093502262,-0.2067936485059295,1.1760004782687672,2024-11-04 08:11:23,-1.1388840446858504,-0.3075420776465935,-0.2259336741271706,0.6650945906307275,False,False,True,False,False,True,-0.4924511351160437,-1.399772413034151,-0.5683791926436955,0.9471286649218978,-1.28208434479941
TX002364,-0.9445186429349314,2023-04-10 17:04:28,-0.9373369516178799,-1.2815372471137427,-0.2067936485059295,-1.0415025943691618,2024-11-04 08:11:15,-0.809954494105396,-0.3510575301946777,-0.2259336741271706,1.1253473762132034,True,False,False,False,False,True,-0.04875054278767131,0.23568261093877343,1.394189236113643,0.16898076425671127,-0.6552653735779002
TX002365,1.4394083995488194,2023-12-08 16:51:28,-0.15031854611477377,0.6913052991393731,-0.2067936485059295,0.8360816097868218,2024-11-04 08:10:43,1.4652875025461491,-0.22356240835212743,-0.2259336741271706,3.4266113041255823,False,False,True,True,False,False,2.613453011182563,-0.8546207383765094,-0.07773708545436095,-0.803704111574772,-0.968674859188655
TX002366,0.32918852517068037,2023-09-18 16:40:55,0.5804842589952534,0.30531436617680696,-0.2067936485059295,1.287529065633014,2024-11-04 08:07:00,0.7036676998698979,-0.3156081525159206,-0.2259336741271706,-0.7156637661167,True,False,False,False,False,False,-1.823552912101161,0.23568261093877343,-0.07773708545436095,-0.22009318607588202,-0.028446402356390392
TX002367,-0.05373215420735015,2023-01-12 17:10:03,-1.105983752797117,2.1351973076289723,-0.2067936485059295,-1.2534781893793174,2024-11-04 08:07:24,-1.637283226689901,2.0529881296356742,-0.2259336741271706,1.5856001617956792,True,True,False,False,False,True,0.3949500495407011,-0.30946906371886795,-0.07773708545436095,-2.1654629377388486,0.4416678260597419
TX002368,-0.19782845710293911,2023-01-26 16:17:52,1.4237182648914386,-0.995618037511842,-0.2067936485059295,-0.9324405687099222,2024-11-04 08:07:51,-1.5059966053956606,-0.07322580998796092,-0.2259336741271706,2.045852947378155,True,False,False,False,True,False,1.282351234197446,-0.30946906371886795,1.394189236113643,0.3635177394230079,1.2251915400866291
TX002369,-0.204714657027336,2023-09-22 17:40:23,-1.0497681524040379,-1.4816806938350733,-0.2067936485059295,0.9789550171549289,2024-11-04 08:09:29,0.7416484111494243,-0.33960128201460554,-0.2259336741271706,3.4266113041255823,True,True,False,False,False,True,2.613453011182563,-0.8546207383765094,-0.07773708545436095,0.3635177394230079,-0.6552653735779002
TX002370,0.5539664241953971,2023-01-26 18:07:00,1.0864246625329645,-0.15215636918623443,-0.2067936485059295,-1.0533354241702102,2024-11-04 08:11:08,-1.5053054811378515,0.5040381859657184,-0.2259336741271706,0.6650945906307275,False,False,True,False,True,False,-0.4924511351160437,-1.399772413034151,-1.0590212998330302,-0.803704111574772,0.2849630832543645
TX002371,-0.34637852114366025,2023-12-22 17:31:59,-0.20653414650785276,-0.7811786303104162,-0.2067936485059295,0.6159371316247401,2024-11-04 08:09:30,1.5971902702028071,-0.34055655492094095,-0.2259336741271706,1.5856001617956792,True,True,False,True,False,False,0.3949500495407011,-1.399772413034151,1.8848313433029775,-0.803704111574772,1.3818962828920065
TX002372,-0.9468140429097301,2023-09-11 16:35:15,-1.218414953583275,-0.23793213206680466,4.772110297630446,-1.2294663906606136,2024-11-04 08:09:59,0.6377960820754177,-0.26164034881112497,4.426077714458506,2.045852947378155,True,False,False,False,False,True,0.8386506418690736,-0.8546207383765094,-0.07773708545436095,0.16898076425671127,-0.6552653735779002
TX002373,-0.6932922546483518,2023-10-16 18:47:17,-1.387061754762512,-0.8526584327108915,3.1124756489183207,-1.0633965344929217,2024-11-04 08:11:38,0.9677230889536327,-0.19860825127085505,4.426077714458506,0.2048418050482517,True,False,True,False,False,True,-0.9361517274444162,0.7808342855964149,-0.07773708545436095,-1.970925962572552,0.4416678260597419
TX002374,0.16196692402151983,2023-08-28 17:59:32,0.7491310601744904,-1.353017049514218,-0.2067936485059295,0.5982148088544591,2024-11-04 08:11:21,0.5067071891352065,-0.30094323029459824,-0.2259336741271706,2.5061057329606307,True,True,False,False,True,False,1.282351234197446,0.23568261093877343,-0.07773708545436095,-0.41463016124217866,0.5983725688651194
TX002375,-0.5754731425090437,2023-07-06 16:47:00,-1.218414953583275,0.062283038015191215,-0.2067936485059295,-1.1522645476899607,2024-11-04 08:06:51,0.007948352640200329,0.01797672545034295,-0.2259336741271706,0.2048418050482517,False,False,False,False,False,True,-0.9361517274444162,-0.30946906371886795,-0.5683791926436955,1.1416656400881946,-0.028446402356390392
TX002376,-0.9629161024344393,2023-07-24 17:07:27,-1.330846154369433,1.4346952441043153,-0.2067936485059295,-1.1297860170581533,2024-11-04 08:08:29,0.1773101421271742,-0.34609929329752404,-0.2259336741271706,1.5856001617956792,True,False,False,False,False,True,0.3949500495407011,0.23568261093877343,0.9035471289243083,-0.6091671364084753,0.5983725688651194
TX002377,-0.07048514805327111,2023-11-13 16:16:48,0.07454385545754227,1.5347669674649806,-0.2067936485059295,0.8902382795718146,2024-11-04 08:09:56,1.230012199053192,-0.32853023001925863,-0.2259336741271706,-0.2554109805342242,False,False,False,False,False,False,-1.3798523197727885,-0.30946906371886795,-1.5496634070223647,0.5580547145893046,0.4416678260597419
TX002378,-0.9749412575262968,2023-06-14 16:24:08,0.35562185742293734,-1.1099857213526023,-0.2067936485059295,0.2466938699825367,2024-11-04 08:11:43,-0.1990803074146764,-0.3876975093082277,-0.2259336741271706,1.5856001617956792,True,True,False,False,False,False,0.8386506418690736,-0.8546207383765094,1.394189236113643,1.3362026152544912,1.3818962828920065
TX002379,-0.3377108167612104,2023-01-30 17:36:54,-1.274630553976354,0.9343366273009888,-0.2067936485059295,-1.1078177211241593,2024-11-04 08:08:22,-1.4678752969596094,0.10014124253382856,-0.2259336741271706,0.6650945906307275,True,False,False,False,False,True,0.3949500495407011,-0.30946906371886795,-0.07773708545436095,-0.6091671364084753,0.5983725688651194
TX002380,1.3255291530378974,2023-07-31 18:52:14,-0.8811213512248008,-0.6239230650293708,-0.2067936485059295,0.2934047027702937,2024-11-04 08:10:14,0.24379801510540067,-0.17707378764470375,-0.2259336741271706,0.2048418050482517,True,True,False,False,False,False,-0.9361517274444162,-0.30946906371886795,-0.5683791926436955,-0.803704111574772,1.6953057685027615
TX002381,3.0016507704567728,2023-09-25 16:44:52,0.9177778613537274,-0.8383624722307964,-0.2067936485059295,1.3696691600005946,2024-11-04 08:07:31,0.7695052565885325,-0.17139540510860016,-0.2259336741271706,0.6650945906307275,False,False,True,False,False,False,-0.4924511351160437,-0.8546207383765094,0.4129050217349737,-0.9982410867410686,-0.6552653735779002
TX002382,-0.8622268408533325,2023-06-19 17:25:35,-1.0497681524040379,-1.3816089704744081,-0.2067936485059295,-1.1716791061414316,2024-11-04 08:06:32,-0.15163442579662414,-0.226544750892412,-0.2259336741271706,1.1253473762132034,True,False,False,False,False,True,0.3949500495407011,0.7808342855964149,0.9035471289243083,-0.22009318607588202,-0.6552653735779002
TX002383,1.5901168247598738,2023-09-11 17:15:04,-1.443277355155591,-1.3244251285540278,-0.2067936485059295,-1.272515840792705,2024-11-04 08:09:23,0.6380599737972232,9.435378818446248,-0.2259336741271706,1.1253473762132034,True,False,False,False,False,True,-0.04875054278767131,0.23568261093877343,-0.07773708545436095,-1.387315037073662,-0.8119701163832775
TX002384,0.11575058721549285,2023-05-30 17:13:38,-0.15031854611477377,0.03369111705500113,-0.2067936485059295,-1.0947618664444327,2024-11-04 08:08:38,-0.33976941796218063,0.37804334953472624,-0.2259336741271706,-0.2554109805342242,True,False,False,True,False,False,-1.3798523197727885,0.23568261093877343,0.4129050217349737,-0.6091671364084753,0.7550773116704967
TX002385,1.045627394916889,2023-03-20 17:25:15,0.8615622609606484,0.7627851015398482,-0.2067936485059295,0.5905869283218224,2024-11-04 08:10:57,-1.0072622536995848,-0.2322738473957381,-0.2259336741271706,0.6650945906307275,True,True,False,False,True,False,-0.4924511351160437,-0.30946906371886795,0.4129050217349737,-0.025556210909585365,-1.28208434479941
TX002386,-0.79987418482148,2023-08-10 17:12:55,0.6929154597814113,1.4632871650645054,-0.2067936485059295,-1.0474459312009776,2024-11-04 08:09:39,0.337174985447677,-0.2696155953030168,-0.2259336741271706,0.6650945906307275,False,True,False,False,False,False,-0.4924511351160437,0.23568261093877343,0.4129050217349737,-0.025556210909585365,-0.18515114516176784
TX002387,-0.8229652233739353,2023-02-13 18:27:34,-0.9373369516178799,-0.4809634602284204,-0.2067936485059295,-1.0806675944148851,2024-11-04 08:08:31,-1.3359151804627898,-0.266724182842087,-0.2259336741271706,-0.2554109805342242,True,False,True,False,False,True,-1.3798523197727885,-0.30946906371886795,-1.0590212998330302,0.5580547145893046,0.2849630832543645
TX002388,-0.6953135770142196,2023-05-15 18:30:55,-0.9373369516178799,0.34820224761709206,-0.2067936485059295,-1.1608590537556407,2024-11-04 08:08:50,-0.4802985611566728,-0.0755693151241968,-0.2259336741271706,0.6650945906307275,False,False,False,False,False,True,-0.4924511351160437,-1.9449240876917921,0.4129050217349737,-0.22009318607588202,-0.18515114516176784
TX002389,-0.48660347781309565,2023-04-24 16:07:53,-1.443277355155591,-0.7954745907905113,-0.2067936485059295,-1.278025862730398,2024-11-04 08:07:46,-0.6786709198083559,1.9447710484343947,-0.2259336741271706,1.1253473762132034,False,True,False,False,False,True,-0.04875054278767131,-0.30946906371886795,0.9035471289243083,1.3362026152544912,-0.028446402356390392
TX002390,0.013005743567401763,2023-07-04 16:21:12,0.1307594558506213,-0.22363617158670962,-0.2067936485059295,1.3933450755765167,2024-11-04 08:07:22,-0.011027801816183258,-0.3357797349497377,-0.2259336741271706,0.2048418050482517,False,False,True,False,False,False,-0.4924511351160437,-1.399772413034151,0.4129050217349737,-0.41463016124217866,0.4416678260597419
TX002391,-0.5525534024621704,2023-10-30 16:38:14,1.6485806664637546,-0.7811786303104162,-0.2067936485059295,-0.18700562315881136,2024-11-04 08:08:41,1.098530025831494,-0.33084881898121177,-0.2259336741271706,2.045852947378155,True,False,True,False,True,False,1.282351234197446,-0.30946906371886795,-0.5683791926436955,-0.6091671364084753,-0.6552653735779002
TX002392,-1.0045073795897521,2023-06-12 16:03:42,-1.0497681524040379,-0.8097705512706064,-0.2067936485059295,-0.9447528652873078,2024-11-04 08:11:48,-0.21801859204871427,-0.3858777439199197,-0.2259336741271706,2.9663585185431067,True,False,False,False,False,True,1.7260518265258185,1.8711376349116977,-0.07773708545436095,0.16898076425671127,1.2251915400866291
TX002393,0.451050282041724,2023-06-12 16:26:36,-0.8811213512248008,-0.18074829014642452,-0.2067936485059295,-0.024261266504003176,2024-11-04 08:08:36,-0.2178481778481586,-0.2239396972476028,-0.2259336741271706,2.5061057329606307,True,False,True,True,False,False,1.282351234197446,-0.30946906371886795,-0.5683791926436955,-0.41463016124217866,0.2849630832543645
TX002394,-0.5449134891132127,2023-01-03 17:56:37,0.8615622609606484,-0.38089173686775507,-0.2067936485059295,0.8103416794785394,2024-11-04 08:09:05,-1.7216096359555397,-0.3590180199160195,-0.2259336741271706,2.5061057329606307,False,True,False,True,False,False,1.282351234197446,-0.30946906371886795,0.4129050217349737,1.3362026152544912,-0.028446402356390392
TX002395,-0.9063875955923753,2023-08-10 16:58:10,-1.330846154369433,-1.3101291680739329,-0.2067936485059295,-1.071344914207602,2024-11-04 08:09:57,0.3370767197879696,-0.3226435852440003,-0.2259336741271706,1.1253473762132034,True,True,False,False,False,True,-0.04875054278767131,0.7808342855964149,-0.07773708545436095,0.7525916897556012,-1.7521985732155423
TX002396,-0.7578375315516542,2023-02-27 16:28:23,-0.8249057508317219,-0.5667392231089906,-0.2067936485059295,1.6589081338243556,2024-11-04 08:10:59,-1.2050791882901977,-0.37895237539849635,-0.2259336741271706,-0.2554109805342242,True,False,True,False,False,False,-1.3798523197727885,-0.8546207383765094,-0.07773708545436095,1.1416656400881946,-0.968674859188655
TX002397,-0.9328018251531216,2023-03-07 17:49:13,-1.443277355155591,-1.353017049514218,-0.2067936485059295,-0.8902090324904062,2024-11-04 08:09:29,-1.1293243086127889,-0.36163642818818725,-0.2259336741271706,2.5061057329606307,True,False,False,False,False,True,1.282351234197446,1.3259859602540562,2.3754734504923123,-0.41463016124217866,1.3818962828920065
TX002398,0.11414038126302203,2023-03-06 17:25:20,-0.4876121484732478,-1.3101291680739329,-0.2067936485059295,0.35050996503008747,2024-11-04 08:11:10,-1.1388934033201081,-0.29161749350212574,-0.2259336741271706,-1.1759165516991759,True,False,False,True,False,False,-1.823552912101161,0.7808342855964149,0.9035471289243083,-1.1927780619073654,0.2849630832543645
TX002399,-0.4934896777374925,2023-11-08 17:53:52,-0.4313965480801688,-1.4816806938350733,-0.2067936485059295,0.12963731272640247,2024-11-04 08:07:38,1.1836501778677926,-0.338237985202265,-0.2259336741271706,-0.7156637661167,True,False,True,False,False,False,-1.823552912101161,-0.30946906371886795,-0.5683791926436955,-0.22009318607588202,0.4416678260597419
TX002400,-0.2740220323858182,2023-02-28 17:34:08,-0.9935525520109589,0.005099196094811046,-0.2067936485059295,-0.8853989807662964,2024-11-04 08:11:11,-1.1952490312156159,-0.1346909147357037,-0.2259336741271706,-0.7156637661167,True,False,True,False,False,True,-1.823552912101161,-1.399772413034151,-0.5683791926436955,-0.22009318607588202,0.9117820544758742
TX002401,-0.5683813843779484,2023-10-16 16:22:32,0.4680530582090954,-0.8669543931909865,-0.2067936485059295,-0.552764417693837,2024-11-04 08:07:03,0.9668079015802782,-0.3044845036808828,-0.2259336741271706,1.5856001617956792,False,True,False,True,False,False,0.3949500495407011,0.7808342855964149,-0.5683791926436955,-0.22009318607588202,0.4416678260597419
TX002402,2.245984542932283,2023-10-12 17:39:08,0.8615622609606484,-0.5095553811886104,-0.2067936485059295,-0.4123396240765425,2024-11-04 08:08:48,0.9296879670098165,0.1420384058035549,-0.2259336741271706,0.6650945906307275,True,False,True,False,True,False,-0.4924511351160437,-1.399772413034151,-1.5496634070223647,-1.1927780619073654,-0.028446402356390392
TX002403,-0.784902695433612,2023-10-25 17:37:30,1.2550714637122016,-1.009913997991937,-0.2067936485059295,0.4022923768745017,2024-11-04 08:10:51,1.051892033756817,-0.37177627308099237,-0.2259336741271706,1.5856001617956792,True,False,True,False,True,False,0.3949500495407011,-0.8546207383765094,1.394189236113643,-0.6091671364084753,-0.6552653735779002
TX002404,4.095425988299039,2023-06-07 17:05:41,1.3675026644983594,0.44827397097775734,-0.2067936485059295,-0.896152369322222,2024-11-04 08:07:07,-0.2645941206807868,1.4185050008675157,-0.2259336741271706,1.5856001617956792,True,False,False,False,True,False,0.3949500495407011,-0.30946906371886795,-0.5683791926436955,0.3635177394230079,0.12825834044898704
TX002405,0.5927826655602811,2023-02-27 17:52:43,0.6929154597814113,0.10517091945547634,-0.2067936485059295,1.8861548738605232,2024-11-04 08:06:42,-1.20450058528614,-0.3177714447028239,-0.2259336741271706,1.1253473762132034,True,True,False,False,False,False,0.3949500495407011,-0.30946906371886795,0.4129050217349737,0.9471286649218978,1.2251915400866291
TX002406,0.30065019414071714,2023-10-03 17:14:49,-0.3751809476870898,2.1351973076289723,-0.2067936485059295,0.017903605885647794,2024-11-04 08:12:12,0.8448875320368848,-0.24590024670874977,-0.2259336741271706,0.6650945906307275,True,True,False,False,False,False,-0.4924511351160437,0.23568261093877343,-1.0590212998330302,-0.9982410867410686,0.7550773116704967
TX002407,-0.7635589016380934,2023-07-25 18:58:19,-1.0497681524040379,0.17665072185595154,-0.2067936485059295,-1.2688057422613688,2024-11-04 08:10:19,0.18742421404802018,0.48842542240021686,-0.2259336741271706,2.045852947378155,True,False,True,False,False,True,0.8386506418690736,-0.8546207383765094,0.9035471289243083,-1.387315037073662,-0.6552653735779002
TX002408,0.1864968700208639,2023-06-08 16:49:20,-0.9935525520109589,1.4203992836242203,-0.2067936485059295,-0.06861835329883216,2024-11-04 08:11:14,-0.25532559048300435,-0.24924017208473126,-0.2259336741271706,0.6650945906307275,False,False,True,False,False,True,-0.4924511351160437,0.7808342855964149,-1.0590212998330302,1.1416656400881946,-0.6552653735779002
TX002409,-0.07442501368165733,2023-08-28 18:27:59,-1.105983752797117,-0.1092684877459493,-0.2067936485059295,-0.876045532637537,2024-11-04 08:07:09,0.5069203701178939,-0.07283059631756049,-0.2259336741271706,3.4266113041255823,True,False,False,False,False,True,2.169752418854191,-0.30946906371886795,-0.5683791926436955,0.3635177394230079,0.2849630832543645
TX002410,-0.7079896664272886,2023-11-24 17:55:11,1.0302090621398854,-0.9098422746312717,-0.2067936485059295,-0.3123515712593203,2024-11-04 08:12:21,1.3340625829452135,-0.346061477464431,-0.2259336741271706,2.9663585185431067,False,False,False,False,True,False,1.7260518265258185,-0.30946906371886795,-0.07773708545436095,0.16898076425671127,0.12825834044898704
TX002411,-0.31294105285405144,2023-10-03 16:22:49,1.6485806664637546,-0.9098422746312717,-0.2067936485059295,-0.3751719749333147,2024-11-04 08:07:59,0.8445755412878471,-0.2809556266501014,-0.2259336741271706,0.2048418050482517,True,False,False,False,True,False,-0.9361517274444162,0.23568261093877343,0.4129050217349737,0.16898076425671127,-1.28208434479941
TX002412,-0.6195311181447374,2023-01-16 16:55:13,0.35562185742293734,1.320327560263555,-0.2067936485059295,-0.16252461363759582,2024-11-04 08:07:09,-1.5997697941952953,-0.340720180117966,-0.2259336741271706,3.8868640897080584,True,False,False,True,False,False,2.613453011182563,-0.30946906371886795,-0.07773708545436095,-0.22009318607588202,1.2251915400866291
TX002413,-0.7060711231647699,2023-03-27 16:26:42,0.1307594558506213,-0.6096271045492758,-0.2067936485059295,-1.1401163466937814,2024-11-04 08:07:56,-0.9418097068414648,-0.12306808804186462,-0.2259336741271706,1.1253473762132034,True,False,False,False,False,False,-0.04875054278767131,0.23568261093877343,-2.0403055142116995,0.16898076425671127,0.9117820544758742
TX002414,0.6568140469468373,2023-04-03 16:34:10,-0.09410294572169475,-1.1957614842331725,-0.2067936485059295,0.12330681288267815,2024-11-04 08:12:22,-0.8759747618347159,-0.2201295059920163,-0.2259336741271706,0.2048418050482517,True,True,False,True,False,False,-0.9361517274444162,-0.8546207383765094,-1.5496634070223647,-0.803704111574772,-1.28208434479941
TX002415,4.682397447526362,2023-09-25 17:11:19,-1.49949295554867,-0.7811786303104162,-0.2067936485059295,-0.9040622891350572,2024-11-04 08:07:07,0.7696805677488743,1.6654342095052586,-0.2259336741271706,-0.2554109805342242,True,True,False,False,False,True,-1.3798523197727885,0.7808342855964149,-0.07773708545436095,0.5580547145893046,-0.028446402356390392
TX002416,0.40048296319391397,2023-02-13 16:03:33,0.7491310601744904,-0.16645232966632947,-0.2067936485059295,1.9474240614934266,2024-11-04 08:09:08,-1.3368595319522036,-0.32784089806121447,-0.2259336741271706,1.5856001617956792,False,False,True,False,False,False,0.3949500495407011,0.7808342855964149,-0.07773708545436095,-0.6091671364084753,-0.6552653735779002
TX002417,0.06007857290133881,2023-12-05 16:04:34,-0.8249057508317219,0.333906287136997,-0.2067936485059295,0.3734807824055134,2024-11-04 08:07:21,1.4367967728680646,-0.29770190030579247,-0.2259336741271706,1.1253473762132034,True,True,False,True,False,False,0.3949500495407011,-0.8546207383765094,-1.0590212998330302,-0.9982410867410686,0.9117820544758742
TX002418,-0.9223183566115025,2023-10-03 16:39:18,0.018328255064463266,2.006533663308117,-0.2067936485059295,0.9687580151790314,2024-11-04 08:09:52,0.8446708687716828,-0.38563721630887365,-0.2259336741271706,-0.7156637661167,True,True,False,False,False,False,-1.3798523197727885,1.3259859602540562,-1.0590212998330302,0.5580547145893046,1.2251915400866291
TX002419,0.5428662810336827,2023-03-17 17:03:03,1.3112870641052805,-1.4244968519146932,-0.2067936485059295,1.6961347548170795,2024-11-04 08:10:37,-1.035611515650516,-0.31552790759554705,-0.2259336741271706,1.5856001617956792,True,True,False,False,False,False,0.3949500495407011,-0.30946906371886795,0.9035471289243083,-0.41463016124217866,0.5983725688651194
TX002420,-0.06979995403094291,2023-08-17 17:10:25,-0.5438277488663268,-1.1242816818326973,-0.2067936485059295,1.7922845094301483,2024-11-04 08:07:27,0.4029881661887099,-0.34691628662326207,-0.2259336741271706,3.4266113041255823,True,True,False,False,False,False,2.169752418854191,1.3259859602540562,-1.5496634070223647,-0.803704111574772,0.2849630832543645
TX002421,-0.8316671874575015,2023-05-08 16:48:31,0.41183745781601633,0.062283038015191215,-0.2067936485059295,-0.41505745714027187,2024-11-04 08:11:44,-0.5468012338355861,-0.36109308622337266,-0.2259336741271706,0.6650945906307275,True,False,True,False,True,False,-0.4924511351160437,-0.30946906371886795,0.9035471289243083,0.9471286649218978,0.2849630832543645
TX002422,-0.9170423626395764,2024-01-01 16:25:13,1.3112870641052805,-0.8097705512706064,-0.2067936485059295,0.7027154901548549,2024-11-04 08:10:15,1.690771062893513,-0.3844240771711164,-0.2259336741271706,0.2048418050482517,False,False,True,False,False,False,-0.9361517274444162,-0.30946906371886795,-0.5683791926436955,-1.387315037073662,0.4416678260597419
TX002423,-0.5636878053250012,2023-02-03 17:00:39,-0.5438277488663268,0.333906287136997,-0.2067936485059295,0.9561482953607093,2024-11-04 08:09:53,-1.430513234933058,-0.36234990511379567,-0.2259336741271706,0.6650945906307275,True,False,True,True,False,False,-0.04875054278767131,0.23568261093877343,1.394189236113643,-2.1654629377388486,-0.6552653735779002
TX002424,0.11808024689140824,2023-06-21 16:38:54,-0.8811213512248008,1.4489912045844102,4.772110297630446,1.7210080553371165,2024-11-04 08:06:23,-0.13313392936746202,-0.33674967832455616,4.426077714458506,-0.2554109805342242,True,False,False,False,False,False,-1.3798523197727885,-0.8546207383765094,-0.5683791926436955,-0.9982410867410686,0.2849630832543645
TX002425,-0.9704189769789316,2023-10-17 17:51:19,1.2550714637122016,-1.367313009994313,-0.2067936485059295,0.7225864394415558,2024-11-04 08:07:06,0.9767894291229142,-0.38835530465297524,-0.2259336741271706,0.6650945906307275,False,False,True,False,True,False,-0.04875054278767131,-1.399772413034151,-0.5683791926436955,0.9471286649218978,0.5983725688651194
TX002426,0.5849029343035085,2023-06-08 16:20:29,1.3675026644983594,0.4625699314578524,-0.2067936485059295,-0.10365275988637808,2024-11-04 08:06:47,-0.25548490490804493,-0.1966068066784421,-0.2259336741271706,1.1253473762132034,True,False,True,False,True,False,-0.04875054278767131,-1.399772413034151,-0.5683791926436955,-0.9982410867410686,0.12825834044898704
TX002427,0.9749496315137507,2023-12-07 16:02:47,0.6929154597814113,0.21953860329623667,-0.2067936485059295,0.5631880942472823,2024-11-04 08:08:05,1.4555846664260055,-0.23548391666775892,-0.2259336741271706,2.5061057329606307,True,True,False,True,False,False,1.282351234197446,1.3259859602540562,1.394189236113643,-0.6091671364084753,1.2251915400866291
TX002428,-0.17806060955877484,2023-12-15 17:01:58,-1.218414953583275,0.10517091945547634,-0.2067936485059295,-0.8293193158890422,2024-11-04 08:08:30,1.5311856727448028,-0.1353446528137199,-0.2259336741271706,1.1253473762132034,True,True,False,False,False,True,-0.04875054278767131,0.23568261093877343,-0.07773708545436095,-0.22009318607588202,-0.028446402356390392
TX002429,2.3444126642397074,2023-11-28 16:17:46,-0.09410294572169475,-0.1092684877459493,-0.2067936485059295,1.000989976918788,2024-11-04 08:06:53,1.3710708668325524,-0.17802727270941712,-0.2259336741271706,1.1253473762132034,False,False,True,False,False,False,-0.04875054278767131,0.7808342855964149,-0.5683791926436955,-0.22009318607588202,-1.28208434479941
TX002430,-0.733136287046728,2023-12-29 18:29:23,0.1307594558506213,1.0344083506616542,-0.2067936485059295,2.252452107021382,2024-11-04 08:09:19,1.663381387417997,-0.38009067691282633,-0.2259336741271706,1.5856001617956792,True,False,False,False,False,False,0.8386506418690736,0.23568261093877343,0.4129050217349737,-0.41463016124217866,-0.028446402356390392
TX002431,0.11520243199763051,2023-05-25 16:27:17,0.9177778613537274,0.5912335757787078,-0.2067936485059295,1.9227251125284215,2024-11-04 08:12:21,-0.3871071311796247,-0.34032053634645815,-0.2259336741271706,1.1253473762132034,False,True,False,False,False,False,-0.04875054278767131,1.3259859602540562,1.8848313433029775,-0.803704111574772,1.3818962828920065
TX002432,-0.8225883666616548,2023-11-16 18:09:35,-1.162199353190196,0.8199689434602284,-0.2067936485059295,-1.11511997448784,2024-11-04 08:11:34,1.258944416861324,-0.24448723494932031,-0.2259336741271706,2.5061057329606307,False,False,True,False,False,True,1.282351234197446,-1.399772413034151,-0.5683791926436955,1.3362026152544912,0.5983725688651194
TX002433,-0.7263528662256803,2023-11-23 17:17:59,0.5804842589952534,-0.8526584327108915,-0.2067936485059295,0.687287941528006,2024-11-04 08:07:49,1.3244471303519192,-0.3703396225177945,-0.2259336741271706,2.045852947378155,True,False,False,True,False,False,0.8386506418690736,-0.30946906371886795,1.394189236113643,-0.22009318607588202,1.6953057685027615
TX002434,-0.47975153758981515,2023-04-11 17:06:47,-0.09410294572169475,0.5626416548185177,-0.2067936485059295,0.6222445555273572,2024-11-04 08:07:45,-0.8005143526724435,-0.35086464965611003,-0.2259336741271706,1.1253473762132034,True,True,False,False,False,False,-0.04875054278767131,-0.8546207383765094,-1.0590212998330302,-0.803704111574772,-0.18515114516176784
TX002435,-0.23054647166910341,2023-02-24 16:57:24,0.07454385545754227,-1.367313009994313,-0.2067936485059295,0.8313946297486166,2024-11-04 08:08:21,-1.2330790249550596,-0.337771993059868,-0.2259336741271706,0.6650945906307275,True,False,True,True,False,False,-0.4924511351160437,0.7808342855964149,-2.0403055142116995,-0.41463016124217866,0.12825834044898704
TX002436,0.02852538817313219,2023-12-06 16:42:18,1.5361494656775965,-0.4523715392682303,-0.2067936485059295,-0.9406863716655389,2024-11-04 08:08:28,1.4464380161162322,0.023596285131940217,-0.2259336741271706,1.1253473762132034,True,False,False,False,True,False,-0.04875054278767131,0.7808342855964149,1.394189236113643,0.16898076425671127,-2.0656080588262973
TX002437,2.21011463586341,2023-11-06 16:24:45,-0.5438277488663268,-1.295833207593838,-0.2067936485059295,0.006927149899019781,2024-11-04 08:11:10,1.164240914523662,-0.031751102323398846,-0.2259336741271706,-0.2554109805342242,True,False,True,True,False,False,-1.3798523197727885,-0.8546207383765094,1.394189236113643,-0.025556210909585365,0.2849630832543645
TX002438,-0.6210042852927427,2023-02-17 16:37:06,-0.9935525520109589,0.34820224761709206,-0.2067936485059295,-0.8764121837017949,2024-11-04 08:08:42,-1.299028994106117,-0.2572438136624301,-0.2259336741271706,1.5856001617956792,True,True,False,False,False,True,0.3949500495407011,0.7808342855964149,2.3754734504923123,-0.41463016124217866,0.12825834044898704
TX002439,0.8226310003502255,2023-04-04 16:07:04,-1.443277355155591,0.7913770225000384,-0.2067936485059295,-0.8482262036361559,2024-11-04 08:07:22,-0.8667168961271343,0.19267651822175494,-0.2259336741271706,1.1253473762132034,False,False,True,False,False,True,0.3949500495407011,1.3259859602540562,1.394189236113643,-0.22009318607588202,0.2849630832543645
TX002440,0.8242069466015798,2023-09-26 17:27:17,-0.9935525520109589,1.8921659794673567,-0.2067936485059295,0.20351365618417172,2024-11-04 08:10:25,0.779165434747873,-0.2129785326414424,-0.2259336741271706,2.045852947378155,False,True,False,True,False,False,1.282351234197446,1.3259859602540562,-0.07773708545436095,-0.6091671364084753,-1.7521985732155423
TX002441,-0.2677525070815166,2023-07-20 18:13:07,-0.15031854611477377,-1.3816089704744081,-0.2067936485059295,-0.2325626588912113,2024-11-04 08:09:38,0.14012273833299307,-0.2894621289359279,-0.2259336741271706,1.1253473762132034,True,False,True,True,False,False,0.3949500495407011,-0.30946906371886795,0.9035471289243083,-0.025556210909585365,-1.7521985732155423
TX002442,-0.8084391101005806,2023-10-09 16:01:25,0.6929154597814113,-1.4387928123947882,-0.2067936485059295,0.8335714601930568,2024-11-04 08:12:02,0.9008223478547752,-0.37743665836171175,-0.2259336741271706,2.5061057329606307,True,False,True,False,False,False,1.282351234197446,-0.8546207383765094,-0.5683791926436955,1.5307395904207879,0.7550773116704967
TX002443,-0.8182031249187552,2023-07-13 16:35:37,-0.9935525520109589,1.020112390181559,-0.2067936485059295,0.5505911943962422,2024-11-04 08:06:39,0.07369047305367077,-0.3760087231371749,-0.2259336741271706,0.6650945906307275,True,False,True,True,False,False,-0.4924511351160437,-0.30946906371886795,-1.0590212998330302,-0.22009318607588202,0.5983725688651194
TX002444,0.8240699077971143,2023-09-07 17:44:26,0.9739934617468065,0.648417417699088,-0.2067936485059295,-0.027104735247093694,2024-11-04 08:12:13,0.6006245661952092,-0.18086850714463934,-0.2259336741271706,2.045852947378155,True,False,False,False,True,False,0.8386506418690736,0.23568261093877343,0.4129050217349737,-0.9982410867410686,1.3818962828920065
TX002445,-0.4129793801139467,2023-08-29 16:22:40,-1.162199353190196,1.649134651305741,-0.2067936485059295,-0.21190969160032436,2024-11-04 08:06:55,0.5155058288361822,-0.3108040163067095,-0.2259336741271706,-0.2554109805342242,True,True,False,False,False,True,-1.3798523197727885,-0.30946906371886795,-0.5683791926436955,0.7525916897556012,1.2251915400866291
TX002446,0.36115282631228385,2023-09-04 17:32:35,1.0302090621398854,2.378228635790588,3.1124756489183207,1.384355714518559,2024-11-04 08:09:32,0.5723582260966558,-0.3166052014075558,4.426077714458506,2.5061057329606307,True,False,True,False,False,False,1.282351234197446,-0.30946906371886795,-0.07773708545436095,-0.22009318607588202,-1.7521985732155423
TX002447,1.4463288591743326,2023-03-30 17:50:23,-1.443277355155591,1.005816429701464,-0.2067936485059295,-1.1342550576525685,2024-11-04 08:11:25,-0.9130795702405051,1.6529289077202793,-0.2259336741271706,2.5061057329606307,True,True,False,False,False,True,1.282351234197446,2.416289309569339,-0.07773708545436095,0.9471286649218978,-0.3418558879671453
TX002448,-0.46036054675793137,2023-04-06 18:06:12,-1.0497681524040379,1.3918073626640302,-0.2067936485059295,-0.8527926759819126,2024-11-04 08:07:56,-0.8471384156170626,-0.21269199118602183,-0.2259336741271706,1.5856001617956792,True,False,True,False,False,True,0.3949500495407011,0.7808342855964149,0.9035471289243083,-0.22009318607588202,0.7550773116704967
TX002449,-0.18755054676801836,2023-10-23 16:19:39,-0.15031854611477377,-0.38089173686775507,-0.2067936485059295,-0.11320107151781983,2024-11-04 08:10:22,1.0325825595709939,-0.2898257417009435,-0.2259336741271706,3.8868640897080584,True,False,True,True,False,False,2.613453011182563,-1.399772413034151,-0.07773708545436095,-0.22009318607588202,-0.028446402356390392
TX002450,-0.021836372467979426,2023-11-03 16:45:25,-0.20653414650785276,-0.2808200135070898,-0.2067936485059295,-0.3683620083132531,2024-11-04 08:09:36,1.1361795938081527,-0.23637770440040295,-0.2259336741271706,0.2048418050482517,False,False,True,True,False,False,-0.9361517274444162,-1.399772413034151,0.4129050217349737,-0.9982410867410686,-1.28208434479941
TX002451,-0.8259115576699458,2023-12-04 16:08:59,-0.15031854611477377,0.4625699314578524,-0.2067936485059295,0.46072322375122743,2024-11-04 08:08:50,1.4274137626326164,-0.3758420954200206,-0.2259336741271706,0.6650945906307275,True,False,False,True,False,False,-0.4924511351160437,-0.8546207383765094,-0.5683791926436955,-1.970925962572552,0.9117820544758742
TX002452,-0.348742440520692,2023-02-28 17:37:48,-0.31896534729401077,0.9486325877810838,-0.2067936485059295,1.7725853477050229,2024-11-04 08:06:59,-1.1951976675485263,-0.35992699069439815,-0.2259336741271706,1.5856001617956792,True,False,True,False,False,False,0.3949500495407011,-0.8546207383765094,0.4129050217349737,0.16898076425671127,-0.028446402356390392
TX002453,-0.7908296237267498,2023-04-24 18:29:26,-0.4876121484732478,-1.0813938003924122,-0.2067936485059295,-1.2639418466746755,2024-11-04 08:10:58,-0.6777675939598167,0.31430225639237425,-0.2259336741271706,2.5061057329606307,False,True,False,False,False,False,1.282351234197446,1.8711376349116977,-0.5683791926436955,0.9471286649218978,-0.028446402356390392
TX002454,-0.3655296940677292,2023-10-09 16:17:07,-0.9373369516178799,-1.1385776423127922,-0.2067936485059295,-1.2853435000548166,2024-11-04 08:10:27,0.9009351955725122,3.2759977861704184,-0.2259336741271706,0.2048418050482517,True,False,True,False,False,True,-0.9361517274444162,-0.8546207383765094,-0.07773708545436095,0.9471286649218978,0.12825834044898704
TX002455,-0.6530028461354624,2023-11-24 17:00:27,-0.3751809476870898,0.4625699314578524,-0.2067936485059295,0.1684792495966258,2024-11-04 08:10:43,1.3337158781923588,-0.35549289803411477,-0.2259336741271706,1.5856001617956792,True,True,False,True,False,False,0.3949500495407011,-0.30946906371886795,0.4129050217349737,-0.22009318607588202,0.9117820544758742
TX002456,1.2272380705349386,2023-05-05 16:52:44,0.5804842589952534,0.6341214572189929,1.4528410002061958,-0.1472534686115843,2024-11-04 08:12:08,-0.574982802119176,-0.10817794274318146,4.426077714458506,0.2048418050482517,True,False,False,False,True,False,-0.9361517274444162,-0.8546207383765094,-0.5683791926436955,-0.41463016124217866,0.9117820544758742
TX002457,-0.6526259894231821,2023-06-16 16:41:13,-1.105983752797117,0.7913770225000384,-0.2067936485059295,-1.261613740616311,2024-11-04 08:11:33,-0.1801633517610401,0.688223271324005,-0.2259336741271706,0.2048418050482517,False,False,True,False,False,True,-0.9361517274444162,1.3259859602540562,0.4129050217349737,0.16898076425671127,1.2251915400866291
TX002458,-0.745743857057564,2023-02-06 17:32:11,-0.03788734532861574,2.2066771100294478,1.4528410002061958,1.0318681501135931,2024-11-04 08:09:14,-1.402096612579736,-0.3747274462683539,4.426077714458506,0.6650945906307275,True,False,False,True,False,False,-0.4924511351160437,0.7808342855964149,-0.5683791926436955,-0.025556210909585365,0.7550773116704967
TX002459,0.45646331481811553,2023-08-14 16:09:21,-1.49949295554867,2.4640043986711584,-0.2067936485059295,-1.0699065138785906,2024-11-04 08:07:49,0.3743805624037309,0.5061519726613615,-0.2259336741271706,0.2048418050482517,True,True,False,False,False,True,-0.9361517274444162,1.3259859602540562,-0.07773708545436095,-2.554536888071442,1.5386010256973839
TX002460,-0.2132795823064366,2023-10-16 16:13:57,-1.0497681524040379,-0.7382907488701311,-0.2067936485059295,-1.1659690927141433,2024-11-04 08:12:01,0.9667194298401429,0.42233428122065425,-0.2259336741271706,0.2048418050482517,True,True,False,False,False,True,-0.9361517274444162,0.7808342855964149,-0.07773708545436095,-0.22009318607588202,-1.7521985732155423
TX002461,-0.7237148692397173,2023-09-04 17:17:40,0.41183745781601633,-1.367313009994313,-0.2067936485059295,-0.9137618763804235,2024-11-04 08:10:10,0.572256695797091,-0.282563237291316,-0.2259336741271706,1.5856001617956792,False,True,False,False,True,False,0.3949500495407011,1.8711376349116977,1.394189236113643,3.6706463172500507,-0.18515114516176784
TX002462,0.13839624965343494,2023-03-02 16:41:57,1.4237182648914386,-0.06638060630566417,-0.2067936485059295,1.0061948836351753,2024-11-04 08:06:36,-1.1767554993514828,-0.3184501559921495,-0.2259336741271706,0.6650945906307275,True,False,False,False,False,False,-0.4924511351160437,-0.30946906371886795,0.4129050217349737,-2.1654629377388486,0.12825834044898704
TX002463,0.957682742151084,2023-09-27 16:50:01,-0.2627497469009318,-0.7668826698303213,-0.2067936485059295,0.3913184848813301,2024-11-04 08:08:42,0.7883354816432909,-0.2211872447422964,-0.2259336741271706,2.045852947378155,False,True,False,True,False,False,0.8386506418690736,-0.30946906371886795,0.4129050217349737,1.3362026152544912,-0.028446402356390392
TX002464,-0.28868518446363844,2023-08-28 16:41:57,0.41183745781601633,0.5912335757787078,-0.2067936485059295,0.07336534833992198,2024-11-04 08:12:15,0.5061947494989252,-0.3143142312906776,-0.2259336741271706,0.2048418050482517,True,False,False,False,True,False,-0.4924511351160437,-0.8546207383765094,-1.0590212998330302,0.7525916897556012,0.9117820544758742
TX002465,-0.8327634978932263,2023-03-02 17:32:19,-0.7124745500455638,0.6341214572189929,-0.2067936485059295,0.47861477008962716,2024-11-04 08:09:06,-1.1764429644958023,-0.3765654112221125,-0.2259336741271706,2.045852947378155,True,True,False,False,False,False,1.282351234197446,1.3259859602540562,-0.5683791926436955,0.3635177394230079,-0.18515114516176784
TX002466,-0.6765050011013146,2023-12-11 16:40:52,0.6929154597814113,0.6913052991393731,-0.2067936485059295,0.024321281506888014,2024-11-04 08:11:08,1.4934220600157926,-0.3541501525933683,-0.2259336741271706,0.6650945906307275,True,True,False,False,False,False,-0.4924511351160437,0.23568261093877343,-0.07773708545436095,1.1416656400881946,0.4416678260597419
TX002467,2.008736112701196,2023-11-03 16:08:00,0.4680530582090954,0.13376284041566644,-0.2067936485059295,-0.710652570742321,2024-11-04 08:11:08,1.1359252783632623,0.3490581691743156,-0.2259336741271706,0.2048418050482517,False,False,True,False,True,False,-0.9361517274444162,0.7808342855964149,-0.5683791926436955,-1.970925962572552,1.2251915400866291
TX002468,-0.7804146745873634,2023-05-02 16:01:04,-0.9935525520109589,0.2624264847365218,-0.2067936485059295,-1.2762361952978665,2024-11-04 08:09:01,-0.6035062870171629,0.6034443389219607,-0.2259336741271706,0.2048418050482517,False,True,False,False,False,True,-0.9361517274444162,-0.8546207383765094,-0.07773708545436095,0.9471286649218978,-0.18515114516176784
TX002469,1.6148180692648002,2023-10-11 17:36:16,1.0864246625329645,-0.9527301560715568,-0.2067936485059295,0.4476417291369375,2024-11-04 08:07:37,0.9202748132663517,-0.1717308654728714,-0.2259336741271706,2.045852947378155,True,True,False,False,True,False,0.8386506418690736,1.3259859602540562,1.394189236113643,-0.6091671364084753,-0.18515114516176784
TX002470,-0.40417463692703126,2023-11-15 16:00:38,-1.162199353190196,-0.009196764385283997,-0.2067936485059295,-1.2063699376058263,2024-11-04 08:11:42,1.2486994328821968,0.46823707099090545,-0.2259336741271706,2.5061057329606307,True,False,True,False,False,True,1.282351234197446,1.3259859602540562,-0.07773708545436095,-1.5818520122399586,1.2251915400866291
TX002471,0.43960754186884565,2023-03-24 16:34:27,-1.218414953583275,-1.038505918952127,-0.2067936485059295,-1.2129542728017295,2024-11-04 08:07:14,-0.9699610227957095,1.7838311884825822,-0.2259336741271706,1.5856001617956792,True,False,False,False,False,True,0.3949500495407011,-0.8546207383765094,0.4129050217349737,0.9471286649218978,0.12825834044898704
TX002472,-0.11735241918050973,2023-03-08 17:43:41,1.0864246625329645,-0.9241382351113667,-0.2067936485059295,-0.69311998348781,2024-11-04 08:11:16,-1.119969918386757,-0.17741427737399734,-0.2259336741271706,1.1253473762132034,True,False,False,False,True,False,-0.04875054278767131,-1.399772413034151,-1.0590212998330302,0.16898076425671127,0.4416678260597419
TX002473,-0.6323099866611555,2023-03-15 17:53:09,-0.4876121484732478,-1.5388645357554536,-0.2067936485059295,0.42096337722363136,2024-11-04 08:08:48,-1.0540768627905468,-0.3590434031410642,-0.2259336741271706,2.045852947378155,False,False,True,False,False,False,1.282351234197446,-0.8546207383765094,-1.0590212998330302,1.1416656400881946,1.2251915400866291
TX002474,-0.9817931977495773,2023-07-31 17:49:23,-0.15031854611477377,-1.1099857213526023,-0.2067936485059295,0.7090357340247538,2024-11-04 08:07:22,0.24340636714384267,-0.38915914804042245,-0.2259336741271706,1.1253473762132034,True,False,True,False,False,False,-0.04875054278767131,-0.30946906371886795,1.394189236113643,1.1416656400881946,-0.028446402356390392
TX002475,1.9444991731079413,2023-12-07 17:13:16,-1.162199353190196,0.5912335757787078,-0.2067936485059295,1.0725689822396691,2024-11-04 08:10:13,1.4560309426945104,-0.20911153738392002,-0.2259336741271706,0.2048418050482517,True,True,False,False,False,True,-0.9361517274444162,-0.30946906371886795,0.9035471289243083,0.7525916897556012,0.5983725688651194
TX002476,-0.4987999314105349,2023-12-18 18:11:24,0.35562185742293734,-0.8097705512706064,-0.2067936485059295,0.6197497898943303,2024-11-04 08:07:25,1.5598525841538575,-0.35226179120356277,-0.2259336741271706,1.1253473762132034,True,False,False,True,False,False,0.3949500495407011,-1.399772413034151,-0.5683791926436955,0.7525916897556012,-2.8491317728531844
TX002477,-0.09319932989344594,2023-06-12 17:30:53,-1.105983752797117,-0.22363617158670962,-0.2067936485059295,-1.08076246217277,2024-11-04 08:07:39,-0.21742225116809802,0.19822826574239008,-0.2259336741271706,1.5856001617956792,True,False,False,False,False,True,0.3949500495407011,1.8711376349116977,1.394189236113643,-1.970925962572552,0.12825834044898704
TX002478,-0.17535409317057907,2023-05-26 17:10:40,0.5242686586021743,-1.3816089704744081,-0.2067936485059295,-0.9442426305894944,2024-11-04 08:12:12,-0.3774207270800966,-0.053990378746487835,-0.2259336741271706,0.6650945906307275,True,False,False,False,True,False,-0.4924511351160437,1.3259859602540562,-0.07773708545436095,0.16898076425671127,0.5983725688651194
TX002479,0.13445638402504853,2023-03-07 17:24:45,-1.274630553976354,-0.2808200135070898,-0.2067936485059295,-0.15744021461365676,2024-11-04 08:09:58,-1.1294872141416725,-0.24489026399888608,-0.2259336741271706,0.6650945906307275,True,False,False,False,False,True,-0.4924511351160437,-0.8546207383765094,-0.5683791926436955,-0.41463016124217866,-1.7521985732155423
TX002480,-0.12382750269150976,2023-10-27 17:02:06,0.2994062570298583,-0.33800385542746997,-0.2067936485059295,0.4157353945661367,2024-11-04 08:09:11,1.070476104966328,-0.3156608720672365,-0.2259336741271706,2.5061057329606307,False,False,True,True,False,False,1.282351234197446,0.7808342855964149,-1.0590212998330302,0.16898076425671127,1.3818962828920065
TX002481,-0.6770188966180606,2023-03-30 16:52:05,1.5923650660706756,0.4625699314578524,-0.2067936485059295,-0.5323704137420411,2024-11-04 08:07:59,-0.9134378100541892,-0.3272722171811487,-0.2259336741271706,2.045852947378155,False,False,True,False,True,False,0.8386506418690736,0.7808342855964149,-1.5496634070223647,-0.6091671364084753,-1.7521985732155423
TX002482,0.3532045756532785,2023-04-03 16:19:59,-0.7124745500455638,-1.338721089034123,-0.2067936485059295,1.0066307625227546,2024-11-04 08:07:57,-0.8760385311332636,-0.3048397808922345,-0.2259336741271706,1.5856001617956792,True,False,True,True,False,False,0.3949500495407011,-1.399772413034151,0.4129050217349737,1.5307395904207879,-0.6552653735779002
TX002483,0.39013653345676047,2023-12-25 16:25:42,-1.0497681524040379,0.005099196094811046,-0.2067936485059295,-1.1070485230872549,2024-11-04 08:11:11,1.624952985192694,0.6215663484383711,-0.2259336741271706,-0.2554109805342242,True,False,False,False,False,True,-1.3798523197727885,1.3259859602540562,-0.5683791926436955,-1.387315037073662,1.6953057685027615
TX002484,-0.3184911244349087,2023-06-21 17:48:16,0.41183745781601633,-0.39518769734785014,-0.2067936485059295,1.0474469743543666,2024-11-04 08:09:54,-0.132703976298244,-0.34821131815085693,-0.2259336741271706,1.1253473762132034,True,False,True,True,False,False,-0.04875054278767131,-1.399772413034151,0.4129050217349737,-0.41463016124217866,-0.6552653735779002
TX002485,0.4247045718832105,2023-07-18 17:56:55,0.4680530582090954,0.34820224761709206,-0.2067936485059295,0.7496006744976434,2024-11-04 08:10:58,0.12120393271677093,-0.2888820536513389,-0.2259336741271706,0.6650945906307275,True,False,True,True,False,False,-0.4924511351160437,0.23568261093877343,0.9035471289243083,0.3635177394230079,-0.028446402356390392
TX002486,-0.35703328819086144,2023-07-20 16:05:11,-1.49949295554867,2.363932675310493,-0.2067936485059295,-1.033933685686021,2024-11-04 08:10:56,0.1392789377511868,-0.04103924166835307,-0.2259336741271706,0.2048418050482517,True,False,False,False,False,True,-0.9361517274444162,-1.399772413034151,1.394189236113643,-2.1654629377388486,0.5983725688651194
TX002487,0.2721803825129867,2023-03-16 16:52:04,-0.6000433492594058,-0.7954745907905113,-0.2067936485059295,-0.33368656080959613,2024-11-04 08:09:54,-1.045080712378199,-0.19768505063220196,-0.2259336741271706,3.8868640897080584,True,False,False,True,False,False,2.613453011182563,-0.8546207383765094,-1.5496634070223647,0.16898076425671127,0.12825834044898704
TX002488,-0.8342024053401152,2023-05-19 17:47:41,-0.9373369516178799,-1.4673847333549783,-0.2067936485059295,-1.0700552254990587,2024-11-04 08:06:59,-0.4429601133584232,-0.2790663356043953,-0.2259336741271706,1.1253473762132034,False,True,False,True,False,False,-0.04875054278767131,-0.30946906371886795,-0.07773708545436095,-0.22009318607588202,0.2849630832543645
TX002489,-0.9575373293591641,2023-04-14 16:33:13,0.6929154597814113,-0.7668826698303213,-0.2067936485059295,0.3487126056171871,2024-11-04 08:06:41,-0.7725200658953392,-0.3864148691578572,-0.2259336741271706,1.1253473762132034,True,False,False,False,True,False,-0.04875054278767131,-0.30946906371886795,2.3754734504923123,-0.803704111574772,-1.28208434479941
TX002490,0.3803725186385857,2023-05-22 17:41:48,0.1869750562437003,0.5626416548185177,-0.2067936485059295,-0.6706952967185861,2024-11-04 08:07:08,-0.4147930183115344,-0.07072872029601535,-0.2259336741271706,1.1253473762132034,False,False,True,True,False,False,-0.04875054278767131,-0.30946906371886795,-0.5683791926436955,-0.22009318607588202,1.6953057685027615
TX002491,-0.4641976332829684,2023-12-04 16:14:07,1.0864246625329645,1.4489912045844102,-0.2067936485059295,1.144678734206014,2024-11-04 08:11:35,1.4274293240826033,-0.35866303325906734,-0.2259336741271706,2.5061057329606307,True,True,False,False,False,False,1.282351234197446,-0.8546207383765094,0.4129050217349737,0.16898076425671127,-1.28208434479941
TX002492,-0.4532002692246032,2023-04-03 16:05:30,0.2431906566367793,-1.3101291680739329,-0.2067936485059295,0.572374882801379,2024-11-04 08:10:12,-0.8761477877471575,-0.34770605107913094,-0.2259336741271706,0.6650945906307275,True,False,False,False,False,False,-0.4924511351160437,0.7808342855964149,0.9035471289243083,0.16898076425671127,0.2849630832543645
TX002493,-0.10316890291831896,2023-01-30 17:05:46,-1.330846154369433,0.5626416548185177,1.4528410002061958,-1.103143561053236,2024-11-04 08:09:32,-1.4680861926943967,0.2545674268937757,4.426077714458506,0.6650945906307275,True,False,False,False,False,True,-0.4924511351160437,-1.399772413034151,0.4129050217349737,0.9471286649218978,-2.8491317728531844
TX002494,1.9161664002846763,2023-03-17 16:10:35,-0.4876121484732478,0.4339780104976623,-0.2067936485059295,0.8885229679495178,2024-11-04 08:09:52,-1.0359491882330985,-0.19571346873353473,-0.2259336741271706,2.5061057329606307,True,True,False,True,False,False,1.282351234197446,0.7808342855964149,-1.0590212998330302,0.7525916897556012,-0.18515114516176784
TX002495,0.4669810430608511,2023-03-10 17:38:58,1.1426402629260435,-1.1814655237530776,-0.2067936485059295,0.9996490083411179,2024-11-04 08:07:44,-1.10117331912253,-0.29733871325415967,-0.2259336741271706,2.045852947378155,True,False,True,False,False,False,1.282351234197446,1.3259859602540562,1.394189236113643,1.3362026152544912,-2.8491317728531844
TX002496,-0.0903557747007844,2023-04-03 16:07:53,0.018328255064463266,-0.46666749974832533,-0.2067936485059295,0.4483699032785405,2024-11-04 08:06:52,-0.8761104620314547,-0.314278348591096,-0.2259336741271706,2.045852947378155,False,False,False,False,False,False,0.8386506418690736,-0.30946906371886795,-0.5683791926436955,-0.803704111574772,-1.28208434479941
TX002497,0.034555095569619,2023-01-18 17:21:27,1.7047962668568335,0.6055295362588028,-0.2067936485059295,-0.7849571011073003,2024-11-04 08:12:03,-1.5808261773161572,-0.09759433549132607,-0.2259336741271706,1.5856001617956792,False,False,True,False,True,False,0.3949500495407011,2.416289309569339,-0.5683791926436955,1.1416656400881946,0.5983725688651194
TX002498,0.17327262538993268,2023-05-10 17:56:31,-1.330846154369433,0.8771527853806086,-0.2067936485059295,-0.8272629931370505,2024-11-04 08:11:06,-0.5275487820259389,-0.02977050433130289,-0.2259336741271706,2.5061057329606307,True,False,False,False,False,True,1.282351234197446,0.7808342855964149,-0.5683791926436955,-2.1654629377388486,-2.0656080588262973
TX002499,-0.871888076568158,2023-10-04 18:25:44,-1.105983752797117,-0.2522280925468997,-0.2067936485059295,0.4693638816991218,2024-11-04 08:07:24,0.8547840701219002,-0.37971580116419856,-0.2259336741271706,1.5856001617956792,True,True,False,False,False,True,0.3949500495407011,-0.8546207383765094,-1.5496634070223647,-0.803704111574772,0.4416678260597419
TX002500,0.891390220490845,2023-05-30 16:55:04,-1.0497681524040379,-0.2522280925468997,-0.2067936485059295,-0.9806821055911192,2024-11-04 08:11:13,-0.33990751222814813,0.45724873597661947,-0.2259336741271706,0.6650945906307275,False,True,False,False,False,True,-0.4924511351160437,1.3259859602540562,-1.0590212998330302,-2.1654629377388486,-0.6552653735779002
TX002501,0.0959484799702123,2023-09-26 16:15:36,1.3675026644983594,-0.4523715392682303,-0.2067936485059295,2.2211354909455414,2024-11-04 08:10:49,0.7786947825017663,-0.3454793942654164,-0.2259336741271706,-0.2554109805342242,True,False,False,False,False,False,-1.3798523197727885,-0.30946906371886795,-0.07773708545436095,3.6706463172500507,-1.5954938304101647
TX002502,-0.21160085695173284,2023-09-01 16:26:50,0.4680530582090954,0.7056012596194681,-0.2067936485059295,-0.2547463302755386,2024-11-04 08:08:53,0.5437266816193893,-0.2794995254017667,-0.2259336741271706,0.6650945906307275,False,False,True,True,False,False,-0.4924511351160437,-0.30946906371886795,0.4129050217349737,-0.9982410867410686,0.5983725688651194
TX002503,1.0481626127995027,2023-04-21 16:22:38,-0.03788734532861574,-1.338721089034123,-0.2067936485059295,1.3853684919338163,2024-11-04 08:08:08,-0.7067834953696264,-0.279179139230273,-0.2259336741271706,1.5856001617956792,True,False,True,False,False,False,0.3949500495407011,1.3259859602540562,0.4129050217349737,-0.22009318607588202,-2.8491317728531844
TX002504,-0.09367896570907554,2023-11-06 16:56:41,-0.7686901504386429,-1.1099857213526023,-0.2067936485059295,0.07709083083199651,2024-11-04 08:10:48,1.1644518102584493,-0.2938750607756097,-0.2259336741271706,2.5061057329606307,True,False,False,True,False,False,1.282351234197446,-0.8546207383765094,1.394189236113643,1.3362026152544912,1.2251915400866291
TX002505,-0.5968511960056788,2024-01-01 17:21:56,0.8053466605675694,-1.1385776423127922,-0.2067936485059295,2.1609611285184984,2024-11-04 08:10:53,1.6911372466641834,-0.37400888479920114,-0.2259336741271706,0.2048418050482517,True,False,True,False,False,False,-0.9361517274444162,-0.30946906371886795,0.4129050217349737,-0.41463016124217866,-0.968674859188655
TX002506,0.9576484824499676,2023-01-27 17:38:07,-0.31896534729401077,-0.7239947883900362,-0.2067936485059295,0.03886425239129675,2024-11-04 08:10:50,-1.4960899469270874,-0.1766341145199575,-0.2259336741271706,0.2048418050482517,True,False,False,True,False,False,-0.9361517274444162,1.3259859602540562,-1.0590212998330302,-1.387315037073662,-0.6552653735779002
TX002507,-0.7035359052821561,2023-04-13 17:45:33,0.8615622609606484,-0.38089173686775507,-0.2067936485059295,0.4674613985545112,2024-11-04 08:09:06,-0.781465723211226,-0.36578895104682896,-0.2259336741271706,1.5856001617956792,True,True,False,True,False,False,0.3949500495407011,1.8711376349116977,-1.0590212998330302,-0.9982410867410686,1.2251915400866291
TX002508,1.9138024809076444,2023-04-26 17:09:36,-0.6562589496524849,-0.15215636918623443,-0.2067936485059295,1.942606317788948,2024-11-04 08:11:29,-0.6594878960063425,-0.2593707015117997,-0.2259336741271706,2.9663585185431067,False,True,False,False,False,False,1.7260518265258185,-0.8546207383765094,-2.0403055142116995,-2.1654629377388486,0.12825834044898704
TX002509,-0.1577788664978646,2023-03-22 17:36:48,0.1869750562437003,0.8199689434602284,-0.2067936485059295,-1.2459862004998672,2024-11-04 08:11:42,-0.9883874119001089,1.5403590462060661,-0.2259336741271706,2.5061057329606307,True,True,False,False,False,False,1.282351234197446,0.23568261093877343,-0.07773708545436095,-0.22009318607588202,1.2251915400866291
TX002510,-0.9214618640835924,2023-08-21 17:08:50,0.6366998593883324,0.37679416857728215,-0.2067936485059295,-0.44392802345875604,2024-11-04 08:08:39,0.4405786441839499,-0.3752845793155346,-0.2259336741271706,2.045852947378155,True,True,False,False,True,False,0.8386506418690736,0.23568261093877343,-0.5683791926436955,-0.22009318607588202,-0.028446402356390392
TX002511,-0.3824197267181157,2023-02-24 16:24:46,-1.218414953583275,-1.4387928123947882,-0.2067936485059295,-0.8557053725483245,2024-11-04 08:12:22,-1.2333183230566063,-0.18640795444913602,-0.2259336741271706,0.2048418050482517,True,False,True,False,False,True,-0.9361517274444162,-1.399772413034151,0.4129050217349737,-1.1927780619073654,0.4416678260597419
TX002512,-0.18676257364234106,2023-02-14 16:21:23,-1.162199353190196,-0.38089173686775507,-0.2067936485059295,-1.277651519685771,2024-11-04 08:07:49,-1.3273323334563876,3.2191054839792796,-0.2259336741271706,0.6650945906307275,False,False,True,False,False,True,-0.4924511351160437,0.7808342855964149,-0.07773708545436095,-1.1927780619073654,0.12825834044898704
