PC1,PC2,cluster,type
0.05151708384727501,-1.4246822809093909,0,core
0.3075609668689172,-1.969267206436855,0,core
-0.6200703019535739,0.6938267412826675,0,core
-0.3683058000282565,-0.23524362279435385,0,core
-0.16919482210574513,-0.4086605570107966,0,core
-0.45929740096745475,1.1440315628543,0,core
0.24674894921588403,-1.8708488128057563,0,core
0.049369338698962165,-0.7622248625681607,0,core
0.14868738904470633,-1.457944666804809,0,core
-0.6666706609779535,1.1326028209849437,0,core
-0.04718335277813697,-1.3524895916286932,0,core
-0.45200343873857374,1.0225960266804248,0,core
-0.6256707551268337,1.0711555821098455,0,core
-1.8783656352542868,5.600153102506939,0,core
-0.7128268523997177,1.5412076422614593,0,core
-0.4186725710007432,-0.08861642669478398,0,core
-0.8180343484906893,1.7165991691155877,0,core
-0.2372710437745811,-0.14179879241000518,0,core
0.03550734679536717,-1.5578008360136517,0,core
-0.3354287924440218,0.11228835184067143,0,core
0.14954183575837263,-1.4221680889608688,0,core
-0.12422733379050725,-0.9989766440092991,0,core
-0.03189413447773139,-0.7513782162483258,0,core
4.925118496521135,2.9214428308407445,1,core
-0.47792870593857095,0.7847507136344842,0,core
0.08075301936605073,-1.0463455349732336,0,core
7.097679267784898,3.369004443208585,1,core
-0.21693343586108027,-0.23087848143855655,0,core
-0.23912642333740444,0.05258925771850732,0,core
-0.27684007966132873,0.38376753437888683,0,core
-0.003340868721611488,-1.5210453616634725,0,core
0.03550462650726374,-0.7734620774919563,0,core
5.4100611420634195,0.21337239683401654,1,core
-1.286690660419693,4.025352203365882,0,core
0.059841485646961935,-1.956176238696224,0,core
-0.16097880114090712,-0.7281962703903673,0,core
-0.534831709507012,0.32223850114335745,0,core
-0.09736224650423951,-0.47209673386183537,0,core
4.095735777724482,0.38261908468990424,1,core
-0.26710016328734354,0.26609058080078657,0,core
-0.07935515505969847,-1.1531816975906097,0,core
0.18300166270284005,-1.2847599738288615,0,core
0.2662456525457604,-1.715815528427949,0,core
-0.5846260565593326,0.7786994444005011,0,core
-0.8154287138794337,0.9623875705356197,0,core
-0.062490929772413044,-1.0557906708792932,0,core
-0.658436141353458,0.4198514742176085,0,core
-0.839976169152765,2.112248648186514,0,core
-1.2349661857621592,3.6410935325529046,0,core
-0.2150483936469648,-0.14017833738128332,0,core
-0.10292923601636911,-0.7986366867471284,0,core
-0.07785214457267575,-0.38803979897322494,0,core
0.4562519972972686,-2.6872564938214505,0,core
-0.5279200134041472,0.7044984871938553,0,core
0.051787429746588315,-1.1341730837140218,0,core
-0.6150791595120678,0.975761349996912,0,core
-0.1703281971302778,-1.0504218090344026,0,core
-0.09160974049063288,-0.747633535562098,0,core
-0.27553313145939906,-0.6336226767000603,0,core
-0.6120179075415407,0.8491652390317452,0,core
-0.22192012517999019,-0.1544538548436172,0,core
4.338779095847039,-0.1079864078302214,1,border
-0.19260843423041332,-0.6449777625571247,0,core
-0.08033415733047339,-0.8856229946402947,0,core
0.3269352833519557,-1.9278534692048113,0,core
-0.2951371776547979,0.12610372612411008,0,core
-0.16088810644551838,-0.6058318288606881,0,core
-0.7500647824603212,1.4206165782655726,0,core
-0.07550386114010268,-1.0330086950042954,0,core
-0.46490240208148714,0.1943113662555017,0,core
-0.10692203325443159,-0.4801780826895843,0,core
-0.20717182798100342,-0.6092132970753925,0,core
-0.100510765486868,-1.4038851071187723,0,core
-0.3123463758286306,0.1981943147942507,0,core
-1.495527980927529,4.071612068762585,0,core
-0.2632783752781342,-0.7100248004015834,0,core
-0.5962530092735356,0.9442401939616019,0,core
0.2655389508208415,-1.9365809828371618,0,core
-0.5172895087400301,0.9452326807891851,0,core
0.05714614894407632,-1.147519485870619,0,core
-0.37817390103621135,0.19483398339153135,0,core
-0.13217409163272448,-1.0142262246947402,0,core
-0.2602975378890293,-0.17316858583491468,0,core
-0.08040240091097137,-0.9404720160484095,0,core
-0.35705110134124934,0.2984489013686787,0,core
-0.35387057354051316,-0.032717378322937744,0,core
0.16336591158210503,-1.902580608759499,0,core
-0.112502481336043,-0.9019797085436407,0,core
0.32479434688223774,-1.8379170537352563,0,core
-0.6985385850915511,1.4253842131006373,0,core
-0.4063134816995668,-0.35186046081066313,0,core
6.304744459073164,1.2622270506380555,1,core
-0.5526803205602188,1.3441344646709803,0,core
-0.5919167098916764,1.6665907237508577,0,core
-0.6279819496667677,1.5129608947916886,0,core
-0.10469609936284804,-0.631281648540245,0,core
-0.7247864573735112,1.4732901776737282,0,core
-0.36219691248818525,-0.37895441629716975,0,core
-0.12883730544194158,-0.7705903661502553,0,core
-0.13872079464805936,-0.9030416665607197,0,core
-0.2632464681718845,-0.19128453875338525,0,core
-0.1782028602689911,-0.5712524921473532,0,core
-0.12501390667886914,-0.4593753778993792,0,core
-0.07480877288171002,-0.4532769412834299,0,core
-0.049529613135425955,-0.45866276952973795,0,core
-0.11248561656697469,-1.0583226819520142,0,core
0.05097685741504162,-1.1368064573185572,0,core
-1.23108095171091,3.2174934238170008,0,core
-0.9408859586736966,2.3816397794609343,0,core
0.12754363121212509,-1.5453476957542502,0,core
-0.6532551773230951,0.8688853806020826,0,core
-0.5040194454620467,1.0319071575619694,0,core
-0.029520973535962912,-1.0030438334002607,0,core
0.14067105837136204,-1.550407176532586,0,core
-0.5082549717287084,0.9404341227196138,0,core
0.15855605368833453,-1.8669692620919063,0,core
0.20459427243507264,-2.0631652266762077,0,core
4.155576953793679,0.6056220122813987,1,border
-0.22902415424020917,-0.11209552621231028,0,core
-0.07684494687925339,-0.4328284448196515,0,core
-0.10728962434861523,-1.0232594497609466,0,core
0.09160831165545037,-1.4618646152430361,0,core
-1.1261017021853517,3.2666320356791383,0,core
-0.30462659819869997,-0.33222154357285416,0,core
-0.12147592782610515,-1.6795598730822834,0,core
0.19410879184520408,-2.0257997071297664,0,core
-0.3802470935429279,0.4031203044283343,0,core
-0.9225553751558095,2.307829078572744,0,core
-0.6136699245692281,0.7409418582126102,0,core
-0.3564159859499778,-0.05936680435865931,0,core
-0.16661533404736673,-0.4989407259609904,0,core
-0.018718089779352208,-1.4130274225838617,0,core
0.09652289103762511,-1.1879835845058924,0,core
-0.3366576974453614,0.8453156607927894,0,core
0.04640726489396524,-1.6470261941603621,0,core
0.1593516425704791,-2.062671004702244,0,core
-0.6970401121786033,1.532033537426588,0,core
-0.6977696588869716,1.394950910353795,0,core
-0.23083439894826757,-0.43856041710485405,0,core
-0.8030051465149507,1.9800263114761854,0,core
-0.1383318096273908,-0.2593695336156504,0,core
-0.5015725134814235,0.17956720317860025,0,core
-0.5857607147805786,1.5652710700540946,0,core
-0.22830640763681553,-0.45319942801674334,0,core
0.11078240731941764,-1.4521105034871011,0,core
-0.44136682523303933,0.8726778600245455,0,core
-0.4316880268316797,0.011189957050218483,-1,noise
6.975422708566426,3.7174019589598095,1,border
0.25267732291760603,-1.5123823160868581,0,core
-0.008698822715887287,-0.3802905943726442,0,core
0.1853744003090046,-1.996269564924577,0,core
-0.47394156657347847,0.3695797663800877,0,core
-0.7105207463879386,1.4512811406717396,0,core
0.17580880139647787,-1.550356682223139,0,core
0.05137944342511216,-0.2782728217699759,0,core
0.05358262266135449,-1.0880271541863267,0,core
-0.486569979407988,0.6635557551216742,0,core
0.13767850066862955,-1.2868582586035728,0,core
-0.4781239589308032,0.8844202510906216,0,core
0.07349311096004657,-1.7219978299747842,0,core
0.06452834660698781,-1.6436644800829878,0,core
-0.031325167136556836,-0.012222912553630557,0,core
-0.1633805375134269,-0.17446712548890983,0,core
0.08378763738635038,-1.9254957866530897,0,core
-0.2399064749085387,-0.5593278463496918,0,core
-0.9042881317943116,2.7682399148041443,0,core
0.11909259977979612,-1.533291209286785,0,core
3.966618197646316,1.7061615911563408,1,core
-0.4475207568648457,0.4033146080687161,0,core
-0.5654441398274708,0.939889913020721,0,core
-0.43734209824033593,0.0865602836426955,0,core
0.033716975582437844,-1.073942765251255,0,core
0.056392924042335035,-1.5160027665309366,0,core
-0.6472252947378478,1.1732961142818994,0,core
-0.5739979223250048,0.7413891395338539,0,core
-0.6262728019445641,0.7587200806960461,0,core
-0.9649962382839524,2.075234276151616,0,border
-0.9572143391580125,2.3425732838157995,0,core
-0.23246504452653402,-0.7814891637744754,0,core
-0.29671999683199163,-0.36190623993658155,0,core
0.05320177836653774,-0.9421107603425767,0,core
0.0046839263765405155,-1.5528153282368988,0,core
0.012014014023290519,-1.4858718124355021,0,core
-0.5203913059453129,0.7422364814974514,0,core
0.15961853026359626,-1.4383153524903096,0,core
-0.23436289290303897,-0.8048402188258266,0,core
-0.15541717515859413,-0.7314321172031901,0,core
-0.3749026102912741,0.3326955148793934,0,core
0.01173295101126102,-0.6635240537764366,0,core
0.02298932170702691,-0.5449800147158133,0,core
-0.27311474981972533,0.05132181700223119,0,border
0.09371522971123483,-1.314977896432075,0,core
-0.17055355565913258,-0.756912027388353,0,core
-0.8261119879297895,1.7526030894868279,0,core
-0.11158823238698252,-0.5362600883735853,0,core
0.18701371744830456,-1.1260894949564244,0,core
0.16716760179625686,-1.4305875066335731,0,core
0.03620007115243171,-0.8485605103617462,0,core
-0.02775474619494514,-1.5445552951679125,0,core
0.030302773905421264,-0.4702093874055508,0,core
-0.6308111580069922,1.2020515885499676,0,core
-0.09984224836419923,-0.5946687134343875,0,core
0.0024070450971907954,-0.9969267285277927,0,core
0.056825014288400796,-1.0952568729289696,0,core
0.08689016917490784,-1.3340877212753497,0,core
-0.20197643233803622,-0.3594954903782307,0,core
-0.21845465741512204,-0.12175097592767277,0,core
-0.11137693284326915,-0.22310855213601086,0,core
0.03042097588138884,-0.5984993530586904,0,core
-0.035423811793480635,-0.8910938875514371,0,core
0.24119658037228708,-2.136471370294494,0,core
-0.08083727258805433,-1.1838962461166762,0,core
-0.4380300855267057,0.318499944577087,0,core
-0.06157531117547794,-1.0655072980245135,0,core
0.012196839607693672,-0.625738404527687,0,core
-0.5624089470055316,0.4852518397269537,0,core
0.24925954390788005,-1.764025244458576,0,core
0.05437598850216321,-1.0440796037658104,0,core
-0.5087522652544254,0.7319074263053298,0,core
0.17377297849796602,-1.1877122433975231,0,core
-0.17820942496542663,-0.9353266674874228,0,core
-0.22269970924602533,-1.0943202193498582,0,core
-0.16649213423406356,-0.7702094160647228,0,core
-0.38660305437950526,-0.39098167903921255,0,core
-0.8313287502995627,2.2782085838263217,-1,noise
-0.25270099156790615,-0.3338395181176696,0,core
0.08699849252206636,-1.2568141849510197,0,core
-0.8901510207654902,2.3927022121743073,0,core
-0.30079735195272495,-0.3385424826529811,0,core
-1.243985025312088,3.273878253624692,0,core
0.07137317021154868,-1.0759560970040118,0,core
5.380290548257977,0.3798183183622115,1,core
-0.34114045252399,-0.4011424812240805,0,core
0.42279364714111706,-1.6657701787044346,0,core
0.18586928881117493,-1.6236769810789706,0,core
0.046680550899667196,-1.2945153018561415,0,core
-0.5019612637047268,0.5167122188968576,0,core
-0.5129668428028992,0.7907725343287715,0,core
0.0003797103197449442,-0.2654771555798595,0,core
-0.1083890010539512,-0.5797643785651767,0,core
0.0528156220954169,-1.4002453858305866,0,core
-0.7320418698558271,1.462644360189588,0,core
-0.5679180734351179,1.296741962370271,0,core
0.20222308948242565,-1.1153619939161519,0,core
-0.21356152007254894,-0.5298643965855869,0,core
0.21578825403752394,-1.811092863708713,0,core
-0.1127208032942192,-0.44553777448158244,0,core
-0.7737342705893004,1.7832916887824755,0,core
-0.9553768166079807,2.035023781019266,0,core
-0.04441541114628222,-0.3413063454694652,0,core
-0.33932127221510344,-0.221674183889386,0,core
-0.1989199086755244,-0.24845335001926,0,core
-0.11189352117146832,-0.6841382510002814,0,core
-0.6944079738962695,1.4123629098031587,0,core
-0.7061179362315223,1.4486746457727158,0,core
-0.07367656548885267,-0.6243460112910966,0,core
-0.3541296043425134,-0.5075081690473806,0,core
-0.8704725935296035,2.049239286445863,0,core
0.11936768289255587,-1.1784789489115506,0,core
-0.7747150323984959,0.9391910640939372,0,core
-0.5060418420264189,0.7759026944344469,0,core
0.098051728751349,-1.161098309513282,0,core
-0.489174009717879,0.7272483253360869,0,core
-0.07081091517981744,-1.60768636979173,0,core
-0.18524123095229655,-0.3584507246518422,0,core
0.13237113435343847,-0.9977184947114344,0,core
6.781512816935273,0.17950176500686374,1,core
-0.13225117802782876,-0.876220521358527,0,core
-0.2965265248803352,-0.4742043906121568,0,core
0.1763502872017749,-1.8076082831148854,0,core
-0.10876646194989284,-1.0547218437664132,0,core
-0.03077090403407414,-0.8459636880274393,0,core
-0.44315732231752025,0.7183277560617751,0,core
-0.2628177969138387,-0.30252327194439094,0,core
6.168693458601624,6.452750262832864,-1,noise
-0.28775989971971716,-0.6180717948692085,0,core
-0.023339610767455943,-1.0977629189868405,0,core
-0.056374406940405276,-0.9207406816561055,0,core
-0.03808930735032259,-1.3409355176893667,0,core
-0.35677019820764627,-0.5518605505624605,0,core
-0.15404579380036537,-0.6245209243302536,0,core
-0.2868316202972391,0.2920869855061086,0,core
-0.6305605273407209,0.9436117180395012,0,core
4.383576396194714,-0.09537894035969437,1,core
0.28383278059365985,-2.2252142429227884,0,core
0.09972823561726454,-1.6528422802023066,0,core
0.12591400829150087,-0.7716341759537548,0,core
0.03997293786146628,-1.2360985910876559,0,core
-0.679631667386814,1.697676601705806,0,core
-0.5852446849826916,0.8350433498464185,0,core
-0.5568541727916761,1.0006268089751353,0,core
-1.377156252201901,4.1978152150903965,0,core
-0.3007746537103171,-0.3782630915580807,0,core
-0.1789763901333092,-1.2712706477512883,0,core
-0.38463216928126154,0.36135314162227206,0,core
-0.0049657414637250385,-0.6878198313151638,0,core
-0.47199246622735447,0.3209932127454733,0,core
0.03235300609067161,-1.0473908948121804,0,core
-0.7256199652614603,1.6904442511381907,0,core
-0.11234848586578212,-1.1450388742640434,0,core
0.16671226842645984,-0.8831445192548864,0,core
-0.12161214306692043,-0.3210281083527549,0,core
-0.3641119727403514,0.3992838891413944,0,core
0.10770547095506658,-1.5224686421329825,0,core
-0.417068423351542,0.5586011740437897,0,core
-0.09082806159426408,-0.7689752244316985,0,core
-0.06420818597861218,-1.0249077926414405,0,core
-0.24554488012995937,-0.31923600076347125,0,core
-0.19589190867456274,-0.0035058342722221088,0,core
0.08968691092695999,-1.7046810045997476,0,core
-0.05228338384479458,-0.6956826977916337,0,core
-2.249694644306325,7.096015619465811,0,border
0.19617054392629826,-1.7485906671975853,0,core
-0.7715033624750419,1.4141179709107292,0,core
0.06487614826959442,-0.7182175081600266,0,core
-0.8803813725680787,2.1029433929929837,0,core
-0.04225645311779054,-1.0923973234406947,0,core
-1.1705165400498092,2.687515998135991,0,core
-0.18401945010472304,-0.860779239700987,0,core
-0.007039735816509676,-1.3813513256914216,0,core
-0.5603170211744407,0.9068673524801347,0,core
-0.04292214809116311,-0.6103063082226325,0,core
0.012087327879574025,-0.8757689806346951,0,core
-0.044603715904238284,-0.08735132737682638,0,core
-0.2657254274007428,-0.6082869265530166,0,core
-0.06921434564509979,-0.585719113111075,0,core
-0.03342010386765561,-1.049763916115983,0,core
-0.2567744438556371,0.2512435374299945,0,core
0.10100957983329661,-1.4959872453799858,0,core
-0.027356214203803582,-0.8501518077188677,0,core
-0.6091326604550368,1.0231924972848332,0,core
-0.127237512288712,0.025504330212709196,0,core
-0.4109268518664463,-0.04635333916743349,0,core
-0.20447916301834135,-0.6954697796880505,0,core
-0.6721334373936436,1.6022160876887879,0,core
-0.3169624620933652,-0.44556645646966003,0,core
0.05961593317135113,-0.8958081515488094,0,core
-0.04964577712446202,-1.473103642602538,0,core
-0.34142275055552906,0.6646346583740739,0,core
0.24834252285770375,-1.9623682413239358,0,core
-0.7506625518107639,2.1775741362951613,0,core
0.3951665484952642,-2.2960524921975787,0,core
-0.2679982571631639,0.12302045326729719,0,core
-0.3998631808825656,0.13408461034169136,0,core
-0.6696410816811023,1.4697585874667054,0,core
0.028893359926545292,-1.0466050261309496,0,core
0.0016760843462212648,-0.8759737716867955,0,core
-0.6023081234236471,0.7823532266215649,0,core
0.06772938936295031,-1.4353533177824542,0,core
0.16662805291767804,-1.1354745444083603,0,core
-0.12809809310184436,-0.34373725081880135,0,core
0.020552504341671753,-1.5193436929690296,0,core
-0.6388107175890461,0.5636351566555509,0,core
0.047957132607257376,-0.9692798790724761,0,core
-0.33894045757634866,0.2150315216907354,0,core
-0.49549512583710914,0.42695798720650213,0,core
5.5575187522059375,-0.06067029975045539,1,core
-0.6961383584331229,1.0174868607951164,0,core
0.30067605838309086,-1.9590923818408785,0,core
-0.9000707728843805,2.3612610828636735,0,core
-0.15446272360935023,-0.5217263552130249,0,core
-0.31645145291496246,0.34031877791203163,0,core
-0.11987430699822256,-0.14469905236321257,0,core
-0.12216664895350986,-0.5869306311465965,0,core
-0.48850705043761306,0.7561094456247859,0,core
-0.14098570220563766,-0.7918993820142748,0,core
-0.1644385582834087,-1.0028427191866345,0,core
-0.07092051180378736,-0.8643402695642601,0,core
-0.5438033512147541,0.7994589045433913,0,core
0.10123379994855666,-1.6877237394185816,0,core
-0.2835570001316423,-0.3475909929776483,0,core
-0.6088430495762484,1.117054723606891,0,core
0.1722086899281039,-1.7290357063818282,0,core
-0.6889036015990785,0.8448185115689928,0,core
-0.5088976684041505,0.8868752233368717,0,core
-0.2913269101454988,-0.3831548716756766,0,border
-0.13574892148467946,-0.44444521980314494,0,core
0.05671736800312943,-1.925128652896822,0,core
-0.0321440783998478,-1.0937628643213733,0,core
-0.2876946376326678,-0.1688239325395696,0,core
-0.5183312829809356,0.7644782978739177,0,core
0.09265853290145314,-1.231891690195576,0,core
0.014027543921643565,-1.024175206099805,0,core
0.17529478666604564,-1.372841859385688,0,core
-0.0556624803193447,-0.5745726847618433,0,core
-0.533910515479782,0.8790737344674275,0,core
-0.22242181623067095,-0.9158673593654725,0,core
0.013827810586567736,-1.4721473051023042,0,core
-0.3649046704834539,0.18389814302821725,0,core
0.003492080106957774,-0.9504113852900951,0,core
-0.7525533151560292,1.992950554325899,0,core
-0.492186134833779,0.4985415153352674,0,core
-0.3698150312663909,-0.23817268904457717,0,core
-0.6461840519596911,1.1651816954749548,0,core
8.029845567184813,-0.15024844364879678,1,border
-0.29412530094496026,0.32966493352392306,0,core
-0.3199305238244006,-0.5415801591419183,0,core
0.26868068684287855,-1.306822889940508,0,core
0.06314636678639339,-1.2201430550035122,0,core
-1.038885055488091,3.1842960376918588,0,core
5.879347290590467,3.076970864561379,1,core
0.12587392731157654,-1.4122402286773805,0,core
-0.2527128872956481,-0.22127333992674464,0,core
-0.5015874035945117,1.0208437469182037,0,core
-0.08090974693545712,-1.1786864651796924,0,core
-0.21971113064177905,-0.23340645031226273,0,core
-0.05818166319660217,-0.7986678210868929,0,core
-0.16350195048189226,-0.8088295155225338,0,core
-0.02614470584658509,-0.662697424144483,0,core
-0.10111831021094919,-1.2956777159222705,0,border
-0.14280221312425093,-1.063193776238831,0,core
-0.23781248932692386,-0.9604826056600311,0,core
-0.508189765159025,1.0887873972874873,0,core
-0.45571478284013955,0.7960589865062566,0,core
7.461824540291058,1.38340938866356,1,core
0.08683140158417106,-1.1565130130706198,0,core
-0.3732014186293251,0.07100727243410629,0,core
-0.31590750384688027,-0.6258842790326633,0,core
0.0030708110079714825,-1.6159179926486105,0,core
-0.16647075442958045,-0.14447267531610103,0,core
-0.19498516027209917,0.017149725714639803,0,core
-0.35359710705876574,-0.29564911087654766,0,core
0.011361868323309722,-1.4896319366710558,0,core
-1.0077995591753481,2.5379017829953106,0,core
-0.2949812005079857,0.39279597209658945,0,core
-0.3278475512884409,-0.015911741916004876,0,core
-0.0706813241985657,-0.7646617462986505,0,core
0.06032074560633546,-0.9510054244080628,0,core
-0.7609707639894767,2.254906487223621,0,core
-0.1161261111819993,-0.45132725322031,0,core
-0.16488179873900494,-0.2681201909089907,0,core
-0.7044297366725161,1.1401714877783544,0,core
-0.41764354216557875,0.1690022534574086,0,core
-0.13326498230587702,-0.9203889052840306,0,core
-0.010300170398593803,-0.5547323266512358,0,core
-0.018065065295312648,-0.9484978621760651,0,core
-0.18557802359365694,-0.250210238894115,0,core
-0.1500396916158419,-1.1283221577878646,0,core
-0.0807114196143233,-0.6525990115775129,0,core
-0.17088623050683713,-0.7311996740469724,0,core
-0.175560892791518,-0.4886552075347543,0,core
-0.25984307076048635,-0.9583632647123648,0,core
-0.03045762359722494,-1.2887152129945538,0,core
-0.7552094576580505,1.3337314699502392,0,core
-0.14204587207884523,-1.0130547790508881,0,core
0.08728591297154396,-1.6728542266585094,0,core
0.09881511858415204,-0.9709629122878027,0,core
-0.4922324220053899,0.6019493050905098,0,core
0.1322120619100683,-1.159797765115653,0,core
-1.916113872951871,5.723946127964005,-1,noise
-1.8336235931356004,6.677234473701267,-1,noise
0.03463260535521058,-1.3181155755763385,0,core
-0.4781284908224507,0.6749853840789519,0,core
0.15825847279484198,-1.36409598698571,0,core
5.782102058847966,3.9847157262631936,1,border
-0.03511101303014705,-1.1593859003056344,0,core
-0.08355686672836292,-0.5239164909510476,0,core
-0.12234280922170905,-0.5866071968227837,0,core
-0.32800311765452167,-0.38766880385426505,0,core
0.06770759921595494,-1.1236959937693407,0,core
0.054463272567195777,-1.2785007929710632,0,core
-0.2789472502202346,0.21605905039992454,0,core
-0.4770725021717398,0.39863826125154445,0,core
7.666529911931751,0.665977739275252,1,core
-0.7790226997264298,1.276480772718081,0,core
-0.8963639146535181,2.4309163556457047,0,core
5.381714486885408,0.7331117681385908,1,core
-0.537613856788468,0.6392042948758347,0,core
-0.19918510220001637,-0.6642368881344451,0,core
0.15159116798254413,-1.5604219219468567,0,core
0.07144475067207831,-1.7822981212973685,0,core
-0.038114186578142195,-1.0890019161422757,0,core
-0.6053803616916137,0.8575574246140374,0,core
-0.04201232779201736,-0.8114382898555441,0,core
-0.5642225201293323,1.2569176526012324,0,core
-1.2249462463672094,3.993903795080501,0,core
4.054816260441002,0.9672906822412939,-1,noise
-0.09766024670370729,-1.0528036197574984,0,core
-0.4454112590182211,1.1055767497101847,0,core
-0.16160613476215027,-1.076923175086416,0,core
-0.6863684167019167,1.545824668013688,0,core
-0.08300206024712777,-0.5778085527348973,0,core
0.23420880291448362,-1.3316407664544307,0,core
-0.09899762548081689,-1.0574238083421479,0,core
-0.3357971716291837,-0.15805262175560417,0,core
-0.15419604397395292,-1.134176244571087,0,core
-0.8020275290951073,1.1811714819699335,0,core
-1.1123846320947615,2.957925360920103,0,core
0.04522618118564989,-1.381001680020077,0,core
0.06126992694962403,-1.0554058408945242,0,core
-0.06926063130226534,-0.5990613942023335,0,core
7.353286642132361,2.4679240702086633,1,core
-0.5489268090416195,0.5461993128675291,0,core
0.15571389223672294,-1.9179203368314977,0,core
-0.24289687182493944,0.04800267867817176,0,core
-0.9881594643603713,2.265415912164724,0,core
-0.2636013039938971,-0.4271028712447526,0,core
-0.029099334744470864,-0.8827651464140338,0,core
-0.4938234980202992,0.3789405562000018,0,core
-0.08362128516502426,-0.7019757980400252,0,core
-0.14878448259303584,-1.1188486657600245,0,core
-0.09099321328362014,-0.46666298440587123,0,core
-0.25050059890250664,-0.6915136546760172,0,core
-0.08497247775774742,-0.36993193870888835,0,core
0.24414086210272515,-1.9738954775188169,0,core
-0.07736320378995824,-1.1672791923067647,0,core
-0.5227208525832968,0.4300363598422774,0,core
-0.056380847270400485,-1.8763033843404173,0,core
6.977143544353932,2.9360231071403504,1,core
-0.01854045386503298,-1.4827751475149762,0,core
-0.5826553354118459,1.5364900780531685,0,core
-1.3140396060430681,3.3614380158312187,0,core
0.09267158271955148,-1.4498859759760685,0,core
-0.03978045410553152,-1.103623398026991,0,core
-0.33844766604000304,0.1332019043333951,0,core
-0.37132693662634303,0.357455990298956,0,core
0.06264661397585217,-0.8535019298428559,0,core
-0.7537432764323453,1.6890047364936436,0,core
0.03577041110687041,-0.8155285573511308,0,core
0.21792200966023703,-1.9249009877823224,0,core
-0.18655121809713612,-1.0038387931613066,0,core
0.07236057807938993,-1.360946759221861,0,core
-0.2254264404846824,0.25312602221509006,0,core
-0.10566309864857626,-0.6813182348766917,0,core
-0.42918979559386466,-0.39133933860188463,0,core
-1.2388891816769825,2.8341657088593246,0,core
-0.1278545484968688,-0.5073784946336739,0,core
0.12698444176630772,-1.8106774167425048,0,core
-0.09943033214829743,-1.0839433369660565,0,core
-1.0656201022393736,2.9774463801496394,0,core
-0.647402390339175,1.4812056645169531,0,core
-0.49089435416516486,0.46932802720365613,0,core
3.6751509375221105,1.9217754143538068,1,border
-0.5443718537078404,1.113174949830528,0,core
-0.29821782041002204,-0.13866708189428462,0,core
-0.47952130158988215,0.5667437185938449,0,core
0.22637815498021407,-1.8328288756331224,0,core
-0.0013779159215717516,-0.7777081892717288,0,core
-0.19578151558485127,-0.5358629574348912,0,core
-0.25311451923105566,-0.7194928834144338,0,core
-0.9529138931048138,2.824653970905025,0,core
0.03556891316549161,-1.3132756605226412,0,core
-0.04615955565738716,-1.2383409327212394,0,core
-0.7797624945358778,1.5241788158762415,0,core
-0.5849764954978695,0.9206430404887622,0,core
-0.7433435034290485,1.3486860946394392,0,core
-0.2755322320787363,-0.4087179749062941,0,core
6.134706248769992,2.903791073033062,1,core
-0.7318376329679247,1.9163909369941994,0,core
-0.14622532774672178,-0.3219124138827031,0,core
-0.44318122005553556,0.8288859959064541,0,core
6.669503239100874,0.726748692866886,1,core
-0.0320983981258851,-1.0396129528637557,0,core
-0.18480590786218704,-0.9025339967101726,0,core
-0.023593189885036787,-0.63234383988153,0,core
-1.0323597730047247,2.322547117853593,0,core
-0.30586525479665816,-0.20628280794863837,0,core
-0.30057846563849816,0.16077961467883922,0,core
0.12920788656352522,-1.6638140804270714,0,core
-0.6015514180372324,1.5567846928680433,0,core
0.045405220885709696,-1.5099556006239132,0,core
-0.10652726587641562,-1.3571042479529218,0,core
0.10490985827420549,-0.9626484310219559,0,core
-0.08263029578094715,-0.8808258443475352,0,core
3.484757645633825,3.2534364084418943,-1,noise
-0.5604193700603307,0.37899984791738955,0,core
-0.2966509734902364,0.26740206197007893,0,core
-0.03191893142312113,-0.9562157234387938,0,core
-0.014065460750068532,-0.8664294995747539,0,core
-0.5497662106928147,1.4999517822130854,0,core
-0.19448592479132215,-0.4159823290836678,0,core
-0.7271535617105032,0.8942948030763145,0,core
0.053660051668817425,-1.0412156723158175,0,core
-0.12626180792118125,-0.7949224869356513,0,core
-0.3417837485197587,-0.17920293731856712,0,core
0.06576794682916699,-1.111023082962877,0,core
-0.03748537453778133,-0.40333555771592655,0,core
-0.30140602227930047,-0.16560133765270008,0,core
-0.5515539443842451,0.4988182134873114,0,core
-0.05610694500967658,-1.2605121835705018,0,core
-0.1559652794453564,-0.2679693890193344,0,core
-0.11276121398394821,-1.5526190772885184,0,core
-0.7314175128889764,1.3001909468323902,0,core
-0.5637458098821158,1.3137073267362362,0,core
-0.4005887615674553,0.4194348062261032,0,core
-0.3889389051716609,-0.3937654169102138,0,core
-0.01750090332062902,-1.2166068482548729,0,core
0.35867033670538345,-2.8262630468998684,0,core
6.359250936216914,0.009419043083925598,-1,noise
-0.6938578526634032,1.2781563868513834,0,core
0.33094876387742056,-2.0638006704735843,0,core
-0.39136257212876535,1.0164865461618098,0,core
-0.49827919546812177,0.60319656760461,0,core
4.845614187709598,3.1163080756101227,1,border
6.5248245619864775,0.5047579727073039,1,core
-0.08060911093881581,-0.733852956096513,0,core
-0.24732703340274567,0.3234313803820949,0,core
-0.1169357780818449,-1.5556621301193085,0,core
-0.3048943755591481,-0.08002122343017448,0,core
0.03531800290659915,-0.821095808230631,0,core
0.04250427951700202,-1.909164023220102,0,core
-0.17255928357368525,-0.7607649233227913,0,core
-0.6217753531490701,0.8748211730016828,0,core
-0.861258021770373,1.9782588480425307,0,core
-0.564911576548682,0.8371644519826904,0,core
0.26402573014049,-2.035095285731044,0,core
-0.5789910223878302,1.000912320758663,0,core
6.2224401324574,2.6318561548689496,1,core
0.2614363056676207,-2.23343309616079,0,core
-0.1813765103613413,-0.9741810356171845,0,core
0.046283493398233615,-0.6617275465749974,0,core
-0.17159278890106355,-0.501607392784497,0,core
0.10991667258226111,-1.705702267777345,0,core
0.30877650265051865,-2.183501312011569,0,core
-1.273315829421102,4.1347105115704785,0,core
-0.19760768840080734,-0.11525120951120682,0,core
-0.40632002004292894,0.292637441041976,0,core
-0.20270504543330997,-0.7826176022680198,0,core
-0.023440228423894018,-0.9510721839435943,0,core
4.736382069398017,-0.8325610865926052,-1,noise
-0.11427294142796175,-0.6264554137512894,0,core
-0.2948403109075619,-0.2283513512739863,0,core
-0.4399667846144854,0.10415068533820585,0,core
-0.8047922356329651,1.6672294303185693,0,core
-0.2412532608718276,-0.15424972704484557,0,core
-0.19342189692199332,-0.4837649988750641,0,core
-0.782298394564472,2.3228644020449964,0,core
-0.05818493860440827,-0.8323925623509945,0,core
-0.2863488343125226,-0.6114161115110086,0,core
-0.16621749671311695,-0.38146636382305465,0,core
-0.017969838740250446,-1.0940176567231141,0,core
-0.4742971675916094,0.32912872523159875,0,core
-0.4838501373080888,0.397270583174663,0,core
0.07105394831160174,-1.5135904293011677,0,core
-0.2463696817364123,-0.4973524470257627,0,core
-0.4360705334893908,0.5709232955862773,0,core
0.17695966389664194,-1.6121607026708569,0,core
-0.49457421141268804,0.4021955731414333,0,core
-0.27073012793901635,0.5676845913603359,0,core
-0.48635692137926884,0.8820078003343945,0,core
-0.6020720095103536,0.6808290067931457,0,core
-0.09721303122634894,-1.1158107648968325,0,core
-0.27830643626832047,-0.29259948379031525,0,core
-0.7026010645878724,1.1693227501402448,0,core
-0.6761103794678979,1.6749726407687546,0,core
-0.09995823986072919,-0.6996895924017423,0,core
-0.09285715322697209,-0.8278493322369593,0,core
-0.05073204316313635,-0.7800969166175398,0,core
-0.21368173005247298,0.04017271368353913,0,core
-0.056257434072270525,-0.8018890172260598,0,core
-0.040693082312749075,-0.6950134696769059,0,core
-1.3053213425315613,3.7079927241233235,0,core
-0.23707832152185773,-0.21184034116837352,0,core
-0.721586128440982,0.9070691864438816,0,border
-0.2767050824454499,-0.5614162146455912,0,core
0.01163271923541045,-0.9282610076160291,0,core
-0.09016146253758982,-0.4410133723799038,0,core
-0.6707683397038816,1.94382955522633,0,core
-0.22585204092207317,-0.1042026849337108,0,core
-0.2820010484378365,0.19972712977713755,0,core
-0.12979400611265957,-0.753800081846983,0,core
-0.2386994862360807,-0.3831408358651275,0,core
-0.3710752810648679,0.29292115561022125,0,core
-1.1867504775783437,2.936693391236221,0,border
-0.7116204654899356,1.0670456031826394,0,core
6.334197055488403,2.0290005169034733,1,core
-0.553871043570495,-0.2680006374019912,0,core
-0.07256740281418747,-0.8487002424946188,0,core
-0.3686662292603915,-0.8245092259666109,0,core
6.371516417964939,1.1204173450493669,1,core
-0.12758003615592367,-0.4834667668288443,0,core
0.2271612398119081,-1.6625753778321917,0,core
-0.09231776517709396,-0.760854402932863,0,core
-0.2120487630013632,-0.5808947299287683,0,core
-0.1276283190077228,-1.1091304307063,0,core
-0.5268756986582247,0.5940178687721724,0,core
-0.3298084688787916,0.2554798163217824,0,core
4.077321089213126,1.0544088427687097,1,core
-0.11169673557763464,-0.31947587490981105,0,core
0.17492872325141176,-1.377985230876041,0,core
-0.05969811296207068,-0.6774161673931471,0,core
-0.21382935133020597,-0.11992076596330042,0,core
-0.575232041243175,0.41272094761579015,0,core
-0.3238834122334797,0.08737041616437773,0,core
-0.09644771568349096,-0.9096705350826031,0,core
7.065349463003749,2.759205254250196,1,core
-0.3226610977460429,-0.2549301480113834,0,core
-0.5507101416373685,0.5541726392304611,0,core
0.2914878787405099,-1.8642770296251925,0,core
-0.06703344885321447,-1.1881551272521058,0,core
-0.13481147362322074,-1.0175439500144885,0,core
7.653882215557724,1.0282212955910959,1,core
0.006263288493632339,-0.6805063724815477,0,core
7.570986979577699,1.411300637720426,1,core
-0.9192475579808863,2.280531629614282,0,core
-0.7174604854128251,1.2992807983344887,0,core
-0.6020874060633505,1.1831929877243192,0,core
-0.1534019539035198,0.142447202969196,0,core
-0.1624918777013176,-0.8551594417561097,0,core
-0.09480177439070464,-0.7585311054743467,0,core
-0.7709758138520505,1.4978436019753172,0,core
-0.022841455658721574,-1.030980983402608,0,core
0.36656063245022386,-1.7157749525755837,0,core
-0.2714114606714462,-0.04250137164600918,0,core
0.10075490352605726,-1.7999110927567945,0,core
-0.02045923090004262,-1.5280438290619833,0,core
-0.6705177916914434,0.525557371156985,0,core
-0.6859856629606991,1.1176634349097474,0,core
-0.127538168482217,-0.1974998286781082,0,core
-0.5560684672972496,0.8205435234592882,0,core
-0.05166754539250607,-0.7930001825236814,0,core
-0.6098767212134246,0.7621842013626048,0,core
-0.24826083214122838,0.1031818697162393,0,core
-0.6339804943480217,0.6686536765276969,0,core
0.02493270230678913,-1.7855836890899677,0,core
-0.038853858788968444,-0.7408082813485439,0,core
-0.3687152611674453,0.2981250728081604,0,core
-0.0943925824405995,-0.6045374964855732,0,core
-0.5635061949513567,0.2345256391581439,0,core
-0.34229573433029226,0.6094644164646321,0,core
-0.5632361487096483,1.6282698167323497,0,core
0.11346803975649432,-1.4831476478702175,0,core
-0.5778311124576989,0.854990249994281,0,core
0.22817480694854467,-2.0923901690528894,0,core
-0.5605902629827213,0.8503098457232139,0,core
-1.1114564049526807,3.013534571914491,0,core
0.03416845168787663,-1.04976809495979,0,core
-0.24486489624642657,-0.12371317146146926,0,core
-0.32438760739417877,-0.010189025460289693,0,core
-0.7065157309630073,0.9996383732819529,0,core
-0.7091667595568352,1.9525001103461281,0,core
-0.5723929844983835,0.5109620629347527,0,core
-0.10084051916197466,-1.2587330560958694,0,core
-0.4454817343596352,0.8608736743159435,0,core
-0.6114428286212529,1.0077414086467167,0,core
-0.026469356180865197,-0.34261617484552054,0,core
-0.33458330380543516,-0.3886429637345525,0,core
-0.7736295961302446,1.2519105449086774,0,core
-0.40413406381369077,-0.08600547742898884,0,core
-0.5165779983759731,0.07938560136275642,0,core
0.019975875528380233,-0.8706205928094712,0,core
0.10924348355431471,-1.5348479646250235,0,core
-0.46668924696745384,0.4511389487111581,0,core
-0.023230105207133256,-1.0146687453236942,0,core
-0.22944229857235166,-0.35217357211983086,0,core
0.0713232970282839,-1.0908806733201084,0,core
-0.6278162098653655,1.1368233573504853,0,core
-0.2770386570918991,0.03407019441734141,0,core
-0.6748436907735472,0.9873425753408653,0,core
-0.5678893757503213,1.3697800102479647,0,core
-0.209809875356269,-0.38109212400792786,0,core
-0.2608929169626384,-0.905767242482302,0,core
-0.2107451602751276,-0.458296703904383,0,core
-1.0397430082561252,2.7022746598008527,0,core
5.350930551820296,0.6194720064914769,-1,noise
-0.7041274235546199,1.8060616956260909,0,border
-0.18409150755164683,-1.1457020814521666,0,core
-0.3541815579235355,-0.21468593518642265,0,core
-0.6724555919928354,1.0756424548601977,0,core
-0.7599199306511534,1.3324390427370534,0,core
0.005192066984935233,-1.095138446012085,0,core
-0.5397881213800075,0.802758178711759,0,core
-0.23476727816432377,-0.24409149988830608,0,core
-0.44926961319935177,-0.11888378894857278,0,core
-0.3973269121474313,0.013624834762589987,0,core
0.15828441159709877,-1.9775777574060003,0,core
-0.06184063807250593,-0.7771317047048616,0,core
0.015211260900511246,-1.7541767532549826,0,core
-0.5669488281208236,0.7037604383985527,0,core
-0.12331783264525246,-1.3555684888282113,0,core
-0.5771595934509065,0.3856848968975895,0,core
0.32549959515446314,-2.2843744849584473,0,core
6.245767955147586,1.8283922748527113,-1,noise
0.17591176797054106,-1.7858642652087429,0,core
0.07850596076577242,-1.5552789938187004,0,core
-0.03054891189631588,-1.2190887074468146,0,core
-0.12596246920615303,-1.0348332611573008,0,core
-0.28368799342124673,-0.08689305582450393,0,core
-0.3366112706233374,-0.2739982182820151,0,core
-0.16360771894922635,-1.0797353615548824,0,core
-0.32001639083124606,0.2767459128491312,0,core
0.14160801694542918,-1.5160525278410883,0,core
-0.1073476531189106,-0.821677437034515,0,core
-0.05727028496277777,-0.9527467242501129,0,core
-0.5263820278535823,0.7047148142617694,0,core
0.06099271833860882,-0.7649058605216239,0,core
-0.17466034567495112,-0.7293699254621504,0,core
-0.19188520565860398,-0.645686368765634,0,core
-0.14048791825681375,-0.5839115924330436,0,core
-0.10698369650345316,-0.6163681961730729,0,core
0.33830830775979953,-2.1579017265919807,0,core
-0.0571423019989838,-0.7416759647332223,0,core
7.252930166132647,2.2970701334951547,1,core
4.698045701727697,2.7061056672780603,1,core
-0.18481371662324145,-0.5337169874887355,0,core
0.029674078860402832,-0.8693586326093887,0,core
0.031270065214440944,-1.140536406771292,0,core
-0.21680516691012272,-0.333025979390498,0,core
0.09399465750374879,-1.0890476297587592,0,core
-0.705269189070064,0.6402533731043094,0,core
-0.1067706032428797,-0.6038028994076037,0,core
-0.11513531961073943,-0.2809268993149269,0,core
0.06264437111066376,-1.307432951394867,0,core
-0.6113600125307217,1.0738879174962677,0,core
4.18966662218932,0.1686148195752311,1,core
-0.6625722890934684,1.653995254292748,0,core
-0.5200255191832456,0.043860865870880186,0,core
6.490010442208368,0.7931594694440656,1,core
0.05942457463249759,-1.3559869910968738,0,core
0.021110986262343097,-1.3468496325575594,0,core
-0.30672958267255285,0.05968023098390264,0,core
-0.47622449116313753,0.4216248123473874,0,core
0.08404400116353915,-0.8689153480147105,0,core
-0.2886297959195735,-0.37898770624189176,0,core
0.24440057918089383,-2.1216753070661794,0,core
-0.08841277380604917,-0.9304803672917923,0,core
-0.3329011777586736,-0.05477167747011821,0,core
-0.34437301735406134,-0.2759139984470587,0,core
-0.2574430570656374,-0.209432090044157,0,core
-0.5361807431118956,0.8400369788560393,0,core
-0.02010590290266289,-0.6601468822721244,0,core
-0.07886922338739641,-0.874163976931553,0,core
-0.4450410422496943,1.0349996196980118,0,core
-0.11333661424356407,-1.0949171037504006,0,core
-0.14139014309056727,-0.5077113055768714,0,core
-0.3433038068195528,0.05728507592469309,0,core
-0.08209472320965405,-1.3248280210257504,0,core
-0.26864088304982453,-0.6679327392907639,0,border
0.004988387868384823,-1.642677301591834,0,core
-0.10936870477224606,-1.1828433762635624,0,core
-0.30114555237917484,-0.21150062668360117,0,core
0.0008212050357885928,-0.992104366044942,0,core
-0.013895701764866123,-1.5189984910906065,0,core
-0.5194646652776086,0.522275537563573,0,core
-0.30975470476276845,0.08534858662521082,0,core
0.2522640136953346,-1.7791069686261565,0,core
-0.21448891041498833,0.1299729961167325,0,core
6.902028932649826,-0.1576279004173668,1,core
-0.1292364224698808,-1.076772814813061,0,core
-0.042895157938643756,-1.427878791242397,0,core
-0.1864764434301638,-0.18248556947117087,0,core
-0.7884064227753247,1.8503798807719523,0,core
-0.06450547278657807,-1.213434063228702,0,core
-0.7107688690504669,1.3554832726452548,0,core
-0.13837491229330007,-0.5280971132195593,0,core
0.057853042376512336,-1.0562546777487687,0,core
0.0143419795206967,-1.0940754178990768,0,core
-0.7230974012084641,1.5512944444909633,0,core
0.007512989689364245,-1.4569178513602914,0,core
-0.5099274226308624,0.47837614254348876,0,core
6.883206710202644,-0.3268110187575493,1,border
0.11243948588566796,-1.077553526688889,0,core
-0.5174959729660132,1.1136197694687169,0,core
-0.04360890187701504,-1.2802548809978174,0,core
0.0019474036362199694,-1.329726556787484,0,core
-1.378823312667908,4.065443882324087,0,core
-0.07554696264071356,-1.3014198706460045,0,core
-0.45529780411706394,1.016541990278434,0,core
-0.08042445256173822,-1.431011849678274,0,core
-0.15622494023634578,-0.9211045306422672,0,core
-0.4423014236592885,1.3894345121840475,0,core
-0.579840014263113,0.6633645687202827,0,core
0.07975071553752153,-1.289255207949764,0,core
-0.9278472642928214,2.3763325601378003,0,core
-0.20169797961378025,-0.3781250717186237,0,core
0.18991526482690757,-1.4181666001524516,0,core
-0.04818921598374932,-0.9626747365086368,0,core
-0.3746896734135049,0.8137034979121518,0,core
0.09454353416414926,-1.36056864057037,0,core
-0.17509295322334914,-0.35326169790487566,0,core
-1.0057199683939875,2.424438337180093,0,core
-0.09713965915128017,-0.5266434529318349,0,core
-0.015637982711118166,-1.1198949850643345,0,core
-0.1881369642933747,-0.7543083154166523,0,core
0.048757225454844004,-0.8244339098228821,0,core
-0.1426512243052166,-0.32691976472895523,0,core
0.036251653396317134,-0.818353434808275,0,core
-0.12731890157303924,-0.837835010010094,0,core
-0.3498649557715339,0.7245744452406464,0,core
0.018223368434351284,-0.9491605474202709,0,core
-0.1469096817700759,-0.9707398734023287,0,core
-0.3130265318515358,-0.13547307538945919,0,core
0.19082779822139498,-1.0988665982020949,0,core
-0.8970775273286222,2.479915552289776,0,core
-0.1461785147754947,-0.11551992187557014,0,core
-0.19536453115146057,-0.04035305288795649,0,core
-0.03912642367561496,-1.016417409172532,0,core
-0.06229174237150061,-0.8462222947494598,0,core
0.08464672247834135,-1.1621352067225827,0,core
-0.10384508522233352,-0.5741542348149178,0,core
-0.04099885036851123,-1.155921616953297,0,core
0.07722006645980044,-1.6109331195611545,0,core
-0.2031037781562641,0.07461480762971677,0,core
-0.16919415032392826,-0.6572480602751201,0,core
-0.6825155564856531,0.9906147320866479,0,core
-0.5990044846126953,0.7511452439280779,0,core
0.22819116274107476,-1.8971538330088173,0,core
-0.3434652194757702,0.5929487040947823,0,core
4.986940811423657,5.894120523553352,-1,noise
0.09153760992730428,-1.3204205275509502,0,core
-0.5041137922759379,1.101462876291706,0,core
-0.9560828883549222,2.5431466817631487,0,core
-0.5460414320535024,0.08811989097887604,0,core
0.1083633158172697,-1.2688669225827842,0,core
-0.035726501662134896,-0.5803242309798553,0,core
-0.6699557017137433,2.156042309119155,0,core
-0.009806045450663733,-0.7499842984775529,0,core
-0.5438921944824414,0.6456381860719735,0,core
-0.6737200993026038,1.2816443131969357,0,core
6.610520385849585,0.6127460495627508,1,core
-0.001906368874588676,-0.7585566114050908,0,core
-0.6863163664093951,1.5460033972042975,0,core
-0.049117643840942506,-0.7865788577391319,0,core
-0.3692338563816817,-0.010563988927625698,0,core
-0.06177308024812284,-1.2092936816112994,0,core
-0.41212843176822267,0.5774376381652664,0,core
6.564621853018818,0.4015467184858306,1,core
-0.1964824363387477,-0.6997189431668864,0,core
-0.25909498127385633,-0.6499736166233132,0,core
-0.32246368885482324,-0.17207855215633452,0,core
-0.4723724076821676,0.6357411384286462,0,core
-0.40167543808713263,0.639113093512538,0,core
0.005174036192632379,-1.387396223183226,0,core
0.12131921285844259,-1.5016558204759054,0,core
5.217857375671421,1.2997962704813038,1,core
-0.22578818986431817,-0.3516802379067073,0,core
5.264055978826442,0.39976544048429846,1,core
-0.5472589380055519,0.8560436837670338,0,core
-0.3888283181772939,0.10125599485558612,0,core
-0.4230170131667331,0.8931759452610064,0,core
0.15613634391034997,-1.3157224165925347,0,core
-0.43414508988143813,0.36636687335975276,0,core
6.676814996583213,0.6575401219659462,1,core
-0.021004283075813743,-0.6708857313740402,0,core
-1.9215309888118361,6.078745493673571,-1,noise
-0.40931881308083984,0.8762711027342147,0,core
-0.6154566280597955,1.40727664535767,0,core
-0.025526096327396622,-1.0404330612513577,0,core
0.04094147440485212,-1.3604043930665684,0,core
-0.1431662838210821,-0.6144487162279662,0,core
0.06955629739347126,-1.7202623701555932,0,core
-0.4219171236212485,0.4886578787462685,0,core
-0.10837454146597651,-1.1554216020360661,0,core
-0.42346155243089345,0.8478698272366958,0,core
-0.16225524502416036,-0.4420784341885529,0,core
-0.009016980301459155,-0.5997413248928567,0,core
0.07912486516396636,-1.3531578904697101,0,core
0.027955495361520165,-1.0849069808729808,0,core
-0.13187954624998607,-1.1562058946699088,0,core
-0.7585102387618365,1.2704367692618108,0,core
-0.616991818721978,0.8631552411414007,0,core
-0.8678841715605979,1.911989921089121,0,core
-0.12170767803358139,-1.1144886381462424,0,core
7.640683385972414,1.3255156577790563,1,core
-0.34724391306077973,-0.13960445612978895,0,core
-0.7544746507007754,0.85240540301592,0,core
-0.6317602876063566,0.7451542987451276,0,core
-0.6815934575971166,0.7804176491529746,0,core
5.231573634990947,0.7975514090054288,1,core
0.1349376807836642,-1.159311554448182,0,core
-0.04527114930476337,-1.1664567147096234,0,core
7.357846764636505,1.8583411105350565,1,core
-0.2887273839915323,-0.6074300695600603,0,core
0.0697382918833465,-0.9659067748110126,0,core
-0.4416324222987057,0.18283333064831492,0,core
-0.390603815788569,0.2810074760054768,0,core
-0.18497888656117212,-0.48296476154049917,0,core
-0.32811728486528385,-0.603064900502339,0,core
-0.5824523886389923,0.7291819534858697,0,core
-0.2127537774823513,-0.7694256387288634,0,core
-0.43541179288826737,0.725919834292065,0,core
0.4433537790568118,-2.3886036078733226,0,core
-0.5579534453764621,1.0249462028729595,0,core
-0.04840211775729721,-0.40362175766977065,0,core
-0.1256940886598066,-0.6260362128139676,0,core
0.08336651779883376,-1.1510919551439047,0,core
-0.045502870634547894,-1.2654448800355917,0,core
-0.7394830637560657,1.7593394014153827,0,core
-0.1584836939936659,-0.33188614428602836,0,core
0.011855388086913147,-1.8645551472229824,0,core
-0.09540909088543637,-1.6347579200484839,0,core
5.286316336621127,1.3081170361604546,1,core
0.04404535504650925,-1.0569373650898324,0,core
-0.5336995416364454,0.6801338967261421,0,core
0.29837294966966416,-2.2440901690680706,0,core
0.3054598015196777,-2.3999878436679087,0,core
-0.2412641077333557,-0.5589936856941276,0,core
-0.17297513780809778,-0.4127078333938754,0,core
-0.07143442417710893,-0.8319741047841522,0,core
-0.04034844274065918,-1.0831014871982907,0,core
0.002907199539637636,-1.239256892267526,0,core
0.130314466393004,-1.166184691013708,0,core
-0.1389094338427107,-0.8699831174456492,0,core
5.504559395440556,0.36854128429399596,1,core
-0.10439455903976942,-0.8739651630825516,0,core
-0.09463403868993829,-1.1558458768661581,0,core
-0.1973348163460904,-0.16139182640473132,0,core
0.2317959718871995,-2.160297795328054,0,core
0.2128826627005277,-1.6422875030423316,0,core
-0.3349877543300937,-0.6074626275349475,0,core
-0.26266632197994444,0.03994695284053296,0,core
0.1276029532267234,-1.4531099290321539,0,core
0.06260062480067727,-1.1395628787254073,0,core
-0.3282256122901268,-0.15020789040440238,0,core
-0.22567658607985486,-0.06999928946622053,0,core
-0.4116654965959059,0.5836318317336309,0,core
0.02615368281444061,-1.5791990279636199,0,core
0.07873229292720024,-1.2404448708966676,0,core
-0.025722496101705968,-0.800572003154435,0,core
-0.0701190525248669,-1.0628242591460113,0,core
-0.7491385887033054,1.242796318627368,0,core
-0.2971065792717026,-0.12347461587466935,0,core
-0.39655467643207387,0.7310024760164515,0,core
-0.5798615936095528,0.8740518492230964,0,core
-0.8068093627620813,1.0973841695070812,0,core
0.23584270101886665,-1.9166378410845388,0,core
-0.017762295917527066,-0.8618716742924482,0,core
-0.15760866270093005,-0.9311026552172788,0,core
0.19382504419563465,-1.8048279280979482,0,core
-0.32155151646927066,-0.0771894770343204,0,core
-0.30443004439165106,0.30655336591405197,0,core
-0.3646472913348112,0.4436582628177501,0,core
0.3183934388325598,-2.5689122104879614,0,core
-0.12717848459183673,-1.1226591666909849,0,core
-0.42392400534254865,0.7436653902099648,0,core
-0.5677645791558061,0.5247975803192864,0,core
-0.10519555899893686,-0.07175109646576608,0,core
-0.4183262492952882,0.6806875037564641,0,core
-0.8355727491716645,1.2876266556440172,0,core
-1.8273741935967436,5.143113347959641,0,core
-0.025418194785789522,-1.4621249045878,0,core
-0.4715615157614194,0.7196058533865368,0,core
-0.42472636728728114,0.7221259835445482,0,core
-0.6402017633282471,0.5368553310742623,0,core
-0.27646648860612116,-0.6698167313207728,0,core
-0.13119386673916905,-0.46574003440776157,0,core
-0.20291443762514363,-0.3739611631228856,0,core
-0.6195007877914336,1.429237954394651,0,core
-0.0926492039557139,-0.7568905589104957,0,core
-1.1403057337714193,3.5654754146451397,0,core
-0.22315539778715085,-0.5102204759229986,0,core
-0.13354447354159676,-0.5667036218001922,0,core
7.088327145156408,3.08340411992614,1,core
0.017415334622361806,-1.413220301469736,0,core
0.22995084022517936,-1.7708114374092783,0,core
0.13150195216419885,-1.287975491907073,0,core
-0.01871470592177559,-0.9207813431373015,0,core
4.4915499651749595,-0.5625045314692461,1,core
-0.0714039070414261,-0.8442185563426643,0,core
0.05196124611915882,-1.3750421387738352,0,core
-0.6411447458220285,0.6685007768351565,0,core
0.008234525624324142,-1.2391042166838424,0,core
-0.3279438118044898,0.0043251984030842905,0,core
0.1608603125283507,-1.7199105348057608,0,core
0.15446755502509787,-1.5831712219411664,0,core
4.717535107098738,2.3194564906961204,1,core
-0.22550596185771915,-0.6133884172026309,0,core
6.4669499893153155,1.0227363228851671,-1,noise
-0.09935685719392838,-0.9461078007299579,0,core
-0.10866766299238811,-1.462698756326265,0,core
-0.8329660225132937,2.2158898674881966,0,core
-0.138391646929771,-0.5257810312188159,0,core
-0.5685480156958649,1.2716237184567205,0,core
-0.4597002552473016,-0.9137847559296466,0,core
-0.24732740430190434,-0.3413635941229463,0,core
-0.21792095859877733,-0.3647134456365622,0,core
-0.4282557482498648,-0.17797245271369028,0,core
-0.33194103211225306,-0.25910670376336375,0,core
-0.9086197814824231,2.0808968839285638,0,core
-0.6412438041720626,0.37230584944146283,0,core
0.00800413735563411,-0.9747963473119292,0,core
-0.2965458017555215,-0.24169671331905457,0,core
-0.5845608515885663,0.6487375010985366,0,core
-0.005963479230181123,-0.9818317473512812,0,core
-0.44409301012447694,0.5115082648167542,0,core
-1.0408419439741285,2.2437469730081516,0,core
-0.5696431084762107,0.8095706004525773,0,core
-1.439738246650703,3.783879484413031,0,core
-0.3511504213155391,0.2932541159153468,0,core
-0.796216536571467,1.8284175414353876,0,core
-0.1278837817098452,-0.7823342588738245,0,core
-0.6700167702570123,1.743673941916028,0,core
4.802633058927111,2.4719627410564766,1,core
-0.22377335031224987,-0.594096379327975,0,core
0.009861338177851104,-1.0230390946118502,0,core
-0.10663018642336738,0.03121150127274317,0,core
-0.10741070134143929,-1.545101781307437,0,core
-0.18483965210039235,-0.17382239611408332,0,core
-0.6697673887002982,1.1277279584007593,0,core
-0.16099285251001927,-0.9777019090340213,0,core
-0.15948763186362636,0.29254083922108143,0,core
-0.26902417223211966,-0.8722712664422989,0,core
-0.1391615005138275,-0.35910039371290736,0,core
-0.6571737915176141,1.3954693319862217,0,core
0.057162813368065085,-1.1269902380097092,0,core
0.0004610135660173646,-1.3744632919027917,0,core
-0.6775098793620307,0.780199566526802,0,core
-0.2259565103097464,-0.6079288977062431,0,core
-0.24503739724694193,-1.107619997328484,0,core
-0.5469677850696735,1.387062346530853,0,core
-0.664792694493556,1.092017003195398,0,core
-0.5517660025033456,0.740741410084425,0,core
0.09748947507299899,-0.6791814993840355,0,core
-0.5309733225596014,0.8194032421614745,0,core
0.1329989097783386,-1.295427134617295,0,core
-0.2980776270547022,-0.6131886698300391,0,core
-0.32190103555156097,-0.23401635504660784,0,core
-0.376509732623841,0.026590465810855182,0,core
-0.37503219970761326,0.19517829528333255,0,core
-0.038724588694421656,-0.8256641973747758,0,core
-0.5108753658047741,0.00043194925478360485,0,core
-0.2489017675470442,-0.07157867180303898,0,core
-0.05624428694835019,-0.5821126252476994,0,core
-1.0764415330104071,2.7251512915115534,0,core
-0.3229907656567753,-0.06349437429120905,0,core
0.11290377411432177,-1.3555089889790752,0,core
0.14936746544654972,-1.1442497976804245,0,core
-0.41891263058685946,0.5057137865014993,0,core
-0.6724188664856318,1.2774037446650137,0,core
0.19033808271322883,-1.5323425707817282,0,core
-0.2020586479692405,0.23196563961820849,0,core
7.139276447674416,3.3721480853039907,1,core
-0.03948405159381905,-0.9975896344460573,0,core
-0.6333888193021752,0.792728136959219,0,core
-0.32512318645317273,-0.5123526136428678,0,core
0.06189757163081937,-0.7166204276125676,0,core
-0.5649735278675059,0.8786567232467124,0,core
-0.1751364691268176,-0.40560396782418967,0,core
-0.1966532114877286,-0.31967805397107085,0,core
-0.09093980937996955,-0.28996925275031743,0,core
-0.5206721067918902,0.7285329635290134,0,core
-0.35560453615592924,0.4921907608540323,0,core
-0.28421635789553423,-0.24448208119695905,0,core
-0.6006351053573218,0.8242949498680696,0,core
0.026482670239426923,-1.2373950453966085,0,core
-0.2847626110153763,0.1540543791446029,0,core
7.3804761373013,2.4830784021909102,1,core
-0.03798287027050241,-0.6690574871322386,0,core
-0.5391763402743256,0.4606323328716321,0,core
-0.05055896162242741,-1.243654141546247,0,core
-0.3989545467597877,-0.16230887537842278,0,core
-0.2703320320333408,-0.7547989622121507,0,core
-0.7983927775166713,1.941323244480499,0,core
-0.5480708239598185,0.9137612028566813,0,core
-0.8579037683316372,2.1950193241080154,0,core
0.317153722043871,-1.706305556722548,0,core
-0.29846980163993325,0.051822041848216024,0,core
-0.09778694297953397,-1.5092202206613305,0,core
-0.5518802489840644,1.3961046090238514,0,core
-0.655806807966926,1.441040758797879,0,core
-0.2338499331603818,-0.6691290999177151,0,core
-0.17614290925728293,-0.6408572272599526,0,core
-0.19537269202627952,-0.6527685567180255,0,core
0.00583217865273628,-1.1666650448141906,0,core
-0.23661567044736512,-0.21899840842422386,0,core
-0.1075540465078938,-0.9182720000042692,0,core
3.8803345029159506,1.1758484553456174,1,core
0.13716703522451504,-1.5523424806097545,0,core
-0.7219726814073271,1.3840814692251893,0,core
-0.19983764288611866,-0.28891133489630944,0,core
-0.12910773951274426,-0.9080658158685408,0,core
5.2428745722884775,0.6297681946634579,-1,noise
0.03908026341506892,-1.1012185683742637,0,core
-0.026246486079193762,-1.6773766860214718,0,core
0.14829246037130794,-1.1760456802551116,0,core
-0.7916496129668592,1.8974926657136475,0,core
-0.028849337443489394,-0.6633934857038817,0,core
-0.005463387239720315,-0.6988691536375888,0,core
3.5069951681339067,2.214600562818783,1,core
-0.09639113323640854,-0.6487981935416376,0,core
-0.6466648833270964,0.7549120015029,0,core
-0.04737624880767324,-1.1438896376476326,0,core
-0.07192537786632196,-1.21654563391717,0,core
0.03571054763313757,-0.8512289307107315,0,core
-0.5596813907972733,0.5535539521751576,0,core
-0.41227168028213146,0.07057238513671918,0,core
-0.34022011860006857,0.7630221510222099,0,core
0.1568656526601693,-1.6747491247992106,0,core
0.136137869351784,-1.5415173562161744,0,core
-0.1574688450475043,-0.786595313059824,0,core
-0.3388993885657609,0.0651064520189414,0,core
-0.5611820432074898,1.6274663263398519,0,core
0.19589463275197147,-1.6718787256734742,0,core
-0.15648260930921895,-0.5090164918250303,0,core
0.06716095874208897,-0.9942658475732558,0,core
0.32478783251805093,-2.1265935301465246,0,core
-0.43509154554383933,-0.052557241887933585,0,core
0.04882345659810789,-1.3336306869228676,0,core
-0.6464925036724634,0.6873216868318541,0,core
0.17234878796365125,-1.753114429301292,0,core
-0.024739949375811213,-1.3685299154037136,0,core
-0.7538407494325606,2.1630075115206036,0,core
-1.3297239012442625,4.352752757289622,0,border
-0.014155108207446821,-1.1574670511209983,0,core
-0.14779623054507682,-0.7985667248244543,0,core
-0.02986608459839358,-1.7294533204933877,0,core
-0.04088915867843448,-1.630192870361204,0,core
-0.06414574216124266,-1.4547968542584597,0,core
-0.32140372231169473,-0.5614443071396469,0,core
-0.6297244788999944,0.7178750672116756,0,core
0.12196093021968828,-1.1209191205522786,0,core
-0.12075043211889848,-0.9196779998498443,0,core
-0.1657543823296497,-0.609392349201,0,core
-0.3252742148009286,-0.32203036363372567,0,core
-0.38752218632404417,0.06281446757020477,0,core
-0.4897044624790246,1.443367031082748,0,core
0.10023548286597173,-1.417372442214761,0,core
-0.2262238367203813,0.05276192963645698,0,core
-0.6741231941195063,1.2635444618274045,0,core
0.008269011945043135,-1.1536056078825587,0,core
-0.5259052899778881,0.8313344609227158,0,core
-0.5931995452819857,0.16099673405367293,0,core
0.11857309574690306,-1.0229354686004604,0,core
7.317274645444031,2.095644206775218,-1,noise
0.13714315763550777,-1.6073981464720442,0,core
-0.6037908718284489,0.8149698940543264,0,core
-0.5245855496220153,-0.2278799577485725,0,core
-0.06617664192709036,-1.1567714238413667,0,core
-1.09713201333525,2.6918909229456447,0,core
-0.2175902998652462,-0.3700037600548523,0,core
-0.30868800781330413,0.3229856261927929,0,core
-0.687242168360725,0.9688788040331862,0,core
-0.19135669483950116,-0.8314732642823375,0,core
-0.299850133705904,-0.12699949896904197,0,core
-0.09995568799256874,0.04446771346806197,0,core
0.03683911338161612,-1.027248326942904,0,core
-0.23211067870943092,-0.4732410844270542,0,core
-0.5736821589755517,0.5188612120165461,0,core
-0.757058534768184,1.7012332526231086,0,core
-0.4601851981219863,0.6617138202002177,0,core
-0.16094789249373442,-0.11904440508329968,0,core
0.13714132792028044,-1.6109162698300798,0,core
-0.4205377611154617,-0.35338906486132526,0,core
-1.2296304659818342,3.4297236929686,0,core
0.08440667665169799,-1.3395695559301035,0,core
0.13429583454974348,-1.762787417117507,0,core
-0.20821660935159847,-0.37672348837838504,0,core
-0.2300854252842353,-0.5212121638912924,0,core
-1.508589999450818,3.720629143999053,-1,noise
-0.27704807039716145,-0.426382399129836,0,core
-0.17323803332911386,-0.6587335541624271,0,core
-0.049143568980113066,-1.6105157800203618,0,core
-0.8470701121178443,1.506345005730819,0,core
-0.6091154042144811,1.0290746932301649,0,core
-0.5136816724257491,0.3477479891355519,0,core
4.106609886038361,0.5198358488458015,1,core
-0.1055681671221484,-0.41756101077365815,0,core
-1.0212278409213669,1.9073828533010022,0,border
-0.31772781307678666,-0.4077566909925348,0,core
-0.2277085809520169,-0.7048598516604474,0,core
-0.626090238852597,0.9185328510614545,0,core
-0.7206321313920142,1.4284764458659,0,core
-0.020735290638967417,-0.5616470081769294,0,core
-0.7128958717540521,0.7182607557246723,0,core
5.826919154023448,3.1530983300501814,1,core
-1.34947907132915,3.737334511502957,0,core
0.0837189154727776,-2.1730740425196253,0,core
0.149270708829242,-1.6189903054008017,0,core
-2.203760308466674,6.888986089163199,-1,noise
-0.10041176306892804,-0.41473150863327213,0,core
-0.4670619906699415,0.2505204732268492,0,core
-0.2321395340047626,-0.3418274993633057,0,core
-0.5038293421381208,0.596541760712364,0,core
-0.08064439884562581,-0.7425861759902401,0,core
-0.21476540644893183,0.12416252417779516,0,core
-0.9183964228028376,1.9050558194483764,0,core
0.022667803566462773,-1.2552285084277823,0,core
-0.3943368722928525,0.2915798865178495,0,core
-1.0468535657529634,2.4639881538182835,0,core
-0.053013402275099535,-1.1526312885183403,0,core
-0.05000612122238996,-1.294085605090979,0,core
0.007645195235029513,-1.0387541247086673,0,core
0.18886102527681187,-1.6916002850651495,0,core
-1.7300238433786894,5.320975036241383,0,core
-0.5752662833954515,0.7301762200878601,0,core
0.03012061834289831,-1.3972440475513144,0,core
0.19946862939041654,-1.258412879476062,0,core
-0.09207617730847031,-0.9164716017770809,0,core
-1.005332924414099,2.7981115237222682,0,core
0.11238341552271122,-1.2386854631820032,0,core
0.050853907349095125,-1.7937447293973456,0,core
-1.1760692967127455,3.3595104503752613,0,core
0.15159014361706394,-1.8265262558577036,0,core
7.236871931115199,3.215575390019626,1,core
-0.1481743659805283,-0.9880206906472784,0,core
0.02240660052140754,-1.594813107595052,0,core
-0.13495590428038545,-0.530911912034929,0,core
-0.3318194582957831,0.5306462592023786,0,core
0.07800002280146616,-1.35962108646795,0,core
-1.054857411826771,2.7734269662494087,0,core
-0.4018365455283808,0.6276221746284711,0,core
-0.7194626325514747,1.5063349677583677,0,core
-0.4068111329269362,-0.23207298527279469,0,core
0.1885149880272027,-1.302049287939337,0,core
-0.09873905536656723,-0.8433913472186696,0,core
0.027611411949297084,-0.6983462974186152,0,core
-0.32448873498632697,0.1662017858938962,0,core
-0.7769488522853483,1.727808207057673,0,core
-0.8278307655948125,1.4409490359064328,0,core
3.4297629916367867,2.4889768231827056,-1,noise
-0.4423046203146223,0.36176802833027943,0,core
-0.45900931610467904,0.7967108819923983,0,core
0.13357564924208698,-1.2638515630489915,0,core
-0.04464540959541528,-0.5447671257094826,0,core
-0.1936999482803267,-0.5406519700064474,0,core
-0.612613028996043,0.3102436360919441,0,core
0.014856873901938948,-1.0390854512540395,0,core
-0.36465477702847077,-0.003263385803009066,0,core
-0.02779470899485298,-1.1437923045469878,0,core
4.504031013853865,-0.7663584081960537,1,core
-0.7254090048644278,1.5558979903279415,0,core
-0.4028902940386414,0.5449997512632372,0,core
-0.4086724407931918,0.2839150448478817,0,core
-0.20957948662453502,-0.5159289336589689,0,core
0.20678129495216765,-1.3525017582808907,0,core
-0.13380601613993223,-0.6278449993894821,0,core
-0.45773399419296484,-0.03778639133778101,0,core
-0.20839485250218548,-0.730840556502927,0,core
-0.22506837235860339,0.0646569250634896,0,core
0.1120336716643621,-1.6440844006838493,0,core
-0.2148687185352628,-0.6216004579825947,0,core
-0.19676830312394372,0.03730659245035402,0,core
-0.46607332102009974,0.857732786623902,0,core
-0.5849544700625791,0.9682694916565864,0,core
-0.3717045018147879,0.2875318641745005,0,core
-1.0131975086409244,3.2521474808953568,0,core
-0.09298351412573513,-0.9522366993386404,0,core
-0.1516878442800744,-0.49760851167339304,0,core
-0.001321131295283112,-0.9874239969992191,0,core
-0.12565762350638096,-0.8758422149335161,0,core
-0.33671680134644427,-0.14942983700989493,0,core
-0.2782648954059679,-0.10779164742129033,0,core
-0.34754849932150955,0.8494640018347703,0,core
-0.8597921221662496,1.7882418473512653,0,core
0.060806147675792455,-1.5141450832021963,0,core
-0.138428600844521,-0.33548699261564324,0,core
-0.006804598470307536,-1.6721665942917263,0,core
0.008218984044060186,-1.0534380737180131,0,core
-0.15702553335935457,-0.9852480911508352,0,core
-0.23438989663731993,-0.6303085462497602,0,core
-0.01210614974793582,-0.7799025256791097,0,core
-0.7242389880868684,1.748624041387103,0,core
-0.022192689955811036,-1.2629879232434436,0,core
-0.07001504912755245,-0.4801749868102572,0,core
-0.11456787785520368,-1.2224833019439396,0,core
-1.0828714671087196,2.648054379316938,0,core
-0.11953604724668944,-0.5249692502845877,0,core
-1.4768626514148977,4.465735631244806,0,core
-0.20083824798278913,-0.3179492014125331,0,core
-0.5413026493960357,0.8234087203751672,0,core
-0.14820450622465275,-0.45821267365930607,0,core
0.07730071930673457,-0.9648966519576709,0,core
5.03312589304291,0.6929108000522375,1,border
-0.6449685176638252,1.2281754463960095,0,core
-0.33917133353530665,0.46749633439407884,0,core
0.08298497588537439,-1.379918634333696,0,core
0.04567853257900038,-1.592220967340734,0,core
-0.11164412049061366,-0.12002056532349624,0,core
0.1108245066354157,-1.1499246604782452,0,core
-0.6568133932682716,0.8889784203716686,0,core
0.03327872482688648,-1.7135503695642438,0,core
-0.21849190477369462,-0.4110726885198315,0,core
-0.3229057767177087,-0.6209603096084049,0,core
7.559047806195254,1.4732050179834075,1,core
-0.1584140034270642,-0.35264607972092593,0,core
-0.2765042901925779,-0.6202485412699135,0,core
0.1026625512475541,-0.9874788505001,0,core
-0.33212024393878753,-0.32352497292474364,0,core
-0.9579126744160698,3.1460980099010207,0,core
-0.047816078289099145,-0.5264297961150664,0,core
-0.10517409299011721,-1.1985448937832777,0,core
-0.3044602594620706,-0.5127684185274146,0,core
-0.4004860251954353,-0.01503674590612821,0,core
-0.29000398657323007,0.4018923322299589,0,core
-0.36911881710572597,-0.4268867802245284,0,core
-0.564248634212574,1.1472155626439615,0,core
-0.08053191673740676,-1.0546853211602631,0,core
-0.13706368783720072,-0.7131690329411966,0,core
-0.10387409073478016,-0.22235315343603956,0,core
-0.17072662844291223,-0.9275343763120665,0,core
0.04135275723786397,-1.565010279172043,0,core
0.08736140463456706,-0.6280520257950359,0,core
-0.4636565761057333,-0.05496902023980605,0,core
-0.06424075371640842,-0.7908113530224326,0,core
-0.49593641104727654,0.9388197404848173,0,core
0.04478421960464691,-1.188278088505747,0,core
-0.5139213128770894,0.7195693197809399,0,core
-0.5713730156740259,0.5553914081997959,0,core
-0.8415897817437559,2.684632371730077,0,core
-1.5887718249763598,4.785421718647534,0,border
0.001246510185954541,-0.9672468907924228,0,core
-0.1829075374360506,-0.5055367037440819,0,core
0.14103228296317438,-1.3796177612746143,0,core
-0.045129939291641455,-0.30488026577275473,0,core
-0.26121717426704394,-0.08001736355593668,0,core
-0.19044045497930723,-0.3382396431436047,0,core
-0.385461022284429,0.9445871574434437,0,core
-0.4614784491998427,0.8950798987194657,0,core
0.1519077670449644,-0.9227033602699153,0,core
0.06968554363393638,-1.3922215096613586,0,core
-0.10099300415577671,-0.846061317234333,0,core
-0.2852142072934455,-0.16511914984066628,0,core
-0.33481645037677826,0.17324742632216567,0,core
-0.6222904407909099,1.5841800766698628,0,core
-0.13304689259584426,-0.9321223394365212,0,core
-0.8337487091157076,1.7464619179397398,0,core
-0.274441020540466,-0.39914838272342695,0,core
-0.6259871187752393,1.621928959539609,0,core
-0.5126107366123169,0.4656110730424963,0,core
-0.04860903092208204,-1.3478467707186073,0,core
-0.5499130824523468,0.7798008961744876,0,core
-0.03248603006614325,-0.5696503661771908,0,core
0.0805932819376824,-1.6275666706500453,0,core
-0.24366474671193214,-0.20022984624303544,0,core
-0.4694174319946801,0.8451068041472853,0,core
-1.9710105543068726,5.809562272225893,0,border
-0.07733208782571417,-0.6675504219584927,0,core
-0.7078889762683555,1.356327741645168,0,core
0.010433088381150988,-0.7374008079643899,0,core
-0.03918800664915017,-0.987428378842309,0,core
-0.43690179156825054,0.6173768430580866,0,core
-0.27602993416531835,0.3606487989386686,0,core
-0.6423348644633747,-0.05099705175601286,0,border
-0.13771332697388394,-0.8880665348976848,0,core
-0.19036629762931725,-1.2715790708134158,0,core
0.15001586431361755,-1.2959393056078747,0,core
-0.7077736216363972,1.7031467345735332,0,core
-0.7310132035187134,1.0178988876521278,0,core
-0.390581060437018,0.9979580501535255,0,core
-0.26462084410887393,0.054443466768309884,0,core
-0.29651868806089815,-0.1716951746479824,0,core
0.037898887778849234,-0.766864208839344,0,core
-0.054489107389361933,-0.35794390753753647,0,core
-0.2012934011662224,-0.565201785836069,0,core
-0.6255568783614154,0.5486419281975974,0,core
-0.32097012790808743,0.21578495981933957,0,core
-0.0760633410315272,-0.9772126217752486,0,core
-0.38041368865356456,0.6795257024284735,0,core
-0.3690270372831537,0.03937352669531076,0,border
-0.7319223795939362,1.0686209760685046,0,core
0.14939803457793202,-1.0859934446059496,0,core
-0.2334186705699846,-0.031413486746461126,0,core
0.027615944877662828,-1.0856637904660058,0,core
-0.13927384095966733,-1.214229366410752,0,core
-0.12723384519399542,-0.4308343928304761,0,core
0.08970830807774065,-2.0519012236017815,0,core
-0.4070692026481058,0.16197851900551047,0,core
-0.5636759900847388,0.8483685930744578,0,core
-0.015003631472750028,-1.6644010466388643,0,core
5.273909901457519,1.4325894630035587,1,core
-0.15123348235436365,-0.983559838825524,0,core
-0.21497953877884832,-0.005997042739843951,0,core
0.18457537033906454,-0.8992102507936179,0,core
0.1947197844350703,-1.7060651789509873,0,core
-0.42469197492980687,-0.2708393193825076,0,core
-0.06896542975545107,-1.4880576500662273,0,core
-0.5679430107860322,0.9214920931466068,0,core
-0.43162945540403896,0.873973667361513,0,core
-0.6527453592916274,1.0146869511435268,0,core
-2.571758519755293,8.581418552110001,-1,noise
-0.18357049015296634,-0.7214916727001437,0,core
0.23550587029345543,-1.5394549902773373,0,core
-0.2619186627440704,-0.8005480409339265,0,core
-0.024284761208708976,-1.02583920399256,0,core
-0.3493292128181134,0.526199138887004,0,core
0.11958783534975927,-1.0901592655180843,0,core
-0.5720283513316102,0.5912285986765535,0,core
0.27773458585889993,-1.757785593574078,0,core
3.6324372616229796,2.4041344041497568,1,core
-0.5703981393851796,0.773984322028666,0,core
-0.07217539011494627,0.26842159714135244,0,core
0.1273479394020598,-1.4104648616842657,0,core
-0.11065092478377411,-0.35921895762060485,0,core
-0.07204266810875519,-0.6379623169077822,0,core
-0.11067325961610942,-0.9835249758132463,0,core
-0.05752245302719353,-1.3647679917581261,0,core
-0.3199112922529432,-0.608685762413363,0,core
-0.9754438609996218,2.5533339108265736,0,core
-0.35586953713199,-0.15553980579904608,0,core
-0.5486832139232919,0.8520683430600495,0,core
-0.15083564661587864,-0.9087106442996122,0,core
-0.03747178538605265,-1.2264363838336068,0,core
-0.32140637285249796,0.03604683952064032,0,core
0.14537600893299263,-1.684562110850052,0,core
-0.2049433667183717,-0.3373016036501235,0,core
-0.18601898919660664,-0.5829857399693938,0,core
-0.33280193850948186,0.04193009146387608,0,core
0.24626439483736542,-2.154702924183243,0,core
-0.8943286653302557,2.458986998669525,0,border
0.05594214152585637,-1.3401226228334309,0,core
0.10490627278657827,-1.3460321444432872,0,core
-0.340909886039605,-1.2655287420276802,0,border
-0.1756378729399237,-0.9000738903600034,0,core
-0.30396804162817187,-0.1048099329584997,0,core
0.15032575126564596,-1.5785412253198785,0,core
-0.7341192591673444,1.5325612433563072,0,core
-0.6035052096264167,1.0782014653826126,0,core
-0.7915483514089853,2.3024370851773766,0,core
0.18584713160832908,-1.6610521508814562,0,core
-0.365275825459342,-0.412640788510039,0,core
-0.9140247067227204,2.0127113716932925,0,core
-0.19619896304594445,-0.30384610020716535,0,core
-0.11726360592694175,-1.1638313188899443,0,core
-0.09054927839455933,-1.2001584743714975,0,core
-0.5688053328698899,1.0101582654376433,0,core
0.08602988519081427,-1.3473526494745829,0,core
3.991976653375025,0.7981259023748839,1,core
-0.07982199331742419,-0.8840785023328677,0,core
-0.3191199530700814,0.38914462637213093,0,core
-0.34495738915905577,-0.557155877917942,0,core
-0.1256931103373805,-0.5211429645605916,0,core
-0.17125892160519668,-0.42134696256494586,0,core
-0.061039758006919985,-1.3775797209178036,0,core
-0.19262618005017082,-0.25642076903078204,0,core
5.30581922839555,0.9418848743230415,1,core
-0.3418454872613168,-0.27228135035541273,0,core
-0.9844473411197616,1.7994980134724026,0,core
-0.06545590089680314,-0.881948516441216,0,core
-0.38168228797645887,-0.2857727810950964,0,core
-0.5528846964050084,1.126720617547063,0,core
0.12072202793418642,-1.548732354897209,0,core
-0.08972255649433807,-0.45935341947985686,0,core
0.20088245819005235,-1.1172754222281218,0,core
0.32887339836255647,-1.7358072170114536,0,core
-0.48207002165143525,0.4432862027364267,0,core
-1.1153170979338558,3.0552596407807835,0,core
-0.7073522031370006,1.7620959402892182,0,core
-0.12218631773159895,-1.6281869475602526,0,core
0.09665732670281019,-1.5456484125698957,0,core
-0.1710090267718317,-0.6409971241580483,0,core
-0.07020005737732025,-0.5197481876358259,0,core
4.818191342374532,2.3356583573079015,1,core
-0.31840629250217317,-0.35785170704503944,0,border
-0.5195155958584692,0.9191135128254286,0,core
-1.1813102803074713,3.514855192687435,0,core
-0.6127861315482128,1.2635015313987654,0,core
-0.5220916221081257,1.0054918874565686,0,core
-0.9097836041918477,2.0443958319831532,0,core
0.11801934704598226,-1.6782891227958403,0,core
-0.4253444352364501,0.5969093202665634,0,core
-0.19769034179228245,-0.7700918261605447,0,core
-0.7716289091510515,0.9184929461329436,0,core
-0.22095402696568653,-0.991708423303479,0,core
-0.9725902274178936,2.215963450076469,0,core
-0.16487968840368725,-0.8113433990884675,0,core
-0.7686325523654102,0.6619976638842249,0,core
0.05349690405537982,-1.8733536230981265,0,core
0.23905187055472776,-1.8781720347474,0,core
-0.37810966032284477,0.20968808003985795,0,core
-0.23098898870603202,0.03734378591324791,0,core
-0.9497843160352136,2.6432685078120133,0,core
-0.45829214563554355,0.3692564177761118,0,core
0.22959703229901546,-2.274404347150932,0,core
0.1707873360927915,-1.393944614477988,0,core
-0.15973037089354936,-0.7125476792505623,0,core
-0.37117898258548393,-0.2044295082460985,0,core
-0.42241718491495234,0.7836645229571904,0,core
7.86044681475561,0.9562733569106847,1,border
-0.9393932809059091,2.5408379896859032,0,core
-0.43549193696739946,1.004454441889026,0,core
-0.3308856918410414,-0.15424853468238683,0,core
-0.28009004785949876,-0.49932303787872057,0,core
0.10957334469940232,-1.9126272968875098,0,core
-0.34069285480863504,1.0061974188032592,0,core
-0.415349603534777,0.20141315561533432,0,core
0.05107531916837764,-1.5780957314252813,0,core
-0.30546325411501146,-0.28380629287725634,0,core
-0.5932977176121372,0.8056916424715799,0,core
0.13964184926750922,-1.6253829929004986,0,core
0.0008483184684772108,-0.3343814014441411,0,core
-0.6061237512838645,0.6695874285430259,0,core
-0.33821259219886624,0.40559155797151536,0,core
-0.6920614475727171,1.2090744057077576,0,core
0.050729535285285975,-1.1604602200232381,0,core
-0.6163109671279093,0.9025189811717675,0,core
-1.1143303961844961,2.715721236487715,0,core
-0.18875709993698625,-1.2531719007958828,0,core
-0.5476757679364629,0.9793946947679459,0,core
0.11776145823524653,-1.9483410928306095,0,core
-0.5285135847148327,1.0082650589393147,0,core
-0.3785627436188918,-0.08936870797539606,0,core
-0.30317801677193085,0.32434276739072015,0,core
-0.43073012573120645,-0.4537623071696931,0,core
-0.6242219776409652,1.084692093153295,0,core
7.2443948990796505,3.147786530196243,1,core
-0.730157922293782,1.3127614420543114,0,core
-0.17104158267989067,-0.10448894620773734,0,core
-0.8217513757940996,0.5303891724997907,0,core
0.34141799005851614,-2.4435508110147928,0,core
-0.11832099031719161,-0.5205607916968967,0,core
-0.20791152477259459,-0.4824340988136202,0,core
0.15344575014181125,-1.3968044403343907,0,core
0.07907573697171848,-1.9195182874110444,0,core
-0.43693571050382896,0.24202866312653826,0,core
-0.013030652652507782,-0.6493493737622167,0,core
0.13953256773157108,-1.4934705497705083,0,core
-0.2365291505733734,-0.48755557324148924,0,core
-0.43728319043304187,0.2524491286807846,0,core
-0.2552977924123158,-0.5142038943857633,0,core
-0.40244405372487474,0.3553008647015587,0,core
-0.034445135548585436,-1.2977006784147538,0,core
0.1755052205287731,-1.326692143230127,0,core
-0.32523253706763855,-0.3632183555138879,0,core
-0.035898304280820185,-0.6319607230202664,0,core
-0.8629867837872466,1.734385070140426,0,core
-1.6011172425055162,4.928548373003515,0,core
-0.7819896693390413,2.349533037006564,0,core
-0.02905459588073101,-1.167210286657156,0,core
0.0895732900009687,-1.1893986971133534,0,core
-0.5763924062606975,1.4719630130802632,0,core
-0.18114537854787763,-0.48380330253577836,0,core
-0.42970265338902885,0.448637757521552,0,core
0.019937488139643682,-0.611760217620176,0,core
0.07503921390484271,-1.9224590747464563,0,core
-0.164137853964724,-1.2499855504488917,0,core
5.29449999701925,0.6141622880189779,1,core
-0.2145893416256957,-0.6979932309292309,0,core
-0.5001830544589395,1.125056918611704,0,core
6.719236723421692,-0.1915580906242546,1,core
-0.44315950277573096,0.636045903661163,0,core
-0.6054293864739488,1.361854077864968,0,core
-0.5947726637593965,1.185191124747364,0,core
-0.06753380453136998,-0.37210616138418096,0,core
-0.6642291135798469,1.3751845483434686,0,core
-0.6144372121829442,1.0569741095876029,0,core
-0.353686494136656,0.03945623407842207,0,core
-0.20659936686740182,-0.7641457334472945,0,core
-0.08450036913131684,-0.6317001756130873,0,core
-0.5847798497530406,1.326164516225288,0,core
-0.0014878649521277761,-0.4930370301341547,0,core
-0.33394872668456066,-0.17193925851280578,0,core
-0.353846141721566,-0.7005039323115225,0,core
-0.5231447643527357,1.0144245554112088,0,core
-0.5451460817732978,1.0825883889161187,0,core
-1.420330716994572,3.8771544735768915,0,border
0.1275028947078307,-1.1655612508747883,0,core
-0.23391276378207618,-0.17403680587677223,0,core
-0.7679129076015294,1.5299911698853912,0,core
-0.2103333105343857,-0.4886049629552702,0,core
-0.030415439848887775,-1.4691607975141143,0,core
-0.19466038286694543,-0.24359423725952314,0,core
0.1461992913011712,-0.9982484970630416,0,core
-0.27332043697446257,-0.40095985229666525,0,core
-0.4158238478184016,0.7228370913113491,0,core
-0.16085586008931804,-0.7770312404230169,0,core
-0.9359308026973227,2.5047982932112913,0,core
-0.6152972354240567,0.73484858852864,0,core
-0.145981389647156,-0.594253216099226,0,core
-0.022098913274497027,-0.7977983264936135,0,core
-0.15593285880750937,-0.5462747567328137,0,core
-0.12692562220287135,-1.3854921066019612,0,core
0.12761477867985624,-1.6028268843812177,0,core
-1.1991295722482027,3.4049302458894926,0,core
-0.53331771589071,1.0275007144219617,0,core
0.13793681539039832,-1.914831091426326,0,core
-0.3029938345848429,-0.13167018194798807,0,core
-0.09508254468211975,-0.7695651763947013,0,core
-0.33257949587883245,0.5958949237185818,0,core
-0.6629345852132886,0.8803018884346481,0,core
5.274760324352082,1.2330638512876335,1,border
-0.29408786913602786,-0.3578143564246061,0,core
-0.8709523375419651,2.3248997299765843,0,core
-0.39018709772345117,0.7022553977386443,0,core
-0.09917058607685887,-0.7272214804007957,0,core
-0.5761662247386412,1.1988309554747507,0,core
4.904219357835599,2.4512385621243213,1,core
-0.8266154279062066,1.559857267295836,0,core
-0.6789451706549235,1.204531433031669,0,core
0.023718365752991813,-0.8301333887844291,0,core
-0.8191268582183466,1.663000665336408,0,core
-0.06389605844437128,-1.3356143908353504,0,core
0.012812324637315454,-1.3575057997345987,0,core
-0.6312382910770106,0.7276597496833073,0,core
-0.0546677354399026,-1.2643560734506873,0,core
0.19107699000941109,-0.9797687935368742,0,core
0.10136491046173224,-1.1784858399005702,0,core
-0.04850187521434516,-0.7717764647204324,0,core
-0.46790708030681283,1.1497369671032656,0,core
-0.09472460922470997,-1.0481051021790202,0,core
-0.6766398091073857,1.3279087426204241,0,core
-0.2445928018014317,-0.49135613372709247,0,core
-0.5182381899845095,0.5004847555448928,0,core
0.20449163921718827,-1.7672927142519672,0,core
0.015860853236917553,-1.6505960527516692,0,core
0.013775530215732199,-0.9667943129910923,0,core
-0.8292321170341272,1.3618226854429742,0,core
-0.8130041561856607,0.6165866561013542,0,core
-0.6338410145907691,0.8075625914124578,0,core
6.431347321252495,1.390023312979501,1,core
0.05760306409301971,-1.8284985579421718,0,core
-0.020305837346993122,-1.1150259102102675,0,core
-0.809149810831378,1.1530555472449684,0,core
0.22963129290612005,-1.349621857864589,0,core
-0.06415431209483338,-0.8989302770605145,0,core
-0.23007965968444333,-0.07192876709478557,0,core
-0.4360472145076501,0.5442231412294773,0,core
-1.2436359524396812,4.220125567740883,0,core
-0.18266497380094374,-1.2696607561626543,0,core
-0.10171568657916555,-0.23955156661490004,0,core
-0.024555889907280755,-0.9768745950203859,0,core
-0.5113509220882596,0.5385263056519536,0,core
0.0904317347349409,-1.317253444621462,0,core
-0.25972174472488607,-0.3451891823572002,0,core
-0.4394655917638373,-0.43343684047613795,-1,noise
0.010957918053873934,-0.7052552869677777,0,core
-0.15425012699751015,-0.8998200345456489,0,core
-0.2228556665207749,-0.2484608362901574,0,core
-1.1949085661434486,3.1517017666707963,0,core
-0.2268106779265138,-0.38882948480600504,0,core
0.1232657960615819,-1.8667026653145828,0,core
-0.5451622128976445,0.32950492720909136,0,core
-0.703015764646771,0.9782658295370839,0,core
-0.20655791352745362,-0.22405342476134216,0,core
-0.05343058931808146,-0.3363786760180427,0,core
-0.3567330559860808,0.5741383508331273,0,core
-0.4465937709666939,0.7490367989925768,0,core
-0.24212075090314836,-0.3938358316549012,0,core
-0.22458894372566668,-0.9310274122517679,0,core
-0.7387501795055764,1.5261349268320343,0,core
-0.1684707040514944,-0.7274606632527181,0,core
0.0384618993284805,-0.9003988509656462,0,core
-0.3731170870147729,0.7613117027691434,0,core
-0.24621471173060464,-0.38870168776928216,0,core
-0.9727526540137847,2.17540959946618,0,core
0.014105989856979771,-1.3864129055961403,0,core
-0.028628543697592143,-1.6545530254681367,0,core
0.16213781728445215,-1.535463551800645,0,core
-0.8827838921167346,1.9264869661480655,0,core
-0.18533346406086348,0.35611144783236154,0,core
-0.5890250527512138,0.11308966058275197,0,core
-0.15602977034545107,-0.9525547204319922,0,core
7.642180406379821,1.0583102783957028,1,core
-0.155047817765616,-0.8798944058806544,0,core
5.857777081522594,3.3477035460309725,1,core
-0.301502158721931,-0.13797209409784905,0,core
0.2690209558382612,-1.7789207818472874,0,core
-0.14239217716068342,-0.8270172746596827,0,core
-0.8517144378743097,2.4576892746498844,0,core
-0.05490588488357379,-1.5949616876789077,0,core
0.0031433983034067463,-1.2648958112553992,0,core
-0.14956677974166177,-0.6813704767916267,0,core
0.05362644772989171,-0.8477218028455626,0,core
-0.2519324603497821,-0.3594737719693021,0,core
-0.1112907366112625,-0.20554054147312056,0,core
-0.36058021937274454,-0.4335307904247851,0,core
-0.8233696025884527,2.062122195120075,0,core
-0.08763905333081609,-0.8135322110312306,0,core
-0.003762321951227719,-1.4131251147144193,0,core
-0.6607940089902011,1.2653012040697975,0,core
-0.24447711477453302,0.11960145174909514,0,core
-0.28409852133487595,-0.18559014602767146,0,core
-0.14164203083096974,-0.43489175730168494,0,core
-0.8289009107885269,1.1156855391312075,0,core
-0.9424749836562324,2.2664723378341147,0,core
-0.8424775193371209,2.5002308553093204,0,core
-0.16048608490372415,-0.6926136722675185,0,core
-0.4996585233264,1.1956446382497141,0,core
-0.9278666032606592,2.320582092214311,0,core
-0.5650746813234833,1.0410455590603216,0,core
-1.0661305233319254,2.7626557362799926,0,core
-0.0014429979752046424,-1.3451705415758513,0,core
-0.24582020951988118,-0.836021204893634,0,core
-0.9237501867307569,1.544868048606341,0,core
0.0727079254137457,-0.8373220290886658,0,core
-0.3330374816448745,0.05477578840815317,0,core
-0.03435638479167591,-0.791954234710972,0,core
-0.39354327088585644,-0.4646262117623581,0,core
-1.1066433954158243,3.0020835137943838,0,core
-0.2277355016151264,-0.06893660022398398,0,core
-0.540577966069668,1.1098000004675332,0,core
0.09563268899118924,-1.8314198789076093,0,core
-0.14145780099562344,-0.3111492271289892,0,core
-0.2216966899972299,-0.2819102541795633,0,core
-0.530994523200288,0.18793483284391868,0,core
7.52383577322479,1.5960758477228765,1,core
-0.5814093531840212,0.36907269954296607,0,core
-0.2836614533279321,-0.5354638193901458,0,core
0.11747271177577955,-1.9547743667538378,0,core
-1.1521908450882066,3.0909245763496407,0,core
-0.4096663473623506,-0.3791744024130594,0,core
-0.23690539678258052,-0.08357217158080474,0,core
-0.46343670431121,0.5876251884241857,0,core
-0.03981394558336483,-0.5286682235667195,0,core
-0.4358325698344265,0.6506614307401375,0,core
-0.20032276089221213,0.23570647857873156,0,core
-0.7000045789806555,0.8433322480402334,0,core
-0.10072565419147919,0.012296386104355489,0,core
-0.3875356875257835,0.33142412883230854,0,core
-0.5414924054902674,1.1911525574300685,0,core
-0.8938400619911457,1.580521316449346,0,core
-0.5083175919289876,0.35956613993322867,0,core
-1.1001157559432602,3.1277778379568897,0,core
0.0003983836683959484,-1.3932023256163035,0,core
-0.20287721497568628,-0.3576681909039919,0,core
0.02757203833126636,-1.2443097005936155,0,core
-0.34854285735822144,0.09783385325904342,0,core
-0.15091496456194647,-0.503531913507534,0,core
-0.47842113126213337,0.4949429943518013,0,core
-0.4216230841751421,0.45933248451301956,0,core
0.05412566382914637,-1.2061788547982468,0,core
0.010303610041831184,-1.1072066942307641,0,core
7.85444020698851,0.12093709645788717,1,core
-0.10432302297469542,-1.023483438787734,0,core
0.010555468767059609,-0.9504706856670488,0,core
0.12873535043056758,-1.7034094653550937,0,core
-0.18023713952289078,-0.4687251459935164,0,core
0.1408739003312436,-1.2610267653256249,0,core
-0.7332658500811537,1.4142707586081662,0,core
-0.5262468796586992,-0.3475568775496038,0,core
-0.7915087309657441,1.0452473767876573,0,core
-0.12149365187125542,-0.07244120697340278,0,core
0.07324860677440338,-1.4336866034057354,0,core
-0.14023393832934286,-0.7027528137685655,0,core
-0.2324220742481778,-0.7097547253602947,0,core
-0.18338640866044056,-0.14889347376970263,0,core
-0.11720310573658425,-0.3832377786338283,0,core
0.06679266470525515,-1.1679884783282528,0,core
-0.30798108976665306,-0.7840991919196774,0,core
-0.13270458506904184,-0.03433692875244186,0,core
-0.9135170594915994,1.3092793897793116,0,core
-0.03536193994903244,-1.300887686452642,0,core
-0.3115204306604034,-0.36971979844272296,0,core
-0.6637262176881863,0.8417886893467816,0,core
-0.4915912542479373,0.5901435895964218,0,core
0.059676832824933156,-0.8474772402594997,0,core
-0.5656987079328618,0.9045576406354778,0,core
-0.03594446588650102,-0.46939648423478736,0,core
-0.603743409154559,0.9176501331897897,0,core
0.28918335196293443,-1.8096837980218015,0,core
-0.007457517542667281,-0.7296642111010825,0,core
-0.4144604834152153,0.31826924904191717,0,core
-0.1971657991469768,-0.6771892904300518,0,core
-0.3449579852899279,0.17090962993918152,0,core
-0.6652840501704037,0.6723936749066022,0,core
0.14616554271156532,-1.7116654052857876,0,core
-0.045753733817982124,-1.1665352304923886,0,core
-0.04827971783353154,-1.2471888561602547,0,core
-0.19798696826390974,-0.4487710527382681,0,core
0.0720326080930729,-1.7649428096625959,0,core
-0.14572316245436753,-0.7125206021952379,0,core
0.35488205836191644,-2.211155116175456,0,core
-1.2468201444439095,3.2144671637661326,0,core
-0.3203071046590625,0.32099066479669885,0,core
-0.06661145623306457,-1.0528720084837344,0,core
-0.012733952442557537,-1.153297227664115,0,core
-0.25160543564981636,-0.09707675176182864,0,core
0.15381818535569636,-1.3985468555467604,0,core
-0.19809948668629668,-0.15114726079824964,0,core
-0.3983245647315465,0.6186639447329885,0,core
-0.3477352601894014,-0.6041327786195927,0,core
-0.3939037664124097,0.28796234115735403,0,core
4.460554290379245,-0.28009987947549725,1,core
-0.34678199547150756,-0.026691200706291194,0,core
0.05717977103351611,-1.6847605038447193,0,core
0.3045419305130735,-1.6045253525680763,0,core
-0.14895545289366974,-1.325399000459258,0,core
0.09681648626547602,-1.1976341011189822,0,core
-1.2728895282921209,4.040262629624032,0,core
-0.6749618663331005,1.4902576929682574,0,core
-0.45157861348048944,1.454344284365539,0,core
5.0423329083458714,1.4982453674903036,1,core
-0.029122661814071013,-0.1199960699857962,0,core
-0.47251425870483765,0.7908144311658034,0,core
-0.2282269177728356,-0.3137375556871118,0,core
0.016395016895292377,-0.5715043508167454,0,core
-0.34326402616214796,-0.171246999571915,0,core
0.12801903999232708,-1.3550028708992563,0,core
0.0009466062431781521,-0.8294881991747936,0,core
-0.4663134198085942,-0.28699730015697905,0,core
0.07164113683440798,-0.7967598223990635,0,core
-0.4120375191731375,0.28443093427783245,0,core
-0.15194857488388555,-0.4527830821043606,0,core
-0.7220661833364106,1.750756078842495,0,core
-0.15600768845833485,-0.16183935658236612,0,core
-0.3131974510637903,-0.4959661363651382,0,core
-0.14135981427684688,-0.5599949847569434,0,core
6.594296150838354,1.0780182999169643,1,core
-0.1346795763822376,-0.6793089870516713,0,core
-0.17348297002591548,-0.9430967958433716,0,core
-0.47204028822677296,0.0867795303107948,0,core
0.2934223745882216,-1.827137423056584,0,core
-0.4083604089184202,0.6552894554351689,0,core
-0.33995862124681064,0.2874895680046207,0,core
-0.10920747199360516,-1.2136378520618802,0,core
7.414886388090346,2.074935263977052,1,border
-0.18361638813797,-1.0638239876242492,0,core
0.07877616665771253,-1.1394465661697748,0,core
6.415659050990104,0.08147497300205864,-1,noise
-0.07912077460782857,-0.979586949204517,0,core
-0.19233130574397747,-0.35647567800282187,0,core
-0.8494256588018905,2.1589268881998107,0,core
-0.2918182931329655,-0.49914910805005974,0,core
-0.0032289550593704707,-1.075228420310265,0,core
-0.5100310009911648,0.7407891066286836,0,core
0.09171383205761482,-1.4471539914084088,0,core
-0.5310173092392482,1.1139511272061415,0,core
-0.15333942347393403,-0.8020116570609954,0,core
-0.8688733316609044,2.0366901346119186,0,core
-0.5512251975156044,1.3215916266175844,0,core
-0.37645048252429986,0.7849744236174139,0,core
-0.525819412249178,1.0035700376789087,0,core
0.19917284624712345,-1.548332862959656,0,core
-0.6554571703408896,0.961898587557986,0,border
-0.017416940486854868,-1.0053672950918087,0,core
-0.07409305924603311,-1.070104194451663,0,core
-0.2671424105168058,-0.4349697778930993,0,core
-0.5059227471358878,0.8521268857764539,0,core
-0.06320496520507847,-1.1974140946061858,0,core
-0.5807847517781776,0.8316027034995292,0,core
-0.5885412402820049,1.6757394503476777,0,core
-0.30110539205506576,-0.046982906862535465,0,core
-0.46037752048664243,0.3812147964141006,0,core
-0.7582232770106546,1.208889711649015,0,core
-0.06168584032498408,-0.7158402499166923,0,core
-0.4498137540271762,0.744551022339834,0,core
-0.46547150085652783,0.6872256903284859,0,core
0.05906141099807889,-0.7356284572939198,0,core
-0.6858897103699505,1.7877174699347524,0,core
0.01876317873699752,-2.369147054225792,0,core
-0.13702813392466087,-0.5881355803731116,0,core
-0.5008971916953576,1.5081694644384682,0,core
-0.18328474302861586,-0.48214889948617173,0,core
-0.4005161733070033,0.3142376609437522,0,core
0.23438309269198582,-1.4673404307829903,0,core
-0.08347787967839493,-1.0769349950866283,0,core
-0.8247717783217698,1.2839694721091008,0,core
-0.5665247116507851,0.6402425464994805,0,core
-0.5645596980952678,0.9953209264027858,0,core
-0.2703790135620497,-0.31850951324945975,0,core
0.16149385402949534,-2.1343394893327403,0,core
-0.4816626587871077,0.4851681114527065,0,core
-0.08018702148546696,-0.30485127591227934,0,core
-0.32836743238677796,0.40673787284316076,0,core
-0.48010082077997307,0.6144550838395757,0,core
-0.5636946179425482,0.9343958645463872,0,core
0.20029293526325642,-0.6677837444436594,0,core
-0.3418070986606662,-0.468609497312642,0,core
0.19777962094468238,-2.041174883271988,0,core
-0.8766120648432429,1.544486421148486,0,core
-0.5360515227828465,0.8016236850078804,0,core
-0.3861969553003653,-0.18292056960664413,0,core
-0.14572704131425698,-0.9587574132344239,0,core
-0.6856408729516761,1.0940364614584,0,core
-0.04343960000392972,-1.1278221618283768,0,core
-0.07055465068628074,-1.0170424377955587,0,core
-0.2725166821469976,-1.2660879091620707,0,core
-0.15272663350589574,-0.3087200438167645,0,core
-0.07634278605851995,-1.1312268268449457,0,core
0.05643527590977765,-1.1161353681388964,0,core
-0.3487531554170535,-0.23290380339484093,0,core
-0.5695454749257586,1.066548351864872,0,core
-0.1838637845584435,-0.8001780386478428,0,core
-1.1307728846494642,3.1110472968351925,0,core
-0.05110809580455435,-0.8550825134037183,0,core
-0.1363928298548832,-0.8404889875612844,0,core
0.09301015764108944,-1.2936703581440667,0,core
0.02228071275581673,-1.0854072448332523,0,core
-0.4534357328688331,0.3644650894172151,-1,noise
-0.5789625388405363,0.8222182328466614,0,core
-0.2569948948802733,-0.17724143629508532,0,core
-0.4433768080173376,1.3929230128797907,0,core
0.05564364376033555,-1.2571438489239184,0,core
-0.021235959025741998,-0.9450135198759486,0,core
-0.24341894925146026,-0.3744240370161037,0,core
-0.07717830215764704,-0.6295096204481483,0,core
0.2919889460225605,-1.7236038327019172,0,core
-0.2558682837860918,-0.6971917615118117,0,core
-0.40123098235742577,0.44599682183647105,0,core
-0.4887468409660825,-0.46422372816658136,0,border
7.466026694353131,1.24275534674715,1,core
-0.062391734141597856,-0.9563864119219077,0,core
-0.0828256531689078,-0.26247039393293303,0,core
-0.5828771676242644,1.1067105655756286,0,core
-0.5940130021971717,1.1497919500223082,0,core
-0.08246535259076805,-0.8314822685554657,0,core
-0.1252650062046107,-0.6003981295506771,0,core
-0.4898802772102994,0.9955992952160639,0,core
0.08887986340402994,-1.5651194075258585,0,core
-0.4747324081822204,0.03757435208262243,0,core
-0.6253738541257647,1.4936215870568277,0,core
-0.1782135725554895,-0.5528598114944441,0,core
-0.9809764476502018,2.094250856530457,0,core
-0.5894815496683501,1.5266118089049614,0,core
-0.3835073174473695,0.3866051812464668,0,core
-0.7402217279016773,1.4544658606245564,0,core
-0.16689509776441078,-0.577035039539161,0,core
-0.1826338180824792,-0.4695664715359752,0,core
-0.31315599599386423,0.3117535438721133,0,core
-0.6348923578673198,0.8657382803631519,0,core
-0.6416673444599459,0.6470459231546859,0,core
-0.5589539333669999,1.1368729546898102,0,core
0.13251177639760955,-0.8336366202064691,0,core
-0.3773628650970322,0.8575730693945443,0,core
-0.15315146231836602,-0.2109793690478669,0,core
0.08273761196312723,-1.3902338160308596,0,core
-0.823141209125569,1.854364421602816,0,core
0.28641007870592894,-0.8568896013704113,0,core
-0.7276621123383169,0.950169933848046,0,core
-0.24094144088381422,-0.24862604677163688,0,core
-0.1236843177927014,-0.9525125842164583,0,core
-0.3319644924523828,-0.24722681896779536,0,core
-0.09669058402979382,-0.7422771006438902,0,core
-0.07608658639425292,-0.907886803163092,0,core
-0.7441936818346999,1.1752105929100511,0,core
-0.4787144937393948,0.22832610256612024,0,core
0.15464300079976648,-1.2995732693629827,0,core
8.0110559721796,0.5699061189214913,1,core
-0.746119024944209,1.5246111439790155,0,core
0.13188018028504714,-1.2701118537674492,0,core
-0.021573960241281068,-1.7512473776353945,0,core
-0.8714983784484911,1.5957604086851394,0,core
-0.8459088639627175,1.5290950117019186,0,core
-0.7541469842987204,1.6870087814722905,0,core
-0.4226099134127537,0.863723034654073,0,core
0.0772693941127974,-1.87092904553266,0,core
-0.06568290508285142,-1.3507274196729804,0,core
-0.047348619400228366,-0.9873486197497348,0,core
-0.7058292209351319,1.685336362044928,0,core
-0.26158605765834025,-0.22785244452275888,0,core
-0.18095845339763453,-0.8128743095866322,0,core
-0.029243786717903245,-0.8030610424596081,0,core
-0.6190681017798408,1.1045945933507828,0,core
-1.2808945571938213,3.329823768213759,0,core
-0.5730676807989733,1.1107197620611213,0,core
-0.02343345358365309,-1.2031388478428953,0,core
-1.1179596890216321,2.8482060609346287,0,core
0.17236778654519555,-1.9583819865028753,0,core
-0.6069178094839518,1.4094336764575417,0,core
-0.903603949943359,2.4678663536754857,0,core
-0.3806991646298304,-0.10710357301974398,0,core
-0.07751953946718868,-0.9619805825481005,0,core
-0.3532934817293298,0.39567031059728053,0,core
-0.3120713581054041,0.36883298076804605,0,core
0.030753211021762365,-1.054156029979128,0,core
-0.5808724002773754,0.8784145377393946,0,core
0.13361564524977576,-1.384570951065827,0,core
-0.15106470877280928,-0.036715186089476895,0,core
-0.09034754066467889,-1.1236446643412652,0,core
-0.06175424861566537,-0.970439080361702,0,core
-0.7120525059975301,1.3701915392055524,0,core
0.003018966588619257,-1.5073647190360582,0,core
-0.276242085840075,-0.6483633408005427,0,core
-0.11885528777463074,-0.6165423529184599,0,core
-0.5541992103973812,0.5225627606009269,0,core
-0.09194098137458032,-0.9518993490992709,0,core
-0.4171390043405472,-0.29636829826945255,0,core
-0.2143355140980598,-0.6118157421077501,0,core
-0.11021398716378271,-0.5791454405282666,0,core
-0.05344955179674477,-0.6972754231302505,0,core
-0.49708422776827005,0.5229261110415657,0,core
-0.6693077925950728,0.9445274378648645,0,core
-0.6977440171347707,1.1658236625894454,0,core
-0.7513659002591238,1.029926982774298,0,core
6.322546102653109,1.6209022574757586,1,border
0.30639862979906884,-1.8432001987106388,0,core
-0.19255587096434088,-0.24107986503636994,0,core
-0.03438137623716392,-1.4208838757343198,0,core
-0.30997045922144906,-0.6919875669443614,0,core
-0.424166886505326,-0.14058869329322882,0,core
-0.6242129524103707,0.9780918485080456,0,core
-0.4487679544550684,0.3346380497778354,0,core
-0.6071332183899362,1.3431801403677743,0,core
-0.7263287361820324,1.5640635670710203,0,core
-0.32205261390937345,-1.1299818474830594,0,core
-0.578647990289133,0.5860611865745007,0,core
-0.9999687726612461,1.7864934396288852,0,core
-0.5554000671939606,1.4509516237900804,0,core
-0.10031827672681595,-0.920906922466499,0,core
0.010064202563590273,-0.8770888433006452,0,core
-0.10838852438935695,-1.2227381784000841,0,core
-0.36035628434139955,0.4755071717585138,0,core
-0.3026985534365242,0.05078350412565291,0,core
-0.22536449719315876,-0.17469778566401656,0,core
7.834720540670051,0.7513904140149652,1,core
0.15799506130286267,-2.046420543646564,0,core
-0.5483297995992735,0.8552963310162971,0,core
0.18559539914007703,-1.5886932371777602,0,core
-0.1222035780216346,-0.6441659680765008,0,core
-0.2093075859367389,-0.759423534577377,0,core
-0.06774646435125185,-0.43493092739513706,0,core
-0.14386086064371298,-0.5794698887407774,0,core
-0.6307118459905431,1.2817034009202426,0,core
0.041460541727252526,-0.8672244446537434,0,core
-0.5625643883885816,0.38115148359321804,0,core
-0.6440851146665764,1.218596472422466,0,core
0.017133452971535002,-1.0048984138187513,0,core
-2.0654191668254014,5.772549490419576,0,core
-0.5086046594998224,1.0845344358614082,0,core
-0.4935892023187554,0.3895205391055589,0,core
-0.10219348432445892,-0.8278447785019805,0,core
-0.2569524133682995,-0.33713660885959384,0,core
-0.6614818065592682,1.418395683498009,0,core
-0.9538173211776767,2.4352656975721385,0,core
-0.23936513971313958,-0.015873496550359634,0,core
-0.6340373815871396,0.9187985207666791,0,core
-0.6734926947343096,1.6134095600705296,0,core
0.01815575131359711,-1.301409356835824,0,core
-0.44982481876073677,0.4989780786961489,0,core
-0.1299321239355577,-0.9121476261659169,0,core
-0.37987864107718694,-0.5300466364820113,0,core
-0.7791603311153098,0.7506873808892056,0,core
-0.6183185862881737,1.061980510339081,0,core
5.52985356570043,0.3803844022086284,1,core
-0.5000659284750157,0.31531230538508886,0,core
-0.0754713472362001,-1.143386695278596,0,core
0.056034376225831545,-1.1851522532528607,0,core
-0.019068396044689837,-1.203264221956199,0,core
-0.2938058765049409,-0.4401984741110714,0,core
0.11332852561916083,-1.5448725752826755,0,core
-0.005584981070263279,-0.8929926149551257,0,core
-0.47663278627140404,0.4070179178513142,0,core
-1.2881280919014357,4.592114917860488,-1,noise
-0.18052806924257966,-0.5378964546499747,0,core
-0.5336053786583941,0.6953415210247136,0,core
-0.6559628585177179,0.8219424089604956,0,core
-0.19644385676527049,-0.03696450234485307,0,core
-0.22800913440953258,-0.4283854223239543,0,core
0.2003971503235575,-1.4608862950153234,0,core
-0.9030476641826992,1.893506879885506,0,core
-0.7019583713234248,1.1653881630178446,0,core
-0.7135239648933228,2.0631067672844785,0,core
-0.7278531040460304,0.9791874474753524,0,core
0.11356725144661675,-1.7727239635668,0,core
-0.07795338204695573,-0.4611591572052634,0,core
5.653149353267751,3.6043309860454222,-1,noise
-0.7255599383711165,1.4548808705268546,0,core
-0.6889239790375057,1.3371371072322704,0,core
0.006256799666806501,-1.6394118026430677,0,core
0.04024332943717751,-1.3904213486817334,0,core
-0.5542751841393686,1.1729930639445796,0,core
-0.13724537791005725,-0.07320101083507498,0,core
0.22598468297355132,-2.231508998465699,0,core
-0.3011924286351748,0.012487201315987961,0,core
-0.9214745948581933,2.3911768872310426,0,core
-0.062366919614078926,-1.0823173676013087,0,core
-0.3121000167403533,-0.753831342793007,0,core
-0.5241580151257305,0.5025219785343051,0,core
0.23472442457252213,-2.050981603490776,0,core
-0.07420741755404028,-1.006870180952595,0,core
-0.6168540951439221,1.389361604633464,0,core
-0.4992985073787311,-0.8078485953250281,0,border
-0.048643918617388475,-0.9418711296701223,0,core
-0.24118163876840235,-0.9067768001921326,0,core
0.10726701509037748,-1.1077668777447376,0,core
-0.7165769528779153,0.12145062236921295,0,core
0.22728506817156216,-1.495645256721626,0,core
0.10265769812977743,-1.4418348276012438,0,core
-0.40262278889380004,0.22386594139075722,0,core
-0.29857354455857144,0.48597797343323895,0,core
3.782770811863264,1.6577285025659176,-1,noise
0.09950805318366795,-1.0367680825633563,0,core
-0.9858797160300421,2.624697503817039,0,core
-0.1804624544853548,-0.8648490328359231,0,core
-0.712110451534154,1.1401839359797876,0,core
-0.11726260356771402,-0.5185859546764602,0,core
-0.8055417628603735,1.888399932100521,0,core
0.09710629392004226,-0.8375420966474039,0,core
-0.07997850887636858,-1.363977185027999,0,core
-0.3911124773352365,-0.603541792566822,0,core
7.227246210296434,2.708117550208041,1,core
-0.3565709121463906,-0.0371931469609709,0,core
7.615106558562475,1.0997179931276482,1,border
-0.24942360306525416,-0.8109525361182139,0,core
-0.5323552833523482,0.5847559519319374,0,core
-0.0974299110750237,-0.363540840326746,0,core
-0.20821911379901803,-0.01563686523791802,0,core
0.0637022053561658,-0.9610840657588486,0,core
0.0226854879012289,-1.3122275039128573,0,core
-0.47818920293015565,-0.3825073194488888,0,core
-0.1436176329072261,-0.13332677674125254,0,core
-0.287306559836916,0.08297356483583362,0,core
-0.017733522643282422,-1.033606839557183,0,core
-0.3560515853687799,0.7038684694123942,0,core
-0.1566950932483104,-1.244077945160838,0,core
-0.42659336459743835,0.7999396049653611,0,core
-0.266665423352752,-0.3126926005033619,0,core
-0.431359560392864,0.5308480097825585,0,core
-0.13076059597071402,-0.44432129138164944,0,core
-0.07718420578740558,-0.8298822552130245,0,core
-0.2507357554495096,-0.47155231612041554,0,core
-0.31797330120514333,-0.35576747280603366,0,core
-0.62142713588048,0.8140671764819909,0,core
-0.3400167273683847,0.023673796301476945,0,core
-0.07037141590738921,-1.6537474305043594,0,core
-0.04964898718435149,-1.0511091114774607,0,core
0.29807573870301446,-1.3266598887700114,0,core
-0.38429967132938175,0.5867718662167398,0,core
-0.12034285538526514,-1.1266562797930213,0,core
-0.5649984453450723,0.3317415739497379,0,core
-0.21940593580771775,-0.4749848068105455,0,core
0.011262179425767651,-1.2119291602522158,0,core
-2.8470918473530165,9.546979855659746,-1,noise
-0.3774173689117121,-0.2504118693816788,0,core
0.11997241607503527,-0.8960514193408513,0,core
-0.9856085273832167,2.444110403651753,0,core
-0.6971726650517764,1.328061437891735,0,core
-0.2276886933347317,-0.23592258886170744,0,core
-0.28356964478527796,-0.00325972167214399,0,core
-0.15623849493523487,-0.8505221124492772,0,core
-0.9786415175104356,2.154421291185221,0,core
-0.3316196156896369,-0.1311514566108624,0,core
-1.4331834583593186,3.514095719804496,0,border
-0.22714751818091589,0.08407810187396454,0,core
0.0843507975323749,-1.3723895346379134,0,core
-0.14417856455670167,-0.20544620814211345,0,core
-0.15206769362164227,-0.32645824339951496,0,core
-0.35834889658685537,0.20985858210818864,0,core
-0.23455833003719007,-0.394748414020715,0,core
-0.44343141506776085,0.32273502969755047,0,core
-0.49785507988283423,1.0245211536810268,0,core
0.06493073712712323,-1.3461828642351368,0,core
-0.5939364667333416,0.5796760901860274,0,core
-0.07439459229320373,-1.1762381176729255,0,core
-0.3328758780043049,-0.3610107266188006,0,core
-0.5413602666130211,0.9366692355020299,0,core
-0.43164407750375194,0.2914686850560667,0,core
-0.6471222679523198,0.7728334240186627,0,core
-0.17130314836648253,-1.226363025657094,0,core
-1.0481085140759459,2.035439123933826,0,core
-0.044380623475635074,-0.7735414995517917,0,core
-0.28212071485269397,-0.030434356137183087,0,core
-1.5477631658204445,5.097621366660271,0,core
-0.9618372264419102,2.0709274386187544,0,core
-0.3340420418570523,0.0169539458755381,0,core
-0.2919181551028541,0.19739270451086718,0,core
-0.14006130173932138,-0.4683817430568635,0,core
-0.0955101329019088,-1.167148651700028,0,core
-0.3003616604251556,0.06074870390826101,0,core
-0.29345319488802935,-0.1243117551026903,0,core
-0.541569714512402,1.2165771551449878,0,core
0.1621872170128391,-1.3997033879242278,0,core
0.25666773320443936,-2.204653295807182,0,core
-0.06031526388017589,-1.148271805336969,0,core
-0.3091211622806335,0.5145651657753876,0,core
-0.7440479052056083,1.1708420729879478,0,core
-0.5004159509109858,0.9817767282081009,0,core
-0.10345909294698971,-0.8003871561618146,0,core
0.12160895074270181,-1.2157496727819095,0,core
-0.23850823643690308,-0.09276590986628598,0,core
-0.2599784771297253,-0.023960664849291574,0,core
-0.3781072959941016,-0.3707092650259645,0,core
0.21947079576877163,-1.1228338997540952,0,core
-0.6248174117220298,0.9148661273296208,0,core
-0.7012502015336008,1.1605801808763254,0,core
-0.2319838109400579,-0.3306508175060279,0,core
-0.5031651809399292,0.5333432769074484,0,core
-0.24113053523617015,-0.26572892991529873,0,core
-0.3313116938316328,-0.11172573710206249,0,core
0.060007377944847305,-0.8198913274085415,0,core
-0.19613321984945298,-0.5601633101677916,0,core
4.970542724417511,1.8327219926691765,1,core
-0.4210118794239281,0.9169014023591588,0,core
-0.17156705642823047,-0.8083818536455771,0,core
-0.2198156006732387,-0.6229405814165936,0,core
-0.7298350294096839,0.6973895165701074,0,core
-0.3459840928509544,0.25917116067498996,0,core
-0.18973622586427494,-0.47083224564237647,0,core
-0.1456413791272578,-0.14705846950264662,0,core
-0.15753599160242504,-0.8568979823492588,0,core
-0.08386980816783939,-0.7206750305088834,0,core
-0.05505388405392244,-0.7088464530672485,0,core
4.649374885813061,3.0648879047708837,1,border
6.62787179954889,0.5481722213118143,1,core
-0.05356540997369679,-1.169237485241016,0,core
-0.38040710925932225,0.043790765838174775,0,core
-0.46594202753598957,0.7028848219267523,0,core
-0.37298522436454207,-0.38350871188672764,0,core
-0.8360681034843058,2.0027119707477774,0,core
-0.5965719187422848,0.8678011958663869,0,core
-0.029724932866523654,-1.3217447047282491,0,core
-0.18488090636117277,-0.5066921442618988,0,core
3.3129652475920977,3.4052287630738176,1,border
-1.2687699994925772,3.111810661811773,0,core
-3.0721777876869525,9.92345630975171,-1,noise
-0.6326723448742461,1.5159120888656772,0,core
-0.3409704875629629,0.27775788433521126,0,core
-0.4709930120689082,0.5011951034191755,0,core
-1.0606135801275034,3.2053042138525383,0,core
-0.07432139677863754,-0.8099123394429819,0,core
-0.34818716077546985,0.12245303128203605,0,core
-0.016989923834661635,-0.6428097093019667,0,core
5.215634847023237,1.1137141389213523,-1,noise
0.34156545846452335,-2.011031675339314,0,core
-1.210565513460495,3.1075492341645057,0,core
-0.1648049485695818,-0.4052971127059198,0,core
-0.05794849140155842,-0.5912020291831199,0,core
-0.11882610772975118,-0.798895735419483,0,core
-0.5359407024838333,0.15576908549692137,0,core
6.548739809733651,0.5526145477657001,1,core
0.1636315223034258,-1.3893102561171153,0,core
-0.06741356315494666,-0.9009245905789549,0,core
-0.6220163373546682,0.7959645050348987,0,core
-0.9758918558167438,1.6681390738182231,0,core
-0.5173680701289193,0.19168903696236592,0,core
0.06495456979835407,-1.2794437176374482,0,core
4.251344287233602,0.0329694732408022,1,border
-0.17028304716225381,-0.9933829102180818,0,core
-0.6564920082198201,1.6930217193133423,0,core
-0.5374201802789336,0.8643078801933162,0,core
-0.5710229242251871,0.6270290615619538,0,core
-0.07826054252355891,-0.39893969262335655,0,core
-0.03741462241337371,-1.251605030163977,0,core
-0.02725763852120911,-0.8973026750543729,0,core
-0.3672112361382475,-0.016246586304566102,0,core
-0.9738749135569251,2.395149935924345,0,core
-0.5036178573286951,0.14659981250684112,0,core
-0.03608970188422684,-1.3011003865448265,0,core
-0.4404072983714155,-0.08242288114271867,0,core
-0.17166695867473172,-0.22498408904128794,0,core
-0.7330507209878414,0.9726618463468366,0,core
7.853663389586322,0.6002905477277742,1,core
-0.44195865871576645,0.5851599851969702,0,core
-0.16839230684364587,-0.5482415325257339,0,core
-0.761547967479413,0.8789690310101714,0,core
-0.12145815414138152,-0.731985735007542,0,core
0.060019395996969316,-1.5194604403216507,0,core
-0.2569395046499875,-0.5615670872604788,0,core
-0.8830912749924821,2.057735113064262,0,core
-0.21310691420674963,-0.31184538907629883,0,core
0.18783240178737892,-1.0222798375564457,0,core
-0.3562245424513693,0.08490930515279992,0,core
-0.10281454391048854,-1.0657272673913423,0,core
-0.9473515032107898,2.3411879690922874,0,core
-0.12018042434529692,-0.47540091866305706,0,core
-0.3096089804691993,0.13300791622856376,0,core
0.022773989241619375,-1.4020415519110327,0,core
0.1132830972120676,-1.701939464410405,0,core
-0.431598794229669,0.2593362732133705,0,core
-0.3006016598177074,-0.456036267902555,0,core
-0.23317971162268858,-0.16088248670056096,0,core
4.778733216074719,-1.0225101929528284,1,border
-0.01949265805051112,-0.9619828913340405,0,core
-0.4245304437127564,0.4447286134983579,0,core
-0.16171317579092223,0.1983470079687699,0,core
-0.8184385143529902,1.6882791693264347,0,core
-0.12301433400366753,-1.135325657806454,0,core
-0.5845151484550724,0.2803542653248317,0,core
-0.2966334108170871,-0.33585777300825165,0,core
-0.4938907696231761,0.21265054176949283,0,core
-0.18821469167426932,-0.3495974907102307,0,core
-0.9381673495941141,1.3735932311673786,0,core
-0.007811979574757764,-1.1500581545325215,0,core
-0.6513116280049461,0.513745271723911,0,core
-0.2097563855304684,-0.44981633691177014,0,core
-0.3649065189165834,0.5493723746202519,0,core
-0.5609832997352848,1.4998093276583897,0,core
-0.5070763715132774,0.9933125221572592,0,border
-0.3760213148126629,0.49971480319833755,0,border
-0.8165767151448292,2.0297819227996903,0,core
0.18912687621739718,-2.506022497584183,0,core
-0.37693228804127044,0.3336993195790204,0,core
-0.5964264167537383,1.1784455509164427,0,core
-0.6158675351422425,1.0917464478880452,0,core
-0.3559522618348405,-0.203310764345839,0,core
-0.16912681565682108,-0.7109088027298116,0,core
-0.5374897661307362,0.8049873125333005,0,core
-0.19698411382025297,0.051215548678385237,0,core
5.3324091028915355,0.5066022853941976,1,core
-0.3494299792762851,-0.4190612421200706,0,core
-1.1424310818369092,3.478381760427408,0,core
-0.054348166595422846,-1.048029239305873,0,core
-0.5421279883625353,0.18017044967997867,0,core
-0.36150355158612535,-0.13856839272750632,0,core
-0.6437422855339765,0.6927254186973824,0,core
-0.453917047475548,0.5808998843708884,0,core
0.05762578018756148,-1.4209783477991587,0,core
-0.8018277654801952,2.8870901740587454,0,core
-0.3269760764583954,0.022760536209023276,0,core
-0.5746966870113956,0.530146621202451,0,core
-0.29732883586824604,0.37345089449609264,0,core
-0.26786005129602775,-0.30229493311776306,0,core
5.846338058849336,2.8940746903634373,1,core
4.861746406703404,2.435107770275591,1,core
-0.2238540198283478,-0.4492947339881764,0,core
-0.6153508047452947,0.8962600381182675,0,core
-0.5483990076006086,1.200179890172068,0,core
0.03802738582080146,-1.0254825892218447,0,core
-0.236652724237537,-0.6025241562407191,0,core
-0.5614714407567849,1.5042566029663884,0,core
-0.3543824934991312,0.47472206870102057,0,core
-0.26186726630399937,-0.4351857857329042,0,core
-0.704502825176585,0.9624899966035667,0,core
-2.295293111983149,7.110347969145376,-1,noise
-0.44167339945712436,0.6093049764451639,0,core
-0.1409059598696988,-0.7245537880574022,0,core
-0.22256943727468959,-0.2671074432404369,0,core
-0.43306270650607465,0.4907274058328573,0,core
-0.54282716652052,0.9073300440582552,0,core
-1.0811999690914567,2.359897728718104,0,core
-0.0008317432401479478,-1.0199352368001824,0,core
-0.14518522699543823,-0.8359642656496891,0,core
-0.6365254858184638,1.2586057258093915,0,core
-0.4842575284436485,0.8589748899281981,0,core
-0.12048672663977893,-0.8280074197410734,0,core
-0.7452115555667911,0.7486669311401697,0,core
-0.05559853712473429,-1.2845233407874659,0,core
-0.7159009148003599,1.410425655262282,0,core
-0.19360071184898897,-0.4628281622748078,0,core
-0.2163057786125475,-0.6702386132269802,0,core
-0.3906425041506373,0.6251905469029666,0,core
-0.3071137125721173,-0.16466720881743813,0,core
-0.38006305269180507,0.3616621510440174,0,core
-0.11989006416101099,-1.2071426366249862,0,core
-0.79276976984297,1.8024584451207866,0,core
0.042741825626861116,-1.1018048773028222,0,core
-0.16952976858504662,0.16506273779660804,0,core
-0.7629182372630053,1.704512528399358,0,core
-0.4311639219635449,0.4753519734208,0,core
-0.7727450053367675,1.6991763184000777,0,core
-0.2925498704205812,-0.3830925487984769,0,core
-0.16335015191298546,-1.2708206928316899,0,core
-0.2210627865405574,0.4721103783613176,0,core
-0.31406897816288576,0.3208041917830876,0,core
-0.2796142358771165,-0.21473226424830974,0,core
-1.3216306709958585,3.18753838545663,0,core
0.04915540224662093,-1.144745337667188,0,core
-0.25983650564767685,0.19409355484516833,0,core
0.15930720044663757,-1.285084763605148,0,core
0.010965405061035995,-1.2338725932867978,0,core
-0.20980127177305521,-0.16207874664691826,0,core
-0.20349591155211047,-0.6239051483036919,0,core
0.1283271744209481,-1.5918649771920876,0,core
-0.09190494788371992,-0.41938233340343617,0,core
6.6124241534881865,0.9622250097177967,1,core
0.043792781660051024,-1.6649381861295187,0,core
-0.0798674930902315,-0.4945646031780292,0,core
-0.3110680006557922,0.01164368758046598,0,core
-0.6525867106477091,1.05177462253594,0,core
-0.42108414597549615,0.05582178657820901,0,core
0.0875496866592954,-1.3643073219705057,0,core
0.13466658284947167,-1.2947796371017761,0,core
-0.6557089630953498,1.227220188484078,0,core
-0.14849389270265193,-0.7050751355278779,0,core
-0.05938373161070664,-0.4820431904992422,0,core
-0.054896771374925164,-0.7380335739478259,0,core
-0.442977629297362,-0.49057388851258465,0,core
-0.6000760891731084,0.46981187315829415,0,core
-0.6033557671815816,1.0543958849712192,0,core
-0.7736666381583777,1.8508143620164372,0,core
-0.4986079394246789,0.753815585538671,0,core
-0.47569137640198517,-0.1169689076540423,0,core
-0.17382443613882,-0.9120744353334531,0,core
-0.11221373232861755,-0.27307496580903035,0,core
-0.20997306099482194,0.036846307792064145,0,core
-0.30500512522509765,0.2809579297380035,0,core
5.392153952459955,0.554830161799369,-1,noise
-1.1651203931059506,3.1361952121368253,0,core
-0.5238086893797785,1.1807875529876504,0,core
-0.4918376872256868,0.6050251813872527,0,core
-0.36086595326780196,-0.15190279035635668,0,core
-0.02114690729405968,-0.5526721905789613,0,core
-0.008644332338555142,-0.7986315313839552,0,core
-0.691534830062313,1.1152268471002627,0,core
-1.16656592634383,2.6185703657378667,0,core
-0.25747790548261573,-0.12816226660168908,0,core
4.117995218325367,1.0476480411530933,1,core
-0.6413231229960253,1.439500679478343,0,core
4.422457516617718,0.2953576735222109,1,core
-0.5553916849644326,1.9745578724000863,0,core
-0.789479617242523,1.0868925205221232,0,core
-0.576203686759554,-0.3678194804424084,0,core
0.13934600423107057,-1.1625470042801156,0,core
-0.5102434828654708,0.18050278291723038,0,core
-0.06855706799569566,-0.7349148676356876,0,core
-0.24816361830806785,0.01728244130871677,0,core
-0.13557294802271205,-0.9087394193135239,0,core
-0.40642356628544113,0.7829243555283583,0,core
-0.6622639998380494,1.1295777768347535,0,core
-0.3835585443799943,-0.18890404972489408,0,core
-0.7687209426220095,2.0430750295911495,0,core
-1.0929449290701292,2.570647321845857,0,core
-0.19677925044115116,-0.34058592556066103,0,core
-0.2837867726486396,-0.03353800201620172,0,core
-0.25128742925613845,-0.8449926532149585,0,core
-0.4975689989331015,0.4117778196587227,0,core
-0.27666852014425963,-1.0585324157833331,0,core
-0.7288171772179327,1.6782109082008523,0,core
-0.37482498063265934,-0.022767561102418024,0,core
-0.526137973417776,0.6571337362803378,0,core
-0.22125699178285907,-0.14383971660901557,0,core
-0.08730590106341629,-0.6909087183915898,0,core
-0.39858539005292776,-0.2445990920839467,0,core
-0.6429803152621705,1.5281356573833784,0,core
-0.07645450127375701,-0.9898890738687767,0,core
-0.1595705819946671,-0.7343708479154516,0,core
-0.47562584527438934,1.3355069722352821,0,core
-0.5610239524829842,1.15048423282547,0,core
-0.5156483193595651,0.5827650749089814,0,core
-0.151761158735314,-1.0378030617550797,0,core
-0.2918351586311676,0.47547645869453764,0,core
-0.0546966201638809,-1.1252130602525365,0,core
-0.17530426859494042,-0.7745203321170919,0,core
3.506775566869567,2.3477282360795604,-1,noise
-0.4304776831533742,0.5933649184106895,0,core
-0.33306462811465415,-0.9503156747158095,0,core
-0.25844025949111205,-0.15539288981954438,0,core
-0.17353749893603596,-0.33955168228254445,0,core
-0.7020882625567197,1.7474355095358487,0,core
-0.2962267232949362,0.22560011893961052,0,core
-0.6974039166192304,1.723941168437337,0,core
0.0704543163544026,-2.616353722178893,0,core
-0.15334510715627553,-0.3028738171723139,0,core
-0.3697377973019052,-0.4999589101034986,0,core
-0.5630833854692355,0.4171123750434146,0,core
0.11198086258803785,-2.1280515417722174,0,core
-0.3060229813590851,0.19462359099765078,0,core
0.024502171969398502,-0.7193747422132586,0,core
-0.2013856047740708,0.44127629324061346,0,core
-0.6688989252815764,1.8499519594408687,0,core
-0.19155829439177507,-0.3702557940049623,0,core
-0.534583022976349,0.9076516426710255,0,core
-1.0780356990654076,3.135494956266642,0,core
