PC1,PC2,cluster,distance_score,distance_anomaly,small_cluster_anomaly,hierarchical_anomaly_score
0.05151708384727501,-1.4246822809093909,2,0.09589436398789669,0,0,0.05753661839273801
0.3075609668689172,-1.969267206436855,2,0.08950224132103661,0,0,0.053701344792621966
-0.6200703019535739,0.6938267412826675,0,0.08911484379181271,0,0,0.05346890627508762
-0.3683058000282565,-0.23524362279435385,0,0.14809244455807064,0,0,0.08885546673484238
-0.16919482210574513,-0.4086605570107966,2,0.12748068067990287,0,0,0.07648840840794172
-0.45929740096745475,1.1440315628543,0,0.10579423810878281,0,0,0.06347654286526969
0.24674894921588403,-1.8708488128057563,2,0.17930082308606304,0,0,0.10758049385163783
0.049369338698962165,-0.7622248625681607,2,0.17362244073409894,0,0,0.10417346444045936
0.14868738904470633,-1.457944666804809,2,0.12457042139985106,0,0,0.07474225283991064
-0.6666706609779535,1.1326028209849437,2,0.14526940903184005,0,0,0.08716164541910403
-0.04718335277813697,-1.3524895916286932,2,0.1750969005157232,0,0,0.1050581403094339
-0.45200343873857374,1.0225960266804248,0,0.10516279287901224,0,0,0.06309767572740735
-0.6256707551268337,1.0711555821098455,0,0.07242071502270034,0,0,0.0434524290136202
-1.8783656352542868,5.600153102506939,0,0.4649338676359288,0,0,0.2789603205815573
-0.7128268523997177,1.5412076422614593,0,0.11401497467454404,0,0,0.06840898480472642
-0.4186725710007432,-0.08861642669478398,2,0.14496008146300923,0,0,0.08697604887780554
-0.8180343484906893,1.7165991691155877,0,0.0820970270366254,0,0,0.04925821622197524
-0.2372710437745811,-0.14179879241000518,2,0.1501379771494505,0,0,0.0900827862896703
0.03550734679536717,-1.5578008360136517,2,0.18430518370224672,0,0,0.11058311022134802
-0.3354287924440218,0.11228835184067143,0,0.10797324824949071,0,0,0.06478394894969443
0.14954183575837263,-1.4221680889608688,2,0.16661393083700834,0,0,0.09996835850220501
-0.12422733379050725,-0.9989766440092991,2,0.1055856757453115,0,0,0.0633514054471869
-0.03189413447773139,-0.7513782162483258,2,0.20748745386826747,0,0,0.12449247232096047
4.925118496521135,2.9214428308407445,1,0.1490093752965519,0,1,0.4894056251779312
-0.47792870593857095,0.7847507136344842,0,0.18114445890088243,0,0,0.10868667534052946
0.08075301936605073,-1.0463455349732336,2,0.1566759569954495,0,0,0.0940055741972697
7.097679267784898,3.369004443208585,1,0.16234768952461068,0,1,0.4974086137147664
-0.21693343586108027,-0.23087848143855655,0,0.11151974913573243,0,0,0.06691184948143945
-0.23912642333740444,0.05258925771850732,0,0.14450123189445746,0,0,0.08670073913667448
-0.27684007966132873,0.38376753437888683,0,0.164295534887684,0,0,0.0985773209326104
-0.003340868721611488,-1.5210453616634725,2,0.12342074900423147,0,0,0.07405244940253888
0.03550462650726374,-0.7734620774919563,2,0.15854353668317098,0,0,0.09512612200990259
5.4100611420634195,0.21337239683401654,1,0.07976769316576149,0,1,0.4478606158994569
-1.286690660419693,4.025352203365882,0,0.23622767558578306,0,0,0.14173660535146984
0.059841485646961935,-1.956176238696224,2,0.1500185891091142,0,0,0.09001115346546852
-0.16097880114090712,-0.7281962703903673,2,0.14642336386310353,0,0,0.08785401831786212
-0.534831709507012,0.32223850114335745,0,0.12379963325166915,0,0,0.07427977995100149
-0.09736224650423951,-0.47209673386183537,2,0.19050208460657897,0,0,0.11430125076394737
4.095735777724482,0.38261908468990424,1,0.18233529001816123,0,1,0.5094011740108968
-0.26710016328734354,0.26609058080078657,2,0.1989241889644528,0,0,0.11935451337867167
-0.07935515505969847,-1.1531816975906097,2,0.13666329843461533,0,0,0.0819979790607692
0.18300166270284005,-1.2847599738288615,2,0.23132301694689553,0,0,0.1387938101681373
0.2662456525457604,-1.715815528427949,2,0.11819189953404721,0,0,0.07091513972042833
-0.5846260565593326,0.7786994444005011,0,0.21983400699263053,0,0,0.1319004041955783
-0.8154287138794337,0.9623875705356197,0,0.12232615745160477,0,0,0.07339569447096286
-0.062490929772413044,-1.0557906708792932,2,0.07908247810912362,0,0,0.04744948686547417
-0.658436141353458,0.4198514742176085,0,0.12369402678630319,0,0,0.07421641607178191
-0.839976169152765,2.112248648186514,0,0.12569567425702063,0,0,0.07541740455421238
-1.2349661857621592,3.6410935325529046,0,0.2514520255457911,0,0,0.15087121532747466
-0.2150483936469648,-0.14017833738128332,0,0.09998710593846985,0,0,0.059992263563081905
-0.10292923601636911,-0.7986366867471284,2,0.1330197284361615,0,0,0.0798118370616969
-0.07785214457267575,-0.38803979897322494,2,0.14948702774349878,0,0,0.08969221664609926
0.4562519972972686,-2.6872564938214505,2,0.14869536107209252,0,0,0.0892172166432555
-0.5279200134041472,0.7044984871938553,0,0.04425780717319239,0,0,0.026554684303915433
0.051787429746588315,-1.1341730837140218,2,0.11693953523460188,0,0,0.07016372114076112
-0.6150791595120678,0.975761349996912,0,0.020370102104586715,0,0,0.01222206126275203
-0.1703281971302778,-1.0504218090344026,2,0.14460768405533075,0,0,0.08676461043319846
-0.09160974049063288,-0.747633535562098,2,0.189121881695826,0,0,0.1134731290174956
-0.27553313145939906,-0.6336226767000603,0,0.10089718262770243,0,0,0.06053830957662146
-0.6120179075415407,0.8491652390317452,0,0.1290590981652623,0,0,0.07743545889915737
-0.22192012517999019,-0.1544538548436172,2,0.11935188538997442,0,0,0.07161113123398465
4.338779095847039,-0.1079864078302214,1,0.17609778995815667,0,1,0.5056586739748941
-0.19260843423041332,-0.6449777625571247,2,0.155457162312694,0,0,0.09327429738761639
-0.08033415733047339,-0.8856229946402947,2,0.16706564958075587,0,0,0.10023938974845352
0.3269352833519557,-1.9278534692048113,2,0.15709496142928886,0,0,0.09425697685757331
-0.2951371776547979,0.12610372612411008,0,0.09110220514694836,0,0,0.05466132308816902
-0.16088810644551838,-0.6058318288606881,2,0.11963586948321402,0,0,0.07178152168992841
-0.7500647824603212,1.4206165782655726,2,0.2731907594997042,0,0,0.16391445569982252
-0.07550386114010268,-1.0330086950042954,2,0.13293585214832981,0,0,0.07976151128899789
-0.46490240208148714,0.1943113662555017,0,0.08589521914617426,0,0,0.05153713148770456
-0.10692203325443159,-0.4801780826895843,2,0.09670305471846122,0,0,0.05802183283107673
-0.20717182798100342,-0.6092132970753925,2,0.15015911218235217,0,0,0.0900954673094113
-0.100510765486868,-1.4038851071187723,2,0.1276750758871526,0,0,0.07660504553229155
-0.3123463758286306,0.1981943147942507,2,0.20423398157083442,0,0,0.12254038894250065
-1.495527980927529,4.071612068762585,0,0.2702441393033027,0,0,0.1621464835819816
-0.2632783752781342,-0.7100248004015834,2,0.14648537107862528,0,0,0.08789122264717517
-0.5962530092735356,0.9442401939616019,0,0.04731640845993239,0,0,0.02838984507595943
0.2655389508208415,-1.9365809828371618,2,0.15795652883476116,0,0,0.0947739173008567
-0.5172895087400301,0.9452326807891851,0,0.13584986138117297,0,0,0.08150991682870377
0.05714614894407632,-1.147519485870619,2,0.09362580189560851,0,0,0.056175481137365105
-0.37817390103621135,0.19483398339153135,2,0.1477983073236217,0,0,0.08867898439417302
-0.13217409163272448,-1.0142262246947402,2,0.07190922843741919,0,0,0.043145537062451514
-0.2602975378890293,-0.17316858583491468,2,0.1607746221171182,0,0,0.09646477327027092
-0.08040240091097137,-0.9404720160484095,2,0.08235030087885363,0,0,0.04941018052731218
-0.35705110134124934,0.2984489013686787,0,0.0409581753250211,0,0,0.02457490519501266
-0.35387057354051316,-0.032717378322937744,0,0.25133938542163337,0,0,0.15080363125298002
0.16336591158210503,-1.902580608759499,2,0.08331772193430956,0,0,0.04999063316058573
-0.112502481336043,-0.9019797085436407,2,0.1373517749071541,0,0,0.08241106494429247
0.32479434688223774,-1.8379170537352563,2,0.12268332754477666,0,0,0.07360999652686599
-0.6985385850915511,1.4253842131006373,0,0.11942669000821197,0,0,0.07165601400492719
-0.4063134816995668,-0.35186046081066313,2,0.1562595890717094,0,0,0.09375575344302563
6.304744459073164,1.2622270506380555,1,0.08056881323093798,0,1,0.4483412879385628
-0.5526803205602188,1.3441344646709803,0,0.06595745228501199,0,0,0.03957447137100719
-0.5919167098916764,1.6665907237508577,0,0.19385244477898778,0,0,0.11631146686739266
-0.6279819496667677,1.5129608947916886,0,0.13192773091713136,0,0,0.07915663855027881
-0.10469609936284804,-0.631281648540245,2,0.04505319724900203,0,0,0.02703191834940122
-0.7247864573735112,1.4732901776737282,0,0.10477757622333067,0,0,0.0628665457339984
-0.36219691248818525,-0.37895441629716975,2,0.13461320111586897,0,0,0.08076792066952138
-0.12883730544194158,-0.7705903661502553,2,0.1558925932167503,0,0,0.09353555593005018
-0.13872079464805936,-0.9030416665607197,2,0.10440588906447373,0,0,0.06264353343868424
-0.2632464681718845,-0.19128453875338525,2,0.2019658902166313,0,0,0.12117953412997878
-0.1782028602689911,-0.5712524921473532,2,0.18650239356440904,0,0,0.11190143613864542
-0.12501390667886914,-0.4593753778993792,2,0.16430268376620968,0,0,0.09858161025972581
-0.07480877288171002,-0.4532769412834299,2,0.12554758964984045,0,0,0.07532855378990426
-0.049529613135425955,-0.45866276952973795,2,0.16367734112709184,0,0,0.0982064046762551
-0.11248561656697469,-1.0583226819520142,2,0.08208776229326951,0,0,0.049252657375961705
0.05097685741504162,-1.1368064573185572,2,0.12401528986141346,0,0,0.07440917391684806
-1.23108095171091,3.2174934238170008,0,0.19799846585246858,0,0,0.11879907951148114
-0.9408859586736966,2.3816397794609343,0,0.15018162672676585,0,0,0.09010897603605951
0.12754363121212509,-1.5453476957542502,2,0.06706655446746242,0,0,0.04023993268047745
-0.6532551773230951,0.8688853806020826,0,0.24084964895244954,0,0,0.14450978937146972
-0.5040194454620467,1.0319071575619694,0,0.059556871441913836,0,0,0.0357341228651483
-0.029520973535962912,-1.0030438334002607,2,0.1565227337888066,0,0,0.09391364027328396
0.14067105837136204,-1.550407176532586,2,0.23835451838714514,0,0,0.14301271103228708
-0.5082549717287084,0.9404341227196138,0,0.06944891829137935,0,0,0.04166935097482761
0.15855605368833453,-1.8669692620919063,2,0.09408137571138352,0,0,0.05644882542683011
0.20459427243507264,-2.0631652266762077,2,0.09111374137889691,0,0,0.05466824482733815
4.155576953793679,0.6056220122813987,1,0.190865724374871,0,1,0.5145194346249227
-0.22902415424020917,-0.11209552621231028,2,0.09643936238431772,0,0,0.057863617430590625
-0.07684494687925339,-0.4328284448196515,2,0.14788001241511478,0,0,0.08872800744906886
-0.10728962434861523,-1.0232594497609466,2,0.09403582430696485,0,0,0.0564214945841789
0.09160831165545037,-1.4618646152430361,2,0.12974348719740458,0,0,0.07784609231844275
-1.1261017021853517,3.2666320356791383,0,0.19842578013069145,0,0,0.11905546807841487
-0.30462659819869997,-0.33222154357285416,0,0.23187344879718055,0,0,0.13912406927830834
-0.12147592782610515,-1.6795598730822834,2,0.1713475133864205,0,0,0.1028085080318523
0.19410879184520408,-2.0257997071297664,2,0.250506348695822,0,0,0.1503038092174932
-0.3802470935429279,0.4031203044283343,0,0.12508136295531275,0,0,0.07504881777318764
-0.9225553751558095,2.307829078572744,0,0.1619930935859944,0,0,0.09719585615159664
-0.6136699245692281,0.7409418582126102,0,0.08670811761726888,0,0,0.05202487057036132
-0.3564159859499778,-0.05936680435865931,0,0.15482090017361955,0,0,0.09289254010417172
-0.16661533404736673,-0.4989407259609904,2,0.11405806827307596,0,0,0.06843484096384557
-0.018718089779352208,-1.4130274225838617,2,0.09022324269164385,0,0,0.05413394561498631
0.09652289103762511,-1.1879835845058924,2,0.15940027639985252,0,0,0.09564016583991151
-0.3366576974453614,0.8453156607927894,0,0.17175243118531705,0,0,0.10305145871119023
0.04640726489396524,-1.6470261941603621,2,0.1804045223017675,0,0,0.1082427133810605
0.1593516425704791,-2.062671004702244,2,0.16095785220637449,0,0,0.09657471132382468
-0.6970401121786033,1.532033537426588,0,0.08944212564336258,0,0,0.05366527538601755
-0.6977696588869716,1.394950910353795,0,0.11091128598764599,0,0,0.0665467715925876
-0.23083439894826757,-0.43856041710485405,2,0.13455686687492044,0,0,0.08073412012495226
-0.8030051465149507,1.9800263114761854,0,0.05058358362206893,0,0,0.030350150173241358
-0.1383318096273908,-0.2593695336156504,2,0.13484385914475516,0,0,0.08090631548685309
-0.5015725134814235,0.17956720317860025,0,0.24897456720545663,0,0,0.14938474032327398
-0.5857607147805786,1.5652710700540946,0,0.1868353948190109,0,0,0.11210123689140654
-0.22830640763681553,-0.45319942801674334,2,0.1438046759970343,0,0,0.08628280559822059
0.11078240731941764,-1.4521105034871011,2,0.0896855003400053,0,0,0.05381130020400318
-0.44136682523303933,0.8726778600245455,0,0.09921528189169504,0,0,0.05952916913501702
-0.4316880268316797,0.011189957050218483,0,0.3448284541467876,0,0,0.20689707248807254
6.975422708566426,3.7174019589598095,1,0.1731128612177855,0,1,0.5038677167306713
0.25267732291760603,-1.5123823160868581,2,0.14079078082453073,0,0,0.08447446849471843
-0.008698822715887287,-0.3802905943726442,2,0.16021368299025,0,0,0.09612820979414999
0.1853744003090046,-1.996269564924577,2,0.1365400143973334,0,0,0.08192400863840003
-0.47394156657347847,0.3695797663800877,2,0.27532001062328715,0,0,0.16519200637397227
-0.7105207463879386,1.4512811406717396,0,0.05187423508553842,0,0,0.031124541051323052
0.17580880139647787,-1.550356682223139,2,0.17024752012613276,0,0,0.10214851207567965
0.05137944342511216,-0.2782728217699759,2,0.15718095483703415,0,0,0.09430857290222049
0.05358262266135449,-1.0880271541863267,2,0.10183934907645724,0,0,0.06110360944587434
-0.486569979407988,0.6635557551216742,0,0.09291700305596047,0,0,0.055750201833576284
0.13767850066862955,-1.2868582586035728,2,0.1306502784939825,0,0,0.0783901670963895
-0.4781239589308032,0.8844202510906216,0,0.12282216858427251,0,0,0.07369330115056351
0.07349311096004657,-1.7219978299747842,2,0.13301606031957922,0,0,0.07980963619174752
0.06452834660698781,-1.6436644800829878,2,0.1389029358338995,0,0,0.0833417615003397
-0.031325167136556836,-0.012222912553630557,0,0.18177555441255386,0,0,0.1090653326475323
-0.1633805375134269,-0.17446712548890983,0,0.193840843312677,0,0,0.1163045059876062
0.08378763738635038,-1.9254957866530897,2,0.10716751556477318,0,0,0.0643005093388639
-0.2399064749085387,-0.5593278463496918,0,0.13950684523678325,0,0,0.08370410714206995
-0.9042881317943116,2.7682399148041443,0,0.1848025391512118,0,0,0.11088152349072708
0.11909259977979612,-1.533291209286785,2,0.1632568341344554,0,0,0.09795410048067324
3.966618197646316,1.7061615911563408,1,0.1383504643543004,0,1,0.4830102786125803
-0.4475207568648457,0.4033146080687161,2,0.21305034829571556,0,0,0.12783020897742933
-0.5654441398274708,0.939889913020721,0,0.11956365908279852,0,0,0.0717381954496791
-0.43734209824033593,0.0865602836426955,2,0.19811354708281492,0,0,0.11886812824968895
0.033716975582437844,-1.073942765251255,2,0.11461711039510467,0,0,0.0687702662370628
0.056392924042335035,-1.5160027665309366,2,0.11625049182120618,0,0,0.06975029509272371
-0.6472252947378478,1.1732961142818994,0,0.059689098130589195,0,0,0.035813458878353514
-0.5739979223250048,0.7413891395338539,0,0.08880037275650746,0,0,0.053280223653904474
-0.6262728019445641,0.7587200806960461,2,0.2508446838690429,0,0,0.15050681032142574
-0.9649962382839524,2.075234276151616,0,0.29200432003021703,0,0,0.1752025920181302
-0.9572143391580125,2.3425732838157995,0,0.1346516349622294,0,0,0.08079098097733764
-0.23246504452653402,-0.7814891637744754,2,0.13784290881943279,0,0,0.08270574529165967
-0.29671999683199163,-0.36190623993658155,2,0.1402755951219229,0,0,0.08416535707315373
0.05320177836653774,-0.9421107603425767,2,0.19313896604800768,0,0,0.1158833796288046
0.0046839263765405155,-1.5528153282368988,2,0.16780573687813985,0,0,0.1006834421268839
0.012014014023290519,-1.4858718124355021,2,0.1553541714047656,0,0,0.09321250284285935
-0.5203913059453129,0.7422364814974514,0,0.1889240904672699,0,0,0.11335445428036194
0.15961853026359626,-1.4383153524903096,2,0.24094285362361825,0,0,0.14456571217417094
-0.23436289290303897,-0.8048402188258266,0,0.20750990584852552,0,0,0.12450594350911531
-0.15541717515859413,-0.7314321172031901,2,0.18687848165284643,0,0,0.11212708899170785
-0.3749026102912741,0.3326955148793934,2,0.1428925643960623,0,0,0.08573553863763737
0.01173295101126102,-0.6635240537764366,2,0.1513497338176954,0,0,0.09080984029061724
0.02298932170702691,-0.5449800147158133,2,0.21298757878456165,0,0,0.127792547270737
-0.27311474981972533,0.05132181700223119,0,0.32564143970691395,0,0,0.19538486382414835
0.09371522971123483,-1.314977896432075,2,0.14853041982678017,0,0,0.0891182518960681
-0.17055355565913258,-0.756912027388353,2,0.1194988341408458,0,0,0.07169930048450748
-0.8261119879297895,1.7526030894868279,0,0.1431678817904018,0,0,0.08590072907424108
-0.11158823238698252,-0.5362600883735853,2,0.056848895136310106,0,0,0.03410933708178606
0.18701371744830456,-1.1260894949564244,2,0.17873821485102484,0,0,0.1072429289106149
0.16716760179625686,-1.4305875066335731,2,0.08868230684548022,0,0,0.05320938410728813
0.03620007115243171,-0.8485605103617462,2,0.15576217105732673,0,0,0.09345730263439604
-0.02775474619494514,-1.5445552951679125,2,0.0949241498044046,0,0,0.056954489882642755
0.030302773905421264,-0.4702093874055508,2,0.15094365853630967,0,0,0.0905661951217858
-0.6308111580069922,1.2020515885499676,0,0.12134904213669236,0,0,0.07280942528201541
-0.09984224836419923,-0.5946687134343875,2,0.1129703308213104,0,0,0.06778219849278624
0.0024070450971907954,-0.9969267285277927,2,0.08365705483744725,0,0,0.05019423290246835
0.056825014288400796,-1.0952568729289696,2,0.09316511519541443,0,0,0.05589906911724866
0.08689016917490784,-1.3340877212753497,2,0.03332006333591899,0,0,0.019992038001551395
-0.20197643233803622,-0.3594954903782307,2,0.12549769246727904,0,0,0.07529861548036743
-0.21845465741512204,-0.12175097592767277,0,0.13839526741230665,0,0,0.08303716044738399
-0.11137693284326915,-0.22310855213601086,2,0.10300004439806494,0,0,0.06180002663883896
0.03042097588138884,-0.5984993530586904,2,0.1091086583790731,0,0,0.06546519502744386
-0.035423811793480635,-0.8910938875514371,2,0.08302008593846309,0,0,0.04981205156307785
0.24119658037228708,-2.136471370294494,2,0.18982050173890427,0,0,0.11389230104334255
-0.08083727258805433,-1.1838962461166762,2,0.15101095279349502,0,0,0.09060657167609701
-0.4380300855267057,0.318499944577087,2,0.16563490079395274,0,0,0.09938094047637164
-0.06157531117547794,-1.0655072980245135,2,0.10429467143923993,0,0,0.06257680286354396
0.012196839607693672,-0.625738404527687,2,0.08524719621771822,0,0,0.05114831773063093
-0.5624089470055316,0.4852518397269537,2,0.2594126767782537,0,0,0.15564760606695222
0.24925954390788005,-1.764025244458576,2,0.11630973791441933,0,0,0.0697858427486516
0.05437598850216321,-1.0440796037658104,2,0.05805581723171059,0,0,0.03483349033902635
-0.5087522652544254,0.7319074263053298,2,0.15113457120735765,0,0,0.09068074272441459
0.17377297849796602,-1.1877122433975231,2,0.14038820832334722,0,0,0.08423292499400833
-0.17820942496542663,-0.9353266674874228,2,0.1983652535523345,0,0,0.1190191521314007
-0.22269970924602533,-1.0943202193498582,2,0.1860389061362396,0,0,0.11162334368174376
-0.16649213423406356,-0.7702094160647228,2,0.08687849373082344,0,0,0.05212709623849406
-0.38660305437950526,-0.39098167903921255,2,0.15916280458007376,0,0,0.09549768274804425
-0.8313287502995627,2.2782085838263217,0,0.30781215712554777,0,0,0.18468729427532865
-0.25270099156790615,-0.3338395181176696,2,0.12893892467971843,0,0,0.07736335480783106
0.08699849252206636,-1.2568141849510197,2,0.1759003047848376,0,0,0.10554018287090255
-0.8901510207654902,2.3927022121743073,0,0.15282179148606295,0,0,0.09169307489163776
-0.30079735195272495,-0.3385424826529811,0,0.13967272548919057,0,0,0.08380363529351434
-1.243985025312088,3.273878253624692,0,0.2225165391323342,0,0,0.13350992347940052
0.07137317021154868,-1.0759560970040118,0,0.18012035189152437,0,0,0.10807221113491462
5.380290548257977,0.3798183183622115,1,0.1812191209563779,0,1,0.5087314725738268
-0.34114045252399,-0.4011424812240805,2,0.15497632887629947,0,0,0.09298579732577968
0.42279364714111706,-1.6657701787044346,2,0.21540700602182228,0,0,0.12924420361309336
0.18586928881117493,-1.6236769810789706,2,0.18540423323354532,0,0,0.11124253994012719
0.046680550899667196,-1.2945153018561415,2,0.04865610272418564,0,0,0.029193661634511384
-0.5019612637047268,0.5167122188968576,2,0.15422000291056165,0,0,0.09253200174633698
-0.5129668428028992,0.7907725343287715,2,0.19295850841334086,0,0,0.1157751050480045
0.0003797103197449442,-0.2654771555798595,2,0.15367807889966734,0,0,0.0922068473398004
-0.1083890010539512,-0.5797643785651767,0,0.11909224589200862,0,0,0.07145534753520517
0.0528156220954169,-1.4002453858305866,2,0.15762558680377536,0,0,0.09457535208226521
-0.7320418698558271,1.462644360189588,0,0.17496703901036803,0,0,0.10498022340622082
-0.5679180734351179,1.296741962370271,2,0.2277751242598825,0,0,0.1366650745559295
0.20222308948242565,-1.1153619939161519,2,0.12444517729495867,0,0,0.0746671063769752
-0.21356152007254894,-0.5298643965855869,2,0.18575441145045704,0,0,0.11145264687027422
0.21578825403752394,-1.811092863708713,2,0.12661609509069752,0,0,0.07596965705441851
-0.1127208032942192,-0.44553777448158244,2,0.17609306041345366,0,0,0.10565583624807219
-0.7737342705893004,1.7832916887824755,0,0.0827239419971479,0,0,0.04963436519828874
-0.9553768166079807,2.035023781019266,0,0.21698236449433808,0,0,0.13018941869660283
-0.04441541114628222,-0.3413063454694652,2,0.10298756549504033,0,0,0.0617925392970242
-0.33932127221510344,-0.221674183889386,2,0.16027065755622835,0,0,0.09616239453373701
-0.1989199086755244,-0.24845335001926,2,0.11412923336979318,0,0,0.06847754002187591
-0.11189352117146832,-0.6841382510002814,2,0.10182378723658783,0,0,0.06109427234195269
-0.6944079738962695,1.4123629098031587,0,0.12406686680148758,0,0,0.07444012008089254
-0.7061179362315223,1.4486746457727158,0,0.11077632555819367,0,0,0.0664657953349162
-0.07367656548885267,-0.6243460112910966,2,0.03562816849289665,0,0,0.021376901095737987
-0.3541296043425134,-0.5075081690473806,2,0.1387219902186067,0,0,0.08323319413116402
-0.8704725935296035,2.049239286445863,0,0.0854507467911513,0,0,0.051270448074690785
0.11936768289255587,-1.1784789489115506,2,0.17407916862805595,0,0,0.10444750117683356
-0.7747150323984959,0.9391910640939372,0,0.2055555063072946,0,0,0.12333330378437676
-0.5060418420264189,0.7759026944344469,0,0.03695199349568297,0,0,0.022171196097409782
0.098051728751349,-1.161098309513282,2,0.12215577626166563,0,0,0.07329346575699937
-0.489174009717879,0.7272483253360869,0,0.09107428566925287,0,0,0.05464457140155172
-0.07081091517981744,-1.60768636979173,2,0.13424391342875167,0,0,0.080546348057251
-0.18524123095229655,-0.3584507246518422,2,0.11377987405601779,0,0,0.06826792443361067
0.13237113435343847,-0.9977184947114344,2,0.1220613787564126,0,0,0.07323682725384756
6.781512816935273,0.17950176500686374,1,0.12638235978019866,0,1,0.4758294158681192
-0.13225117802782876,-0.876220521358527,0,0.1642577166018423,0,0,0.09855462996110538
-0.2965265248803352,-0.4742043906121568,0,0.16318888083510188,0,0,0.09791332850106113
0.1763502872017749,-1.8076082831148854,2,0.1217065861813151,0,0,0.07302395170878906
-0.10876646194989284,-1.0547218437664132,2,0.07512278156254613,0,0,0.04507366893752768
-0.03077090403407414,-0.8459636880274393,2,0.1067638666093904,0,0,0.06405831996563424
-0.44315732231752025,0.7183277560617751,0,0.16032016204906138,0,0,0.09619209722943682
-0.2628177969138387,-0.30252327194439094,2,0.16927674289475209,0,0,0.10156604573685125
6.168693458601624,6.452750262832864,1,0.4967414905308725,0,1,0.6980448943185236
-0.28775989971971716,-0.6180717948692085,2,0.09035163824129777,0,0,0.05421098294477866
-0.023339610767455943,-1.0977629189868405,2,0.11162811160329436,0,0,0.06697686696197662
-0.056374406940405276,-0.9207406816561055,2,0.10462534870130322,0,0,0.06277520922078193
-0.03808930735032259,-1.3409355176893667,2,0.1251868296140223,0,0,0.07511209776841338
-0.35677019820764627,-0.5518605505624605,2,0.11246823652021788,0,0,0.06748094191213072
-0.15404579380036537,-0.6245209243302536,2,0.058100118357583976,0,0,0.03486007101455038
-0.2868316202972391,0.2920869855061086,0,0.23049921735805393,0,0,0.13829953041483234
-0.6305605273407209,0.9436117180395012,0,0.12161149242012516,0,0,0.07296689545207509
4.383576396194714,-0.09537894035969437,1,0.1524023112296543,0,1,0.4914413867377926
0.28383278059365985,-2.2252142429227884,2,0.1341069202163474,0,0,0.08046415212980844
0.09972823561726454,-1.6528422802023066,2,0.11503669649653302,0,0,0.06902201789791981
0.12591400829150087,-0.7716341759537548,2,0.14753792590276046,0,0,0.08852275554165627
0.03997293786146628,-1.2360985910876559,2,0.06709286648894902,0,0,0.04025571989336941
-0.679631667386814,1.697676601705806,2,0.15963873392409988,0,0,0.09578324035445993
-0.5852446849826916,0.8350433498464185,0,0.14950333615032413,0,0,0.08970200169019447
-0.5568541727916761,1.0006268089751353,0,0.0836235887502482,0,0,0.050174153250148915
-1.377156252201901,4.1978152150903965,0,0.2515791177641736,0,0,0.15094747065850414
-0.3007746537103171,-0.3782630915580807,2,0.059733433408209746,0,0,0.03584006004492585
-0.1789763901333092,-1.2712706477512883,2,0.13150403705321,0,0,0.078902422231926
-0.38463216928126154,0.36135314162227206,0,0.1444288022116576,0,0,0.08665728132699456
-0.0049657414637250385,-0.6878198313151638,2,0.1118031767575082,0,0,0.06708190605450491
-0.47199246622735447,0.3209932127454733,0,0.07932775585527745,0,0,0.04759665351316646
0.03235300609067161,-1.0473908948121804,2,0.13104772355572133,0,0,0.0786286341334328
-0.7256199652614603,1.6904442511381907,0,0.09587099825636988,0,0,0.057522598953821925
-0.11234848586578212,-1.1450388742640434,2,0.1332773639892903,0,0,0.07996641839357417
0.16671226842645984,-0.8831445192548864,2,0.17438604504781652,0,0,0.1046316270286899
-0.12161214306692043,-0.3210281083527549,0,0.14771705368512436,0,0,0.08863023221107462
-0.3641119727403514,0.3992838891413944,0,0.10016903672583538,0,0,0.06010142203550123
0.10770547095506658,-1.5224686421329825,2,0.12700572889922457,0,0,0.07620343733953473
-0.417068423351542,0.5586011740437897,0,0.10263440813565859,0,0,0.061580644881395155
-0.09082806159426408,-0.7689752244316985,2,0.09769826107949532,0,0,0.05861895664769719
-0.06420818597861218,-1.0249077926414405,2,0.13919066179305487,0,0,0.08351439707583291
-0.24554488012995937,-0.31923600076347125,2,0.1548357320711649,0,0,0.09290143924269895
-0.19589190867456274,-0.0035058342722221088,2,0.12850643852307495,0,0,0.07710386311384497
0.08968691092695999,-1.7046810045997476,2,0.1383151164229159,0,0,0.08298906985374954
-0.05228338384479458,-0.6956826977916337,2,0.10744987463528796,0,0,0.06446992478117278
-2.249694644306325,7.096015619465811,0,0.6076495421500712,0,0,0.3645897252900427
0.19617054392629826,-1.7485906671975853,2,0.18443071730596533,0,0,0.1106584303835792
-0.7715033624750419,1.4141179709107292,0,0.1532199878993621,0,0,0.09193199273961725
0.06487614826959442,-0.7182175081600266,2,0.15581393678908267,0,0,0.0934883620734496
-0.8803813725680787,2.1029433929929837,0,0.10511133125165686,0,0,0.06306679875099412
-0.04225645311779054,-1.0923973234406947,2,0.10406600764912984,0,0,0.0624396045894779
-1.1705165400498092,2.687515998135991,0,0.14551832280451812,0,0,0.08731099368271088
-0.18401945010472304,-0.860779239700987,0,0.1325436720879965,0,0,0.0795262032527979
-0.007039735816509676,-1.3813513256914216,2,0.14928477236607207,0,0,0.08957086341964324
-0.5603170211744407,0.9068673524801347,0,0.1159493010994338,0,0,0.06956958065966028
-0.04292214809116311,-0.6103063082226325,2,0.11798554531576712,0,0,0.07079132718946027
0.012087327879574025,-0.8757689806346951,2,0.11132371020008403,0,0,0.06679422612005041
-0.044603715904238284,-0.08735132737682638,2,0.1565595866868245,0,0,0.09393575201209468
-0.2657254274007428,-0.6082869265530166,0,0.11665615349086621,0,0,0.06999369209451972
-0.06921434564509979,-0.585719113111075,0,0.18864285794474114,0,0,0.11318571476684468
-0.03342010386765561,-1.049763916115983,2,0.206969440726744,0,0,0.12418166443604639
-0.2567744438556371,0.2512435374299945,0,0.169911757342698,0,0,0.1019470544056188
0.10100957983329661,-1.4959872453799858,2,0.06321782388483005,0,0,0.037930694330898025
-0.027356214203803582,-0.8501518077188677,2,0.07240328284888856,0,0,0.04344196970933313
-0.6091326604550368,1.0231924972848332,0,0.08417446695349531,0,0,0.05050468017209719
-0.127237512288712,0.025504330212709196,2,0.16270153892748862,0,0,0.09762092335649317
-0.4109268518664463,-0.04635333916743349,2,0.13071014696053979,0,0,0.07842608817632386
-0.20447916301834135,-0.6954697796880505,0,0.1479644018638741,0,0,0.08877864111832447
-0.6721334373936436,1.6022160876887879,0,0.11122436386736687,0,0,0.06673461832042012
-0.3169624620933652,-0.44556645646966003,0,0.11813170972966035,0,0,0.0708790258377962
0.05961593317135113,-0.8958081515488094,2,0.0997381899310198,0,0,0.059842913958611875
-0.04964577712446202,-1.473103642602538,2,0.18261299299639608,0,0,0.10956779579783764
-0.34142275055552906,0.6646346583740739,0,0.2070402610600082,0,0,0.12422415663600492
0.24834252285770375,-1.9623682413239358,2,0.1373373602035083,0,0,0.08240241612210499
-0.7506625518107639,2.1775741362951613,0,0.34156780005173093,0,0,0.20494068003103855
0.3951665484952642,-2.2960524921975787,2,0.1804174480498769,0,0,0.10825046882992613
-0.2679982571631639,0.12302045326729719,0,0.168585749445962,0,0,0.10115144966757719
-0.3998631808825656,0.13408461034169136,2,0.11572747763172607,0,0,0.06943648657903564
-0.6696410816811023,1.4697585874667054,0,0.1583254715934441,0,0,0.09499528295606645
0.028893359926545292,-1.0466050261309496,2,0.14467090603751148,0,0,0.08680254362250689
0.0016760843462212648,-0.8759737716867955,2,0.1270441158501352,0,0,0.07622646951008112
-0.6023081234236471,0.7823532266215649,0,0.1065756203102678,0,0,0.06394537218616067
0.06772938936295031,-1.4353533177824542,2,0.1675743495227559,0,0,0.10054460971365355
0.16662805291767804,-1.1354745444083603,2,0.07642409908176785,0,0,0.04585445944906071
-0.12809809310184436,-0.34373725081880135,2,0.11164768936479544,0,0,0.06698861361887726
0.020552504341671753,-1.5193436929690296,2,0.10143950892927049,0,0,0.06086370535756229
-0.6388107175890461,0.5636351566555509,0,0.11795446703245843,0,0,0.07077268021947505
0.047957132607257376,-0.9692798790724761,0,0.18042738447310486,0,0,0.10825643068386291
-0.33894045757634866,0.2150315216907354,0,0.1491195450266091,0,0,0.08947172701596545
-0.49549512583710914,0.42695798720650213,2,0.06227228029321299,0,0,0.037363368175927794
5.5575187522059375,-0.06067029975045539,1,0.11065695046488051,0,1,0.4663941702789283
-0.6961383584331229,1.0174868607951164,0,0.12506030611845925,0,0,0.07503618367107555
0.30067605838309086,-1.9590923818408785,2,0.12445028398794984,0,0,0.07467017039276991
-0.9000707728843805,2.3612610828636735,0,0.0951141904438275,0,0,0.0570685142662965
-0.15446272360935023,-0.5217263552130249,2,0.03247588444344033,0,0,0.019485530666064198
-0.31645145291496246,0.34031877791203163,2,0.1625741194034537,0,0,0.09754447164207222
-0.11987430699822256,-0.14469905236321257,0,0.2199909848224976,0,0,0.13199459089349855
-0.12216664895350986,-0.5869306311465965,2,0.04225152699738842,0,0,0.025350916198433052
-0.48850705043761306,0.7561094456247859,0,0.11241450939858469,0,0,0.06744870563915081
-0.14098570220563766,-0.7918993820142748,2,0.10431326560809534,0,0,0.0625879593648572
-0.1644385582834087,-1.0028427191866345,2,0.16189471728326468,0,0,0.09713683036995881
-0.07092051180378736,-0.8643402695642601,2,0.08600226779741245,0,0,0.05160136067844747
-0.5438033512147541,0.7994589045433913,0,0.07923975495040346,0,0,0.04754385297024207
0.10123379994855666,-1.6877237394185816,2,0.13685334732923005,0,0,0.08211200839753803
-0.2835570001316423,-0.3475909929776483,2,0.08143898370324788,0,0,0.04886339022194873
-0.6088430495762484,1.117054723606891,0,0.12826108856614696,0,0,0.07695665313968818
0.1722086899281039,-1.7290357063818282,2,0.22392600551240333,0,0,0.13435560330744198
-0.6889036015990785,0.8448185115689928,0,0.1695724751972941,0,0,0.10174348511837646
-0.5088976684041505,0.8868752233368717,2,0.10287694063796554,0,0,0.06172616438277932
-0.2913269101454988,-0.3831548716756766,0,0.34741198954612784,0,0,0.2084471937276767
-0.13574892148467946,-0.44444521980314494,2,0.1414009422711343,0,0,0.08484056536268059
0.05671736800312943,-1.925128652896822,2,0.10468981328039098,0,0,0.06281388796823459
-0.0321440783998478,-1.0937628643213733,2,0.11094647288817204,0,0,0.06656788373290322
-0.2876946376326678,-0.1688239325395696,2,0.09907146613862776,0,0,0.05944287968317665
-0.5183312829809356,0.7644782978739177,2,0.14084045535474765,0,0,0.08450427321284859
0.09265853290145314,-1.231891690195576,2,0.06811309896396836,0,0,0.04086785937838101
0.014027543921643565,-1.024175206099805,2,0.0620506694374751,0,0,0.037230401662485056
0.17529478666604564,-1.372841859385688,2,0.13207210098185493,0,0,0.07924326058911295
-0.0556624803193447,-0.5745726847618433,2,0.1347437139203984,0,0,0.08084622835223905
-0.533910515479782,0.8790737344674275,0,0.16971500880157314,0,0,0.10182900528094388
-0.22242181623067095,-0.9158673593654725,2,0.12823620257261292,0,0,0.07694172154356775
0.013827810586567736,-1.4721473051023042,2,0.25360114636783493,0,0,0.15216068782070094
-0.3649046704834539,0.18389814302821725,0,0.12084909164840638,0,0,0.07250945498904382
0.003492080106957774,-0.9504113852900951,2,0.13016636340516574,0,0,0.07809981804309944
-0.7525533151560292,1.992950554325899,0,0.19979918257680765,0,0,0.11987950954608459
-0.492186134833779,0.4985415153352674,0,0.09602083118996356,0,0,0.05761249871397813
-0.3698150312663909,-0.23817268904457717,0,0.10316295761852394,0,0,0.06189777457111436
-0.6461840519596911,1.1651816954749548,0,0.11184013488590382,0,0,0.06710408093154228
8.029845567184813,-0.15024844364879678,1,0.22680436500687196,0,1,0.5360826190041232
-0.29412530094496026,0.32966493352392306,0,0.12830957026413478,0,0,0.07698574215848086
-0.3199305238244006,-0.5415801591419183,0,0.12489875122367965,0,0,0.07493925073420779
0.26868068684287855,-1.306822889940508,2,0.20194746907316863,0,0,0.12116848144390117
0.06314636678639339,-1.2201430550035122,2,0.06221003658129975,0,0,0.03732602194877985
-1.038885055488091,3.1842960376918588,0,0.15174656628277658,0,0,0.09104793976966595
5.879347290590467,3.076970864561379,1,0.14210067892589337,0,1,0.48526040735553605
0.12587392731157654,-1.4122402286773805,2,0.14693662313918082,0,0,0.0881619738835085
-0.2527128872956481,-0.22127333992674464,2,0.1602423851322917,0,0,0.09614543107937501
-0.5015874035945117,1.0208437469182037,2,0.1055447435632216,0,0,0.06332684613793296
-0.08090974693545712,-1.1786864651796924,2,0.13628938947462127,0,0,0.08177363368477276
-0.21971113064177905,-0.23340645031226273,2,0.11416619074716837,0,0,0.06849971444830102
-0.05818166319660217,-0.7986678210868929,2,0.05599058820041368,0,0,0.033594352920248205
-0.16350195048189226,-0.8088295155225338,2,0.05677006388846991,0,0,0.03406203833308195
-0.02614470584658509,-0.662697424144483,2,0.12536122722474574,0,0,0.07521673633484745
-0.10111831021094919,-1.2956777159222705,2,0.27160559417416713,0,0,0.16296335650450028
-0.14280221312425093,-1.063193776238831,2,0.09948076821449503,0,0,0.059688460928697014
-0.23781248932692386,-0.9604826056600311,2,0.15464268848786505,0,0,0.09278561309271903
-0.508189765159025,1.0887873972874873,0,0.19938310386971433,0,0,0.1196298623218286
-0.45571478284013955,0.7960589865062566,0,0.06718627880433341,0,0,0.040311767282600046
7.461824540291058,1.38340938866356,1,0.1611823794561549,0,1,0.49670942767369297
0.08683140158417106,-1.1565130130706198,2,0.16760917769477243,0,0,0.10056550661686346
-0.3732014186293251,0.07100727243410629,2,0.11494502239923207,0,0,0.06896701343953925
-0.31590750384688027,-0.6258842790326633,2,0.19872325801213628,0,0,0.11923395480728176
0.0030708110079714825,-1.6159179926486105,2,0.16030005034893793,0,0,0.09618003020936276
-0.16647075442958045,-0.14447267531610103,0,0.13191056867761144,0,0,0.07914634120656687
-0.19498516027209917,0.017149725714639803,0,0.21171747412560032,0,0,0.1270304844753602
-0.35359710705876574,-0.29564911087654766,0,0.08785163710929064,0,0,0.052710982265574385
0.011361868323309722,-1.4896319366710558,2,0.08957603247245273,0,0,0.05374561948347164
-1.0077995591753481,2.5379017829953106,0,0.17381796674237124,0,0,0.10429078004542273
-0.2949812005079857,0.39279597209658945,0,0.1320215140063441,0,0,0.07921290840380646
-0.3278475512884409,-0.015911741916004876,2,0.19310092266704368,0,0,0.11586055360022621
-0.0706813241985657,-0.7646617462986505,2,0.10733497645792534,0,0,0.06440098587475519
0.06032074560633546,-0.9510054244080628,2,0.1633179769763189,0,0,0.09799078618579134
-0.7609707639894767,2.254906487223621,0,0.17973171608866587,0,0,0.10783902965319951
-0.1161261111819993,-0.45132725322031,2,0.13061418521425341,0,0,0.07836851112855205
-0.16488179873900494,-0.2681201909089907,0,0.10663251515875634,0,0,0.0639795090952538
-0.7044297366725161,1.1401714877783544,0,0.1027081462969788,0,0,0.06162488777818728
-0.41764354216557875,0.1690022534574086,2,0.08683838972954214,0,0,0.05210303383772528
-0.13326498230587702,-0.9203889052840306,2,0.11187551449527446,0,0,0.06712530869716467
-0.010300170398593803,-0.5547323266512358,2,0.08645797155146762,0,0,0.05187478293088057
-0.018065065295312648,-0.9484978621760651,2,0.10138268626596886,0,0,0.06082961175958131
-0.18557802359365694,-0.250210238894115,0,0.09230136721124313,0,0,0.05538082032674588
-0.1500396916158419,-1.1283221577878646,2,0.109153699308309,0,0,0.0654922195849854
-0.0807114196143233,-0.6525990115775129,2,0.12241443221611684,0,0,0.0734486593296701
-0.17088623050683713,-0.7311996740469724,2,0.07645871016880966,0,0,0.0458752261012858
-0.175560892791518,-0.4886552075347543,0,0.25761447385036473,0,0,0.15456868431021883
-0.25984307076048635,-0.9583632647123648,0,0.2359147379068215,0,0,0.14154884274409288
-0.03045762359722494,-1.2887152129945538,2,0.08355894073697319,0,0,0.05013536444218391
-0.7552094576580505,1.3337314699502392,0,0.14590849616572776,0,0,0.08754509769943665
-0.14204587207884523,-1.0130547790508881,2,0.10455127534228481,0,0,0.06273076520537088
0.08728591297154396,-1.6728542266585094,2,0.15598998854460921,0,0,0.09359399312676553
0.09881511858415204,-0.9709629122878027,2,0.17143433000219713,0,0,0.10286059800131828
-0.4922324220053899,0.6019493050905098,0,0.1292722308397105,0,0,0.07756333850382631
0.1322120619100683,-1.159797765115653,2,0.18455680785300677,0,0,0.11073408471180406
-1.916113872951871,5.723946127964005,0,0.4964085820666238,0,0,0.2978451492399743
-1.8336235931356004,6.677234473701267,0,0.5573662244618173,0,0,0.33441973467709035
0.03463260535521058,-1.3181155755763385,2,0.0616658914884636,0,0,0.03699953489307816
-0.4781284908224507,0.6749853840789519,0,0.09757981931512645,0,0,0.05854789158907587
0.15825847279484198,-1.36409598698571,2,0.038897412623581026,0,0,0.023338447574148616
5.782102058847966,3.9847157262631936,1,0.17654188284359648,0,1,0.5059251297061579
-0.03511101303014705,-1.1593859003056344,2,0.14187126573960515,0,0,0.08512275944376309
-0.08355686672836292,-0.5239164909510476,2,0.10660065600440001,0,0,0.06396039360264
-0.12234280922170905,-0.5866071968227837,2,0.10850912022918709,0,0,0.06510547213751225
-0.32800311765452167,-0.38766880385426505,2,0.1482785201771299,0,0,0.08896711210627793
0.06770759921595494,-1.1236959937693407,2,0.16158779343367444,0,0,0.09695267606020466
0.054463272567195777,-1.2785007929710632,2,0.10258122047499857,0,0,0.06154873228499914
-0.2789472502202346,0.21605905039992454,2,0.126802984901359,0,0,0.0760817909408154
-0.4770725021717398,0.39863826125154445,0,0.1126635044262561,0,0,0.06759810265575365
7.666529911931751,0.665977739275252,1,0.16672901809456553,0,1,0.5000374108567394
-0.7790226997264298,1.276480772718081,0,0.10140467402122322,0,0,0.06084280441273393
-0.8963639146535181,2.4309163556457047,0,0.1616811589569116,0,0,0.09700869537414696
5.381714486885408,0.7331117681385908,1,0.1936091765586873,0,1,0.5161655059352124
-0.537613856788468,0.6392042948758347,2,0.19435838461098132,0,0,0.11661503076658879
-0.19918510220001637,-0.6642368881344451,2,0.06932838213375915,0,0,0.041597029280255486
0.15159116798254413,-1.5604219219468567,2,0.0936275186731474,0,0,0.05617651120388844
0.07144475067207831,-1.7822981212973685,2,0.16556570661990344,0,0,0.09933942397194206
-0.038114186578142195,-1.0890019161422757,2,0.17181961250847302,0,0,0.10309176750508381
-0.6053803616916137,0.8575574246140374,2,0.1311305413878315,0,0,0.0786783248326989
-0.04201232779201736,-0.8114382898555441,2,0.11454553016089435,0,0,0.06872731809653661
-0.5642225201293323,1.2569176526012324,0,0.13866988226354277,0,0,0.08320192935812566
-1.2249462463672094,3.993903795080501,0,0.25407600740939307,0,0,0.15244560444563585
4.054816260441002,0.9672906822412939,1,0.2396661610395743,0,1,0.5437996966237446
-0.09766024670370729,-1.0528036197574984,2,0.17809848810888448,0,0,0.10685909286533068
-0.4454112590182211,1.1055767497101847,0,0.1962455228578422,0,0,0.11774731371470532
-0.16160613476215027,-1.076923175086416,2,0.1762752926321322,0,0,0.10576517557927932
-0.6863684167019167,1.545824668013688,0,0.09906698131868509,0,0,0.05944018879121105
-0.08300206024712777,-0.5778085527348973,2,0.06890764041237185,0,0,0.041344584247423107
0.23420880291448362,-1.3316407664544307,2,0.10938463075321397,0,0,0.06563077845192838
-0.09899762548081689,-1.0574238083421479,2,0.136110851727809,0,0,0.0816665110366854
-0.3357971716291837,-0.15805262175560417,2,0.07249274862528629,0,0,0.04349564917517177
-0.15419604397395292,-1.134176244571087,2,0.2323137605057769,0,0,0.13938825630346613
-0.8020275290951073,1.1811714819699335,0,0.25582099105388867,0,0,0.1534925946323332
-1.1123846320947615,2.957925360920103,0,0.18017244683218556,0,0,0.10810346809931133
0.04522618118564989,-1.381001680020077,2,0.10953965701752681,0,0,0.06572379421051608
0.06126992694962403,-1.0554058408945242,2,0.13420214737176134,0,0,0.0805212884230568
-0.06926063130226534,-0.5990613942023335,2,0.0846138760688317,0,0,0.05076832564129902
7.353286642132361,2.4679240702086633,1,0.1144292014682,0,1,0.46865752088092005
-0.5489268090416195,0.5461993128675291,0,0.08297544729709933,0,0,0.04978526837825959
0.15571389223672294,-1.9179203368314977,2,0.13058007559264342,0,0,0.07834804535558605
-0.24289687182493944,0.04800267867817176,2,0.10672064765273626,0,0,0.06403238859164175
-0.9881594643603713,2.265415912164724,0,0.09526453759111754,0,0,0.05715872255467052
-0.2636013039938971,-0.4271028712447526,0,0.1357492108282792,0,0,0.08144952649696752
-0.029099334744470864,-0.8827651464140338,2,0.12653863203249888,0,0,0.07592317921949933
-0.4938234980202992,0.3789405562000018,0,0.10129024234435922,0,0,0.060774145406615535
-0.08362128516502426,-0.7019757980400252,2,0.04486732601454202,0,0,0.026920395608725212
-0.14878448259303584,-1.1188486657600245,2,0.26412618043585157,0,0,0.15847570826151094
-0.09099321328362014,-0.46666298440587123,0,0.1413642860813656,0,0,0.08481857164881935
-0.25050059890250664,-0.6915136546760172,2,0.12264729693057068,0,0,0.0735883781583424
-0.08497247775774742,-0.36993193870888835,2,0.04158848511973151,0,0,0.024953091071838907
0.24414086210272515,-1.9738954775188169,2,0.16679418224674306,0,0,0.10007650934804584
-0.07736320378995824,-1.1672791923067647,2,0.2388990292924387,0,0,0.1433394175754632
-0.5227208525832968,0.4300363598422774,0,0.05339006752399222,0,0,0.03203404051439533
-0.056380847270400485,-1.8763033843404173,2,0.2388394293456826,0,0,0.14330365760740957
6.977143544353932,2.9360231071403504,1,0.17429678459392228,0,1,0.5045780707563534
-0.01854045386503298,-1.4827751475149762,2,0.13818105906205422,0,0,0.08290863543723252
-0.5826553354118459,1.5364900780531685,0,0.061089301673020346,0,0,0.036653581003812205
-1.3140396060430681,3.3614380158312187,0,0.2865558212327107,0,0,0.1719334927396264
0.09267158271955148,-1.4498859759760685,2,0.2782078732538169,0,0,0.16692472395229013
-0.03978045410553152,-1.103623398026991,2,0.1930510376221939,0,0,0.11583062257331633
-0.33844766604000304,0.1332019043333951,0,0.12804751555981503,0,0,0.07682850933588901
-0.37132693662634303,0.357455990298956,2,0.191902697371672,0,0,0.1151416184230032
0.06264661397585217,-0.8535019298428559,2,0.12035132685139878,0,0,0.07221079611083926
-0.7537432764323453,1.6890047364936436,0,0.06823198484499003,0,0,0.040939190906994015
0.03577041110687041,-0.8155285573511308,2,0.1533345225277325,0,0,0.09200071351663949
0.21792200966023703,-1.9249009877823224,2,0.13370168740635063,0,0,0.08022101244381037
-0.18655121809713612,-1.0038387931613066,2,0.07930429068319463,0,0,0.04758257440991678
0.07236057807938993,-1.360946759221861,2,0.1713167272460829,0,0,0.10279003634764974
-0.2254264404846824,0.25312602221509006,2,0.14412830641576832,0,0,0.086476983849461
-0.10566309864857626,-0.6813182348766917,2,0.11492453780546515,0,0,0.06895472268327908
-0.42918979559386466,-0.39133933860188463,2,0.19314534925408214,0,0,0.11588720955244927
-1.2388891816769825,2.8341657088593246,0,0.19134648339530816,0,0,0.11480789003718489
-0.1278545484968688,-0.5073784946336739,0,0.07921224515876482,0,0,0.04752734709525889
0.12698444176630772,-1.8106774167425048,2,0.14796597575180598,0,0,0.08877958545108358
-0.09943033214829743,-1.0839433369660565,2,0.10713204702726796,0,0,0.06427922821636077
-1.0656201022393736,2.9774463801496394,0,0.17861428010758823,0,0,0.10716856806455294
-0.647402390339175,1.4812056645169531,0,0.04501976519424417,0,0,0.027011859116546504
-0.49089435416516486,0.46932802720365613,0,0.09376448977190788,0,0,0.05625869386314472
3.6751509375221105,1.9217754143538068,1,0.2003492260798512,0,1,0.5202095356479107
-0.5443718537078404,1.113174949830528,0,0.11849929545664317,0,0,0.0710995772739859
-0.29821782041002204,-0.13866708189428462,0,0.1607771816246897,0,0,0.09646630897481383
-0.47952130158988215,0.5667437185938449,0,0.22017320011349867,0,0,0.1321039200680992
0.22637815498021407,-1.8328288756331224,2,0.1485566107734547,0,0,0.08913396646407282
-0.0013779159215717516,-0.7777081892717288,2,0.07452821957166478,0,0,0.044716931742998865
-0.19578151558485127,-0.5358629574348912,2,0.09752591494004438,0,0,0.05851554896402662
-0.25311451923105566,-0.7194928834144338,2,0.12201461346895895,0,0,0.07320876808137537
-0.9529138931048138,2.824653970905025,0,0.12780776700395807,0,0,0.07668466020237484
0.03556891316549161,-1.3132756605226412,2,0.11532933579241934,0,0,0.0691976014754516
-0.04615955565738716,-1.2383409327212394,0,0.15918088835274716,0,0,0.09550853301164829
-0.7797624945358778,1.5241788158762415,0,0.07672594699331073,0,0,0.046035568195986434
-0.5849764954978695,0.9206430404887622,0,0.03947507910127163,0,0,0.02368504746076298
-0.7433435034290485,1.3486860946394392,2,0.1886367492429768,0,0,0.11318204954578608
-0.2755322320787363,-0.4087179749062941,2,0.11542327364781771,0,0,0.06925396418869062
6.134706248769992,2.903791073033062,1,0.1620855370732844,0,1,0.4972513222439707
-0.7318376329679247,1.9163909369941994,0,0.14522671375757765,0,0,0.08713602825454658
-0.14622532774672178,-0.3219124138827031,0,0.22439043101478312,0,0,0.13463425860886988
-0.44318122005553556,0.8288859959064541,0,0.13069852708129215,0,0,0.07841911624877529
6.669503239100874,0.726748692866886,1,0.13379275812060684,0,1,0.4802756548723641
-0.0320983981258851,-1.0396129528637557,2,0.08837002196284904,0,0,0.05302201317770942
-0.18480590786218704,-0.9025339967101726,2,0.11266682791663471,0,0,0.06760009674998083
-0.023593189885036787,-0.63234383988153,2,0.090505691952837,0,0,0.0543034151717022
-1.0323597730047247,2.322547117853593,0,0.19290524695071098,0,0,0.11574314817042658
-0.30586525479665816,-0.20628280794863837,2,0.13601395967929977,0,0,0.08160837580757986
-0.30057846563849816,0.16077961467883922,0,0.09546370659985051,0,0,0.05727822395991031
0.12920788656352522,-1.6638140804270714,2,0.1073101956415854,0,0,0.06438611738495124
-0.6015514180372324,1.5567846928680433,0,0.1610494846752164,0,0,0.09662969080512984
0.045405220885709696,-1.5099556006239132,2,0.20044986389234,0,0,0.120269918335404
-0.10652726587641562,-1.3571042479529218,2,0.1522507575035202,0,0,0.09135045450211213
0.10490985827420549,-0.9626484310219559,2,0.17356390413043835,0,0,0.10413834247826301
-0.08263029578094715,-0.8808258443475352,2,0.1630967193484833,0,0,0.09785803160908997
3.484757645633825,3.2534364084418943,1,0.2045061800244398,0,1,0.5227037080146639
-0.5604193700603307,0.37899984791738955,0,0.15616687222519046,0,0,0.09370012333511428
-0.2966509734902364,0.26740206197007893,2,0.10405865204237834,0,0,0.062435191225427
-0.03191893142312113,-0.9562157234387938,2,0.17357362331040527,0,0,0.10414417398624316
-0.014065460750068532,-0.8664294995747539,2,0.11700054067283404,0,0,0.07020032440370041
-0.5497662106928147,1.4999517822130854,0,0.18191160121618022,0,0,0.10914696072970813
-0.19448592479132215,-0.4159823290836678,2,0.0698766207139491,0,0,0.04192597242836946
-0.7271535617105032,0.8942948030763145,2,0.2590659791940109,0,0,0.15543958751640655
0.053660051668817425,-1.0412156723158175,2,0.10022845684601966,0,0,0.06013707410761179
-0.12626180792118125,-0.7949224869356513,2,0.13512135710280104,0,0,0.08107281426168063
-0.3417837485197587,-0.17920293731856712,0,0.14065298934040438,0,0,0.08439179360424262
0.06576794682916699,-1.111023082962877,2,0.08360377178148697,0,0,0.050162263068892175
-0.03748537453778133,-0.40333555771592655,2,0.17931911933816577,0,0,0.10759147160289946
-0.30140602227930047,-0.16560133765270008,2,0.07765720848402226,0,0,0.046594325090413356
-0.5515539443842451,0.4988182134873114,0,0.1370055394311866,0,0,0.08220332365871195
-0.05610694500967658,-1.2605121835705018,2,0.13092369317061195,0,0,0.07855421590236716
-0.1559652794453564,-0.2679693890193344,2,0.14275841801188766,0,0,0.0856550508071326
-0.11276121398394821,-1.5526190772885184,2,0.18882669776327124,0,0,0.11329601865796274
-0.7314175128889764,1.3001909468323902,0,0.07438941372680812,0,0,0.044633648236084865
-0.5637458098821158,1.3137073267362362,0,0.11533152109838953,0,0,0.06919891265903372
-0.4005887615674553,0.4194348062261032,2,0.14879406212158935,0,0,0.0892764372729536
-0.3889389051716609,-0.3937654169102138,2,0.203869108474037,0,0,0.1223214650844222
-0.01750090332062902,-1.2166068482548729,2,0.10692544753068439,0,0,0.06415526851841064
0.35867033670538345,-2.8262630468998684,2,0.17113674292104272,0,0,0.10268204575262563
6.359250936216914,0.009419043083925598,1,0.27614748140379636,0,1,0.5656884888422778
-0.6938578526634032,1.2781563868513834,0,0.11122442176492238,0,0,0.06673465305895343
0.33094876387742056,-2.0638006704735843,2,0.1679492809283002,0,0,0.10076956855698012
-0.39136257212876535,1.0164865461618098,0,0.1454309324366046,0,0,0.08725855946196276
-0.49827919546812177,0.60319656760461,0,0.10617238518155925,0,0,0.06370343110893555
4.845614187709598,3.1163080756101227,1,0.20166897243068674,0,1,0.5210013834584121
6.5248245619864775,0.5047579727073039,1,0.09517626960511993,0,1,0.457105761763072
-0.08060911093881581,-0.733852956096513,2,0.1392574472857353,0,0,0.08355446837144118
-0.24732703340274567,0.3234313803820949,2,0.12655840267829396,0,0,0.07593504160697638
-0.1169357780818449,-1.5556621301193085,2,0.2061481974123891,0,0,0.12368891844743346
-0.3048943755591481,-0.08002122343017448,2,0.10047399383698655,0,0,0.06028439630219193
0.03531800290659915,-0.821095808230631,0,0.1330581374151695,0,0,0.0798348824491017
0.04250427951700202,-1.909164023220102,2,0.1074339378515765,0,0,0.06446036271094589
-0.17255928357368525,-0.7607649233227913,2,0.14974110248747083,0,0,0.08984466149248249
-0.6217753531490701,0.8748211730016828,0,0.04428521865574197,0,0,0.02657113119344518
-0.861258021770373,1.9782588480425307,0,0.11205918165600103,0,0,0.06723550899360062
-0.564911576548682,0.8371644519826904,0,0.05462944988102903,0,0,0.032777669928617414
0.26402573014049,-2.035095285731044,2,0.19186108624987155,0,0,0.11511665174992293
-0.5789910223878302,1.000912320758663,0,0.17706888551596311,0,0,0.10624133130957787
6.2224401324574,2.6318561548689496,1,0.13760815676936486,0,1,0.48256489406161895
0.2614363056676207,-2.23343309616079,2,0.14882346881563976,0,0,0.08929408128938386
-0.1813765103613413,-0.9741810356171845,2,0.12045832716364874,0,0,0.07227499629818925
0.046283493398233615,-0.6617275465749974,2,0.09117852617040247,0,0,0.05470711570224148
-0.17159278890106355,-0.501607392784497,2,0.07565964450495519,0,0,0.04539578670297311
0.10991667258226111,-1.705702267777345,2,0.05814780472715803,0,0,0.034888682836294815
0.30877650265051865,-2.183501312011569,2,0.19005792593418705,0,0,0.11403475556051222
-1.273315829421102,4.1347105115704785,0,0.29408830778253675,0,0,0.17645298466952206
-0.19760768840080734,-0.11525120951120682,2,0.07911255141364515,0,0,0.04746753084818709
-0.40632002004292894,0.292637441041976,0,0.02526332245368478,0,0,0.015157993472210866
-0.20270504543330997,-0.7826176022680198,2,0.18334319160106338,0,0,0.11000591496063802
-0.023440228423894018,-0.9510721839435943,2,0.006887925792765511,0,0,0.004132755475659306
4.736382069398017,-0.8325610865926052,1,0.23925392626608932,0,1,0.5435523557596535
-0.11427294142796175,-0.6264554137512894,2,0.08398140821741233,0,0,0.050388844930447395
-0.2948403109075619,-0.2283513512739863,2,0.12698467276468012,0,0,0.07619080365880807
-0.4399667846144854,0.10415068533820585,0,0.20439644283289324,0,0,0.12263786569973593
-0.8047922356329651,1.6672294303185693,2,0.21251880184398117,0,0,0.1275112811063887
-0.2412532608718276,-0.15424972704484557,2,0.133718700062249,0,0,0.08023122003734941
-0.19342189692199332,-0.4837649988750641,2,0.21820469826537064,0,0,0.1309228189592224
-0.782298394564472,2.3228644020449964,0,0.1584014540155388,0,0,0.09504087240932327
-0.05818493860440827,-0.8323925623509945,2,0.08351439097657294,0,0,0.050108634585943765
-0.2863488343125226,-0.6114161115110086,2,0.20918865263067166,0,0,0.125513191578403
-0.16621749671311695,-0.38146636382305465,2,0.17777423475819476,0,0,0.10666454085491685
-0.017969838740250446,-1.0940176567231141,2,0.10331786556632883,0,0,0.061990719339797294
-0.4742971675916094,0.32912872523159875,2,0.2363229420440848,0,0,0.14179376522645087
-0.4838501373080888,0.397270583174663,0,0.08693462902696762,0,0,0.052160777416180575
0.07105394831160174,-1.5135904293011677,2,0.12315150857086442,0,0,0.07389090514251864
-0.2463696817364123,-0.4973524470257627,2,0.09186981096810061,0,0,0.05512188658086036
-0.4360705334893908,0.5709232955862773,0,0.06112815999216547,0,0,0.03667689599529928
0.17695966389664194,-1.6121607026708569,2,0.0224820648622922,0,0,0.013489238917375319
-0.49457421141268804,0.4021955731414333,0,0.1688388354336194,0,0,0.10130330126017165
-0.27073012793901635,0.5676845913603359,0,0.18459959207366533,0,0,0.11075975524419919
-0.48635692137926884,0.8820078003343945,2,0.12472778849796554,0,0,0.07483667309877932
-0.6020720095103536,0.6808290067931457,0,0.08938325361137636,0,0,0.05362995216682582
-0.09721303122634894,-1.1158107648968325,2,0.0941333122749899,0,0,0.05647998736499394
-0.27830643626832047,-0.29259948379031525,2,0.12007135048629884,0,0,0.07204281029177931
-0.7026010645878724,1.1693227501402448,0,0.07385702898113905,0,0,0.04431421738868343
-0.6761103794678979,1.6749726407687546,0,0.10329436151547969,0,0,0.06197661690928781
-0.09995823986072919,-0.6996895924017423,2,0.15656039182381146,0,0,0.09393623509428688
-0.09285715322697209,-0.8278493322369593,2,0.11806545876953399,0,0,0.07083927526172039
-0.05073204316313635,-0.7800969166175398,2,0.06661665439224511,0,0,0.03996999263534706
-0.21368173005247298,0.04017271368353913,0,0.1659723663492522,0,0,0.09958341980955131
-0.056257434072270525,-0.8018890172260598,2,0.07880184130358447,0,0,0.04728110478215068
-0.040693082312749075,-0.6950134696769059,2,0.09845785301026348,0,0,0.05907471180615809
-1.3053213425315613,3.7079927241233235,0,0.2233249492335237,0,0,0.13399496954011422
-0.23707832152185773,-0.21184034116837352,2,0.08536255167235358,0,0,0.05121753100341215
-0.721586128440982,0.9070691864438816,0,0.3835088509510092,0,0,0.2301053105706055
-0.2767050824454499,-0.5614162146455912,2,0.10816135761281348,0,0,0.06489681456768809
0.01163271923541045,-0.9282610076160291,2,0.0974171850299343,0,0,0.058450311017960575
-0.09016146253758982,-0.4410133723799038,2,0.15114683068233242,0,0,0.09068809840939945
-0.6707683397038816,1.94382955522633,0,0.08730537730903347,0,0,0.05238322638542008
-0.22585204092207317,-0.1042026849337108,2,0.12930403773926938,0,0,0.07758242264356162
-0.2820010484378365,0.19972712977713755,2,0.07771308413513502,0,0,0.04662785048108101
-0.12979400611265957,-0.753800081846983,2,0.1336767065202722,0,0,0.08020602391216332
-0.2386994862360807,-0.3831408358651275,0,0.08831624703813595,0,0,0.05298974822288157
-0.3710752810648679,0.29292115561022125,0,0.06432024628067945,0,0,0.03859214776840767
-1.1867504775783437,2.936693391236221,0,0.2530992539715993,0,0,0.1518595523829596
-0.7116204654899356,1.0670456031826394,0,0.16405549063423458,0,0,0.09843329438054074
6.334197055488403,2.0290005169034733,1,0.07216403660301933,0,1,0.44329842196181163
-0.553871043570495,-0.2680006374019912,0,0.20574495121800884,0,0,0.1234469707308053
-0.07256740281418747,-0.8487002424946188,2,0.08999755604205661,0,0,0.05399853362523397
-0.3686662292603915,-0.8245092259666109,2,0.2324684945051553,0,0,0.13948109670309317
6.371516417964939,1.1204173450493669,1,0.12913999402929532,0,1,0.4774839964175772
-0.12758003615592367,-0.4834667668288443,0,0.19262310337964408,0,0,0.11557386202778644
0.2271612398119081,-1.6625753778321917,2,0.2189406377417747,0,0,0.1313643826450648
-0.09231776517709396,-0.760854402932863,2,0.185533043564716,0,0,0.1113198261388296
-0.2120487630013632,-0.5808947299287683,2,0.11560746788955366,0,0,0.06936448073373219
-0.1276283190077228,-1.1091304307063,2,0.13392722900280718,0,0,0.08035633740168431
-0.5268756986582247,0.5940178687721724,0,0.08588292756572005,0,0,0.05152975653943203
-0.3298084688787916,0.2554798163217824,0,0.11126573669604604,0,0,0.06675944201762762
4.077321089213126,1.0544088427687097,1,0.12278468864273143,0,1,0.47367081318563886
-0.11169673557763464,-0.31947587490981105,2,0.10813354019714841,0,0,0.06488012411828904
0.17492872325141176,-1.377985230876041,2,0.18046834842643858,0,0,0.10828100905586314
-0.05969811296207068,-0.6774161673931471,2,0.14010435411724137,0,0,0.08406261247034481
-0.21382935133020597,-0.11992076596330042,2,0.19941016107590756,0,0,0.11964609664554453
-0.575232041243175,0.41272094761579015,0,0.19445895085983347,0,0,0.11667537051590007
-0.3238834122334797,0.08737041616437773,2,0.13080097684943578,0,0,0.07848058610966147
-0.09644771568349096,-0.9096705350826031,2,0.10163987871134368,0,0,0.060983927226806206
7.065349463003749,2.759205254250196,1,0.14582614316228332,0,1,0.48749568589737
-0.3226610977460429,-0.2549301480113834,2,0.08367939535525894,0,0,0.05020763721315536
-0.5507101416373685,0.5541726392304611,0,0.11585491098653158,0,0,0.06951294659191895
0.2914878787405099,-1.8642770296251925,2,0.1275471792543046,0,0,0.07652830755258275
-0.06703344885321447,-1.1881551272521058,2,0.10235399262303163,0,0,0.06141239557381897
-0.13481147362322074,-1.0175439500144885,2,0.12701364881646593,0,0,0.07620818928987956
7.653882215557724,1.0282212955910959,1,0.1328113363037038,0,1,0.4796868017822223
0.006263288493632339,-0.6805063724815477,2,0.07478385147969514,0,0,0.04487031088781709
7.570986979577699,1.411300637720426,1,0.12468050246354577,0,1,0.47480830147812747
-0.9192475579808863,2.280531629614282,2,0.2145201272742032,0,0,0.12871207636452192
-0.7174604854128251,1.2992807983344887,0,0.21407472479727196,0,0,0.12844483487836317
-0.6020874060633505,1.1831929877243192,2,0.18522805560788844,0,0,0.11113683336473305
-0.1534019539035198,0.142447202969196,0,0.1025793571871677,0,0,0.061547614312300616
-0.1624918777013176,-0.8551594417561097,2,0.11509553180297882,0,0,0.06905731908178729
-0.09480177439070464,-0.7585311054743467,2,0.10512750277900897,0,0,0.06307650166740537
-0.7709758138520505,1.4978436019753172,0,0.07525896822304323,0,0,0.045155380933825935
-0.022841455658721574,-1.030980983402608,2,0.08109099706841412,0,0,0.04865459824104847
0.36656063245022386,-1.7157749525755837,2,0.11265427074010367,0,0,0.0675925624440622
-0.2714114606714462,-0.04250137164600918,2,0.11486270100571351,0,0,0.0689176206034281
0.10075490352605726,-1.7999110927567945,2,0.11637334343594802,0,0,0.06982400606156881
-0.02045923090004262,-1.5280438290619833,2,0.14679841646584837,0,0,0.08807904987950903
-0.6705177916914434,0.525557371156985,0,0.21857738322859377,0,0,0.13114642993715625
-0.6859856629606991,1.1176634349097474,0,0.09003044302421,0,0,0.054018265814526
-0.127538168482217,-0.1974998286781082,2,0.10540504021766813,0,0,0.06324302413060087
-0.5560684672972496,0.8205435234592882,0,0.09736972150400522,0,0,0.05842183290240313
-0.05166754539250607,-0.7930001825236814,2,0.14074962104006364,0,0,0.08444977262403817
-0.6098767212134246,0.7621842013626048,0,0.1536698725697254,0,0,0.09220192354183523
-0.24826083214122838,0.1031818697162393,0,0.1203319933551824,0,0,0.07219919601310944
-0.6339804943480217,0.6686536765276969,0,0.09554129835753664,0,0,0.05732477901452198
0.02493270230678913,-1.7855836890899677,2,0.11131554806578037,0,0,0.06678932883946821
-0.038853858788968444,-0.7408082813485439,2,0.1015488320607805,0,0,0.060929299236468296
-0.3687152611674453,0.2981250728081604,0,0.15829293624887583,0,0,0.0949757617493255
-0.0943925824405995,-0.6045374964855732,2,0.07352772769650412,0,0,0.04411663661790247
-0.5635061949513567,0.2345256391581439,2,0.27077658975812646,0,0,0.16246595385487586
-0.34229573433029226,0.6094644164646321,0,0.15194446087887076,0,0,0.09116667652732245
-0.5632361487096483,1.6282698167323497,0,0.1034768041532755,0,0,0.062086082491965296
0.11346803975649432,-1.4831476478702175,2,0.0756118565893438,0,0,0.04536711395360628
-0.5778311124576989,0.854990249994281,0,0.0654710954523092,0,0,0.03928265727138552
0.22817480694854467,-2.0923901690528894,2,0.1649300312168841,0,0,0.09895801873013045
-0.5605902629827213,0.8503098457232139,2,0.1288544786910158,0,0,0.07731268721460947
-1.1114564049526807,3.013534571914491,0,0.20855395800761373,0,0,0.12513237480456824
0.03416845168787663,-1.04976809495979,0,0.21235846436838382,0,0,0.1274150786210303
-0.24486489624642657,-0.12371317146146926,2,0.08458550107776405,0,0,0.05075130064665843
-0.32438760739417877,-0.010189025460289693,0,0.11109971168066139,0,0,0.06665982700839683
-0.7065157309630073,0.9996383732819529,0,0.06624367048315229,0,0,0.03974620228989137
-0.7091667595568352,1.9525001103461281,0,0.12319616300496339,0,0,0.07391769780297804
-0.5723929844983835,0.5109620629347527,0,0.0700725683524095,0,0,0.0420435410114457
-0.10084051916197466,-1.2587330560958694,2,0.12310389456188423,0,0,0.07386233673713054
-0.4454817343596352,0.8608736743159435,0,0.14748864398315248,0,0,0.08849318638989148
-0.6114428286212529,1.0077414086467167,0,0.04043765511288598,0,0,0.024262593067731587
-0.026469356180865197,-0.34261617484552054,2,0.16117932710752272,0,0,0.09670759626451363
-0.33458330380543516,-0.3886429637345525,2,0.09309458136273566,0,0,0.05585674881764139
-0.7736295961302446,1.2519105449086774,0,0.20275971445779276,0,0,0.12165582867467564
-0.40413406381369077,-0.08600547742898884,0,0.18412904566300978,0,0,0.11047742739780586
-0.5165779983759731,0.07938560136275642,2,0.1583062681842606,0,0,0.09498376091055637
0.019975875528380233,-0.8706205928094712,2,0.14979881608508652,0,0,0.08987928965105191
0.10924348355431471,-1.5348479646250235,2,0.13285885157590027,0,0,0.07971531094554016
-0.46668924696745384,0.4511389487111581,0,0.060111611830812844,0,0,0.0360669670984877
-0.023230105207133256,-1.0146687453236942,2,0.0754897627294296,0,0,0.04529385763765776
-0.22944229857235166,-0.35217357211983086,2,0.07169500777712952,0,0,0.04301700466627771
0.0713232970282839,-1.0908806733201084,2,0.1473555096692984,0,0,0.08841330580157904
-0.6278162098653655,1.1368233573504853,0,0.10771225421531788,0,0,0.06462735252919073
-0.2770386570918991,0.03407019441734141,2,0.1508158958884738,0,0,0.09048953753308428
-0.6748436907735472,0.9873425753408653,0,0.06342031767450415,0,0,0.03805219060470249
-0.5678893757503213,1.3697800102479647,0,0.14206571808841936,0,0,0.08523943085305162
-0.209809875356269,-0.38109212400792786,0,0.1683257124268591,0,0,0.10099542745611545
-0.2608929169626384,-0.905767242482302,2,0.1471595845449071,0,0,0.08829575072694426
-0.2107451602751276,-0.458296703904383,2,0.07405374714211803,0,0,0.044432248285270814
-1.0397430082561252,2.7022746598008527,0,0.21034304257715034,0,0,0.1262058255462902
5.350930551820296,0.6194720064914769,1,0.2440579707915799,0,1,0.5464347824749479
-0.7041274235546199,1.8060616956260909,0,0.30471325319281367,0,0,0.1828279519156882
-0.18409150755164683,-1.1457020814521666,2,0.16734038863922704,0,0,0.10040423318353622
-0.3541815579235355,-0.21468593518642265,2,0.12399221101116294,0,0,0.07439532660669776
-0.6724555919928354,1.0756424548601977,0,0.16375005803030024,0,0,0.09825003481818013
-0.7599199306511534,1.3324390427370534,0,0.18764587381780778,0,0,0.11258752429068467
0.005192066984935233,-1.095138446012085,2,0.019629699573154427,0,0,0.011777819743892656
-0.5397881213800075,0.802758178711759,0,0.09180026049645297,0,0,0.05508015629787178
-0.23476727816432377,-0.24409149988830608,0,0.15183278668190756,0,0,0.09109967200914453
-0.44926961319935177,-0.11888378894857278,2,0.1662364440605782,0,0,0.09974186643634692
-0.3973269121474313,0.013624834762589987,0,0.1256499245180284,0,0,0.07538995471081704
0.15828441159709877,-1.9775777574060003,2,0.18472109956330265,0,0,0.11083265973798159
-0.06184063807250593,-0.7771317047048616,2,0.13365517700521445,0,0,0.08019310620312867
0.015211260900511246,-1.7541767532549826,2,0.09778918673160013,0,0,0.058673512038960075
-0.5669488281208236,0.7037604383985527,2,0.10207568372690426,0,0,0.06124541023614255
-0.12331783264525246,-1.3555684888282113,2,0.20254058813060444,0,0,0.12152435287836266
-0.5771595934509065,0.3856848968975895,0,0.1300319794027949,0,0,0.07801918764167694
0.32549959515446314,-2.2843744849584473,2,0.15519136859197494,0,0,0.09311482115518496
6.245767955147586,1.8283922748527113,1,0.22934965022243628,0,1,0.5376097901334618
0.17591176797054106,-1.7858642652087429,2,0.0675816447881618,0,0,0.040548986872897076
0.07850596076577242,-1.5552789938187004,2,0.09119845434234511,0,0,0.054719072605407065
-0.03054891189631588,-1.2190887074468146,2,0.08969043395958236,0,0,0.05381426037574941
-0.12596246920615303,-1.0348332611573008,2,0.08604049162926225,0,0,0.05162429497755735
-0.28368799342124673,-0.08689305582450393,0,0.15612195794730893,0,0,0.09367317476838535
-0.3366112706233374,-0.2739982182820151,2,0.12659208497726634,0,0,0.0759552509863598
-0.16360771894922635,-1.0797353615548824,2,0.09095778697109878,0,0,0.05457467218265927
-0.32001639083124606,0.2767459128491312,2,0.18416942346469367,0,0,0.1105016540788162
0.14160801694542918,-1.5160525278410883,2,0.09371764565263577,0,0,0.05623058739158146
-0.1073476531189106,-0.821677437034515,2,0.17913322097393186,0,0,0.10747993258435912
-0.05727028496277777,-0.9527467242501129,2,0.08351076319272525,0,0,0.05010645791563515
-0.5263820278535823,0.7047148142617694,0,0.06880638031863483,0,0,0.04128382819118089
0.06099271833860882,-0.7649058605216239,2,0.1649512884552488,0,0,0.09897077307314929
-0.17466034567495112,-0.7293699254621504,2,0.18225925076025928,0,0,0.10935555045615557
-0.19188520565860398,-0.645686368765634,2,0.04457250538166198,0,0,0.026743503228997188
-0.14048791825681375,-0.5839115924330436,2,0.12230710701149239,0,0,0.07338426420689544
-0.10698369650345316,-0.6163681961730729,2,0.15348414834273882,0,0,0.09209048900564329
0.33830830775979953,-2.1579017265919807,2,0.1529058931598645,0,0,0.0917435358959187
-0.0571423019989838,-0.7416759647332223,2,0.11974557580421785,0,0,0.0718473454825307
7.252930166132647,2.2970701334951547,1,0.1386953777448995,0,1,0.4832172266469397
4.698045701727697,2.7061056672780603,1,0.13109239307514986,0,1,0.47865543584508996
-0.18481371662324145,-0.5337169874887355,2,0.0,0,0,0.0
0.029674078860402832,-0.8693586326093887,2,0.05959302504004087,0,0,0.03575581502402452
0.031270065214440944,-1.140536406771292,2,0.14301357766026357,0,0,0.08580814659615814
-0.21680516691012272,-0.333025979390498,2,0.09430564715030035,0,0,0.056583388290180205
0.09399465750374879,-1.0890476297587592,2,0.15617379678230728,0,0,0.09370427806938436
-0.705269189070064,0.6402533731043094,0,0.1422964966299356,0,0,0.08537789797796136
-0.1067706032428797,-0.6038028994076037,2,0.15568099026425578,0,0,0.09340859415855346
-0.11513531961073943,-0.2809268993149269,2,0.08169764727548277,0,0,0.04901858836528966
0.06264437111066376,-1.307432951394867,2,0.10698195260745849,0,0,0.0641891715644751
-0.6113600125307217,1.0738879174962677,0,0.04948445519817161,0,0,0.029690673118902965
4.18966662218932,0.1686148195752311,1,0.17771187778732583,0,1,0.5066271266723955
-0.6625722890934684,1.653995254292748,0,0.1973217383815839,0,0,0.11839304302895033
-0.5200255191832456,0.043860865870880186,0,0.11705588742885334,0,0,0.070233532457312
6.490010442208368,0.7931594694440656,1,0.13561708050312218,0,1,0.48137024830187336
0.05942457463249759,-1.3559869910968738,2,0.06976516194425499,0,0,0.04185909716655299
0.021110986262343097,-1.3468496325575594,2,0.0844407960979179,0,0,0.050664477658750734
-0.30672958267255285,0.05968023098390264,2,0.15821205896166968,0,0,0.0949272353770018
-0.47622449116313753,0.4216248123473874,0,0.09525343184590107,0,0,0.05715205910754064
0.08404400116353915,-0.8689153480147105,2,0.20605367169728622,0,0,0.12363220301837173
-0.2886297959195735,-0.37898770624189176,2,0.12291502985323535,0,0,0.0737490179119412
0.24440057918089383,-2.1216753070661794,2,0.15792846870518681,0,0,0.09475708122311209
-0.08841277380604917,-0.9304803672917923,2,0.0825674094678834,0,0,0.04954044568073004
-0.3329011777586736,-0.05477167747011821,0,0.10860244511683996,0,0,0.06516146707010398
-0.34437301735406134,-0.2759139984470587,2,0.11752729316616588,0,0,0.07051637589969953
-0.2574430570656374,-0.209432090044157,2,0.038954878937114315,0,0,0.02337292736226859
-0.5361807431118956,0.8400369788560393,0,0.04273467290653626,0,0,0.025640803743921754
-0.02010590290266289,-0.6601468822721244,2,0.16144211365684702,0,0,0.0968652681941082
-0.07886922338739641,-0.874163976931553,2,0.08278372041672968,0,0,0.04967023225003781
-0.4450410422496943,1.0349996196980118,0,0.15951698134451198,0,0,0.09571018880670719
-0.11333661424356407,-1.0949171037504006,2,0.1516798878004046,0,0,0.09100793268024275
-0.14139014309056727,-0.5077113055768714,2,0.08903865538002302,0,0,0.05342319322801381
-0.3433038068195528,0.05728507592469309,2,0.126143274197802,0,0,0.07568596451868119
-0.08209472320965405,-1.3248280210257504,2,0.16051193830998395,0,0,0.09630716298599036
-0.26864088304982453,-0.6679327392907639,2,0.28656892541314644,0,0,0.17194135524788787
0.004988387868384823,-1.642677301591834,2,0.09372122994011002,0,0,0.05623273796406601
-0.10936870477224606,-1.1828433762635624,2,0.06187820725103714,0,0,0.03712692435062228
-0.30114555237917484,-0.21150062668360117,2,0.07745450299159135,0,0,0.04647270179495481
0.0008212050357885928,-0.992104366044942,2,0.12544744992561577,0,0,0.07526846995536945
-0.013895701764866123,-1.5189984910906065,2,0.09525954155692436,0,0,0.05715572493415461
-0.5194646652776086,0.522275537563573,0,0.09500182272976011,0,0,0.05700109363785606
-0.30975470476276845,0.08534858662521082,0,0.09891700226345367,0,0,0.059350201358072195
0.2522640136953346,-1.7791069686261565,2,0.15549812737629398,0,0,0.09329887642577639
-0.21448891041498833,0.1299729961167325,2,0.12873499322758958,0,0,0.07724099593655374
6.902028932649826,-0.1576279004173668,1,0.15660783845777923,0,1,0.49396470307466755
-0.1292364224698808,-1.076772814813061,2,0.16587524612976698,0,0,0.09952514767786018
-0.042895157938643756,-1.427878791242397,2,0.16836361191954852,0,0,0.10101816715172911
-0.1864764434301638,-0.18248556947117087,2,0.15959229027569,0,0,0.09575537416541399
-0.7884064227753247,1.8503798807719523,0,0.14078108410843662,0,0,0.08446865046506197
-0.06450547278657807,-1.213434063228702,2,0.10562249211065958,0,0,0.06337349526639574
-0.7107688690504669,1.3554832726452548,0,0.07106567343023983,0,0,0.04263940405814389
-0.13837491229330007,-0.5280971132195593,0,0.15640451496522295,0,0,0.09384270897913377
0.057853042376512336,-1.0562546777487687,2,0.1542229478739756,0,0,0.09253376872438536
0.0143419795206967,-1.0940754178990768,2,0.03170435336096206,0,0,0.019022612016577237
-0.7230974012084641,1.5512944444909633,0,0.17439250547518695,0,0,0.10463550328511216
0.007512989689364245,-1.4569178513602914,2,0.07855252278454611,0,0,0.04713151367072766
-0.5099274226308624,0.47837614254348876,0,0.0502534935808221,0,0,0.03015209614849326
6.883206710202644,-0.3268110187575493,1,0.21871558284208903,0,1,0.5312293497052534
0.11243948588566796,-1.077553526688889,2,0.17130711983273997,0,0,0.10278427189964398
-0.5174959729660132,1.1136197694687169,0,0.07247066523242057,0,0,0.043482399139452343
-0.04360890187701504,-1.2802548809978174,2,0.17010196795477428,0,0,0.10206118077286457
0.0019474036362199694,-1.329726556787484,2,0.16190155992045394,0,0,0.09714093595227236
-1.378823312667908,4.065443882324087,0,0.22117916104947027,0,0,0.13270749662968215
-0.07554696264071356,-1.3014198706460045,2,0.15665592564329034,0,0,0.0939935553859742
-0.45529780411706394,1.016541990278434,0,0.14603047872231537,0,0,0.08761828723338921
-0.08042445256173822,-1.431011849678274,2,0.12925002535694244,0,0,0.07755001521416546
-0.15622494023634578,-0.9211045306422672,2,0.13476630180187296,0,0,0.08085978108112378
-0.4423014236592885,1.3894345121840475,0,0.17754634760300855,0,0,0.10652780856180513
-0.579840014263113,0.6633645687202827,0,0.11979540889991763,0,0,0.07187724533995057
0.07975071553752153,-1.289255207949764,2,0.07423389520085645,0,0,0.04454033712051387
-0.9278472642928214,2.3763325601378003,0,0.16621484941498663,0,0,0.09972890964899198
-0.20169797961378025,-0.3781250717186237,0,0.05182366815129078,0,0,0.031094200890774467
0.18991526482690757,-1.4181666001524516,2,0.12551393289323953,0,0,0.07530835973594371
-0.04818921598374932,-0.9626747365086368,2,0.11718807287334095,0,0,0.07031284372400456
-0.3746896734135049,0.8137034979121518,0,0.11935261596191994,0,0,0.07161156957715197
0.09454353416414926,-1.36056864057037,2,0.10593294519010277,0,0,0.06355976711406165
-0.17509295322334914,-0.35326169790487566,0,0.11201383488700907,0,0,0.06720830093220544
-1.0057199683939875,2.424438337180093,0,0.2147543989669579,0,0,0.12885263938017472
-0.09713965915128017,-0.5266434529318349,2,0.16421065858702413,0,0,0.09852639515221448
-0.015637982711118166,-1.1198949850643345,2,0.09717280024870442,0,0,0.05830368014922265
-0.1881369642933747,-0.7543083154166523,2,0.16034601443332117,0,0,0.0962076086599927
0.048757225454844004,-0.8244339098228821,2,0.12624543973213645,0,0,0.07574726383928186
-0.1426512243052166,-0.32691976472895523,2,0.06709942969271812,0,0,0.04025965781563087
0.036251653396317134,-0.818353434808275,2,0.22431061812446562,0,0,0.13458637087467937
-0.12731890157303924,-0.837835010010094,2,0.09091377569174991,0,0,0.054548265415049944
-0.3498649557715339,0.7245744452406464,0,0.22425657068941177,0,0,0.13455394241364704
0.018223368434351284,-0.9491605474202709,2,0.21414284398863342,0,0,0.12848570639318005
-0.1469096817700759,-0.9707398734023287,2,0.16465342644265452,0,0,0.09879205586559271
-0.3130265318515358,-0.13547307538945919,2,0.12438364479245637,0,0,0.07463018687547382
0.19082779822139498,-1.0988665982020949,2,0.16412278074778253,0,0,0.09847366844866952
-0.8970775273286222,2.479915552289776,0,0.10777000186540381,0,0,0.06466200111924228
-0.1461785147754947,-0.11551992187557014,2,0.13870982155194475,0,0,0.08322589293116685
-0.19536453115146057,-0.04035305288795649,0,0.161263328236242,0,0,0.09675799694174521
-0.03912642367561496,-1.016417409172532,2,0.16162647760894894,0,0,0.09697588656536936
-0.06229174237150061,-0.8462222947494598,2,0.09016842381662077,0,0,0.05410105428997246
0.08464672247834135,-1.1621352067225827,2,0.03971048319233438,0,0,0.023826289915400627
-0.10384508522233352,-0.5741542348149178,0,0.13563450711622962,0,0,0.08138070426973777
-0.04099885036851123,-1.155921616953297,2,0.12004651999186812,0,0,0.07202791199512087
0.07722006645980044,-1.6109331195611545,2,0.15547455422624545,0,0,0.09328473253574728
-0.2031037781562641,0.07461480762971677,2,0.1373450582194656,0,0,0.08240703493167936
-0.16919415032392826,-0.6572480602751201,2,0.12024946199567646,0,0,0.07214967719740588
-0.6825155564856531,0.9906147320866479,0,0.13811999893178983,0,0,0.0828719993590739
-0.5990044846126953,0.7511452439280779,0,0.11219841792655107,0,0,0.06731905075593064
0.22819116274107476,-1.8971538330088173,2,0.1048217677885954,0,0,0.06289306067315724
-0.3434652194757702,0.5929487040947823,2,0.13920970066677624,0,0,0.08352582040006575
4.986940811423657,5.894120523553352,1,0.35683336110221237,0,1,0.6141000166613274
0.09153760992730428,-1.3204205275509502,2,0.13425595246475236,0,0,0.08055357147885141
-0.5041137922759379,1.101462876291706,0,0.15819639382984002,0,0,0.09491783629790401
-0.9560828883549222,2.5431466817631487,0,0.17791678275233136,0,0,0.10675006965139881
-0.5460414320535024,0.08811989097887604,0,0.11842956854005762,0,0,0.07105774112403457
0.1083633158172697,-1.2688669225827842,2,0.19271747803588868,0,0,0.11563048682153321
-0.035726501662134896,-0.5803242309798553,2,0.19055275705053681,0,0,0.11433165423032209
-0.6699557017137433,2.156042309119155,0,0.13523045091204883,0,0,0.08113827054722929
-0.009806045450663733,-0.7499842984775529,2,0.15954223360173578,0,0,0.09572534016104146
-0.5438921944824414,0.6456381860719735,0,0.15729604723549961,0,0,0.09437762834129977
-0.6737200993026038,1.2816443131969357,0,0.16313654064631936,0,0,0.09788192438779161
6.610520385849585,0.6127460495627508,1,0.11740365975712602,0,1,0.4704421958542756
-0.001906368874588676,-0.7585566114050908,2,0.10999633364643567,0,0,0.0659978001878614
-0.6863163664093951,1.5460033972042975,0,0.0854503125279788,0,0,0.05127018751678728
-0.049117643840942506,-0.7865788577391319,2,0.18001719520641252,0,0,0.10801031712384751
-0.3692338563816817,-0.010563988927625698,2,0.050748673920376186,0,0,0.03044920435222571
-0.06177308024812284,-1.2092936816112994,0,0.17832668932121049,0,0,0.10699601359272629
-0.41212843176822267,0.5774376381652664,0,0.12299963200793768,0,0,0.0737997792047626
6.564621853018818,0.4015467184858306,1,0.15873892711196544,0,1,0.4952433562671793
-0.1964824363387477,-0.6997189431668864,2,0.11944475211068524,0,0,0.07166685126641115
-0.25909498127385633,-0.6499736166233132,2,0.130105742020493,0,0,0.07806344521229579
-0.32246368885482324,-0.17207855215633452,2,0.07264265111087609,0,0,0.043585590666525655
-0.4723724076821676,0.6357411384286462,0,0.0945157244258148,0,0,0.056709434655488875
-0.40167543808713263,0.639113093512538,0,0.07411722733073273,0,0,0.044470336398439635
0.005174036192632379,-1.387396223183226,2,0.12133352551409166,0,0,0.072800115308455
0.12131921285844259,-1.5016558204759054,2,0.14847783505051357,0,0,0.08908670103030814
5.217857375671421,1.2997962704813038,1,0.08772018950804789,0,1,0.45263211370482875
-0.22578818986431817,-0.3516802379067073,0,0.14371143731773414,0,0,0.08622686239064048
5.264055978826442,0.39976544048429846,1,0.13308168559089242,0,1,0.4798490113545355
-0.5472589380055519,0.8560436837670338,0,0.1338454337397798,0,0,0.08030726024386788
-0.3888283181772939,0.10125599485558612,0,0.10991825380310083,0,0,0.0659509522818605
-0.4230170131667331,0.8931759452610064,0,0.10878225629108726,0,0,0.06526935377465236
0.15613634391034997,-1.3157224165925347,2,0.17968495229217657,0,0,0.10781097137530594
-0.43414508988143813,0.36636687335975276,0,0.09343279143676907,0,0,0.05605967486206144
6.676814996583213,0.6575401219659462,1,0.0640891950838632,0,1,0.43845351705031793
-0.021004283075813743,-0.6708857313740402,2,0.1486261360600061,0,0,0.08917568163600366
-1.9215309888118361,6.078745493673571,0,0.6218927608604682,0,0,0.3731356565162809
-0.40931881308083984,0.8762711027342147,0,0.17614342678320707,0,0,0.10568605606992425
-0.6154566280597955,1.40727664535767,0,0.10507805399566106,0,0,0.06304683239739663
-0.025526096327396622,-1.0404330612513577,2,0.10213030841298848,0,0,0.06127818504779309
0.04094147440485212,-1.3604043930665684,2,0.12618141806490232,0,0,0.0757088508389414
-0.1431662838210821,-0.6144487162279662,2,0.12870321276500318,0,0,0.0772219276590019
0.06955629739347126,-1.7202623701555932,2,0.13932242899515984,0,0,0.08359345739709591
-0.4219171236212485,0.4886578787462685,2,0.1297530427694763,0,0,0.07785182566168578
-0.10837454146597651,-1.1554216020360661,2,0.06001328637253495,0,0,0.03600797182352097
-0.42346155243089345,0.8478698272366958,2,0.15208161149052996,0,0,0.09124896689431797
-0.16225524502416036,-0.4420784341885529,2,0.13373862646695867,0,0,0.0802431758801752
-0.009016980301459155,-0.5997413248928567,2,0.12319179429681802,0,0,0.07391507657809081
0.07912486516396636,-1.3531578904697101,2,0.09632909457564452,0,0,0.05779745674538671
0.027955495361520165,-1.0849069808729808,2,0.11269224735783563,0,0,0.06761534841470138
-0.13187954624998607,-1.1562058946699088,2,0.16058241032302273,0,0,0.09634944619381364
-0.7585102387618365,1.2704367692618108,0,0.14595235037153279,0,0,0.08757141022291967
-0.616991818721978,0.8631552411414007,0,0.13182634017163875,0,0,0.07909580410298324
-0.8678841715605979,1.911989921089121,0,0.08539491349353462,0,0,0.05123694809612077
-0.12170767803358139,-1.1144886381462424,2,0.10669001224924621,0,0,0.06401400734954772
7.640683385972414,1.3255156577790563,1,0.14014592556576794,0,1,0.4840875553394608
-0.34724391306077973,-0.13960445612978895,0,0.050989128853389507,0,0,0.030593477312033702
-0.7544746507007754,0.85240540301592,2,0.2733503771185009,0,0,0.16401022627110054
-0.6317602876063566,0.7451542987451276,0,0.1399955319212773,0,0,0.08399731915276638
-0.6815934575971166,0.7804176491529746,0,0.17264112646443164,0,0,0.10358467587865898
5.231573634990947,0.7975514090054288,1,0.08676817958206565,0,1,0.4520609077492394
0.1349376807836642,-1.159311554448182,2,0.18511296370769553,0,0,0.11106777822461732
-0.04527114930476337,-1.1664567147096234,2,0.07422305030820414,0,0,0.044533830184922484
7.357846764636505,1.8583411105350565,1,0.10213906826457438,0,1,0.46128344095874463
-0.2887273839915323,-0.6074300695600603,2,0.2568705173231511,0,0,0.15412231039389065
0.0697382918833465,-0.9659067748110126,2,0.10839056469577857,0,0,0.06503433881746713
-0.4416324222987057,0.18283333064831492,0,0.17364701640630847,0,0,0.10418820984378509
-0.390603815788569,0.2810074760054768,2,0.1572084173550242,0,0,0.09432505041301452
-0.18497888656117212,-0.48296476154049917,2,0.08748936974442115,0,0,0.05249362184665269
-0.32811728486528385,-0.603064900502339,0,0.13933271209881748,0,0,0.08359962725929049
-0.5824523886389923,0.7291819534858697,0,0.11582345379826575,0,0,0.06949407227895944
-0.2127537774823513,-0.7694256387288634,2,0.1589882361177798,0,0,0.09539294167066788
-0.43541179288826737,0.725919834292065,0,0.06291570794971915,0,0,0.03774942476983149
0.4433537790568118,-2.3886036078733226,2,0.15371267280192594,0,0,0.09222760368115555
-0.5579534453764621,1.0249462028729595,0,0.1283593942662098,0,0,0.07701563655972588
-0.04840211775729721,-0.40362175766977065,2,0.13690278472517328,0,0,0.08214167083510397
-0.1256940886598066,-0.6260362128139676,2,0.08794558399469486,0,0,0.05276735039681692
0.08336651779883376,-1.1510919551439047,2,0.0833527663346537,0,0,0.05001165980079222
-0.045502870634547894,-1.2654448800355917,2,0.11972420450945567,0,0,0.0718345227056734
-0.7394830637560657,1.7593394014153827,0,0.0457523467491888,0,0,0.02745140804951328
-0.1584836939936659,-0.33188614428602836,2,0.0839951874931532,0,0,0.05039711249589192
0.011855388086913147,-1.8645551472229824,2,0.1281131368413924,0,0,0.07686788210483543
-0.09540909088543637,-1.6347579200484839,2,0.17232610761727055,0,0,0.10339566457036233
5.286316336621127,1.3081170361604546,1,0.08563767015451139,0,1,0.45138260209270686
0.04404535504650925,-1.0569373650898324,2,0.12084539561303909,0,0,0.07250723736782345
-0.5336995416364454,0.6801338967261421,0,0.0735799668925401,0,0,0.044147980135524054
0.29837294966966416,-2.2440901690680706,2,0.12009535796404713,0,0,0.07205721477842827
0.3054598015196777,-2.3999878436679087,2,0.17043518316925532,0,0,0.1022611099015532
-0.2412641077333557,-0.5589936856941276,2,0.06581777139267392,0,0,0.03949066283560435
-0.17297513780809778,-0.4127078333938754,2,0.03547789054659353,0,0,0.02128673432795612
-0.07143442417710893,-0.8319741047841522,2,0.1308978494299625,0,0,0.07853870965797749
-0.04034844274065918,-1.0831014871982907,2,0.10899216608852005,0,0,0.06539529965311203
0.002907199539637636,-1.239256892267526,2,0.06757530647926066,0,0,0.040545183887556395
0.130314466393004,-1.166184691013708,2,0.16949561132500912,0,0,0.10169736679500548
-0.1389094338427107,-0.8699831174456492,2,0.13933555936659703,0,0,0.08360133561995821
5.504559395440556,0.36854128429399596,1,0.1714466314504503,0,1,0.5028679788702702
-0.10439455903976942,-0.8739651630825516,2,0.1212957760558284,0,0,0.07277746563349705
-0.09463403868993829,-1.1558458768661581,2,0.09660445009519289,0,0,0.05796267005711573
-0.1973348163460904,-0.16139182640473132,2,0.16106177339621286,0,0,0.09663706403772772
0.2317959718871995,-2.160297795328054,2,0.15087248356286692,0,0,0.09052349013772015
0.2128826627005277,-1.6422875030423316,2,0.12783934759807422,0,0,0.07670360855884453
-0.3349877543300937,-0.6074626275349475,2,0.2535391818160725,0,0,0.15212350908964348
-0.26266632197994444,0.03994695284053296,0,0.11731690357060272,0,0,0.07039014214236163
0.1276029532267234,-1.4531099290321539,2,0.14827711632945842,0,0,0.08896626979767505
0.06260062480067727,-1.1395628787254073,2,0.18376086649145212,0,0,0.11025651989487127
-0.3282256122901268,-0.15020789040440238,2,0.18038729334408243,0,0,0.10823237600644946
-0.22567658607985486,-0.06999928946622053,2,0.14601677849126002,0,0,0.08761006709475601
-0.4116654965959059,0.5836318317336309,0,0.13699413175971717,0,0,0.0821964790558303
0.02615368281444061,-1.5791990279636199,2,0.09957244333068102,0,0,0.05974346599840861
0.07873229292720024,-1.2404448708966676,2,0.09315345112335072,0,0,0.055892070674010426
-0.025722496101705968,-0.800572003154435,0,0.2026702181742894,0,0,0.12160213090457364
-0.0701190525248669,-1.0628242591460113,2,0.15747047218570653,0,0,0.09448228331142391
-0.7491385887033054,1.242796318627368,0,0.1454128588251168,0,0,0.08724771529507007
-0.2971065792717026,-0.12347461587466935,2,0.06652933449553408,0,0,0.03991760069732045
-0.39655467643207387,0.7310024760164515,0,0.2470548237526826,0,0,0.14823289425160954
-0.5798615936095528,0.8740518492230964,0,0.11626352435027111,0,0,0.06975811461016267
-0.8068093627620813,1.0973841695070812,2,0.2649441298718068,0,0,0.15896647792308408
0.23584270101886665,-1.9166378410845388,2,0.1353251666915029,0,0,0.08119510001490174
-0.017762295917527066,-0.8618716742924482,2,0.12657112242306343,0,0,0.07594267345383805
-0.15760866270093005,-0.9311026552172788,2,0.15275562239495455,0,0,0.09165337343697273
0.19382504419563465,-1.8048279280979482,2,0.11974704598441656,0,0,0.07184822759064993
-0.32155151646927066,-0.0771894770343204,2,0.07103232308075831,0,0,0.042619393848454985
-0.30443004439165106,0.30655336591405197,2,0.10969403664988306,0,0,0.06581642198992983
-0.3646472913348112,0.4436582628177501,0,0.06723665653343333,0,0,0.04034199392006
0.3183934388325598,-2.5689122104879614,2,0.19517221251899247,0,0,0.11710332751139547
-0.12717848459183673,-1.1226591666909849,2,0.21254622740961338,0,0,0.127527736445768
-0.42392400534254865,0.7436653902099648,0,0.1343288625620506,0,0,0.08059731753723036
-0.5677645791558061,0.5247975803192864,0,0.14780915231538275,0,0,0.08868549138922964
-0.10519555899893686,-0.07175109646576608,2,0.12900007100101324,0,0,0.07740004260060794
-0.4183262492952882,0.6806875037564641,2,0.06493819579290398,0,0,0.03896291747574239
-0.8355727491716645,1.2876266556440172,2,0.26769337129746135,0,0,0.1606160227784768
-1.8273741935967436,5.143113347959641,0,0.3749328914160758,0,0,0.22495973484964546
-0.025418194785789522,-1.4621249045878,2,0.11175911363154287,0,0,0.06705546817892571
-0.4715615157614194,0.7196058533865368,0,0.08740751235736183,0,0,0.05244450741441709
-0.42472636728728114,0.7221259835445482,2,0.15131763258502706,0,0,0.09079057955101623
-0.6402017633282471,0.5368553310742623,2,0.2162260067324654,0,0,0.12973560403947923
-0.27646648860612116,-0.6698167313207728,2,0.2388963810562449,0,0,0.14333782863374692
-0.13119386673916905,-0.46574003440776157,0,0.13911002305196682,0,0,0.08346601383118009
-0.20291443762514363,-0.3739611631228856,2,0.11231949497867581,0,0,0.06739169698720548
-0.6195007877914336,1.429237954394651,2,0.18074393211236303,0,0,0.10844635926741782
-0.0926492039557139,-0.7568905589104957,2,0.06499783003229806,0,0,0.03899869801937884
-1.1403057337714193,3.5654754146451397,0,0.2432709303263537,0,0,0.14596255819581222
-0.22315539778715085,-0.5102204759229986,0,0.06002871196499379,0,0,0.036017227178996275
-0.13354447354159676,-0.5667036218001922,2,0.10235672955120426,0,0,0.06141403773072255
7.088327145156408,3.08340411992614,1,0.19786431332376012,0,1,0.5187185879942561
0.017415334622361806,-1.413220301469736,2,0.0904546068465269,0,0,0.054272764107916135
0.22995084022517936,-1.7708114374092783,2,0.13186861040955988,0,0,0.07912116624573592
0.13150195216419885,-1.287975491907073,2,0.13365345046281993,0,0,0.08019207027769196
-0.01871470592177559,-0.9207813431373015,2,0.0407787056325036,0,0,0.02446722337950216
4.4915499651749595,-0.5625045314692461,1,0.1818955985399769,0,1,0.5091373591239862
-0.0714039070414261,-0.8442185563426643,2,0.13972199248984524,0,0,0.08383319549390714
0.05196124611915882,-1.3750421387738352,0,0.17015830408756785,0,0,0.10209498245254071
-0.6411447458220285,0.6685007768351565,2,0.2673866465565077,0,0,0.1604319879339046
0.008234525624324142,-1.2391042166838424,2,0.08501766308438269,0,0,0.05101059785062961
-0.3279438118044898,0.0043251984030842905,0,0.1023014819043148,0,0,0.06138088914258888
0.1608603125283507,-1.7199105348057608,2,0.1439869149995182,0,0,0.08639214899971093
0.15446755502509787,-1.5831712219411664,2,0.1310414585510572,0,0,0.07862487513063432
4.717535107098738,2.3194564906961204,1,0.1486178939107061,0,1,0.48917073634642366
-0.22550596185771915,-0.6133884172026309,2,0.08891938322230175,0,0,0.05335162993338105
6.4669499893153155,1.0227363228851671,1,0.29806912034668254,0,1,0.5788414722080095
-0.09935685719392838,-0.9461078007299579,2,0.12248736931454955,0,0,0.07349242158872973
-0.10866766299238811,-1.462698756326265,2,0.09762546437501787,0,0,0.05857527862501072
-0.8329660225132937,2.2158898674881966,0,0.15472765042981615,0,0,0.09283659025788969
-0.138391646929771,-0.5257810312188159,0,0.10958750867380926,0,0,0.06575250520428555
-0.5685480156958649,1.2716237184567205,0,0.18454872478425494,0,0,0.11072923487055296
-0.4597002552473016,-0.9137847559296466,2,0.2869546325901404,0,0,0.17217277955408425
-0.24732740430190434,-0.3413635941229463,2,0.13148618151582592,0,0,0.07889170890949555
-0.21792095859877733,-0.3647134456365622,0,0.13055832590477925,0,0,0.07833499554286755
-0.4282557482498648,-0.17797245271369028,2,0.22451512806936857,0,0,0.13470907684162114
-0.33194103211225306,-0.25910670376336375,0,0.09565017670813072,0,0,0.05739010602487843
-0.9086197814824231,2.0808968839285638,2,0.19268430699684835,0,0,0.115610584198109
-0.6412438041720626,0.37230584944146283,0,0.12903555827919463,0,0,0.07742133496751678
0.00800413735563411,-0.9747963473119292,2,0.13044276381926756,0,0,0.07826565829156053
-0.2965458017555215,-0.24169671331905457,2,0.05822781369036517,0,0,0.0349366882142191
-0.5845608515885663,0.6487375010985366,0,0.2629114145867269,0,0,0.15774684875203612
-0.005963479230181123,-0.9818317473512812,2,0.1640678020264315,0,0,0.0984406812158589
-0.44409301012447694,0.5115082648167542,0,0.10052134332551341,0,0,0.06031280599530804
-1.0408419439741285,2.2437469730081516,0,0.19175200781323634,0,0,0.1150512046879418
-0.5696431084762107,0.8095706004525773,0,0.16658445475310296,0,0,0.09995067285186178
-1.439738246650703,3.783879484413031,0,0.2178635893359344,0,0,0.13071815360156064
-0.3511504213155391,0.2932541159153468,2,0.12717835199339794,0,0,0.07630701119603876
-0.796216536571467,1.8284175414353876,0,0.050491210189775405,0,0,0.03029472611386524
-0.1278837817098452,-0.7823342588738245,2,0.11721366245201177,0,0,0.07032819747120705
-0.6700167702570123,1.743673941916028,2,0.18026646396428114,0,0,0.10815987837856868
4.802633058927111,2.4719627410564766,1,0.14072428668604658,0,1,0.484434572011628
-0.22377335031224987,-0.594096379327975,2,0.09536631622235366,0,0,0.05721978973341219
0.009861338177851104,-1.0230390946118502,2,0.058400344524169104,0,0,0.03504020671450146
-0.10663018642336738,0.03121150127274317,0,0.14596733403982626,0,0,0.08758040042389575
-0.10741070134143929,-1.545101781307437,2,0.14123922080341764,0,0,0.08474353248205058
-0.18483965210039235,-0.17382239611408332,2,0.12293377717875778,0,0,0.07376026630725467
-0.6697673887002982,1.1277279584007593,0,0.1810383135109218,0,0,0.10862298810655309
-0.16099285251001927,-0.9777019090340213,2,0.02910231378065174,0,0,0.017461388268391043
-0.15948763186362636,0.29254083922108143,0,0.200603345399141,0,0,0.12036200723948459
-0.26902417223211966,-0.8722712664422989,2,0.11538933427476554,0,0,0.06923360056485932
-0.1391615005138275,-0.35910039371290736,2,0.10859040517492018,0,0,0.0651542431049521
-0.6571737915176141,1.3954693319862217,0,0.05208432535780156,0,0,0.03125059521468093
0.057162813368065085,-1.1269902380097092,2,0.06966826041946775,0,0,0.04180095625168065
0.0004610135660173646,-1.3744632919027917,2,0.0402903783376559,0,0,0.02417422700259354
-0.6775098793620307,0.780199566526802,0,0.12239660933815483,0,0,0.0734379656028929
-0.2259565103097464,-0.6079288977062431,2,0.10151657718878634,0,0,0.060909946313271804
-0.24503739724694193,-1.107619997328484,2,0.1327682418626229,0,0,0.07966094511757374
-0.5469677850696735,1.387062346530853,0,0.1507309111535279,0,0,0.09043854669211675
-0.664792694493556,1.092017003195398,0,0.06566741090407952,0,0,0.03940044654244771
-0.5517660025033456,0.740741410084425,0,0.1480991682548107,0,0,0.08885950095288642
0.09748947507299899,-0.6791814993840355,2,0.12937447401772076,0,0,0.07762468441063246
-0.5309733225596014,0.8194032421614745,0,0.06408920842235104,0,0,0.03845352505341062
0.1329989097783386,-1.295427134617295,2,0.06588574438051248,0,0,0.03953144662830749
-0.2980776270547022,-0.6131886698300391,2,0.13130931624984193,0,0,0.07878558974990515
-0.32190103555156097,-0.23401635504660784,2,0.13423543976684474,0,0,0.08054126386010683
-0.376509732623841,0.026590465810855182,0,0.08808935463754458,0,0,0.052853612782526746
-0.37503219970761326,0.19517829528333255,0,0.15707532303067095,0,0,0.09424519381840257
-0.038724588694421656,-0.8256641973747758,2,0.04268513443889497,0,0,0.02561108066333698
-0.5108753658047741,0.00043194925478360485,2,0.23678595889473297,0,0,0.14207157533683978
-0.2489017675470442,-0.07157867180303898,0,0.08233507971899759,0,0,0.04940104783139855
-0.05624428694835019,-0.5821126252476994,2,0.10384726049386121,0,0,0.06230835629631672
-1.0764415330104071,2.7251512915115534,0,0.11925025064475683,0,0,0.0715501503868541
-0.3229907656567753,-0.06349437429120905,0,0.08065319560384004,0,0,0.04839191736230403
0.11290377411432177,-1.3555089889790752,2,0.13524668177233737,0,0,0.08114800906340242
0.14936746544654972,-1.1442497976804245,2,0.15414803968686644,0,0,0.09248882381211986
-0.41891263058685946,0.5057137865014993,0,0.08682460345455827,0,0,0.05209476207273496
-0.6724188664856318,1.2774037446650137,0,0.206434222870952,0,0,0.12386053372257119
0.19033808271322883,-1.5323425707817282,2,0.13176741334450778,0,0,0.07906044800670467
-0.2020586479692405,0.23196563961820849,2,0.18755145770964787,0,0,0.11253087462578872
7.139276447674416,3.3721480853039907,1,0.15908066771272455,0,1,0.49544840062763473
-0.03948405159381905,-0.9975896344460573,2,0.10290371931561745,0,0,0.06174223158937047
-0.6333888193021752,0.792728136959219,0,0.12640055294653343,0,0,0.07584033176792006
-0.32512318645317273,-0.5123526136428678,2,0.23307230097727563,0,0,0.13984338058636536
0.06189757163081937,-0.7166204276125676,2,0.15155851221061278,0,0,0.09093510732636767
-0.5649735278675059,0.8786567232467124,2,0.14936652615846432,0,0,0.08961991569507859
-0.1751364691268176,-0.40560396782418967,2,0.17763979996411666,0,0,0.10658387997846999
-0.1966532114877286,-0.31967805397107085,0,0.11339003104084608,0,0,0.06803401862450764
-0.09093980937996955,-0.28996925275031743,2,0.14231913932759233,0,0,0.08539148359655539
-0.5206721067918902,0.7285329635290134,0,0.05290075501983805,0,0,0.03174045301190283
-0.35560453615592924,0.4921907608540323,0,0.13884983153620634,0,0,0.0833098989217238
-0.28421635789553423,-0.24448208119695905,2,0.04530321267849238,0,0,0.027181927607095428
-0.6006351053573218,0.8242949498680696,0,0.24875892515886555,0,0,0.14925535509531931
0.026482670239426923,-1.2373950453966085,2,0.18759229381974263,0,0,0.11255537629184557
-0.2847626110153763,0.1540543791446029,2,0.1052312908330344,0,0,0.06313877449982064
7.3804761373013,2.4830784021909102,1,0.13400722689799932,0,1,0.4804043361387996
-0.03798287027050241,-0.6690574871322386,2,0.06298386438809463,0,0,0.03779031863285678
-0.5391763402743256,0.4606323328716321,2,0.19734291823800673,0,0,0.11840575094280403
-0.05055896162242741,-1.243654141546247,2,0.11837412610435173,0,0,0.07102447566261104
-0.3989545467597877,-0.16230887537842278,0,0.08199285121431524,0,0,0.049195710728589144
-0.2703320320333408,-0.7547989622121507,2,0.19895979443464315,0,0,0.11937587666078589
-0.7983927775166713,1.941323244480499,0,0.0844870122773136,0,0,0.05069220736638816
-0.5480708239598185,0.9137612028566813,0,0.06856442154014694,0,0,0.041138652924088165
-0.8579037683316372,2.1950193241080154,0,0.11582832398649937,0,0,0.06949699439189962
0.317153722043871,-1.706305556722548,2,0.10118825041492195,0,0,0.060712950248953165
-0.29846980163993325,0.051822041848216024,0,0.14057097611969882,0,0,0.08434258567181929
-0.09778694297953397,-1.5092202206613305,2,0.234112246337132,0,0,0.1404673478022792
-0.5518802489840644,1.3961046090238514,0,0.11853291480846968,0,0,0.07111974888508181
-0.655806807966926,1.441040758797879,0,0.0991090941486772,0,0,0.05946545648920632
-0.2338499331603818,-0.6691290999177151,2,0.08955495093464683,0,0,0.053732970560788094
-0.17614290925728293,-0.6408572272599526,2,0.09830056282004837,0,0,0.05898033769202902
-0.19537269202627952,-0.6527685567180255,2,0.07820179560274183,0,0,0.0469210773616451
0.00583217865273628,-1.1666650448141906,2,0.10890629885485696,0,0,0.06534377931291417
-0.23661567044736512,-0.21899840842422386,2,0.107008676337332,0,0,0.0642052058023992
-0.1075540465078938,-0.9182720000042692,2,0.09230555579968298,0,0,0.05538333347980979
3.8803345029159506,1.1758484553456174,1,0.16128059878892745,0,1,0.4967683592733565
0.13716703522451504,-1.5523424806097545,2,0.17159928533339058,0,0,0.10295957120003435
-0.7219726814073271,1.3840814692251893,0,0.07035913772155117,0,0,0.0422154826329307
-0.19983764288611866,-0.28891133489630944,2,0.06355296919483316,0,0,0.038131781516899894
-0.12910773951274426,-0.9080658158685408,2,0.15105820445194384,0,0,0.09063492267116631
5.2428745722884775,0.6297681946634579,1,0.28769807153902693,0,1,0.5726188429234161
0.03908026341506892,-1.1012185683742637,2,0.12092717392722405,0,0,0.07255630435633442
-0.026246486079193762,-1.6773766860214718,2,0.1674609835696982,0,0,0.10047659014181892
0.14829246037130794,-1.1760456802551116,2,0.1776734314950444,0,0,0.10660405889702664
-0.7916496129668592,1.8974926657136475,0,0.06457084696239745,0,0,0.03874250817743847
-0.028849337443489394,-0.6633934857038817,2,0.06788738597975544,0,0,0.04073243158785326
-0.005463387239720315,-0.6988691536375888,0,0.23821459365297365,0,0,0.1429287561917842
3.5069951681339067,2.214600562818783,1,0.17809956118197473,0,1,0.5068597367091848
-0.09639113323640854,-0.6487981935416376,2,0.19581633839427123,0,0,0.11748980303656273
-0.6466648833270964,0.7549120015029,0,0.11144886064729623,0,0,0.06686931638837773
-0.04737624880767324,-1.1438896376476326,2,0.154578329046595,0,0,0.09274699742795699
-0.07192537786632196,-1.21654563391717,0,0.19213243344847766,0,0,0.1152794600690866
0.03571054763313757,-0.8512289307107315,2,0.10945659019230324,0,0,0.06567395411538193
-0.5596813907972733,0.5535539521751576,0,0.09711225628676673,0,0,0.058267353772060035
-0.41227168028213146,0.07057238513671918,0,0.19508932591484932,0,0,0.11705359554890958
-0.34022011860006857,0.7630221510222099,2,0.20193443460841684,0,0,0.1211606607650501
0.1568656526601693,-1.6747491247992106,2,0.14339398266184866,0,0,0.0860363895971092
0.136137869351784,-1.5415173562161744,2,0.1581292444930548,0,0,0.09487754669583287
-0.1574688450475043,-0.786595313059824,2,0.2441990635626774,0,0,0.14651943813760643
-0.3388993885657609,0.0651064520189414,2,0.10262603778988218,0,0,0.061575622673929305
-0.5611820432074898,1.6274663263398519,2,0.18638189439151895,0,0,0.11182913663491137
0.19589463275197147,-1.6718787256734742,2,0.11399601303209815,0,0,0.06839760781925888
-0.15648260930921895,-0.5090164918250303,2,0.1462309084384526,0,0,0.08773854506307156
0.06716095874208897,-0.9942658475732558,2,0.12660188913010884,0,0,0.0759611334780653
0.32478783251805093,-2.1265935301465246,2,0.10941160833526137,0,0,0.06564696500115681
-0.43509154554383933,-0.052557241887933585,2,0.18613811888186715,0,0,0.11168287132912029
0.04882345659810789,-1.3336306869228676,0,0.20974942553177298,0,0,0.12584965531906378
-0.6464925036724634,0.6873216868318541,0,0.09075588980264243,0,0,0.054453533881585456
0.17234878796365125,-1.753114429301292,2,0.13634600622274182,0,0,0.08180760373364508
-0.024739949375811213,-1.3685299154037136,2,0.12033160717652118,0,0,0.0721989643059127
-0.7538407494325606,2.1630075115206036,0,0.15816614572294352,0,0,0.0948996874337661
-1.3297239012442625,4.352752757289622,0,0.3038695967353087,0,0,0.18232175804118522
-0.014155108207446821,-1.1574670511209983,2,0.12682523631752657,0,0,0.07609514179051594
-0.14779623054507682,-0.7985667248244543,2,0.05919482303953848,0,0,0.035516893823723084
-0.02986608459839358,-1.7294533204933877,2,0.1124773023675988,0,0,0.06748638142055928
-0.04088915867843448,-1.630192870361204,2,0.2593607365585763,0,0,0.15561644193514576
-0.06414574216124266,-1.4547968542584597,2,0.11617431829144652,0,0,0.0697045909748679
-0.32140372231169473,-0.5614443071396469,2,0.1884550532523223,0,0,0.11307303195139339
-0.6297244788999944,0.7178750672116756,0,0.06432555176829574,0,0,0.03859533106097744
0.12196093021968828,-1.1209191205522786,2,0.12466573648267779,0,0,0.07479944188960667
-0.12075043211889848,-0.9196779998498443,2,0.11764785709173767,0,0,0.0705887142550426
-0.1657543823296497,-0.609392349201,2,0.08551684468217037,0,0,0.051310106809302224
-0.3252742148009286,-0.32203036363372567,0,0.07374118462213021,0,0,0.04424471077327812
-0.38752218632404417,0.06281446757020477,2,0.10882650738568714,0,0,0.06529590443141228
-0.4897044624790246,1.443367031082748,0,0.1651818807965346,0,0,0.09910912847792075
0.10023548286597173,-1.417372442214761,2,0.026637910594617887,0,0,0.01598274635677073
-0.2262238367203813,0.05276192963645698,2,0.15358840928828363,0,0,0.09215304557297017
-0.6741231941195063,1.2635444618274045,0,0.08115480411758483,0,0,0.0486928824705509
0.008269011945043135,-1.1536056078825587,2,0.05746906600807571,0,0,0.034481439604845426
-0.5259052899778881,0.8313344609227158,0,0.12839723986933152,0,0,0.0770383439215989
-0.5931995452819857,0.16099673405367293,0,0.16647163544073354,0,0,0.09988298126444012
0.11857309574690306,-1.0229354686004604,2,0.1171559343568719,0,0,0.07029356061412313
7.317274645444031,2.095644206775218,1,0.2277819830977919,0,1,0.5366691898586752
0.13714315763550777,-1.6073981464720442,2,0.05251696640783184,0,0,0.0315101798446991
-0.6037908718284489,0.8149698940543264,0,0.12025896348366712,0,0,0.07215537809020027
-0.5245855496220153,-0.2278799577485725,2,0.2546197858673577,0,0,0.1527718715204146
-0.06617664192709036,-1.1567714238413667,2,0.1045500891029468,0,0,0.06273005346176808
-1.09713201333525,2.6918909229456447,0,0.12908385884620974,0,0,0.07745031530772584
-0.2175902998652462,-0.3700037600548523,2,0.17612856833846857,0,0,0.10567714100308113
-0.30868800781330413,0.3229856261927929,2,0.09343697559827954,0,0,0.056062185358967724
-0.687242168360725,0.9688788040331862,0,0.09318398192447852,0,0,0.05591038915468711
-0.19135669483950116,-0.8314732642823375,2,0.13441508896760546,0,0,0.08064905338056327
-0.299850133705904,-0.12699949896904197,2,0.11234554247124563,0,0,0.06740732548274737
-0.09995568799256874,0.04446771346806197,2,0.16031512058870717,0,0,0.0961890723532243
0.03683911338161612,-1.027248326942904,2,0.06924420632587426,0,0,0.04154652379552456
-0.23211067870943092,-0.4732410844270542,2,0.12730847286895378,0,0,0.07638508372137226
-0.5736821589755517,0.5188612120165461,0,0.16413770952169401,0,0,0.0984826257130164
-0.757058534768184,1.7012332526231086,0,0.19742102105413936,0,0,0.1184526126324836
-0.4601851981219863,0.6617138202002177,0,0.15017420783509033,0,0,0.09010452470105419
-0.16094789249373442,-0.11904440508329968,2,0.1764264267477506,0,0,0.10585585604865036
0.13714132792028044,-1.6109162698300798,2,0.0074243629248585295,0,0,0.0044546177549151175
-0.4205377611154617,-0.35338906486132526,0,0.1550689795302086,0,0,0.09304138771812516
-1.2296304659818342,3.4297236929686,0,0.1749602254660809,0,0,0.10497613527964854
0.08440667665169799,-1.3395695559301035,2,0.11777612646166352,0,0,0.07066567587699811
0.13429583454974348,-1.762787417117507,2,0.13995260813743227,0,0,0.08397156488245935
-0.20821660935159847,-0.37672348837838504,2,0.11359392538368619,0,0,0.06815635523021171
-0.2300854252842353,-0.5212121638912924,2,0.12176426182731777,0,0,0.07305855709639066
-1.508589999450818,3.720629143999053,0,0.369806309511603,0,0,0.2218837857069618
-0.27704807039716145,-0.426382399129836,0,0.0623758498829913,0,0,0.03742550992979478
-0.17323803332911386,-0.6587335541624271,2,0.13643954730493268,0,0,0.0818637283829596
-0.049143568980113066,-1.6105157800203618,2,0.12514389575931714,0,0,0.07508633745559028
-0.8470701121178443,1.506345005730819,0,0.09979110734521071,0,0,0.059874664407126424
-0.6091154042144811,1.0290746932301649,2,0.2573252783599673,0,0,0.15439516701598038
-0.5136816724257491,0.3477479891355519,2,0.2166403849406705,0,0,0.1299842309644023
4.106609886038361,0.5198358488458015,1,0.13296506877503325,0,1,0.47977904126501997
-0.1055681671221484,-0.41756101077365815,2,0.08809902682160704,0,0,0.052859416092964226
-1.0212278409213669,1.9073828533010022,0,0.328900014586793,0,0,0.1973400087520758
-0.31772781307678666,-0.4077566909925348,2,0.14166150755921594,0,0,0.08499690453552956
-0.2277085809520169,-0.7048598516604474,2,0.12479324725267468,0,0,0.07487594835160481
-0.626090238852597,0.9185328510614545,0,0.06208926552892029,0,0,0.03725355931735217
-0.7206321313920142,1.4284764458659,0,0.09223527196560168,0,0,0.055341163179361004
-0.020735290638967417,-0.5616470081769294,2,0.18582824765773934,0,0,0.1114969485946436
-0.7128958717540521,0.7182607557246723,0,0.19013310796417404,0,0,0.11407986477850442
5.826919154023448,3.1530983300501814,1,0.1843357157136961,0,1,0.5106014294282177
-1.34947907132915,3.737334511502957,0,0.20425991318191813,0,0,0.12255594790915088
0.0837189154727776,-2.1730740425196253,2,0.18668011488889918,0,0,0.1120080689333395
0.149270708829242,-1.6189903054008017,2,0.190810338696588,0,0,0.1144862032179528
-2.203760308466674,6.888986089163199,0,0.6011523376765845,0,0,0.3606914026059507
-0.10041176306892804,-0.41473150863327213,2,0.12183403527085036,0,0,0.07310042116251021
-0.4670619906699415,0.2505204732268492,2,0.193689744577971,0,0,0.11621384674678259
-0.2321395340047626,-0.3418274993633057,2,0.10373511810818889,0,0,0.06224107086491333
-0.5038293421381208,0.596541760712364,2,0.09919383060394749,0,0,0.05951629836236849
-0.08064439884562581,-0.7425861759902401,2,0.16611660870737577,0,0,0.09966996522442546
-0.21476540644893183,0.12416252417779516,0,0.1403981205631688,0,0,0.08423887233790128
-0.9183964228028376,1.9050558194483764,2,0.2623449314298918,0,0,0.15740695885793507
0.022667803566462773,-1.2552285084277823,2,0.09543843707861235,0,0,0.05726306224716741
-0.3943368722928525,0.2915798865178495,2,0.15419868914159537,0,0,0.09251921348495722
-1.0468535657529634,2.4639881538182835,0,0.07691429457068912,0,0,0.04614857674241347
-0.053013402275099535,-1.1526312885183403,0,0.13799287708272426,0,0,0.08279572624963455
-0.05000612122238996,-1.294085605090979,2,0.17673421247037244,0,0,0.10604052748222347
0.007645195235029513,-1.0387541247086673,2,0.11531747670481397,0,0,0.06919048602288838
0.18886102527681187,-1.6916002850651495,2,0.1360956238685063,0,0,0.08165737432110377
-1.7300238433786894,5.320975036241383,0,0.33601683649707614,0,0,0.20161010189824569
-0.5752662833954515,0.7301762200878601,0,0.22896214198228243,0,0,0.13737728518936945
0.03012061834289831,-1.3972440475513144,2,0.1259605224477041,0,0,0.07557631346862245
0.19946862939041654,-1.258412879476062,2,0.14592942256351354,0,0,0.08755765353810813
-0.09207617730847031,-0.9164716017770809,0,0.1261799109212163,0,0,0.07570794655272978
-1.005332924414099,2.7981115237222682,0,0.13105596382631685,0,0,0.07863357829579011
0.11238341552271122,-1.2386854631820032,2,0.14530636214812478,0,0,0.08718381728887487
0.050853907349095125,-1.7937447293973456,2,0.08709950915408615,0,0,0.05225970549245169
-1.1760692967127455,3.3595104503752613,0,0.22542012943505335,0,0,0.135252077661032
0.15159014361706394,-1.8265262558577036,2,0.21432024928325344,0,0,0.12859214956995205
7.236871931115199,3.215575390019626,1,0.1674558492931171,0,1,0.5004735095758703
-0.1481743659805283,-0.9880206906472784,2,0.07029436661854689,0,0,0.042176619971128135
0.02240660052140754,-1.594813107595052,2,0.11843753323551717,0,0,0.0710625199413103
-0.13495590428038545,-0.530911912034929,2,0.14166038524822666,0,0,0.084996231148936
-0.3318194582957831,0.5306462592023786,0,0.14025583642955158,0,0,0.08415350185773095
0.07800002280146616,-1.35962108646795,2,0.07291121766479149,0,0,0.04374673059887489
-1.054857411826771,2.7734269662494087,0,0.2173104079971549,0,0,0.13038624479829294
-0.4018365455283808,0.6276221746284711,2,0.11510899074549462,0,0,0.06906539444729677
-0.7194626325514747,1.5063349677583677,0,0.14648247980568757,0,0,0.08788948788341254
-0.4068111329269362,-0.23207298527279469,0,0.11206521258849252,0,0,0.06723912755309551
0.1885149880272027,-1.302049287939337,2,0.1816587620431113,0,0,0.10899525722586677
-0.09873905536656723,-0.8433913472186696,2,0.07928162602710721,0,0,0.047568975616264324
0.027611411949297084,-0.6983462974186152,2,0.13855811172367938,0,0,0.08313486703420762
-0.32448873498632697,0.1662017858938962,0,0.14086898517631524,0,0,0.08452139110578914
-0.7769488522853483,1.727808207057673,0,0.11142328538645262,0,0,0.06685397123187156
-0.8278307655948125,1.4409490359064328,0,0.08335524462126562,0,0,0.05001314677275937
3.4297629916367867,2.4889768231827056,1,0.22690886534496538,0,1,0.5361453192069793
-0.4423046203146223,0.36176802833027943,2,0.16918152766412423,0,0,0.10150891659847454
-0.45900931610467904,0.7967108819923983,0,0.18954747757295876,0,0,0.11372848654377525
0.13357564924208698,-1.2638515630489915,2,0.10047377959011022,0,0,0.06028426775406613
-0.04464540959541528,-0.5447671257094826,2,0.12897266642776384,0,0,0.0773835998566583
-0.1936999482803267,-0.5406519700064474,2,0.12961744597997676,0,0,0.07777046758798606
-0.612613028996043,0.3102436360919441,0,0.2475408296327702,0,0,0.14852449777966212
0.014856873901938948,-1.0390854512540395,2,0.0997932395593541,0,0,0.059875943735612454
-0.36465477702847077,-0.003263385803009066,0,0.10231315601033339,0,0,0.061387893606200034
-0.02779470899485298,-1.1437923045469878,2,0.06115558349976398,0,0,0.036693350099858385
4.504031013853865,-0.7663584081960537,1,0.18655700459175403,0,1,0.5119342027550524
-0.7254090048644278,1.5558979903279415,2,0.15177292653241758,0,0,0.09106375591945055
-0.4028902940386414,0.5449997512632372,0,0.13034869996751863,0,0,0.07820921998051118
-0.4086724407931918,0.2839150448478817,0,0.1783116009534542,0,0,0.1069869605720725
-0.20957948662453502,-0.5159289336589689,2,0.05074280288514394,0,0,0.030445681731086364
0.20678129495216765,-1.3525017582808907,2,0.1771768697822385,0,0,0.1063061218693431
-0.13380601613993223,-0.6278449993894821,2,0.09649737582350952,0,0,0.05789842549410571
-0.45773399419296484,-0.03778639133778101,2,0.12717368745753435,0,0,0.07630421247452061
-0.20839485250218548,-0.730840556502927,2,0.12977596209269232,0,0,0.0778655772556154
-0.22506837235860339,0.0646569250634896,2,0.09099838394168411,0,0,0.054599030365010466
0.1120336716643621,-1.6440844006838493,2,0.07131995434224295,0,0,0.042791972605345764
-0.2148687185352628,-0.6216004579825947,2,0.0854880928205739,0,0,0.05129285569234434
-0.19676830312394372,0.03730659245035402,0,0.13022490598601197,0,0,0.07813494359160718
-0.46607332102009974,0.857732786623902,0,0.1137900445345573,0,0,0.06827402672073438
-0.5849544700625791,0.9682694916565864,0,0.1069736081749011,0,0,0.06418416490494067
-0.3717045018147879,0.2875318641745005,2,0.13314971966666792,0,0,0.07988983180000074
-1.0131975086409244,3.2521474808953568,0,0.229977345572825,0,0,0.137986407343695
-0.09298351412573513,-0.9522366993386404,2,0.16808522743016396,0,0,0.10085113645809837
-0.1516878442800744,-0.49760851167339304,2,0.10181835815486551,0,0,0.0610910148929193
-0.001321131295283112,-0.9874239969992191,2,0.1016283355078005,0,0,0.0609770013046803
-0.12565762350638096,-0.8758422149335161,2,0.09226364129718857,0,0,0.05535818477831314
-0.33671680134644427,-0.14942983700989493,2,0.12764124894796844,0,0,0.07658474936878105
-0.2782648954059679,-0.10779164742129033,0,0.1566605018294243,0,0,0.09399630109765457
-0.34754849932150955,0.8494640018347703,0,0.19214865068012799,0,0,0.11528919040807678
-0.8597921221662496,1.7882418473512653,0,0.1777940364784552,0,0,0.10667642188707312
0.060806147675792455,-1.5141450832021963,2,0.16535984870739695,0,0,0.09921590922443817
-0.138428600844521,-0.33548699261564324,2,0.15399948613308334,0,0,0.09239969167985
-0.006804598470307536,-1.6721665942917263,2,0.16963597402527184,0,0,0.10178158441516309
0.008218984044060186,-1.0534380737180131,2,0.1055043796468478,0,0,0.06330262778810868
-0.15702553335935457,-0.9852480911508352,2,0.08968640849576227,0,0,0.053811845097457366
-0.23438989663731993,-0.6303085462497602,2,0.14136027327151973,0,0,0.08481616396291183
-0.01210614974793582,-0.7799025256791097,2,0.08845300074919508,0,0,0.05307180044951705
-0.7242389880868684,1.748624041387103,0,0.08411165219128455,0,0,0.05046699131477073
-0.022192689955811036,-1.2629879232434436,2,0.05793113249669265,0,0,0.03475867949801559
-0.07001504912755245,-0.4801749868102572,2,0.11978660078316708,0,0,0.07187196046990024
-0.11456787785520368,-1.2224833019439396,2,0.046149826426069414,0,0,0.027689895855641647
-1.0828714671087196,2.648054379316938,0,0.0979979353036217,0,0,0.05879876118217302
-0.11953604724668944,-0.5249692502845877,2,0.14495590941928185,0,0,0.0869735456515691
-1.4768626514148977,4.465735631244806,0,0.27311765089320195,0,0,0.16387059053592115
-0.20083824798278913,-0.3179492014125331,2,0.09889982631573817,0,0,0.0593398957894429
-0.5413026493960357,0.8234087203751672,0,0.11135121669415311,0,0,0.06681073001649186
-0.14820450622465275,-0.45821267365930607,2,0.13944673462563237,0,0,0.08366804077537941
0.07730071930673457,-0.9648966519576709,2,0.1322272428848959,0,0,0.07933634573093754
5.03312589304291,0.6929108000522375,1,0.20177445782879283,0,1,0.5210646746972757
-0.6449685176638252,1.2281754463960095,0,0.2934557929856234,0,0,0.17607347579137403
-0.33917133353530665,0.46749633439407884,0,0.14962659872276585,0,0,0.08977595923365951
0.08298497588537439,-1.379918634333696,2,0.07546035623658987,0,0,0.04527621374195392
0.04567853257900038,-1.592220967340734,2,0.06903437951347018,0,0,0.0414206277080821
-0.11164412049061366,-0.12002056532349624,2,0.1367314513327232,0,0,0.08203887079963391
0.1108245066354157,-1.1499246604782452,2,0.14314772943982887,0,0,0.08588863766389732
-0.6568133932682716,0.8889784203716686,0,0.10127052388898206,0,0,0.06076231433338923
0.03327872482688648,-1.7135503695642438,2,0.14019894788413403,0,0,0.08411936873048041
-0.21849190477369462,-0.4110726885198315,2,0.12278345016701607,0,0,0.07367007010020964
-0.3229057767177087,-0.6209603096084049,2,0.11833821026252488,0,0,0.07100292615751493
7.559047806195254,1.4732050179834075,1,0.09518807399084077,0,1,0.4571128443945045
-0.1584140034270642,-0.35264607972092593,2,0.10513540758281768,0,0,0.06308124454969061
-0.2765042901925779,-0.6202485412699135,2,0.12260548272862669,0,0,0.07356328963717601
0.1026625512475541,-0.9874788505001,2,0.11708402126961454,0,0,0.07025041276176872
-0.33212024393878753,-0.32352497292474364,2,0.24233854580645223,0,0,0.14540312748387133
-0.9579126744160698,3.1460980099010207,0,0.19972405568540413,0,0,0.11983443341124247
-0.047816078289099145,-0.5264297961150664,2,0.13737653112805842,0,0,0.08242591867683505
-0.10517409299011721,-1.1985448937832777,2,0.0853186677627686,0,0,0.05119120065766116
-0.3044602594620706,-0.5127684185274146,2,0.15244254854412634,0,0,0.0914655291264758
-0.4004860251954353,-0.01503674590612821,2,0.06615540560547832,0,0,0.039693243363286994
-0.29000398657323007,0.4018923322299589,0,0.21667486912953512,0,0,0.13000492147772108
-0.36911881710572597,-0.4268867802245284,2,0.13475992042442525,0,0,0.08085595225465515
-0.564248634212574,1.1472155626439615,0,0.15802575911165098,0,0,0.09481545546699059
-0.08053191673740676,-1.0546853211602631,2,0.05537056118676853,0,0,0.03322233671206112
-0.13706368783720072,-0.7131690329411966,2,0.25632128262938003,0,0,0.15379276957762802
-0.10387409073478016,-0.22235315343603956,2,0.11368501581635006,0,0,0.06821100948981003
-0.17072662844291223,-0.9275343763120665,2,0.06149447764173851,0,0,0.0368966865850431
0.04135275723786397,-1.565010279172043,2,0.08613524144946433,0,0,0.0516811448696786
0.08736140463456706,-0.6280520257950359,2,0.20135422584971682,0,0,0.1208125355098301
-0.4636565761057333,-0.05496902023980605,2,0.1930681716344099,0,0,0.11584090298064594
-0.06424075371640842,-0.7908113530224326,2,0.07612746046312388,0,0,0.04567647627787433
-0.49593641104727654,0.9388197404848173,0,0.08800669108924566,0,0,0.0528040146535474
0.04478421960464691,-1.188278088505747,2,0.04078437146774725,0,0,0.02447062288064835
-0.5139213128770894,0.7195693197809399,0,0.11294557396240924,0,0,0.06776734437744554
-0.5713730156740259,0.5553914081997959,0,0.0998985003804409,0,0,0.05993910022826454
-0.8415897817437559,2.684632371730077,0,0.17190503299884105,0,0,0.10314301979930462
-1.5887718249763598,4.785421718647534,0,0.3749845746883618,0,0,0.2249907448130171
0.001246510185954541,-0.9672468907924228,2,0.048738523381953856,0,0,0.02924311402917231
-0.1829075374360506,-0.5055367037440819,2,0.03933798089322944,0,0,0.023602788535937665
0.14103228296317438,-1.3796177612746143,2,0.17121882146315992,0,0,0.10273129287789595
-0.045129939291641455,-0.30488026577275473,2,0.17174138539074804,0,0,0.10304483123444882
-0.26121717426704394,-0.08001736355593668,0,0.09953470956809299,0,0,0.05972082574085579
-0.19044045497930723,-0.3382396431436047,2,0.14534015478630302,0,0,0.08720409287178181
-0.385461022284429,0.9445871574434437,0,0.12735582823631902,0,0,0.0764134969417914
-0.4614784491998427,0.8950798987194657,0,0.15683419581533814,0,0,0.09410051748920288
0.1519077670449644,-0.9227033602699153,2,0.1784440636323032,0,0,0.10706643817938191
0.06968554363393638,-1.3922215096613586,2,0.17517779039179696,0,0,0.10510667423507818
-0.10099300415577671,-0.846061317234333,2,0.0756808006273345,0,0,0.045408480376400696
-0.2852142072934455,-0.16511914984066628,0,0.1655804268610056,0,0,0.09934825611660336
-0.33481645037677826,0.17324742632216567,2,0.12717686842694526,0,0,0.07630612105616714
-0.6222904407909099,1.5841800766698628,0,0.1626519858221721,0,0,0.09759119149330327
-0.13304689259584426,-0.9321223394365212,2,0.13174748148350784,0,0,0.0790484888901047
-0.8337487091157076,1.7464619179397398,0,0.0376362089382273,0,0,0.02258172536293638
-0.274441020540466,-0.39914838272342695,2,0.14122968202900424,0,0,0.08473780921740254
-0.6259871187752393,1.621928959539609,0,0.06684605690545442,0,0,0.040107634143272654
-0.5126107366123169,0.4656110730424963,2,0.10338329207849575,0,0,0.06202997524709745
-0.04860903092208204,-1.3478467707186073,2,0.10140573453751213,0,0,0.060843440722507275
-0.5499130824523468,0.7798008961744876,0,0.09828701667921169,0,0,0.05897221000752701
-0.03248603006614325,-0.5696503661771908,2,0.15588245005162926,0,0,0.09352947003097756
0.0805932819376824,-1.6275666706500453,2,0.20211595458143117,0,0,0.12126957274885869
-0.24366474671193214,-0.20022984624303544,2,0.14657401025722638,0,0,0.08794440615433582
-0.4694174319946801,0.8451068041472853,0,0.09085180068361384,0,0,0.054511080410168306
-1.9710105543068726,5.809562272225893,0,0.4551169051444579,0,0,0.2730701430866747
-0.07733208782571417,-0.6675504219584927,2,0.07890728540358757,0,0,0.047344371242152544
-0.7078889762683555,1.356327741645168,0,0.12991098438750456,0,0,0.07794659063250274
0.010433088381150988,-0.7374008079643899,2,0.13526949885270834,0,0,0.081161699311625
-0.03918800664915017,-0.987428378842309,2,0.09675327143678614,0,0,0.05805196286207168
-0.43690179156825054,0.6173768430580866,0,0.14933357103827546,0,0,0.08960014262296527
-0.27602993416531835,0.3606487989386686,0,0.10411089059618385,0,0,0.06246653435771031
-0.6423348644633747,-0.05099705175601286,2,0.36674474657015976,0,0,0.22004684794209586
-0.13771332697388394,-0.8880665348976848,0,0.29844879209744846,0,0,0.17906927525846908
-0.19036629762931725,-1.2715790708134158,2,0.20457747328401585,0,0,0.1227464839704095
0.15001586431361755,-1.2959393056078747,2,0.14152334428031027,0,0,0.08491400656818616
-0.7077736216363972,1.7031467345735332,0,0.09228039032566279,0,0,0.05536823419539767
-0.7310132035187134,1.0178988876521278,0,0.0810070558622937,0,0,0.04860423351737622
-0.390581060437018,0.9979580501535255,0,0.1767475099775145,0,0,0.10604850598650871
-0.26462084410887393,0.054443466768309884,2,0.13643144286780884,0,0,0.0818588657206853
-0.29651868806089815,-0.1716951746479824,2,0.14468015840104584,0,0,0.0868080950406275
0.037898887778849234,-0.766864208839344,2,0.19273083272055455,0,0,0.11563849963233272
-0.054489107389361933,-0.35794390753753647,2,0.10792881301647074,0,0,0.06475728780988244
-0.2012934011662224,-0.565201785836069,2,0.0952473335430027,0,0,0.05714840012580162
-0.6255568783614154,0.5486419281975974,0,0.16481771507719942,0,0,0.09889062904631965
-0.32097012790808743,0.21578495981933957,0,0.1301371107658371,0,0,0.07808226645950225
-0.0760633410315272,-0.9772126217752486,2,0.12761227573390937,0,0,0.07656736544034562
-0.38041368865356456,0.6795257024284735,0,0.1474042262865757,0,0,0.08844253577194543
-0.3690270372831537,0.03937352669531076,0,0.36125759324467055,0,0,0.21675455594680232
-0.7319223795939362,1.0686209760685046,0,0.14447897090433268,0,0,0.0866873825425996
0.14939803457793202,-1.0859934446059496,2,0.128799756184045,0,0,0.07727985371042699
-0.2334186705699846,-0.031413486746461126,2,0.07024200942072313,0,0,0.042145205652433876
0.027615944877662828,-1.0856637904660058,0,0.2121294530687515,0,0,0.12727767184125088
-0.13927384095966733,-1.214229366410752,2,0.1480801897455815,0,0,0.08884811384734889
-0.12723384519399542,-0.4308343928304761,2,0.05311261370141558,0,0,0.031867568220849345
0.08970830807774065,-2.0519012236017815,2,0.13683741859527135,0,0,0.0821024511571628
-0.4070692026481058,0.16197851900551047,0,0.10326444229994693,0,0,0.06195866537996815
-0.5636759900847388,0.8483685930744578,2,0.21419112108786373,0,0,0.12851467265271824
-0.015003631472750028,-1.6644010466388643,2,0.15153126223309532,0,0,0.09091875733985719
5.273909901457519,1.4325894630035587,1,0.07996479097855645,0,1,0.44797887458713387
-0.15123348235436365,-0.983559838825524,2,0.07028087402418856,0,0,0.04216852441451314
-0.21497953877884832,-0.005997042739843951,0,0.25210211909671704,0,0,0.15126127145803023
0.18457537033906454,-0.8992102507936179,2,0.22796410277530899,0,0,0.1367784616651854
0.1947197844350703,-1.7060651789509873,2,0.06301483135567015,0,0,0.03780889881340209
-0.42469197492980687,-0.2708393193825076,0,0.21195082901867776,0,0,0.12717049741120665
-0.06896542975545107,-1.4880576500662273,2,0.19802422878058676,0,0,0.11881453726835205
-0.5679430107860322,0.9214920931466068,0,0.05209203153439339,0,0,0.031255218920636034
-0.43162945540403896,0.873973667361513,0,0.1523886974363292,0,0,0.09143321846179753
-0.6527453592916274,1.0146869511435268,2,0.2287835464391055,0,0,0.1372701278634633
-2.571758519755293,8.581418552110001,0,0.7658633729242807,0,0,0.4595180237545684
-0.18357049015296634,-0.7214916727001437,2,0.14084691773668187,0,0,0.08450815064200912
0.23550587029345543,-1.5394549902773373,2,0.1456064987164179,0,0,0.08736389922985073
-0.2619186627440704,-0.8005480409339265,2,0.12621369735861515,0,0,0.0757282184151691
-0.024284761208708976,-1.02583920399256,2,0.16275050282579245,0,0,0.09765030169547546
-0.3493292128181134,0.526199138887004,0,0.06717608368556814,0,0,0.04030565021134088
0.11958783534975927,-1.0901592655180843,2,0.1030812504795187,0,0,0.06184875028771122
-0.5720283513316102,0.5912285986765535,0,0.16231805326251073,0,0,0.09739083195750643
0.27773458585889993,-1.757785593574078,2,0.11374866315090974,0,0,0.06824919789054584
3.6324372616229796,2.4041344041497568,1,0.14626570404307992,0,1,0.48775942242584797
-0.5703981393851796,0.773984322028666,0,0.08779102562190623,0,0,0.05267461537314374
-0.07217539011494627,0.26842159714135244,2,0.19671125954519753,0,0,0.11802675572711852
0.1273479394020598,-1.4104648616842657,2,0.1141179863598286,0,0,0.06847079181589716
-0.11065092478377411,-0.35921895762060485,2,0.06876138283533269,0,0,0.041256829701199614
-0.07204266810875519,-0.6379623169077822,2,0.08592669568040422,0,0,0.051556017408242526
-0.11067325961610942,-0.9835249758132463,2,0.045932952203473924,0,0,0.027559771322084353
-0.05752245302719353,-1.3647679917581261,2,0.10961557907502008,0,0,0.06576934744501205
-0.3199112922529432,-0.608685762413363,0,0.1686555592941901,0,0,0.10119333557651405
-0.9754438609996218,2.5533339108265736,0,0.18269871188085043,0,0,0.10961922712851026
-0.35586953713199,-0.15553980579904608,2,0.2350188886079226,0,0,0.14101133316475356
-0.5486832139232919,0.8520683430600495,0,0.03468368824517613,0,0,0.020810212947105677
-0.15083564661587864,-0.9087106442996122,2,0.15678935344112171,0,0,0.09407361206467303
-0.03747178538605265,-1.2264363838336068,2,0.03678581793752236,0,0,0.022071490762513413
-0.32140637285249796,0.03604683952064032,0,0.0893930790316576,0,0,0.053635847418994555
0.14537600893299263,-1.684562110850052,2,0.20499974072005517,0,0,0.1229998444320331
-0.2049433667183717,-0.3373016036501235,0,0.10474997554573005,0,0,0.06284998532743803
-0.18601898919660664,-0.5829857399693938,2,0.17513036565784734,0,0,0.1050782193947084
-0.33280193850948186,0.04193009146387608,2,0.1049868952976649,0,0,0.06299213717859894
0.24626439483736542,-2.154702924183243,2,0.12725994655757833,0,0,0.07635596793454699
-0.8943286653302557,2.458986998669525,0,0.25665695565815566,0,0,0.15399417339489338
0.05594214152585637,-1.3401226228334309,2,0.059286950647944314,0,0,0.03557217038876659
0.10490627278657827,-1.3460321444432872,2,0.19402050240565938,0,0,0.11641230144339562
-0.340909886039605,-1.2655287420276802,2,0.2933152294470298,0,0,0.1759891376682179
-0.1756378729399237,-0.9000738903600034,2,0.19842418128615394,0,0,0.11905450877169235
-0.30396804162817187,-0.1048099329584997,2,0.19051246451250556,0,0,0.11430747870750332
0.15032575126564596,-1.5785412253198785,2,0.11802674969314349,0,0,0.07081604981588609
-0.7341192591673444,1.5325612433563072,0,0.10961491165633022,0,0,0.06576894699379814
-0.6035052096264167,1.0782014653826126,0,0.14520610799414732,0,0,0.08712366479648839
-0.7915483514089853,2.3024370851773766,0,0.2066443919565953,0,0,0.12398663517395718
0.18584713160832908,-1.6610521508814562,2,0.15468630063760175,0,0,0.09281178038256105
-0.365275825459342,-0.412640788510039,0,0.12397474195876132,0,0,0.07438484517525679
-0.9140247067227204,2.0127113716932925,0,0.12142626780153083,0,0,0.0728557606809185
-0.19619896304594445,-0.30384610020716535,2,0.10449658462356654,0,0,0.06269795077413992
-0.11726360592694175,-1.1638313188899443,2,0.13625860847024887,0,0,0.08175516508214932
-0.09054927839455933,-1.2001584743714975,2,0.11969234457032578,0,0,0.07181540674219547
-0.5688053328698899,1.0101582654376433,0,0.10523188916568625,0,0,0.06313913349941175
0.08602988519081427,-1.3473526494745829,2,0.06643615761759003,0,0,0.03986169457055402
3.991976653375025,0.7981259023748839,1,0.14020200664867855,0,1,0.48412120398920716
-0.07982199331742419,-0.8840785023328677,2,0.08137722186122776,0,0,0.048826333116736655
-0.3191199530700814,0.38914462637213093,0,0.17678119625989303,0,0,0.1060687177559358
-0.34495738915905577,-0.557155877917942,2,0.08744453798032684,0,0,0.0524667227881961
-0.1256931103373805,-0.5211429645605916,0,0.12336913708059673,0,0,0.07402148224835803
-0.17125892160519668,-0.42134696256494586,2,0.12808975052603513,0,0,0.07685385031562107
-0.061039758006919985,-1.3775797209178036,2,0.15974030802157446,0,0,0.09584418481294467
-0.19262618005017082,-0.25642076903078204,2,0.1406556144604265,0,0,0.0843933686762559
5.30581922839555,0.9418848743230415,1,0.058376481611785686,0,1,0.43502588896707145
-0.3418454872613168,-0.27228135035541273,2,0.11011128371839309,0,0,0.06606677023103585
-0.9844473411197616,1.7994980134724026,0,0.16755105939391188,0,0,0.10053063563634712
-0.06545590089680314,-0.881948516441216,2,0.18750344553918757,0,0,0.11250206732351253
-0.38168228797645887,-0.2857727810950964,2,0.05310619437031853,0,0,0.03186371662219112
-0.5528846964050084,1.126720617547063,0,0.11673296041284952,0,0,0.07003977624770971
0.12072202793418642,-1.548732354897209,2,0.032753547069216654,0,0,0.019652128241529992
-0.08972255649433807,-0.45935341947985686,2,0.11320563977835295,0,0,0.06792338386701177
0.20088245819005235,-1.1172754222281218,2,0.10208726325323723,0,0,0.06125235795194234
0.32887339836255647,-1.7358072170114536,2,0.10052949561460793,0,0,0.06031769736876476
-0.48207002165143525,0.4432862027364267,2,0.2264567407761061,0,0,0.13587404446566367
-1.1153170979338558,3.0552596407807835,0,0.21881555645384448,0,0,0.13128933387230668
-0.7073522031370006,1.7620959402892182,2,0.16154165252146171,0,0,0.09692499151287702
-0.12218631773159895,-1.6281869475602526,2,0.1313903847033721,0,0,0.07883423082202326
0.09665732670281019,-1.5456484125698957,2,0.11111101450993692,0,0,0.06666660870596215
-0.1710090267718317,-0.6409971241580483,2,0.17371942547492614,0,0,0.10423165528495568
-0.07020005737732025,-0.5197481876358259,2,0.16668974255382885,0,0,0.10001384553229731
4.818191342374532,2.3356583573079015,1,0.18307461868849412,0,1,0.5098447712130965
-0.31840629250217317,-0.35785170704503944,2,0.2740294800926638,0,0,0.16441768805559828
-0.5195155958584692,0.9191135128254286,0,0.08521148193381209,0,0,0.05112688916028725
-1.1813102803074713,3.514855192687435,0,0.247036884116423,0,0,0.1482221304698538
-0.6127861315482128,1.2635015313987654,0,0.1810487557232546,0,0,0.10862925343395276
-0.5220916221081257,1.0054918874565686,0,0.11358814643474924,0,0,0.06815288786084954
-0.9097836041918477,2.0443958319831532,0,0.14380860579011617,0,0,0.0862851634740697
0.11801934704598226,-1.6782891227958403,2,0.06809328897600667,0,0,0.040855973385604
-0.4253444352364501,0.5969093202665634,0,0.11960123088949093,0,0,0.07176073853369455
-0.19769034179228245,-0.7700918261605447,2,0.1368382017926366,0,0,0.08210292107558195
-0.7716289091510515,0.9184929461329436,0,0.1085513460275705,0,0,0.06513080761654229
-0.22095402696568653,-0.991708423303479,2,0.20216708944866746,0,0,0.12130025366920047
-0.9725902274178936,2.215963450076469,2,0.2586336687567967,0,0,0.15518020125407803
-0.16487968840368725,-0.8113433990884675,2,0.19938645264697716,0,0,0.11963187158818629
-0.7686325523654102,0.6619976638842249,0,0.18056500238009623,0,0,0.10833900142805773
0.05349690405537982,-1.8733536230981265,2,0.15926565107740676,0,0,0.09555939064644405
0.23905187055472776,-1.8781720347474,2,0.11584061696022843,0,0,0.06950437017613706
-0.37810966032284477,0.20968808003985795,2,0.18649225787394522,0,0,0.11189535472436712
-0.23098898870603202,0.03734378591324791,2,0.07857253655968001,0,0,0.047143521935808
-0.9497843160352136,2.6432685078120133,0,0.19586695051944816,0,0,0.11752017031166889
-0.45829214563554355,0.3692564177761118,2,0.15483882355033893,0,0,0.09290329413020336
0.22959703229901546,-2.274404347150932,2,0.18161982249869998,0,0,0.10897189349921999
0.1707873360927915,-1.393944614477988,2,0.06235225361964825,0,0,0.03741135217178895
-0.15973037089354936,-0.7125476792505623,2,0.10328311404144173,0,0,0.061969868424865036
-0.37117898258548393,-0.2044295082460985,2,0.12957548025431376,0,0,0.07774528815258826
-0.42241718491495234,0.7836645229571904,0,0.15531089319611752,0,0,0.09318653591767051
7.86044681475561,0.9562733569106847,1,0.17926218809239974,0,1,0.5075573128554398
-0.9393932809059091,2.5408379896859032,0,0.22978768446005413,0,0,0.13787261067603246
-0.43549193696739946,1.004454441889026,0,0.18920135431335217,0,0,0.11352081258801129
-0.3308856918410414,-0.15424853468238683,0,0.2663593108970254,0,0,0.15981558653821523
-0.28009004785949876,-0.49932303787872057,2,0.06753642985502652,0,0,0.04052185791301591
0.10957334469940232,-1.9126272968875098,2,0.22880931078852856,0,0,0.13728558647311714
-0.34069285480863504,1.0061974188032592,0,0.13369129767000992,0,0,0.08021477860200595
-0.415349603534777,0.20141315561533432,2,0.10975506002184185,0,0,0.0658530360131051
0.05107531916837764,-1.5780957314252813,2,0.07956603424068862,0,0,0.04773962054441317
-0.30546325411501146,-0.28380629287725634,0,0.20213858719496916,0,0,0.12128315231698149
-0.5932977176121372,0.8056916424715799,2,0.13380442659054187,0,0,0.08028265595432511
0.13964184926750922,-1.6253829929004986,2,0.09990544240378553,0,0,0.05994326544227131
0.0008483184684772108,-0.3343814014441411,2,0.1067723085402552,0,0,0.06406338512415312
-0.6061237512838645,0.6695874285430259,0,0.1735805911039917,0,0,0.10414835466239503
-0.33821259219886624,0.40559155797151536,2,0.1386551951694527,0,0,0.08319311710167163
-0.6920614475727171,1.2090744057077576,0,0.08069296890520364,0,0,0.04841578134312218
0.050729535285285975,-1.1604602200232381,2,0.12362964668755093,0,0,0.07417778801253055
-0.6163109671279093,0.9025189811717675,0,0.09455403516017118,0,0,0.0567324210961027
-1.1143303961844961,2.715721236487715,0,0.1840781460860982,0,0,0.11044688765165893
-0.18875709993698625,-1.2531719007958828,2,0.2252391087242962,0,0,0.1351434652345777
-0.5476757679364629,0.9793946947679459,0,0.09753749457475526,0,0,0.05852249674485315
0.11776145823524653,-1.9483410928306095,2,0.12142897200094215,0,0,0.07285738320056528
-0.5285135847148327,1.0082650589393147,0,0.15540262003328326,0,0,0.09324157201996995
-0.3785627436188918,-0.08936870797539606,2,0.154775781124025,0,0,0.092865468674415
-0.30317801677193085,0.32434276739072015,2,0.11829906304823867,0,0,0.0709794378289432
-0.43073012573120645,-0.4537623071696931,0,0.13341189572801715,0,0,0.08004713743681029
-0.6242219776409652,1.084692093153295,0,0.07975236438753802,0,0,0.04785141863252281
7.2443948990796505,3.147786530196243,1,0.1419876828364125,0,1,0.4851926097018475
-0.730157922293782,1.3127614420543114,0,0.09787100743041059,0,0,0.058722604458246355
-0.17104158267989067,-0.10448894620773734,2,0.1097335629294029,0,0,0.06584013775764173
-0.8217513757940996,0.5303891724997907,2,0.3070339515488842,0,0,0.1842203709293305
0.34141799005851614,-2.4435508110147928,2,0.11382359560082206,0,0,0.06829415736049323
-0.11832099031719161,-0.5205607916968967,2,0.21312805481914257,0,0,0.12787683289148555
-0.20791152477259459,-0.4824340988136202,2,0.1684591538643898,0,0,0.10107549231863389
0.15344575014181125,-1.3968044403343907,2,0.12418632812059424,0,0,0.07451179687235654
0.07907573697171848,-1.9195182874110444,2,0.22201583917978293,0,0,0.13320950350786975
-0.43693571050382896,0.24202866312653826,0,0.16952525393182186,0,0,0.1017151523590931
-0.013030652652507782,-0.6493493737622167,2,0.15810674045242357,0,0,0.09486404427145413
0.13953256773157108,-1.4934705497705083,2,0.13168667334616135,0,0,0.07901200400769681
-0.2365291505733734,-0.48755557324148924,2,0.060003479576006415,0,0,0.036002087745603845
-0.43728319043304187,0.2524491286807846,0,0.14591075579899115,0,0,0.08754645347939469
-0.2552977924123158,-0.5142038943857633,2,0.10020571047702095,0,0,0.06012342628621257
-0.40244405372487474,0.3553008647015587,2,0.15847889480795008,0,0,0.09508733688477004
-0.034445135548585436,-1.2977006784147538,2,0.0760444312086063,0,0,0.04562665872516378
0.1755052205287731,-1.326692143230127,2,0.12320148762178183,0,0,0.0739208925730691
-0.32523253706763855,-0.3632183555138879,0,0.10851716291832116,0,0,0.0651102977509927
-0.035898304280820185,-0.6319607230202664,2,0.1640134763111973,0,0,0.09840808578671838
-0.8629867837872466,1.734385070140426,0,0.18523509371996008,0,0,0.11114105623197605
-1.6011172425055162,4.928548373003515,0,0.3479218960278531,0,0,0.20875313761671185
-0.7819896693390413,2.349533037006564,0,0.13524155495494494,0,0,0.08114493297296696
-0.02905459588073101,-1.167210286657156,2,0.10594423962798544,0,0,0.06356654377679126
0.0895732900009687,-1.1893986971133534,2,0.025199659275613955,0,0,0.015119795565368372
-0.5763924062606975,1.4719630130802632,0,0.24725761742832075,0,0,0.14835457045699244
-0.18114537854787763,-0.48380330253577836,2,0.04591805416443262,0,0,0.027550832498659573
-0.42970265338902885,0.448637757521552,0,0.09133447242367058,0,0,0.05480068345420235
0.019937488139643682,-0.611760217620176,2,0.15758493217081596,0,0,0.09455095930248957
0.07503921390484271,-1.9224590747464563,2,0.09410129586314993,0,0,0.05646077751788996
-0.164137853964724,-1.2499855504488917,2,0.16994220961959336,0,0,0.10196532577175602
5.29449999701925,0.6141622880189779,1,0.13403244422609106,0,1,0.48041946653565465
-0.2145893416256957,-0.6979932309292309,2,0.2262815082840841,0,0,0.13576890497045047
-0.5001830544589395,1.125056918611704,0,0.1334259719368556,0,0,0.08005558316211335
6.719236723421692,-0.1915580906242546,1,0.1432751760172626,0,1,0.4859651056103576
-0.44315950277573096,0.636045903661163,0,0.07828597697264097,0,0,0.04697158618358458
-0.6054293864739488,1.361854077864968,0,0.161500989434821,0,0,0.0969005936608926
-0.5947726637593965,1.185191124747364,2,0.16164557738011945,0,0,0.09698734642807166
-0.06753380453136998,-0.37210616138418096,2,0.13167012182881807,0,0,0.07900207309729083
-0.6642291135798469,1.3751845483434686,0,0.12023528191112573,0,0,0.07214116914667544
-0.6144372121829442,1.0569741095876029,0,0.011487329428227168,0,0,0.006892397656936301
-0.353686494136656,0.03945623407842207,0,0.2605433224847206,0,0,0.15632599349083237
-0.20659936686740182,-0.7641457334472945,2,0.20051314017094832,0,0,0.12030788410256898
-0.08450036913131684,-0.6317001756130873,2,0.21955318867583865,0,0,0.13173191320550318
-0.5847798497530406,1.326164516225288,0,0.07110018235537746,0,0,0.042660109413226475
-0.0014878649521277761,-0.4930370301341547,2,0.13795666562975106,0,0,0.08277399937785064
-0.33394872668456066,-0.17193925851280578,2,0.12400489439428775,0,0,0.07440293663657264
-0.353846141721566,-0.7005039323115225,2,0.203239385211026,0,0,0.12194363112661559
-0.5231447643527357,1.0144245554112088,0,0.07710315483225891,0,0,0.046261892899355346
-0.5451460817732978,1.0825883889161187,0,0.0975118561122398,0,0,0.058507113667343874
-1.420330716994572,3.8771544735768915,0,0.3190929351182733,0,0,0.191455761070964
0.1275028947078307,-1.1655612508747883,2,0.24220333283103662,0,0,0.14532199969862197
-0.23391276378207618,-0.17403680587677223,2,0.0254435084773021,0,0,0.01526610508638126
-0.7679129076015294,1.5299911698853912,0,0.09538195892274795,0,0,0.05722917535364877
-0.2103333105343857,-0.4886049629552702,2,0.17230992848122165,0,0,0.10338595708873298
-0.030415439848887775,-1.4691607975141143,2,0.203633466621544,0,0,0.12218007997292639
-0.19466038286694543,-0.24359423725952314,2,0.1349734261180272,0,0,0.08098405567081632
0.1461992913011712,-0.9982484970630416,2,0.29017464659693065,0,0,0.1741047879581584
-0.27332043697446257,-0.40095985229666525,2,0.10313462611167558,0,0,0.061880775667005346
-0.4158238478184016,0.7228370913113491,0,0.10887926345445254,0,0,0.06532755807267152
-0.16085586008931804,-0.7770312404230169,2,0.09256874810063531,0,0,0.055541248860381184
-0.9359308026973227,2.5047982932112913,0,0.2087696916172469,0,0,0.12526181497034813
-0.6152972354240567,0.73484858852864,0,0.07700454373531897,0,0,0.04620272624119138
-0.145981389647156,-0.594253216099226,2,0.10431208606105893,0,0,0.06258725163663535
-0.022098913274497027,-0.7977983264936135,2,0.08943914651669957,0,0,0.05366348791001974
-0.15593285880750937,-0.5462747567328137,2,0.18063855388040828,0,0,0.10838313232824497
-0.12692562220287135,-1.3854921066019612,2,0.2061982592621868,0,0,0.12371895555731208
0.12761477867985624,-1.6028268843812177,2,0.14416550420553115,0,0,0.08649930252331868
-1.1991295722482027,3.4049302458894926,0,0.17671746798507987,0,0,0.10603048079104792
-0.53331771589071,1.0275007144219617,0,0.06853487098525822,0,0,0.04112092259115493
0.13793681539039832,-1.914831091426326,2,0.0866984890330137,0,0,0.052019093419808225
-0.3029938345848429,-0.13167018194798807,2,0.04736990716595624,0,0,0.028421944299573742
-0.09508254468211975,-0.7695651763947013,0,0.17010896760949257,0,0,0.10206538056569554
-0.33257949587883245,0.5958949237185818,0,0.12632475603045623,0,0,0.07579485361827373
-0.6629345852132886,0.8803018884346481,0,0.09182281248609392,0,0,0.05509368749165635
5.274760324352082,1.2330638512876335,1,0.24543609699501265,0,1,0.5472616581970076
-0.29408786913602786,-0.3578143564246061,2,0.12377900081754514,0,0,0.07426740049052709
-0.8709523375419651,2.3248997299765843,0,0.1305784997204362,0,0,0.07834709983226172
-0.39018709772345117,0.7022553977386443,0,0.14099983288963105,0,0,0.08459989973377863
-0.09917058607685887,-0.7272214804007957,2,0.17422325652403295,0,0,0.10453395391441976
-0.5761662247386412,1.1988309554747507,0,0.11544354312914658,0,0,0.06926612587748794
4.904219357835599,2.4512385621243213,1,0.16694867532203925,0,1,0.5001692051932236
-0.8266154279062066,1.559857267295836,0,0.06819799818690755,0,0,0.04091879891214453
-0.6789451706549235,1.204531433031669,0,0.10981054543939726,0,0,0.06588632726363836
0.023718365752991813,-0.8301333887844291,2,0.1077185125437959,0,0,0.06463110752627754
-0.8191268582183466,1.663000665336408,0,0.08234252655347976,0,0,0.049405515932087855
-0.06389605844437128,-1.3356143908353504,2,0.06779342138832122,0,0,0.04067605283299273
0.012812324637315454,-1.3575057997345987,2,0.2665474050944447,0,0,0.1599284430566668
-0.6312382910770106,0.7276597496833073,0,0.253173047792208,0,0,0.1519038286753248
-0.0546677354399026,-1.2643560734506873,2,0.08359086694592573,0,0,0.050154520167555436
0.19107699000941109,-0.9797687935368742,2,0.18180509667649752,0,0,0.10908305800589851
0.10136491046173224,-1.1784858399005702,2,0.13050955101472628,0,0,0.07830573060883576
-0.04850187521434516,-0.7717764647204324,2,0.16064519028195529,0,0,0.09638711416917317
-0.46790708030681283,1.1497369671032656,0,0.18579741596202456,0,0,0.11147844957721474
-0.09472460922470997,-1.0481051021790202,2,0.16387787164662107,0,0,0.09832672298797264
-0.6766398091073857,1.3279087426204241,0,0.15623439356948113,0,0,0.09374063614168868
-0.2445928018014317,-0.49135613372709247,2,0.11742264410491933,0,0,0.07045358646295159
-0.5182381899845095,0.5004847555448928,0,0.07999141337718883,0,0,0.0479948480263133
0.20449163921718827,-1.7672927142519672,2,0.11140811492954408,0,0,0.06684486895772644
0.015860853236917553,-1.6505960527516692,2,0.14884197351815467,0,0,0.0893051841108928
0.013775530215732199,-0.9667943129910923,2,0.11781059638422167,0,0,0.070686357830533
-0.8292321170341272,1.3618226854429742,0,0.08647424982208077,0,0,0.051884549893248456
-0.8130041561856607,0.6165866561013542,2,0.2596525579028612,0,0,0.1557915347417167
-0.6338410145907691,0.8075625914124578,0,0.07251245786136176,0,0,0.043507474716817054
6.431347321252495,1.390023312979501,1,0.05674983382701045,0,1,0.43404990029620627
0.05760306409301971,-1.8284985579421718,2,0.13585157493824362,0,0,0.08151094496294617
-0.020305837346993122,-1.1150259102102675,2,0.16670693004385045,0,0,0.10002415802631028
-0.809149810831378,1.1530555472449684,0,0.10528501729213803,0,0,0.06317101037528282
0.22963129290612005,-1.349621857864589,2,0.15344604589466057,0,0,0.09206762753679634
-0.06415431209483338,-0.8989302770605145,2,0.0413660202889284,0,0,0.02481961217335704
-0.23007965968444333,-0.07192876709478557,2,0.05898153521635966,0,0,0.035388921129815794
-0.4360472145076501,0.5442231412294773,2,0.11494251949314059,0,0,0.06896551169588436
-1.2436359524396812,4.220125567740883,0,0.27295560574005007,0,0,0.16377336344403004
-0.18266497380094374,-1.2696607561626543,2,0.10610026243232276,0,0,0.06366015745939366
-0.10171568657916555,-0.23955156661490004,2,0.1408707925457063,0,0,0.08452247552742378
-0.024555889907280755,-0.9768745950203859,2,0.037728442536533784,0,0,0.02263706552192027
-0.5113509220882596,0.5385263056519536,0,0.09895187310454875,0,0,0.05937112386272925
0.0904317347349409,-1.317253444621462,2,0.15057859075656435,0,0,0.09034715445393861
-0.25972174472488607,-0.3451891823572002,2,0.0740183838086311,0,0,0.044411030285178656
-0.4394655917638373,-0.43343684047613795,0,0.3790076715865906,0,0,0.22740460295195436
0.010957918053873934,-0.7052552869677777,2,0.09537667087940938,0,0,0.05722600252764562
-0.15425012699751015,-0.8998200345456489,2,0.15747357403555967,0,0,0.0944841444213358
-0.2228556665207749,-0.2484608362901574,0,0.23460920377840894,0,0,0.14076552226704536
-1.1949085661434486,3.1517017666707963,0,0.17255032192495054,0,0,0.10353019315497032
-0.2268106779265138,-0.38882948480600504,2,0.15200876179588177,0,0,0.09120525707752906
0.1232657960615819,-1.8667026653145828,2,0.12978081438342132,0,0,0.07786848863005279
-0.5451622128976445,0.32950492720909136,0,0.20601480994690186,0,0,0.12360888596814111
-0.703015764646771,0.9782658295370839,0,0.12132778712676068,0,0,0.0727966722760564
-0.20655791352745362,-0.22405342476134216,2,0.09420068734766991,0,0,0.05652041240860194
-0.05343058931808146,-0.3363786760180427,2,0.15927100817072415,0,0,0.09556260490243448
-0.3567330559860808,0.5741383508331273,2,0.1659923057485095,0,0,0.0995953834491057
-0.4465937709666939,0.7490367989925768,0,0.17525148383800981,0,0,0.10515089030280589
-0.24212075090314836,-0.3938358316549012,2,0.13719574444824334,0,0,0.082317446668946
-0.22458894372566668,-0.9310274122517679,2,0.2679837294246075,0,0,0.1607902376547645
-0.7387501795055764,1.5261349268320343,0,0.07789384806516368,0,0,0.046736308839098205
-0.1684707040514944,-0.7274606632527181,2,0.12189774836360716,0,0,0.07313864901816429
0.0384618993284805,-0.9003988509656462,2,0.17444382526063232,0,0,0.10466629515637939
-0.3731170870147729,0.7613117027691434,0,0.19520176644399362,0,0,0.11712105986639616
-0.24621471173060464,-0.38870168776928216,2,0.10569375188127052,0,0,0.06341625112876231
-0.9727526540137847,2.17540959946618,0,0.04878039536147081,0,0,0.029268237216882483
0.014105989856979771,-1.3864129055961403,2,0.177319023221233,0,0,0.10639141393273979
-0.028628543697592143,-1.6545530254681367,2,0.13578421369766078,0,0,0.08147052821859646
0.16213781728445215,-1.535463551800645,2,0.18469619001086476,0,0,0.11081771400651885
-0.8827838921167346,1.9264869661480655,0,0.1327023488898669,0,0,0.07962140933392013
-0.18533346406086348,0.35611144783236154,0,0.12858742046625107,0,0,0.07715245227975064
-0.5890250527512138,0.11308966058275197,0,0.1780911566905701,0,0,0.10685469401434206
-0.15602977034545107,-0.9525547204319922,2,0.17417083197485964,0,0,0.10450249918491578
7.642180406379821,1.0583102783957028,1,0.11646665198119664,0,1,0.46987999118871804
-0.155047817765616,-0.8798944058806544,2,0.2062236463933578,0,0,0.12373418783601467
5.857777081522594,3.3477035460309725,1,0.18095133970873334,0,1,0.50857080382524
-0.301502158721931,-0.13797209409784905,0,0.20430135538431213,0,0,0.12258081323058727
0.2690209558382612,-1.7789207818472874,2,0.11136576023452098,0,0,0.06681945614071258
-0.14239217716068342,-0.8270172746596827,2,0.11497699818870308,0,0,0.06898619891322184
-0.8517144378743097,2.4576892746498844,0,0.2575391067846734,0,0,0.15452346407080403
-0.05490588488357379,-1.5949616876789077,2,0.07523292527168544,0,0,0.04513975516301127
0.0031433983034067463,-1.2648958112553992,2,0.13406511081825795,0,0,0.08043906649095477
-0.14956677974166177,-0.6813704767916267,2,0.10824662796636307,0,0,0.06494797677981784
0.05362644772989171,-0.8477218028455626,2,0.24576700031037882,0,0,0.1474602001862273
-0.2519324603497821,-0.3594737719693021,2,0.08124567231033271,0,0,0.04874740338619962
-0.1112907366112625,-0.20554054147312056,2,0.12842980401865967,0,0,0.0770578824111958
-0.36058021937274454,-0.4335307904247851,2,0.1253812088670838,0,0,0.07522872532025027
-0.8233696025884527,2.062122195120075,0,0.13132087331236458,0,0,0.07879252398741875
-0.08763905333081609,-0.8135322110312306,2,0.10503045663928218,0,0,0.06301827398356931
-0.003762321951227719,-1.4131251147144193,2,0.12132461447715558,0,0,0.07279476868629334
-0.6607940089902011,1.2653012040697975,0,0.11419341518197043,0,0,0.06851604910918226
-0.24447711477453302,0.11960145174909514,0,0.11370399262088145,0,0,0.06822239557252886
-0.28409852133487595,-0.18559014602767146,0,0.14156659852617115,0,0,0.08493995911570269
-0.14164203083096974,-0.43489175730168494,2,0.13102029357498862,0,0,0.07861217614499318
-0.8289009107885269,1.1156855391312075,2,0.27075252990242815,0,0,0.16245151794145687
-0.9424749836562324,2.2664723378341147,0,0.06438685122715417,0,0,0.038632110736292496
-0.8424775193371209,2.5002308553093204,0,0.15113765701241919,0,0,0.0906825942074515
-0.16048608490372415,-0.6926136722675185,2,0.09851169698791619,0,0,0.05910701819274971
-0.4996585233264,1.1956446382497141,0,0.1594540539336025,0,0,0.0956724323601615
-0.9278666032606592,2.320582092214311,0,0.09772488626292922,0,0,0.058634931757757525
-0.5650746813234833,1.0410455590603216,0,0.050362690642138996,0,0,0.030217614385283396
-1.0661305233319254,2.7626557362799926,0,0.1473912661440263,0,0,0.08843475968641579
-0.0014429979752046424,-1.3451705415758513,2,0.07861435495356435,0,0,0.04716861297213861
-0.24582020951988118,-0.836021204893634,0,0.140587132233935,0,0,0.084352279340361
-0.9237501867307569,1.544868048606341,0,0.10289283460181133,0,0,0.061735700761086795
0.0727079254137457,-0.8373220290886658,2,0.1190764016886277,0,0,0.07144584101317661
-0.3330374816448745,0.05477578840815317,0,0.1740348043054567,0,0,0.10442088258327402
-0.03435638479167591,-0.791954234710972,2,0.20749497116293272,0,0,0.12449698269775963
-0.39354327088585644,-0.4646262117623581,0,0.11771209616142175,0,0,0.07062725769685305
-1.1066433954158243,3.0020835137943838,0,0.16463142554189475,0,0,0.09877885532513685
-0.2277355016151264,-0.06893660022398398,2,0.13944476883609622,0,0,0.08366686130165772
-0.540577966069668,1.1098000004675332,0,0.11198719888104158,0,0,0.06719231932862495
0.09563268899118924,-1.8314198789076093,2,0.1455417629740097,0,0,0.08732505778440582
-0.14145780099562344,-0.3111492271289892,2,0.10686743877862392,0,0,0.06412046326717435
-0.2216966899972299,-0.2819102541795633,2,0.13593484916271373,0,0,0.08156090949762823
-0.530994523200288,0.18793483284391868,0,0.11540620611811013,0,0,0.06924372367086608
7.52383577322479,1.5960758477228765,1,0.1642054145464398,0,1,0.4985232487278639
-0.5814093531840212,0.36907269954296607,0,0.14470117248298617,0,0,0.08682070348979169
-0.2836614533279321,-0.5354638193901458,2,0.13642070947428137,0,0,0.08185242568456881
0.11747271177577955,-1.9547743667538378,2,0.12286653953634091,0,0,0.07371992372180454
-1.1521908450882066,3.0909245763496407,0,0.1471600589539233,0,0,0.08829603537235399
-0.4096663473623506,-0.3791744024130594,0,0.1024004729707789,0,0,0.06144028378246733
-0.23690539678258052,-0.08357217158080474,2,0.10349510784456863,0,0,0.06209706470674117
-0.46343670431121,0.5876251884241857,0,0.07399534834463052,0,0,0.044397209006778314
-0.03981394558336483,-0.5286682235667195,2,0.1095719651665466,0,0,0.06574317909992795
-0.4358325698344265,0.6506614307401375,2,0.08466999107944277,0,0,0.05080199464766566
-0.20032276089221213,0.23570647857873156,2,0.13828443489779252,0,0,0.08297066093867551
-0.7000045789806555,0.8433322480402334,0,0.08373463772572996,0,0,0.05024078263543798
-0.10072565419147919,0.012296386104355489,0,0.17676671976612301,0,0,0.1060600318596738
-0.3875356875257835,0.33142412883230854,2,0.06716078636188828,0,0,0.040296471817132966
-0.5414924054902674,1.1911525574300685,0,0.2995184727797531,0,0,0.17971108366785185
-0.8938400619911457,1.580521316449346,0,0.15494817510063366,0,0,0.09296890506038019
-0.5083175919289876,0.35956613993322867,0,0.10481316734968228,0,0,0.06288790040980936
-1.1001157559432602,3.1277778379568897,0,0.13516257954329686,0,0,0.08109754772597812
0.0003983836683959484,-1.3932023256163035,2,0.08224262030715038,0,0,0.049345572184290226
-0.20287721497568628,-0.3576681909039919,2,0.08847787919167525,0,0,0.05308672751500515
0.02757203833126636,-1.2443097005936155,2,0.05027701413320298,0,0,0.030166208479921786
-0.34854285735822144,0.09783385325904342,2,0.19950768421259055,0,0,0.11970461052755432
-0.15091496456194647,-0.503531913507534,0,0.2806168193810307,0,0,0.16837009162861843
-0.47842113126213337,0.4949429943518013,2,0.06277816380762774,0,0,0.037666898284576644
-0.4216230841751421,0.45933248451301956,0,0.07746756182148674,0,0,0.046480537092892044
0.05412566382914637,-1.2061788547982468,2,0.059590662642957974,0,0,0.03575439758577478
0.010303610041831184,-1.1072066942307641,2,0.07365272719270512,0,0,0.04419163631562307
7.85444020698851,0.12093709645788717,1,0.16868500062975117,0,1,0.5012110003778507
-0.10432302297469542,-1.023483438787734,2,0.14123077232625642,0,0,0.08473846339575385
0.010555468767059609,-0.9504706856670488,2,0.13627611054331912,0,0,0.08176566632599147
0.12873535043056758,-1.7034094653550937,2,0.14319119038055655,0,0,0.08591471422833392
-0.18023713952289078,-0.4687251459935164,2,0.14068694102288345,0,0,0.08441216461373006
0.1408739003312436,-1.2610267653256249,2,0.17222523474158516,0,0,0.10333514084495109
-0.7332658500811537,1.4142707586081662,2,0.21141343494193032,0,0,0.1268480609651582
-0.5262468796586992,-0.3475568775496038,2,0.24387590700197387,0,0,0.14632554420118432
-0.7915087309657441,1.0452473767876573,0,0.1925261811616483,0,0,0.11551570869698898
-0.12149365187125542,-0.07244120697340278,2,0.12187430768378132,0,0,0.07312458461026879
0.07324860677440338,-1.4336866034057354,2,0.10339753123038815,0,0,0.06203851873823289
-0.14023393832934286,-0.7027528137685655,2,0.1458269673693279,0,0,0.08749618042159674
-0.2324220742481778,-0.7097547253602947,2,0.11423314153744932,0,0,0.06853988492246958
-0.18338640866044056,-0.14889347376970263,0,0.1846409453219366,0,0,0.11078456719316195
-0.11720310573658425,-0.3832377786338283,2,0.1373711857428213,0,0,0.08242271144569278
0.06679266470525515,-1.1679884783282528,2,0.10931385181743886,0,0,0.06558831109046331
-0.30798108976665306,-0.7840991919196774,2,0.25500512074360837,0,0,0.153003072446165
-0.13270458506904184,-0.03433692875244186,2,0.13304553176798734,0,0,0.07982731906079239
-0.9135170594915994,1.3092793897793116,2,0.24056115738785397,0,0,0.14433669443271238
-0.03536193994903244,-1.300887686452642,2,0.14563350384634935,0,0,0.08738010230780961
-0.3115204306604034,-0.36971979844272296,0,0.16349687426530582,0,0,0.09809812455918349
-0.6637262176881863,0.8417886893467816,0,0.10707238030161775,0,0,0.06424342818097065
-0.4915912542479373,0.5901435895964218,0,0.1990440745693336,0,0,0.11942644474160015
0.059676832824933156,-0.8474772402594997,2,0.12510857970049563,0,0,0.07506514782029737
-0.5656987079328618,0.9045576406354778,0,0.12937678702956829,0,0,0.07762607221774097
-0.03594446588650102,-0.46939648423478736,2,0.12526299101675825,0,0,0.07515779461005495
-0.603743409154559,0.9176501331897897,0,0.05216351099717072,0,0,0.03129810659830243
0.28918335196293443,-1.8096837980218015,2,0.16262115742507186,0,0,0.09757269445504312
-0.007457517542667281,-0.7296642111010825,2,0.13472620494094115,0,0,0.08083572296456469
-0.4144604834152153,0.31826924904191717,2,0.0791665159383317,0,0,0.047499909562999015
-0.1971657991469768,-0.6771892904300518,2,0.09403547566301722,0,0,0.05642128539781033
-0.3449579852899279,0.17090962993918152,0,0.06543600685950413,0,0,0.039261604115702474
-0.6652840501704037,0.6723936749066022,0,0.1059962887579323,0,0,0.06359777325475938
0.14616554271156532,-1.7116654052857876,2,0.08965252427303619,0,0,0.05379151456382171
-0.045753733817982124,-1.1665352304923886,2,0.04920071099293416,0,0,0.029520426595760495
-0.04827971783353154,-1.2471888561602547,2,0.13142491373066023,0,0,0.07885494823839613
-0.19798696826390974,-0.4487710527382681,2,0.16339572715594228,0,0,0.09803743629356536
0.0720326080930729,-1.7649428096625959,2,0.06732233389201182,0,0,0.040393400335207094
-0.14572316245436753,-0.7125206021952379,2,0.2318096111174913,0,0,0.13908576667049477
0.35488205836191644,-2.211155116175456,2,0.1524451817665039,0,0,0.09146710905990234
-1.2468201444439095,3.2144671637661326,0,0.1918909554294401,0,0,0.11513457325766405
-0.3203071046590625,0.32099066479669885,2,0.13529754918185977,0,0,0.08117852950911586
-0.06661145623306457,-1.0528720084837344,2,0.17042975714477143,0,0,0.10225785428686286
-0.012733952442557537,-1.153297227664115,2,0.14082126932980157,0,0,0.08449276159788094
-0.25160543564981636,-0.09707675176182864,2,0.11845250938289699,0,0,0.07107150562973819
0.15381818535569636,-1.3985468555467604,2,0.07818928559042589,0,0,0.04691357135425553
-0.19809948668629668,-0.15114726079824964,2,0.1378768366956925,0,0,0.0827261020174155
-0.3983245647315465,0.6186639447329885,2,0.09061452561151258,0,0,0.054368715366907544
-0.3477352601894014,-0.6041327786195927,2,0.09098280509187359,0,0,0.054589683055124155
-0.3939037664124097,0.28796234115735403,2,0.09278095947429936,0,0,0.05566857568457961
4.460554290379245,-0.28009987947549725,1,0.13806025986703452,0,1,0.4828361559202207
-0.34678199547150756,-0.026691200706291194,2,0.18655965518800058,0,0,0.11193579311280034
0.05717977103351611,-1.6847605038447193,2,0.13490009954049267,0,0,0.0809400597242956
0.3045419305130735,-1.6045253525680763,2,0.19227467954887512,0,0,0.11536480772932506
-0.14895545289366974,-1.325399000459258,2,0.17809852653140196,0,0,0.10685911591884117
0.09681648626547602,-1.1976341011189822,2,0.16895198580966406,0,0,0.10137119148579843
-1.2728895282921209,4.040262629624032,0,0.21559526199911938,0,0,0.12935715719947163
-0.6749618663331005,1.4902576929682574,0,0.1582478567779656,0,0,0.09494871406677936
-0.45157861348048944,1.454344284365539,0,0.16341395861534144,0,0,0.09804837516920487
5.0423329083458714,1.4982453674903036,1,0.10412487464243543,0,1,0.46247492478546126
-0.029122661814071013,-0.1199960699857962,0,0.21608131437887332,0,0,0.12964878862732399
-0.47251425870483765,0.7908144311658034,0,0.10167729531871074,0,0,0.06100637719122644
-0.2282269177728356,-0.3137375556871118,0,0.1416078499070834,0,0,0.08496470994425002
0.016395016895292377,-0.5715043508167454,2,0.16049142036520334,0,0,0.096294852219122
-0.34326402616214796,-0.171246999571915,2,0.19240675724350317,0,0,0.1154440543461019
0.12801903999232708,-1.3550028708992563,2,0.14118791091664684,0,0,0.0847127465499881
0.0009466062431781521,-0.8294881991747936,2,0.12289532552025173,0,0,0.07373719531215103
-0.4663134198085942,-0.28699730015697905,2,0.17872093879633552,0,0,0.10723256327780131
0.07164113683440798,-0.7967598223990635,2,0.10259623812861149,0,0,0.06155774287716689
-0.4120375191731375,0.28443093427783245,2,0.16043808377326077,0,0,0.09626285026395646
-0.15194857488388555,-0.4527830821043606,2,0.14365689132651402,0,0,0.08619413479590841
-0.7220661833364106,1.750756078842495,0,0.07220270597737938,0,0,0.043321623586427625
-0.15600768845833485,-0.16183935658236612,2,0.13715462311475254,0,0,0.08229277386885152
-0.3131974510637903,-0.4959661363651382,2,0.18632741462743618,0,0,0.11179644877646171
-0.14135981427684688,-0.5599949847569434,2,0.07936252611136929,0,0,0.047617515666821576
6.594296150838354,1.0780182999169643,1,0.16554392040336535,0,1,0.4993263522420192
-0.1346795763822376,-0.6793089870516713,2,0.10208617820579251,0,0,0.0612517069234755
-0.17348297002591548,-0.9430967958433716,2,0.14763192699630703,0,0,0.08857915619778421
-0.47204028822677296,0.0867795303107948,2,0.21928767563825036,0,0,0.1315726053829502
0.2934223745882216,-1.827137423056584,2,0.14451770408441109,0,0,0.08671062245064665
-0.4083604089184202,0.6552894554351689,2,0.11859969868140646,0,0,0.07115981920884387
-0.33995862124681064,0.2874895680046207,2,0.07596120402196681,0,0,0.04557672241318008
-0.10920747199360516,-1.2136378520618802,2,0.14313953774508584,0,0,0.0858837226470515
7.414886388090346,2.074935263977052,1,0.17779951797196045,0,1,0.5066797107831763
-0.18361638813797,-1.0638239876242492,2,0.2580566232350439,0,0,0.15483397394102635
0.07877616665771253,-1.1394465661697748,2,0.12636293427483256,0,0,0.07581776056489953
6.415659050990104,0.08147497300205864,1,0.2263458187840747,0,1,0.5358074912704448
-0.07912077460782857,-0.979586949204517,2,0.07837095179237792,0,0,0.047022571075426754
-0.19233130574397747,-0.35647567800282187,2,0.0982750903329063,0,0,0.05896505419974377
-0.8494256588018905,2.1589268881998107,0,0.08554868038286807,0,0,0.05132920822972084
-0.2918182931329655,-0.49914910805005974,2,0.07191565759425547,0,0,0.04314939455655328
-0.0032289550593704707,-1.075228420310265,0,0.21579858662834142,0,0,0.12947915197700485
-0.5100310009911648,0.7407891066286836,0,0.06351682548054063,0,0,0.03811009528832438
0.09171383205761482,-1.4471539914084088,2,0.09330029930312303,0,0,0.05598017958187382
-0.5310173092392482,1.1139511272061415,0,0.11916219931213784,0,0,0.0714973195872827
-0.15333942347393403,-0.8020116570609954,0,0.17481825869706635,0,0,0.10489095521823981
-0.8688733316609044,2.0366901346119186,0,0.12982508807074253,0,0,0.07789505284244551
-0.5512251975156044,1.3215916266175844,0,0.10188800056370342,0,0,0.06113280033822205
-0.37645048252429986,0.7849744236174139,2,0.1778396929769058,0,0,0.10670381578614348
-0.525819412249178,1.0035700376789087,0,0.1213177983548821,0,0,0.07279067901292925
0.19917284624712345,-1.548332862959656,2,0.10464819126514197,0,0,0.06278891475908517
-0.6554571703408896,0.961898587557986,2,0.2914160523589726,0,0,0.17484963141538357
-0.017416940486854868,-1.0053672950918087,2,0.11005120936169138,0,0,0.06603072561701483
-0.07409305924603311,-1.070104194451663,2,0.07313938295694149,0,0,0.04388362977416489
-0.2671424105168058,-0.4349697778930993,2,0.08122999645611549,0,0,0.048737997873669295
-0.5059227471358878,0.8521268857764539,2,0.19148855220078312,0,0,0.11489313132046987
-0.06320496520507847,-1.1974140946061858,2,0.055852583243124074,0,0,0.03351154994587444
-0.5807847517781776,0.8316027034995292,2,0.22503803576058337,0,0,0.13502282145635003
-0.5885412402820049,1.6757394503476777,0,0.14918867470552602,0,0,0.08951320482331561
-0.30110539205506576,-0.046982906862535465,2,0.17879966268976205,0,0,0.10727979761385723
-0.46037752048664243,0.3812147964141006,0,0.12195914059302983,0,0,0.07317548435581789
-0.7582232770106546,1.208889711649015,0,0.07283663650993935,0,0,0.04370198190596361
-0.06168584032498408,-0.7158402499166923,2,0.07618462802292221,0,0,0.04571077681375332
-0.4498137540271762,0.744551022339834,0,0.14239405235112407,0,0,0.08543643141067443
-0.46547150085652783,0.6872256903284859,0,0.05874897821766157,0,0,0.03524938693059694
0.05906141099807889,-0.7356284572939198,2,0.12983941911054292,0,0,0.07790365146632575
-0.6858897103699505,1.7877174699347524,0,0.2436703701975165,0,0,0.1462022221185099
0.01876317873699752,-2.369147054225792,2,0.26677503119694707,0,0,0.16006501871816822
-0.13702813392466087,-0.5881355803731116,2,0.10660345862226267,0,0,0.0639620751733576
-0.5008971916953576,1.5081694644384682,0,0.16990720275169746,0,0,0.10194432165101848
-0.18328474302861586,-0.48214889948617173,0,0.08909439693328829,0,0,0.05345663815997297
-0.4005161733070033,0.3142376609437522,2,0.07827521096355185,0,0,0.04696512657813111
0.23438309269198582,-1.4673404307829903,2,0.1311253885649216,0,0,0.07867523313895296
-0.08347787967839493,-1.0769349950866283,2,0.004977402007149965,0,0,0.002986441204289979
-0.8247717783217698,1.2839694721091008,0,0.1018272457985826,0,0,0.061096347479149556
-0.5665247116507851,0.6402425464994805,2,0.24102888989354682,0,0,0.14461733393612808
-0.5645596980952678,0.9953209264027858,0,0.07598037618050667,0,0,0.045588225708304
-0.2703790135620497,-0.31850951324945975,2,0.0625585443031007,0,0,0.03753512658186042
0.16149385402949534,-2.1343394893327403,2,0.19827273117032637,0,0,0.11896363870219581
-0.4816626587871077,0.4851681114527065,0,0.09983464469153396,0,0,0.05990078681492037
-0.08018702148546696,-0.30485127591227934,0,0.16898280798218296,0,0,0.10138968478930978
-0.32836743238677796,0.40673787284316076,2,0.14840382141294,0,0,0.089042292847764
-0.48010082077997307,0.6144550838395757,0,0.12383330181859702,0,0,0.07429998109115821
-0.5636946179425482,0.9343958645463872,0,0.1415257423116639,0,0,0.08491544538699834
0.20029293526325642,-0.6677837444436594,2,0.17492393374373968,0,0,0.10495436024624381
-0.3418070986606662,-0.468609497312642,2,0.1429434681488118,0,0,0.08576608088928707
0.19777962094468238,-2.041174883271988,2,0.11110345791065078,0,0,0.06666207474639047
-0.8766120648432429,1.544486421148486,0,0.2905325571372975,0,0,0.17431953428237848
-0.5360515227828465,0.8016236850078804,2,0.22604160206301488,0,0,0.13562496123780893
-0.3861969553003653,-0.18292056960664413,2,0.07956861012448796,0,0,0.047741166074692774
-0.14572704131425698,-0.9587574132344239,2,0.15742431726219744,0,0,0.09445459035731846
-0.6856408729516761,1.0940364614584,2,0.20443538591469745,0,0,0.12266123154881847
-0.04343960000392972,-1.1278221618283768,2,0.15570334732676927,0,0,0.09342200839606156
-0.07055465068628074,-1.0170424377955587,2,0.09341266717420452,0,0,0.05604760030452271
-0.2725166821469976,-1.2660879091620707,2,0.1835210440759736,0,0,0.11011262644558416
-0.15272663350589574,-0.3087200438167645,2,0.1123121649070961,0,0,0.06738729894425766
-0.07634278605851995,-1.1312268268449457,2,0.1113675682288681,0,0,0.06682054093732086
0.05643527590977765,-1.1161353681388964,2,0.12439422976934392,0,0,0.07463653786160634
-0.3487531554170535,-0.23290380339484093,2,0.1092896546702691,0,0,0.06557379280216145
-0.5695454749257586,1.066548351864872,0,0.08423913268813911,0,0,0.05054347961288346
-0.1838637845584435,-0.8001780386478428,2,0.1000348600064849,0,0,0.06002091600389094
-1.1307728846494642,3.1110472968351925,0,0.2780501578618309,0,0,0.16683009471709853
-0.05110809580455435,-0.8550825134037183,2,0.1754763048733871,0,0,0.10528578292403226
-0.1363928298548832,-0.8404889875612844,2,0.08718984150964762,0,0,0.05231390490578857
0.09301015764108944,-1.2936703581440667,2,0.07364448123410285,0,0,0.04418668874046171
0.02228071275581673,-1.0854072448332523,2,0.06900783670166256,0,0,0.04140470202099754
-0.4534357328688331,0.3644650894172151,2,0.3018762776173472,0,0,0.18112576657040833
-0.5789625388405363,0.8222182328466614,0,0.09346157674129552,0,0,0.05607694604477731
-0.2569948948802733,-0.17724143629508532,2,0.12592615481254715,0,0,0.0755556928875283
-0.4433768080173376,1.3929230128797907,0,0.16894124165810145,0,0,0.10136474499486087
0.05564364376033555,-1.2571438489239184,0,0.1399103388419563,0,0,0.08394620330517379
-0.021235959025741998,-0.9450135198759486,2,0.18923290710151836,0,0,0.11353974426091101
-0.24341894925146026,-0.3744240370161037,2,0.1142715917023206,0,0,0.06856295502139235
-0.07717830215764704,-0.6295096204481483,2,0.1303790426530217,0,0,0.07822742559181302
0.2919889460225605,-1.7236038327019172,2,0.1507383902103517,0,0,0.09044303412621102
-0.2558682837860918,-0.6971917615118117,2,0.09730797658395857,0,0,0.058384785950375134
-0.40123098235742577,0.44599682183647105,0,0.16074306598316593,0,0,0.09644583958989955
-0.4887468409660825,-0.46422372816658136,2,0.2595793094843508,0,0,0.15574758569061048
7.466026694353131,1.24275534674715,1,0.10248413880719921,0,1,0.4614904832843195
-0.062391734141597856,-0.9563864119219077,2,0.1541721454438136,0,0,0.09250328726628816
-0.0828256531689078,-0.26247039393293303,2,0.14290481908151145,0,0,0.08574289144890687
-0.5828771676242644,1.1067105655756286,2,0.3084840385938103,0,0,0.18509042315628618
-0.5940130021971717,1.1497919500223082,0,0.10326371646782251,0,0,0.0619582298806935
-0.08246535259076805,-0.8314822685554657,0,0.13887950691316406,0,0,0.08332770414789843
-0.1252650062046107,-0.6003981295506771,2,0.11444940352116828,0,0,0.06866964211270096
-0.4898802772102994,0.9955992952160639,0,0.15183429121128933,0,0,0.09110057472677359
0.08887986340402994,-1.5651194075258585,2,0.18384352612811283,0,0,0.1103061156768677
-0.4747324081822204,0.03757435208262243,0,0.2249440373434849,0,0,0.13496642240609094
-0.6253738541257647,1.4936215870568277,0,0.13192252792824363,0,0,0.07915351675694618
-0.1782135725554895,-0.5528598114944441,2,0.12864416945400672,0,0,0.07718650167240403
-0.9809764476502018,2.094250856530457,0,0.1620390621798663,0,0,0.09722343730791978
-0.5894815496683501,1.5266118089049614,0,0.1641998121013386,0,0,0.09851988726080316
-0.3835073174473695,0.3866051812464668,0,0.0922702295299622,0,0,0.055362137717977315
-0.7402217279016773,1.4544658606245564,0,0.26192614593261954,0,0,0.1571556875595717
-0.16689509776441078,-0.577035039539161,2,0.13707232314785248,0,0,0.08224339388871148
-0.1826338180824792,-0.4695664715359752,2,0.12946006344062463,0,0,0.07767603806437477
-0.31315599599386423,0.3117535438721133,2,0.17036217292018982,0,0,0.1022173037521139
-0.6348923578673198,0.8657382803631519,0,0.07989665901908388,0,0,0.04793799541145033
-0.6416673444599459,0.6470459231546859,0,0.14971425054874699,0,0,0.08982855032924819
-0.5589539333669999,1.1368729546898102,0,0.09755390786473096,0,0,0.05853234471883857
0.13251177639760955,-0.8336366202064691,2,0.20281176025991093,0,0,0.12168705615594655
-0.3773628650970322,0.8575730693945443,2,0.16131517315333607,0,0,0.09678910389200164
-0.15315146231836602,-0.2109793690478669,2,0.10765342481924815,0,0,0.06459205489154889
0.08273761196312723,-1.3902338160308596,2,0.18826725450059234,0,0,0.1129603527003554
-0.823141209125569,1.854364421602816,2,0.2776744441822822,0,0,0.1666046665093693
0.28641007870592894,-0.8568896013704113,2,0.24487377814658812,0,0,0.14692426688795288
-0.7276621123383169,0.950169933848046,2,0.23942016977348243,0,0,0.14365210186408944
-0.24094144088381422,-0.24862604677163688,2,0.07239282128174228,0,0,0.04343569276904537
-0.1236843177927014,-0.9525125842164583,2,0.16600160951530604,0,0,0.09960096570918363
-0.3319644924523828,-0.24722681896779536,2,0.23903249667675505,0,0,0.14341949800605303
-0.09669058402979382,-0.7422771006438902,2,0.11496006671300983,0,0,0.0689760400278059
-0.07608658639425292,-0.907886803163092,2,0.06996362627212205,0,0,0.04197817576327323
-0.7441936818346999,1.1752105929100511,0,0.12075166257691927,0,0,0.07245099754615156
-0.4787144937393948,0.22832610256612024,0,0.16936634955287858,0,0,0.10161980973172714
0.15464300079976648,-1.2995732693629827,2,0.11840928694552161,0,0,0.07104557216731296
8.0110559721796,0.5699061189214913,1,0.17691678633028263,0,1,0.5061500717981696
-0.746119024944209,1.5246111439790155,2,0.2526489228342556,0,0,0.15158935370055335
0.13188018028504714,-1.2701118537674492,2,0.154313312913335,0,0,0.09258798774800099
-0.021573960241281068,-1.7512473776353945,2,0.19824920312526448,0,0,0.11894952187515868
-0.8714983784484911,1.5957604086851394,0,0.07018743141532796,0,0,0.042112458849196774
-0.8459088639627175,1.5290950117019186,0,0.11185660772813352,0,0,0.06711396463688012
-0.7541469842987204,1.6870087814722905,2,0.19372238405079895,0,0,0.11623343043047936
-0.4226099134127537,0.863723034654073,2,0.16721442063513348,0,0,0.10032865238108009
0.0772693941127974,-1.87092904553266,2,0.13178210021134013,0,0,0.07906926012680407
-0.06568290508285142,-1.3507274196729804,2,0.20124658774596627,0,0,0.12074795264757976
-0.047348619400228366,-0.9873486197497348,2,0.1411621541432826,0,0,0.08469729248596955
-0.7058292209351319,1.685336362044928,0,0.20391779807413832,0,0,0.12235067884448299
-0.26158605765834025,-0.22785244452275888,2,0.1172222161335149,0,0,0.07033332968010894
-0.18095845339763453,-0.8128743095866322,2,0.11523508022790603,0,0,0.06914104813674361
-0.029243786717903245,-0.8030610424596081,2,0.13934584493112698,0,0,0.08360750695867618
-0.6190681017798408,1.1045945933507828,2,0.16990819028302817,0,0,0.1019449141698169
-1.2808945571938213,3.329823768213759,0,0.17431251093798467,0,0,0.1045875065627908
-0.5730676807989733,1.1107197620611213,0,0.08182863814570861,0,0,0.049097182887425164
-0.02343345358365309,-1.2031388478428953,2,0.20325282723489285,0,0,0.12195169634093571
-1.1179596890216321,2.8482060609346287,0,0.1761353896316161,0,0,0.10568123377896965
0.17236778654519555,-1.9583819865028753,2,0.1363413146161418,0,0,0.08180478876968507
-0.6069178094839518,1.4094336764575417,0,0.1332663108093659,0,0,0.07995978648561954
-0.903603949943359,2.4678663536754857,0,0.10080051059485669,0,0,0.06048030635691401
-0.3806991646298304,-0.10710357301974398,2,0.16051972579435175,0,0,0.09631183547661105
-0.07751953946718868,-0.9619805825481005,2,0.14588289169529808,0,0,0.08752973501717885
-0.3532934817293298,0.39567031059728053,2,0.14564841519789792,0,0,0.08738904911873875
-0.3120713581054041,0.36883298076804605,2,0.14287147750562304,0,0,0.08572288650337383
0.030753211021762365,-1.054156029979128,2,0.17496151082444864,0,0,0.10497690649466918
-0.5808724002773754,0.8784145377393946,0,0.253575644488562,0,0,0.1521453866931372
0.13361564524977576,-1.384570951065827,2,0.10239066582963725,0,0,0.06143439949778235
-0.15106470877280928,-0.036715186089476895,2,0.21324485412298078,0,0,0.12794691247378845
-0.09034754066467889,-1.1236446643412652,2,0.10432393531417503,0,0,0.06259436118850502
-0.06175424861566537,-0.970439080361702,2,0.14378045881402352,0,0,0.0862682752884141
-0.7120525059975301,1.3701915392055524,0,0.02974460545980447,0,0,0.01784676327588268
0.003018966588619257,-1.5073647190360582,2,0.19560490043670412,0,0,0.11736294026202246
-0.276242085840075,-0.6483633408005427,2,0.1456140938705636,0,0,0.08736845632233815
-0.11885528777463074,-0.6165423529184599,2,0.1378132450689815,0,0,0.08268794704138889
-0.5541992103973812,0.5225627606009269,0,0.22829359447853334,0,0,0.13697615668712
-0.09194098137458032,-0.9518993490992709,2,0.2120515606806989,0,0,0.12723093640841932
-0.4171390043405472,-0.29636829826945255,2,0.1465998036062577,0,0,0.08795988216375462
-0.2143355140980598,-0.6118157421077501,2,0.09975832056872852,0,0,0.05985499234123711
-0.11021398716378271,-0.5791454405282666,2,0.031082044189883275,0,0,0.018649226513929966
-0.05344955179674477,-0.6972754231302505,2,0.122461666529483,0,0,0.0734769999176898
-0.49708422776827005,0.5229261110415657,2,0.1292166998104322,0,0,0.07753001988625932
-0.6693077925950728,0.9445274378648645,2,0.21421115661068538,0,0,0.12852669396641123
-0.6977440171347707,1.1658236625894454,0,0.11328955034188729,0,0,0.06797373020513237
-0.7513659002591238,1.029926982774298,0,0.09387170401656328,0,0,0.056323022409937966
6.322546102653109,1.6209022574757586,1,0.14265958241680038,0,1,0.4855957494500802
0.30639862979906884,-1.8432001987106388,2,0.13901741009399893,0,0,0.08341044605639936
-0.19255587096434088,-0.24107986503636994,2,0.10066605909062515,0,0,0.060399635454375086
-0.03438137623716392,-1.4208838757343198,2,0.04585472698766932,0,0,0.02751283619260159
-0.30997045922144906,-0.6919875669443614,2,0.19842302548212185,0,0,0.1190538152892731
-0.424166886505326,-0.14058869329322882,2,0.11524529851371652,0,0,0.06914717910822991
-0.6242129524103707,0.9780918485080456,2,0.20064983058352331,0,0,0.12038989835011399
-0.4487679544550684,0.3346380497778354,0,0.07556629820378959,0,0,0.04533977892227375
-0.6071332183899362,1.3431801403677743,0,0.10182245818276144,0,0,0.06109347490965686
-0.7263287361820324,1.5640635670710203,0,0.10364344296417073,0,0,0.062186065778502435
-0.32205261390937345,-1.1299818474830594,2,0.24767207472700697,0,0,0.14860324483620418
-0.578647990289133,0.5860611865745007,2,0.23679376740961003,0,0,0.14207626044576602
-0.9999687726612461,1.7864934396288852,0,0.15514387228614512,0,0,0.09308632337168707
-0.5554000671939606,1.4509516237900804,0,0.10190515983670267,0,0,0.061143095902021605
-0.10031827672681595,-0.920906922466499,2,0.20142533742510868,0,0,0.1208552024550652
0.010064202563590273,-0.8770888433006452,2,0.2712381766559489,0,0,0.16274290599356933
-0.10838852438935695,-1.2227381784000841,2,0.09303515630856088,0,0,0.05582109378513653
-0.36035628434139955,0.4755071717585138,2,0.08134461228205951,0,0,0.048806767369235705
-0.3026985534365242,0.05078350412565291,0,0.11873303575586985,0,0,0.07123982145352191
-0.22536449719315876,-0.17469778566401656,2,0.07319427847793036,0,0,0.043916567086758215
7.834720540670051,0.7513904140149652,1,0.17222402699648992,0,1,0.503334416197894
0.15799506130286267,-2.046420543646564,2,0.16311001731509087,0,0,0.09786601038905451
-0.5483297995992735,0.8552963310162971,0,0.1638452025205975,0,0,0.0983071215123585
0.18559539914007703,-1.5886932371777602,2,0.14895559235960174,0,0,0.08937335541576104
-0.1222035780216346,-0.6441659680765008,2,0.11088067388634353,0,0,0.06652840433180611
-0.2093075859367389,-0.759423534577377,2,0.10113052651130028,0,0,0.06067831590678016
-0.06774646435125185,-0.43493092739513706,2,0.16858756425070548,0,0,0.10115253855042329
-0.14386086064371298,-0.5794698887407774,2,0.1698093445382037,0,0,0.10188560672292223
-0.6307118459905431,1.2817034009202426,2,0.21330615302191583,0,0,0.1279836918131495
0.041460541727252526,-0.8672244446537434,2,0.19015467447411855,0,0,0.11409280468447112
-0.5625643883885816,0.38115148359321804,2,0.18838470951063208,0,0,0.11303082570637923
-0.6440851146665764,1.218596472422466,0,0.21540788060146532,0,0,0.1292447283608792
0.017133452971535002,-1.0048984138187513,2,0.0730720317630587,0,0,0.04384321905783522
-2.0654191668254014,5.772549490419576,0,0.4459563903826372,0,0,0.2675738342295823
-0.5086046594998224,1.0845344358614082,0,0.08159465244797358,0,0,0.04895679146878414
-0.4935892023187554,0.3895205391055589,2,0.14473246168151152,0,0,0.08683947700890692
-0.10219348432445892,-0.8278447785019805,2,0.1253817357107689,0,0,0.07522904142646135
-0.2569524133682995,-0.33713660885959384,2,0.1872870330596405,0,0,0.1123722198357843
-0.6614818065592682,1.418395683498009,0,0.22687313608472198,0,0,0.1361238816508332
-0.9538173211776767,2.4352656975721385,0,0.2129940354849612,0,0,0.1277964212909767
-0.23936513971313958,-0.015873496550359634,0,0.08329510162165028,0,0,0.04997706097299017
-0.6340373815871396,0.9187985207666791,0,0.16098240186996987,0,0,0.09658944112198192
-0.6734926947343096,1.6134095600705296,0,0.10884343245566461,0,0,0.06530605947339876
0.01815575131359711,-1.301409356835824,2,0.1236420862340944,0,0,0.07418525174045663
-0.44982481876073677,0.4989780786961489,0,0.16477359268864666,0,0,0.098864155613188
-0.1299321239355577,-0.9121476261659169,0,0.12837187437858458,0,0,0.07702312462715075
-0.37987864107718694,-0.5300466364820113,0,0.1411156604547577,0,0,0.08466939627285462
-0.7791603311153098,0.7506873808892056,0,0.20276689441085918,0,0,0.12166013664651551
-0.6183185862881737,1.061980510339081,0,0.11765954209390841,0,0,0.07059572525634504
5.52985356570043,0.3803844022086284,1,0.2093050441369681,0,1,0.5255830264821809
-0.5000659284750157,0.31531230538508886,0,0.07496379138350256,0,0,0.044978274830101535
-0.0754713472362001,-1.143386695278596,2,0.08887261284411585,0,0,0.05332356770646951
0.056034376225831545,-1.1851522532528607,2,0.08397426873599113,0,0,0.050384561241594676
-0.019068396044689837,-1.203264221956199,2,0.09029044382485552,0,0,0.05417426629491331
-0.2938058765049409,-0.4401984741110714,2,0.06868269076069096,0,0,0.04120961445641457
0.11332852561916083,-1.5448725752826755,2,0.157047311343815,0,0,0.09422838680628899
-0.005584981070263279,-0.8929926149551257,2,0.07960291246582855,0,0,0.04776174747949713
-0.47663278627140404,0.4070179178513142,2,0.14972711663040003,0,0,0.08983626997824001
-1.2881280919014357,4.592114917860488,0,0.45522243757992603,0,0,0.2731334625479556
-0.18052806924257966,-0.5378964546499747,0,0.18251083247257854,0,0,0.10950649948354713
-0.5336053786583941,0.6953415210247136,0,0.09011070085912395,0,0,0.05406642051547437
-0.6559628585177179,0.8219424089604956,2,0.17826276521190834,0,0,0.106957659127145
-0.19644385676527049,-0.03696450234485307,2,0.12104973860421692,0,0,0.07262984316253014
-0.22800913440953258,-0.4283854223239543,2,0.09967576010872152,0,0,0.05980545606523291
0.2003971503235575,-1.4608862950153234,2,0.22318212735974793,0,0,0.13390927641584877
-0.9030476641826992,1.893506879885506,0,0.15949250832452222,0,0,0.09569550499471333
-0.7019583713234248,1.1653881630178446,0,0.12783291434548885,0,0,0.07669974860729331
-0.7135239648933228,2.0631067672844785,0,0.14863135093472055,0,0,0.08917881056083232
-0.7278531040460304,0.9791874474753524,0,0.19504159162701115,0,0,0.11702495497620669
0.11356725144661675,-1.7727239635668,2,0.11693125138174644,0,0,0.07015875082904786
-0.07795338204695573,-0.4611591572052634,2,0.1687723569360321,0,0,0.10126341416161926
5.653149353267751,3.6043309860454222,1,0.27954458949968763,0,1,0.5677267536998126
-0.7255599383711165,1.4548808705268546,0,0.12729416736062057,0,0,0.07637650041637234
-0.6889239790375057,1.3371371072322704,2,0.1882932581731619,0,0,0.11297595490389713
0.006256799666806501,-1.6394118026430677,2,0.09600284756055326,0,0,0.05760170853633195
0.04024332943717751,-1.3904213486817334,2,0.10376224621687877,0,0,0.062257347730127255
-0.5542751841393686,1.1729930639445796,2,0.29489463069662575,0,0,0.17693677841797545
-0.13724537791005725,-0.07320101083507498,2,0.09991448673580634,0,0,0.0599486920414838
0.22598468297355132,-2.231508998465699,2,0.11681375581037269,0,0,0.0700882534862236
-0.3011924286351748,0.012487201315987961,2,0.06441682112390469,0,0,0.038650092674342815
-0.9214745948581933,2.3911768872310426,0,0.09537285002653458,0,0,0.05722371001592074
-0.062366919614078926,-1.0823173676013087,2,0.08074357182442804,0,0,0.04844614309465682
-0.3121000167403533,-0.753831342793007,2,0.18191811313607675,0,0,0.10915086788164605
-0.5241580151257305,0.5025219785343051,0,0.07966619863063412,0,0,0.047799719178380475
0.23472442457252213,-2.050981603490776,2,0.09338865724645053,0,0,0.05603319434787032
-0.07420741755404028,-1.006870180952595,2,0.17431627805108132,0,0,0.10458976683064879
-0.6168540951439221,1.389361604633464,0,0.11431567469204777,0,0,0.06858940481522866
-0.4992985073787311,-0.8078485953250281,2,0.29629319329736703,0,0,0.1777759159784202
-0.048643918617388475,-0.9418711296701223,2,0.1440148061522043,0,0,0.08640888369132257
-0.24118163876840235,-0.9067768001921326,2,0.20970995730487957,0,0,0.12582597438292772
0.10726701509037748,-1.1077668777447376,2,0.08545627955080407,0,0,0.051273767730482436
-0.7165769528779153,0.12145062236921295,2,0.27608483150347085,0,0,0.1656508989020825
0.22728506817156216,-1.495645256721626,2,0.12707129016905164,0,0,0.07624277410143097
0.10265769812977743,-1.4418348276012438,2,0.1380680172671066,0,0,0.08284081036026396
-0.40262278889380004,0.22386594139075722,0,0.0690932705212915,0,0,0.041455962312774895
-0.29857354455857144,0.48597797343323895,2,0.21471524265745434,0,0,0.1288291455944726
3.782770811863264,1.6577285025659176,1,0.28056578887136296,0,1,0.5683394733228178
0.09950805318366795,-1.0367680825633563,2,0.18073005640015483,0,0,0.10843803384009289
-0.9858797160300421,2.624697503817039,0,0.10929616118762318,0,0,0.06557769671257391
-0.1804624544853548,-0.8648490328359231,2,0.06987622272632321,0,0,0.041925733635793924
-0.712110451534154,1.1401839359797876,0,0.13856959021479406,0,0,0.08314175412887644
-0.11726260356771402,-0.5185859546764602,2,0.1798670187646764,0,0,0.10792021125880584
-0.8055417628603735,1.888399932100521,0,0.18030920938413367,0,0,0.1081855256304802
0.09710629392004226,-0.8375420966474039,2,0.13300320378538336,0,0,0.07980192227123001
-0.07997850887636858,-1.363977185027999,2,0.08523135593379734,0,0,0.051138813560278405
-0.3911124773352365,-0.603541792566822,2,0.22584877051743854,0,0,0.13550926231046312
7.227246210296434,2.708117550208041,1,0.1273580649382833,0,1,0.47641483896297
-0.3565709121463906,-0.0371931469609709,2,0.1578485244264635,0,0,0.0947091146558781
7.615106558562475,1.0997179931276482,1,0.20780478416147233,0,1,0.5246828704968834
-0.24942360306525416,-0.8109525361182139,2,0.09999824172021542,0,0,0.05999894503212925
-0.5323552833523482,0.5847559519319374,0,0.030397507942255146,0,0,0.018238504765353086
-0.0974299110750237,-0.363540840326746,2,0.10980851811296602,0,0,0.06588511086777961
-0.20821911379901803,-0.01563686523791802,0,0.13629260972293197,0,0,0.08177556583375918
0.0637022053561658,-0.9610840657588486,2,0.034905114675202645,0,0,0.020943068805121586
0.0226854879012289,-1.3122275039128573,2,0.10777735318515583,0,0,0.0646664119110935
-0.47818920293015565,-0.3825073194488888,2,0.29097410006464564,0,0,0.1745844600387874
-0.1436176329072261,-0.13332677674125254,2,0.17907195318524954,0,0,0.10744317191114973
-0.287306559836916,0.08297356483583362,2,0.1904546394615677,0,0,0.11427278367694062
-0.017733522643282422,-1.033606839557183,2,0.09688304314385984,0,0,0.058129825886315906
-0.3560515853687799,0.7038684694123942,2,0.19847153576112053,0,0,0.11908292145667232
-0.1566950932483104,-1.244077945160838,2,0.08078365378673918,0,0,0.04847019227204351
-0.42659336459743835,0.7999396049653611,0,0.09217714019871094,0,0,0.05530628411922656
-0.266665423352752,-0.3126926005033619,2,0.1741257877100843,0,0,0.10447547262605057
-0.431359560392864,0.5308480097825585,0,0.14603647438876757,0,0,0.08762188463326054
-0.13076059597071402,-0.44432129138164944,2,0.15752849055889417,0,0,0.0945170943353365
-0.07718420578740558,-0.8298822552130245,2,0.07092761420382886,0,0,0.04255656852229731
-0.2507357554495096,-0.47155231612041554,2,0.12726957988951443,0,0,0.07636174793370866
-0.31797330120514333,-0.35576747280603366,2,0.1695948002310918,0,0,0.10175688013865508
-0.62142713588048,0.8140671764819909,0,0.0740378093791613,0,0,0.04442268562749677
-0.3400167273683847,0.023673796301476945,2,0.13398928932365836,0,0,0.08039357359419501
-0.07037141590738921,-1.6537474305043594,2,0.13964460219418084,0,0,0.0837867613165085
-0.04964898718435149,-1.0511091114774607,2,0.08166286078075306,0,0,0.04899771646845184
0.29807573870301446,-1.3266598887700114,2,0.1411566406620888,0,0,0.08469398439725327
-0.38429967132938175,0.5867718662167398,2,0.22978765849626714,0,0,0.1378725950977603
-0.12034285538526514,-1.1266562797930213,2,0.09072028022808717,0,0,0.0544321681368523
-0.5649984453450723,0.3317415739497379,0,0.19766572576883953,0,0,0.11859943546130372
-0.21940593580771775,-0.4749848068105455,2,0.10394927462210106,0,0,0.06236956477326063
0.011262179425767651,-1.2119291602522158,2,0.08522143282086671,0,0,0.05113285969252002
-2.8470918473530165,9.546979855659746,0,0.8874207197729999,0,0,0.5324524318637999
-0.3774173689117121,-0.2504118693816788,0,0.11188892108257906,0,0,0.06713335264954744
0.11997241607503527,-0.8960514193408513,2,0.16927976573767264,0,0,0.10156785944260359
-0.9856085273832167,2.444110403651753,0,0.1275157703754682,0,0,0.07650946222528092
-0.6971726650517764,1.328061437891735,0,0.09249517856870747,0,0,0.05549710714122448
-0.2276886933347317,-0.23592258886170744,0,0.13255907926301005,0,0,0.07953544755780603
-0.28356964478527796,-0.00325972167214399,0,0.14674303794151913,0,0,0.08804582276491148
-0.15623849493523487,-0.8505221124492772,2,0.16676624945065763,0,0,0.10005974967039458
-0.9786415175104356,2.154421291185221,0,0.16076579522495676,0,0,0.09645947713497406
-0.3316196156896369,-0.1311514566108624,0,0.20004452892521915,0,0,0.12002671735513148
-1.4331834583593186,3.514095719804496,0,0.3099281228782874,0,0,0.18595687372697245
-0.22714751818091589,0.08407810187396454,2,0.2075720135592438,0,0,0.12454320813554627
0.0843507975323749,-1.3723895346379134,2,0.09727368048822566,0,0,0.05836420829293539
-0.14417856455670167,-0.20544620814211345,2,0.19494580400688005,0,0,0.11696748240412802
-0.15206769362164227,-0.32645824339951496,0,0.10798007444135038,0,0,0.06478804466481022
-0.35834889658685537,0.20985858210818864,2,0.14531792916410619,0,0,0.08719075749846371
-0.23455833003719007,-0.394748414020715,2,0.07584937278398372,0,0,0.045509623670390235
-0.44343141506776085,0.32273502969755047,2,0.14189337222576026,0,0,0.08513602333545615
-0.49785507988283423,1.0245211536810268,0,0.11392253580513909,0,0,0.06835352148308345
0.06493073712712323,-1.3461828642351368,2,0.14209973113726018,0,0,0.0852598386823561
-0.5939364667333416,0.5796760901860274,2,0.28110786022513273,0,0,0.16866471613507963
-0.07439459229320373,-1.1762381176729255,2,0.1528635805949554,0,0,0.09171814835697323
-0.3328758780043049,-0.3610107266188006,2,0.04377732060442086,0,0,0.026266392362652515
-0.5413602666130211,0.9366692355020299,0,0.04725801025210041,0,0,0.028354806151260247
-0.43164407750375194,0.2914686850560667,0,0.2704581503217763,0,0,0.16227489019306576
-0.6471222679523198,0.7728334240186627,0,0.12710190075337,0,0,0.076261140452022
-0.17130314836648253,-1.226363025657094,2,0.16698681264455612,0,0,0.10019208758673366
-1.0481085140759459,2.035439123933826,0,0.15027799466089026,0,0,0.09016679679653415
-0.044380623475635074,-0.7735414995517917,2,0.07450988637475375,0,0,0.04470593182485225
-0.28212071485269397,-0.030434356137183087,2,0.16321664731229402,0,0,0.0979299883873764
-1.5477631658204445,5.097621366660271,0,0.35724676589987714,0,0,0.21434805953992628
-0.9618372264419102,2.0709274386187544,0,0.10027669924687924,0,0,0.06016601954812754
-0.3340420418570523,0.0169539458755381,2,0.11598666565403912,0,0,0.06959199939242347
-0.2919181551028541,0.19739270451086718,0,0.07665713350877425,0,0,0.045994280105264546
-0.14006130173932138,-0.4683817430568635,2,0.1732054113017482,0,0,0.10392324678104893
-0.0955101329019088,-1.167148651700028,2,0.14558814818204233,0,0,0.08735288890922539
-0.3003616604251556,0.06074870390826101,0,0.2272907596728651,0,0,0.13637445580371907
-0.29345319488802935,-0.1243117551026903,2,0.08209031224913625,0,0,0.04925418734948175
-0.541569714512402,1.2165771551449878,0,0.15060893536023112,0,0,0.09036536121613867
0.1621872170128391,-1.3997033879242278,2,0.18466459346667294,0,0,0.11079875608000377
0.25666773320443936,-2.204653295807182,2,0.149158453671238,0,0,0.0894950722027428
-0.06031526388017589,-1.148271805336969,2,0.07341897494812888,0,0,0.044051384968877325
-0.3091211622806335,0.5145651657753876,2,0.22035843436608868,0,0,0.1322150606196532
-0.7440479052056083,1.1708420729879478,2,0.23623908729276452,0,0,0.14174345237565872
-0.5004159509109858,0.9817767282081009,0,0.0437617655307225,0,0,0.0262570593184335
-0.10345909294698971,-0.8003871561618146,2,0.10370767263789311,0,0,0.06222460358273586
0.12160895074270181,-1.2157496727819095,2,0.14815407944481968,0,0,0.0888924476668918
-0.23850823643690308,-0.09276590986628598,2,0.20850123279487306,0,0,0.12510073967692384
-0.2599784771297253,-0.023960664849291574,2,0.15249871985050822,0,0,0.09149923191030493
-0.3781072959941016,-0.3707092650259645,0,0.10306352583033214,0,0,0.06183811549819928
0.21947079576877163,-1.1228338997540952,2,0.17600691908174937,0,0,0.10560415144904962
-0.6248174117220298,0.9148661273296208,0,0.2102221212597463,0,0,0.12613327275584776
-0.7012502015336008,1.1605801808763254,2,0.228395344423275,0,0,0.137037206653965
-0.2319838109400579,-0.3306508175060279,2,0.17143213815650638,0,0,0.10285928289390382
-0.5031651809399292,0.5333432769074484,2,0.18551081590895557,0,0,0.11130648954537334
-0.24113053523617015,-0.26572892991529873,2,0.08841510398022752,0,0,0.05304906238813651
-0.3313116938316328,-0.11172573710206249,2,0.09068010275449642,0,0,0.054408061652697855
0.060007377944847305,-0.8198913274085415,2,0.1376916482788275,0,0,0.0826149889672965
-0.19613321984945298,-0.5601633101677916,2,0.0825775898168683,0,0,0.04954655389012098
4.970542724417511,1.8327219926691765,1,0.10198250253471364,0,1,0.4611895015208282
-0.4210118794239281,0.9169014023591588,0,0.09078534999280925,0,0,0.05447120999568555
-0.17156705642823047,-0.8083818536455771,2,0.20347239446733983,0,0,0.12208343668040389
-0.2198156006732387,-0.6229405814165936,2,0.14785217742315662,0,0,0.08871130645389397
-0.7298350294096839,0.6973895165701074,2,0.2591430121037666,0,0,0.15548580726225997
-0.3459840928509544,0.25917116067498996,0,0.04761043488048128,0,0,0.028566260928288765
-0.18973622586427494,-0.47083224564237647,2,0.07485961186141038,0,0,0.04491576711684623
-0.1456413791272578,-0.14705846950264662,2,0.10595142657857438,0,0,0.06357085594714462
-0.15753599160242504,-0.8568979823492588,2,0.1872133168317982,0,0,0.11232799009907891
-0.08386980816783939,-0.7206750305088834,2,0.08276227687393163,0,0,0.049657366124358976
-0.05505388405392244,-0.7088464530672485,2,0.16575456543025285,0,0,0.0994527392581517
4.649374885813061,3.0648879047708837,1,0.20248852073481122,0,1,0.5214931124408868
6.62787179954889,0.5481722213118143,1,0.18515354937196699,0,1,0.5110921296231802
-0.05356540997369679,-1.169237485241016,2,0.15241446375359274,0,0,0.09144867825215565
-0.38040710925932225,0.043790765838174775,0,0.10290985702777908,0,0,0.06174591421666745
-0.46594202753598957,0.7028848219267523,0,0.05763265040088472,0,0,0.03457959024053083
-0.37298522436454207,-0.38350871188672764,2,0.22386066569662263,0,0,0.13431639941797358
-0.8360681034843058,2.0027119707477774,0,0.17338678540451224,0,0,0.10403207124270734
-0.5965719187422848,0.8678011958663869,0,0.1087115229763468,0,0,0.06522691378580808
-0.029724932866523654,-1.3217447047282491,2,0.11529938644857579,0,0,0.06917963186914547
-0.18488090636117277,-0.5066921442618988,2,0.16398119837987338,0,0,0.09838871902792402
3.3129652475920977,3.4052287630738176,1,0.22981453616666547,0,1,0.5378887216999992
-1.2687699994925772,3.111810661811773,0,0.24327274077669395,0,0,0.14596364446601637
-3.0721777876869525,9.92345630975171,0,1.0,1,0,0.6
-0.6326723448742461,1.5159120888656772,0,0.09175440635034388,0,0,0.055052643810206324
-0.3409704875629629,0.27775788433521126,2,0.13648338738462132,0,0,0.0818900324307728
-0.4709930120689082,0.5011951034191755,2,0.23510800299587947,0,0,0.14106480179752767
-1.0606135801275034,3.2053042138525383,0,0.2726166929803054,0,0,0.16357001578818323
-0.07432139677863754,-0.8099123394429819,2,0.07063465887949451,0,0,0.0423807953276967
-0.34818716077546985,0.12245303128203605,2,0.09436848544539266,0,0,0.05662109126723559
-0.016989923834661635,-0.6428097093019667,2,0.1430175508895311,0,0,0.08581053053371866
5.215634847023237,1.1137141389213523,1,0.25628492961710037,0,1,0.5537709577702602
0.34156545846452335,-2.011031675339314,2,0.17407604083851105,0,0,0.10444562450310663
-1.210565513460495,3.1075492341645057,0,0.17996291005090628,0,0,0.10797774603054376
-0.1648049485695818,-0.4052971127059198,2,0.09580700139378548,0,0,0.05748420083627129
-0.05794849140155842,-0.5912020291831199,2,0.1066695003301947,0,0,0.06400170019811682
-0.11882610772975118,-0.798895735419483,2,0.14041994791311668,0,0,0.08425196874787001
-0.5359407024838333,0.15576908549692137,0,0.11656032050831426,0,0,0.06993619230498856
6.548739809733651,0.5526145477657001,1,0.08359870991270003,0,1,0.45015922594762003
0.1636315223034258,-1.3893102561171153,2,0.07198273250437363,0,0,0.04318963950262418
-0.06741356315494666,-0.9009245905789549,2,0.02607603399933969,0,0,0.015645620399603814
-0.6220163373546682,0.7959645050348987,0,0.17698277475995847,0,0,0.10618966485597507
-0.9758918558167438,1.6681390738182231,0,0.1684853120523311,0,0,0.10109118723139866
-0.5173680701289193,0.19168903696236592,2,0.24454680891150474,0,0,0.14672808534690285
0.06495456979835407,-1.2794437176374482,2,0.12157700288349346,0,0,0.07294620173009607
4.251344287233602,0.0329694732408022,1,0.17772703682913002,0,1,0.506636222097478
-0.17028304716225381,-0.9933829102180818,2,0.11804607519090446,0,0,0.07082764511454268
-0.6564920082198201,1.6930217193133423,2,0.2932893923992971,0,0,0.17597363543957825
-0.5374201802789336,0.8643078801933162,2,0.2246450077014637,0,0,0.13478700462087823
-0.5710229242251871,0.6270290615619538,0,0.06984014913856237,0,0,0.041904089483137424
-0.07826054252355891,-0.39893969262335655,2,0.1803718125552645,0,0,0.1082230875331587
-0.03741462241337371,-1.251605030163977,2,0.11747091679890206,0,0,0.07048255007934123
-0.02725763852120911,-0.8973026750543729,2,0.10718039704589369,0,0,0.06430823822753622
-0.3672112361382475,-0.016246586304566102,2,0.1038823431639883,0,0,0.062329405898392976
-0.9738749135569251,2.395149935924345,0,0.1465225845269423,0,0,0.08791355071616538
-0.5036178573286951,0.14659981250684112,2,0.2825548930311594,0,0,0.16953293581869563
-0.03608970188422684,-1.3011003865448265,2,0.09842695898556889,0,0,0.05905617539134133
-0.4404072983714155,-0.08242288114271867,2,0.09380554991935809,0,0,0.05628332995161485
-0.17166695867473172,-0.22498408904128794,2,0.15973086220159258,0,0,0.09583851732095554
-0.7330507209878414,0.9726618463468366,2,0.26647485764396833,0,0,0.159884914586381
7.853663389586322,0.6002905477277742,1,0.15318991048093666,0,1,0.491913946288562
-0.44195865871576645,0.5851599851969702,2,0.186490922051917,0,0,0.1118945532311502
-0.16839230684364587,-0.5482415325257339,2,0.17274813369461722,0,0,0.10364888021677034
-0.761547967479413,0.8789690310101714,0,0.18090417764716935,0,0,0.1085425065883016
-0.12145815414138152,-0.731985735007542,2,0.17879023092969368,0,0,0.1072741385578162
0.060019395996969316,-1.5194604403216507,2,0.18095234040930805,0,0,0.10857140424558483
-0.2569395046499875,-0.5615670872604788,2,0.11974502840079648,0,0,0.07184701704047788
-0.8830912749924821,2.057735113064262,0,0.14705131087019227,0,0,0.08823078652211536
-0.21310691420674963,-0.31184538907629883,2,0.20928397334093563,0,0,0.12557038400456136
0.18783240178737892,-1.0222798375564457,2,0.14087752140001372,0,0,0.08452651284000823
-0.3562245424513693,0.08490930515279992,2,0.2573911788002576,0,0,0.15443470728015454
-0.10281454391048854,-1.0657272673913423,2,0.2258889737571449,0,0,0.13553338425428693
-0.9473515032107898,2.3411879690922874,0,0.15738263787277051,0,0,0.09442958272366231
-0.12018042434529692,-0.47540091866305706,2,0.12003322834258671,0,0,0.07201993700555202
-0.3096089804691993,0.13300791622856376,2,0.11931158164084607,0,0,0.07158694898450764
0.022773989241619375,-1.4020415519110327,2,0.11547157340548685,0,0,0.0692829440432921
0.1132830972120676,-1.701939464410405,2,0.18113362737666908,0,0,0.10868017642600145
-0.431598794229669,0.2593362732133705,2,0.16535225838996712,0,0,0.09921135503398026
-0.3006016598177074,-0.456036267902555,2,0.21090300947666443,0,0,0.12654180568599865
-0.23317971162268858,-0.16088248670056096,2,0.09609333923198737,0,0,0.057656003539192424
4.778733216074719,-1.0225101929528284,1,0.2394522122728431,0,1,0.5436713273637059
-0.01949265805051112,-0.9619828913340405,2,0.16638563234075504,0,0,0.09983137940445302
-0.4245304437127564,0.4447286134983579,2,0.17686476182016894,0,0,0.10611885709210137
-0.16171317579092223,0.1983470079687699,2,0.27535556045074017,0,0,0.1652133362704441
-0.8184385143529902,1.6882791693264347,0,0.1552932117102203,0,0,0.09317592702613219
-0.12301433400366753,-1.135325657806454,2,0.13600588695168447,0,0,0.08160353217101068
-0.5845151484550724,0.2803542653248317,0,0.19001968794961152,0,0,0.11401181276976691
-0.2966334108170871,-0.33585777300825165,0,0.16532504114757332,0,0,0.09919502468854399
-0.4938907696231761,0.21265054176949283,0,0.09811287956941056,0,0,0.058867727741646336
-0.18821469167426932,-0.3495974907102307,2,0.13052451535931525,0,0,0.07831470921558915
-0.9381673495941141,1.3735932311673786,2,0.2715555357192759,0,0,0.16293332143156553
-0.007811979574757764,-1.1500581545325215,2,0.12961127308502027,0,0,0.07776676385101215
-0.6513116280049461,0.513745271723911,0,0.21860321645807576,0,0,0.13116192987484546
-0.2097563855304684,-0.44981633691177014,2,0.15616310563569877,0,0,0.09369786338141926
-0.3649065189165834,0.5493723746202519,2,0.26350438317721303,0,0,0.1581026299063278
-0.5609832997352848,1.4998093276583897,0,0.18835685117879714,0,0,0.11301411070727828
-0.5070763715132774,0.9933125221572592,2,0.2994329808953801,0,0,0.17965978853722805
-0.3760213148126629,0.49971480319833755,2,0.33975975873766084,0,0,0.2038558552425965
-0.8165767151448292,2.0297819227996903,0,0.06297343218203477,0,0,0.03778405930922086
0.18912687621739718,-2.506022497584183,2,0.23602400311454316,0,0,0.1416144018687259
-0.37693228804127044,0.3336993195790204,0,0.1512005315587745,0,0,0.0907203189352647
-0.5964264167537383,1.1784455509164427,0,0.2121968468028631,0,0,0.12731810808171787
-0.6158675351422425,1.0917464478880452,0,0.12272411760918998,0,0,0.07363447056551399
-0.3559522618348405,-0.203310764345839,0,0.10470068360493859,0,0,0.06282041016296315
-0.16912681565682108,-0.7109088027298116,2,0.2103590467811329,0,0,0.12621542806867975
-0.5374897661307362,0.8049873125333005,0,0.151533271114223,0,0,0.09091996266853379
-0.19698411382025297,0.051215548678385237,2,0.17182374139854958,0,0,0.10309424483912975
5.3324091028915355,0.5066022853941976,1,0.1372391554142704,0,1,0.48234349324856224
-0.3494299792762851,-0.4190612421200706,2,0.12170904378239653,0,0,0.0730254262694379
-1.1424310818369092,3.478381760427408,0,0.18042889168429008,0,0,0.10825733501057404
-0.054348166595422846,-1.048029239305873,2,0.08375388148804412,0,0,0.05025232889282647
-0.5421279883625353,0.18017044967997867,0,0.151215206598806,0,0,0.09072912395928359
-0.36150355158612535,-0.13856839272750632,0,0.1505637429914036,0,0,0.09033824579484216
-0.6437422855339765,0.6927254186973824,0,0.11383025808174817,0,0,0.0682981548490489
-0.453917047475548,0.5808998843708884,2,0.2823240052115421,0,0,0.16939440312692525
0.05762578018756148,-1.4209783477991587,2,0.0787846832389504,0,0,0.04727080994337023
-0.8018277654801952,2.8870901740587454,0,0.21833539678137012,0,0,0.13100123806882208
-0.3269760764583954,0.022760536209023276,2,0.19381989251616574,0,0,0.11629193550969943
-0.5746966870113956,0.530146621202451,2,0.27389745298223067,0,0,0.1643384717893384
-0.29732883586824604,0.37345089449609264,2,0.14848327480517548,0,0,0.08908996488310529
-0.26786005129602775,-0.30229493311776306,2,0.18335130435644115,0,0,0.11001078261386468
5.846338058849336,2.8940746903634373,1,0.15638681960137998,0,1,0.493832091760828
4.861746406703404,2.435107770275591,1,0.1620914576895544,0,1,0.49725487461373263
-0.2238540198283478,-0.4492947339881764,2,0.14709958345998936,0,0,0.08825975007599361
-0.6153508047452947,0.8962600381182675,0,0.049152945410365474,0,0,0.029491767246219283
-0.5483990076006086,1.200179890172068,0,0.12968993419672428,0,0,0.07781396051803456
0.03802738582080146,-1.0254825892218447,2,0.12506548861784722,0,0,0.07503929317070833
-0.236652724237537,-0.6025241562407191,2,0.15339080175070371,0,0,0.09203448105042222
-0.5614714407567849,1.5042566029663884,0,0.07236212833714706,0,0,0.043417277002288236
-0.3543824934991312,0.47472206870102057,0,0.10989434184975687,0,0,0.06593660510985412
-0.26186726630399937,-0.4351857857329042,0,0.23224092425232046,0,0,0.13934455455139227
-0.704502825176585,0.9624899966035667,0,0.10170858849474308,0,0,0.06102515309684585
-2.295293111983149,7.110347969145376,0,0.5953909523519519,0,0,0.35723457141117115
-0.44167339945712436,0.6093049764451639,0,0.03749547201920951,0,0,0.022497283211525707
-0.1409059598696988,-0.7245537880574022,2,0.08865648644616753,0,0,0.053193891867700516
-0.22256943727468959,-0.2671074432404369,2,0.07575773661055284,0,0,0.0454546419663317
-0.43306270650607465,0.4907274058328573,0,0.1032779223658055,0,0,0.0619667534194833
-0.54282716652052,0.9073300440582552,0,0.09385043258881691,0,0,0.056310259553290144
-1.0811999690914567,2.359897728718104,0,0.12572712721549084,0,0,0.0754362763292945
-0.0008317432401479478,-1.0199352368001824,2,0.05678540286480029,0,0,0.03407124171888017
-0.14518522699543823,-0.8359642656496891,2,0.14757236665728476,0,0,0.08854341999437086
-0.6365254858184638,1.2586057258093915,0,0.23388926316379746,0,0,0.14033355789827848
-0.4842575284436485,0.8589748899281981,2,0.14954648958632563,0,0,0.08972789375179538
-0.12048672663977893,-0.8280074197410734,2,0.1749182161699478,0,0,0.10495092970196868
-0.7452115555667911,0.7486669311401697,0,0.1399858005367332,0,0,0.08399148032203992
-0.05559853712473429,-1.2845233407874659,0,0.18041754875970487,0,0,0.10825052925582292
-0.7159009148003599,1.410425655262282,0,0.25622124977238353,0,0,0.1537327498634301
-0.19360071184898897,-0.4628281622748078,2,0.15958837032295,0,0,0.09575302219377001
-0.2163057786125475,-0.6702386132269802,2,0.13029936010165463,0,0,0.07817961606099277
-0.3906425041506373,0.6251905469029666,0,0.12405600840139715,0,0,0.07443360504083829
-0.3071137125721173,-0.16466720881743813,2,0.08973028254850197,0,0,0.053838169529101185
-0.38006305269180507,0.3616621510440174,2,0.1869394110429127,0,0,0.11216364662574761
-0.11989006416101099,-1.2071426366249862,2,0.12976928978226446,0,0,0.07786157386935867
-0.79276976984297,1.8024584451207866,0,0.2723701053013055,0,0,0.1634220631807833
0.042741825626861116,-1.1018048773028222,2,0.12087764043986472,0,0,0.07252658426391884
-0.16952976858504662,0.16506273779660804,2,0.13528776926496552,0,0,0.08117266155897931
-0.7629182372630053,1.704512528399358,0,0.15174199424775928,0,0,0.09104519654865556
-0.4311639219635449,0.4753519734208,2,0.13131347685977257,0,0,0.07878808611586353
-0.7727450053367675,1.6991763184000777,2,0.2447120406180766,0,0,0.14682722437084597
-0.2925498704205812,-0.3830925487984769,2,0.190263918004976,0,0,0.11415835080298559
-0.16335015191298546,-1.2708206928316899,2,0.09109391122729539,0,0,0.05465634673637723
-0.2210627865405574,0.4721103783613176,2,0.29214915333432284,0,0,0.1752894920005937
-0.31406897816288576,0.3208041917830876,2,0.13755323647982717,0,0,0.0825319418878963
-0.2796142358771165,-0.21473226424830974,0,0.14167835993846392,0,0,0.08500701596307834
-1.3216306709958585,3.18753838545663,0,0.272198671833866,0,0,0.16331920310031958
0.04915540224662093,-1.144745337667188,2,0.12613732839808445,0,0,0.07568239703885067
-0.25983650564767685,0.19409355484516833,2,0.12543954903663374,0,0,0.07526372942198024
0.15930720044663757,-1.285084763605148,2,0.17348718038602184,0,0,0.1040923082316131
0.010965405061035995,-1.2338725932867978,2,0.13998260507650354,0,0,0.08398956304590212
-0.20980127177305521,-0.16207874664691826,2,0.2773315363156425,0,0,0.1663989217893855
-0.20349591155211047,-0.6239051483036919,0,0.11044410291826423,0,0,0.06626646175095853
0.1283271744209481,-1.5918649771920876,2,0.11776395596400722,0,0,0.07065837357840433
-0.09190494788371992,-0.41938233340343617,2,0.15793982494334974,0,0,0.09476389496600984
6.6124241534881865,0.9622250097177967,1,0.12448452814182125,0,1,0.4746907168850928
0.043792781660051024,-1.6649381861295187,2,0.1181562161853002,0,0,0.07089372971118012
-0.0798674930902315,-0.4945646031780292,2,0.09839448229339948,0,0,0.05903668937603968
-0.3110680006557922,0.01164368758046598,2,0.2060905408886864,0,0,0.12365432453321183
-0.6525867106477091,1.05177462253594,0,0.07332523684077756,0,0,0.043995142104466534
-0.42108414597549615,0.05582178657820901,0,0.18578371836217064,0,0,0.11147023101730238
0.0875496866592954,-1.3643073219705057,2,0.14487323424638526,0,0,0.08692394054783116
0.13466658284947167,-1.2947796371017761,2,0.16526298050030952,0,0,0.0991577883001857
-0.6557089630953498,1.227220188484078,0,0.21782814413120877,0,0,0.13069688647872527
-0.14849389270265193,-0.7050751355278779,2,0.16113628192303348,0,0,0.09668176915382008
-0.05938373161070664,-0.4820431904992422,2,0.07789465593960848,0,0,0.04673679356376509
-0.054896771374925164,-0.7380335739478259,2,0.13938226549908728,0,0,0.08362935929945237
-0.442977629297362,-0.49057388851258465,2,0.17130099403599808,0,0,0.10278059642159884
-0.6000760891731084,0.46981187315829415,0,0.167775345818955,0,0,0.100665207491373
-0.6033557671815816,1.0543958849712192,0,0.16575707139814133,0,0,0.0994542428388848
-0.7736666381583777,1.8508143620164372,0,0.10690114173924628,0,0,0.06414068504354777
-0.4986079394246789,0.753815585538671,2,0.2169709327444486,0,0,0.13018255964666914
-0.47569137640198517,-0.1169689076540423,0,0.13417295408847799,0,0,0.08050377245308679
-0.17382443613882,-0.9120744353334531,2,0.1906185507284875,0,0,0.11437113043709249
-0.11221373232861755,-0.27307496580903035,2,0.08900159247350997,0,0,0.053400955484105984
-0.20997306099482194,0.036846307792064145,2,0.13743331816223212,0,0,0.08245999089733927
-0.30500512522509765,0.2809579297380035,0,0.12672312236598413,0,0,0.07603387341959048
5.392153952459955,0.554830161799369,1,0.23636056398631639,0,1,0.5418163383917899
-1.1651203931059506,3.1361952121368253,0,0.23591378427020496,0,0,0.14154827056212296
-0.5238086893797785,1.1807875529876504,0,0.12399215279693651,0,0,0.0743952916781619
-0.4918376872256868,0.6050251813872527,2,0.27472440350590355,0,0,0.16483464210354212
-0.36086595326780196,-0.15190279035635668,2,0.11325537583369578,0,0,0.06795322550021747
-0.02114690729405968,-0.5526721905789613,2,0.1290686865640323,0,0,0.07744121193841938
-0.008644332338555142,-0.7986315313839552,2,0.12056909350528208,0,0,0.07234145610316925
-0.691534830062313,1.1152268471002627,0,0.2005253762641962,0,0,0.12031522575851772
-1.16656592634383,2.6185703657378667,0,0.17721407018929267,0,0,0.1063284421135756
-0.25747790548261573,-0.12816226660168908,2,0.09531921273563203,0,0,0.05719152764137921
4.117995218325367,1.0476480411530933,1,0.12058730856618902,0,1,0.47235238513971345
-0.6413231229960253,1.439500679478343,0,0.09163460356960904,0,0,0.05498076214176542
4.422457516617718,0.2953576735222109,1,0.16782131489740543,0,1,0.5006927889384433
-0.5553916849644326,1.9745578724000863,0,0.21997970853524998,0,0,0.13198782512114998
-0.789479617242523,1.0868925205221232,0,0.09842596850549712,0,0,0.05905558110329827
-0.576203686759554,-0.3678194804424084,2,0.27902690542432906,0,0,0.16741614325459744
0.13934600423107057,-1.1625470042801156,2,0.11620490303552147,0,0,0.06972294182131288
-0.5102434828654708,0.18050278291723038,2,0.13549521957210955,0,0,0.08129713174326574
-0.06855706799569566,-0.7349148676356876,2,0.052035390784924244,0,0,0.031221234470954547
-0.24816361830806785,0.01728244130871677,2,0.1571382181771031,0,0,0.09428293090626186
-0.13557294802271205,-0.9087394193135239,2,0.07309395396331271,0,0,0.043856372377987625
-0.40642356628544113,0.7829243555283583,2,0.19256164544931198,0,0,0.11553698726958718
-0.6622639998380494,1.1295777768347535,0,0.06760425944954598,0,0,0.040562555669727586
-0.3835585443799943,-0.18890404972489408,2,0.18447024227651584,0,0,0.1106821453659095
-0.7687209426220095,2.0430750295911495,2,0.24834450513200867,0,0,0.1490067030792052
-1.0929449290701292,2.570647321845857,0,0.12092067630151704,0,0,0.07255240578091023
-0.19677925044115116,-0.34058592556066103,2,0.1178123178036874,0,0,0.07068739068221243
-0.2837867726486396,-0.03353800201620172,2,0.19013717058601115,0,0,0.11408230235160668
-0.25128742925613845,-0.8449926532149585,0,0.15430738229572968,0,0,0.09258442937743781
-0.4975689989331015,0.4117778196587227,2,0.17170012086197847,0,0,0.10302007251718708
-0.27666852014425963,-1.0585324157833331,2,0.1877633497070724,0,0,0.11265800982424343
-0.7288171772179327,1.6782109082008523,0,0.16170863283671644,0,0,0.09702517970202985
-0.37482498063265934,-0.022767561102418024,2,0.09790744715489674,0,0,0.05874446829293804
-0.526137973417776,0.6571337362803378,0,0.09833025283280264,0,0,0.05899815169968158
-0.22125699178285907,-0.14383971660901557,2,0.16907221267225017,0,0,0.1014433276033501
-0.08730590106341629,-0.6909087183915898,2,0.1918914478626361,0,0,0.11513486871758165
-0.39858539005292776,-0.2445990920839467,0,0.18606654188783237,0,0,0.11163992513269942
-0.6429803152621705,1.5281356573833784,0,0.1509274197780413,0,0,0.09055645186682477
-0.07645450127375701,-0.9898890738687767,2,0.06847313120777274,0,0,0.04108387872466364
-0.1595705819946671,-0.7343708479154516,0,0.09893828302951888,0,0,0.059362969817711324
-0.47562584527438934,1.3355069722352821,2,0.24950477704540175,0,0,0.14970286622724105
-0.5610239524829842,1.15048423282547,2,0.29396108265212045,0,0,0.17637664959127228
-0.5156483193595651,0.5827650749089814,0,0.08262312079654519,0,0,0.04957387247792711
-0.151761158735314,-1.0378030617550797,2,0.14792167463010414,0,0,0.08875300477806249
-0.2918351586311676,0.47547645869453764,2,0.09458936059326335,0,0,0.056753616355958006
-0.0546966201638809,-1.1252130602525365,2,0.18993721656624826,0,0,0.11396232993974895
-0.17530426859494042,-0.7745203321170919,2,0.06747823502319295,0,0,0.04048694101391576
3.506775566869567,2.3477282360795604,1,0.24990285271943888,0,1,0.5499417116316634
-0.4304776831533742,0.5933649184106895,2,0.21005593799703687,0,0,0.12603356279822212
-0.33306462811465415,-0.9503156747158095,2,0.25784974071785977,0,0,0.15470984443071586
-0.25844025949111205,-0.15539288981954438,2,0.11751811559620054,0,0,0.07051086935772032
-0.17353749893603596,-0.33955168228254445,2,0.20890229780305555,0,0,0.12534137868183332
-0.7020882625567197,1.7474355095358487,2,0.2660596228108615,0,0,0.15963577368651688
-0.2962267232949362,0.22560011893961052,2,0.14900938185245008,0,0,0.08940562911147004
-0.6974039166192304,1.723941168437337,0,0.12496820568084485,0,0,0.07498092340850691
0.0704543163544026,-2.616353722178893,2,0.2523323809982244,0,0,0.15139942859893465
-0.15334510715627553,-0.3028738171723139,2,0.04402898709419932,0,0,0.02641739225651959
-0.3697377973019052,-0.4999589101034986,2,0.21674600005050296,0,0,0.13004760003030177
-0.5630833854692355,0.4171123750434146,2,0.21008824283908636,0,0,0.12605294570345182
0.11198086258803785,-2.1280515417722174,2,0.13711723250235192,0,0,0.08227033950141115
-0.3060229813590851,0.19462359099765078,0,0.1338384137201381,0,0,0.08030304823208285
0.024502171969398502,-0.7193747422132586,2,0.15144207839229581,0,0,0.09086524703537749
-0.2013856047740708,0.44127629324061346,2,0.3048382283941381,0,0,0.18290293703648286
-0.6688989252815764,1.8499519594408687,0,0.18367415263311151,0,0,0.1102044915798669
-0.19155829439177507,-0.3702557940049623,2,0.10063164803842888,0,0,0.060378988823057325
-0.534583022976349,0.9076516426710255,0,0.12715832508114716,0,0,0.0762949950486883
-1.0780356990654076,3.135494956266642,0,0.16615930511714105,0,0,0.09969558307028463
